Area, RTSID, location_center_lat, location_center_lon, change_vol_year, change_area_year, dem_avg_slope, dem_aspect, dem_elevation, location,
Peel,1,68.48295845,-136.5874856,6654.441129,951.025528,5.493719578,288.7511703,322.3241882, hillslope, 
Peel,2,68.4881679,-136.6913687,16805.19985,2228.342391,10.72621822,131.4286392,382.2645264, hillslope, 
Peel,3,68.41057705,-136.5935871,6699.194518,1061.955299,8.969615936,159.698088,316.8352966, hillslope, 
Peel,4,68.40280767,-136.5752407,5810.858703,830.3487894,13.04023743,58.03310799,293.486908, hillslope, 
Peel,5,68.43313533,-135.8973828,3474.154162,895.792713,7.887670517,348.3269591,275.4597473, lakeshore, 
Peel,6,68.46340837,-135.8996998,4357.15891,770.4745615,12.29441166,275.1647255,202.4087219, hillslope, 
Peel,7,68.45197882,-135.614748,942.4664602,250.6363031,8.171684265,353.1167885,67.3603363, hillslope, 
Peel,9,68.33806418,-135.7612146,2066.634615,608.0251057,9.277596474,347.458414,324.7545776, hillslope, 
Peel,10,68.33879064,-135.7652467,5088.369848,1429.55521,10.50707531,74.60803385,324.3570557, hillslope, 
Peel,11,68.33878813,-135.7740529,3621.262082,918.9997781,10.76952744,125.7916894,341.696167, hillslope, 
Peel,12,68.34188442,-135.7506788,12171.86103,3304.686071,10.23163319,131.5678326,301.2373352, hillslope, 
Peel,13,68.31946427,-135.7819331,11366.76468,2473.87314,8.404630661,97.61645031,383.4692078, hillslope, 
Peel,14,68.36325465,-135.7501824,8203.874216,2645.605422,7.215461254,122.8860551,261.6723633, hillslope, 
Peel,15,68.38447338,-135.7538399,2478.840761,1072.166408,10.79770184,332.5352724,267.0562134, hillslope, 
Peel,16,68.38322951,-135.8268372,5922.558951,1870.489447,9.511574745,321.7907192,243.2548523, hillslope, 
Peel,17,68.38849783,-135.8177824,4521.405341,1011.828039,11.18916035,313.2681738,226.9107666, hillslope, 
Peel,18,68.36127536,-135.7662628,3117.434631,798.3230396,13.52983379,75.8468417,304.1448364, hillslope, 
Peel,19,68.34105214,-135.7451844,2665.307773,654.4392359,11.1426754,354.0006933,283.2555847, hillslope, 
Peel,20,68.34228315,-135.7403385,1623.815654,380.5958677,8.749393463,331.772518,273.6586914, hillslope, 
Peel,21,68.34842868,-135.7126561,8676.93538,2566.701401,8.992957115,133.0693592,239.6056213, hillslope, 
Peel,22,68.35718086,-135.7162113,1683.999064,649.7978229,11.7525692,48.85991688,215.4146729, hillslope, 
Peel,23,68.35395014,-135.7359219,1007.596049,255.2777161,11.02091122,359.2547583,237.6663361, hillslope, 
Peel,24,68.31594832,-135.7154536,3926.631733,1935.46923,7.529593945,113.2686459,370.7853699, hillslope, 
Peel,25,68.2540793,-135.8004502,3196.037629,829.8846481,8.08428669,135.766398,282.8959656, hillslope, 
Peel,26,68.26426858,-135.7600087,1760.849464,451.1453456,10.13856506,316.6009776,254.4875793, hillslope, 
Peel,27,68.23288642,-135.9142727,7142.142843,1576.223862,11.65874672,98.5968798,370.5759277, lakeshore, 
Peel,28,68.22474584,-135.909642,6073.074034,1169.636081,12.05071449,95.40744021,370.2945557, lakeshore, 
Peel,29,68.22982412,-135.9120147,3362.190413,1069.38156,10.84056091,63.28784706,363.6705017, lakeshore, 
Peel,30,68.20298185,-135.9302691,13053.67905,2550.920596,12.77570152,47.55372204,470.827179, hillslope, 
Peel,31,68.2037238,-135.9650441,7073.804099,1537.235992,13.70891666,152.3943003,547.7058105, hillslope, 
Peel,32,68.20518621,-135.8775734,4814.60294,1431.411776,11.27969837,240.4258201,387.3089905, lakeshore, 
Peel,33,68.21116403,-135.653055,34245.34101,3798.068275,11.91237354,111.8037279,255.2537384, hillslope, 
Peel,34,68.21388778,-135.6302826,1990.974711,568.1089537,9.553817749,209.1561952,253.2879944, hillslope, 
Peel,35,68.20899673,-135.593712,10596.52198,1802.724817,16.53989983,199.105768,237.262146, hillslope, 
Peel,36,68.20669007,-135.5861346,9003.07847,2692.947835,7.195203304,210.2238616,235.9719849, hillslope, 
Peel,37,68.20216574,-135.5798816,4280.366329,952.4179519,13.86784554,228.3365462,216.5863342, hillslope, 
Peel,38,68.2707338,-135.7386698,4409.308616,1342.296646,8.999300003,340.8132242,263.6548767, hillslope, 
Peel,39,68.20932959,-135.6607577,4574.911337,1072.166408,12.80992699,89.47921148,267.5649719, hillslope, 
Peel,40,68.20850677,-135.651139,2463.561549,928.2826042,11.18187141,95.17738053,236.9982758, hillslope, 
Peel,41,68.20668081,-135.4704643,1881.434831,457.6433239,7.360566139,216.6114046,87.42385864, hillslope, 
Peel,42,68.25566941,-135.3872191,2874.156602,746.803355,5.962994099,77.92373389,8.748829842, lakeshore, 
Peel,43,68.1013466,-136.3304649,6615.338414,1625.42284,7.626772881,287.3663635,677.6867065, hillslope, 
Peel,44,68.19494155,-136.0962091,47123.43546,6611.228707,10.06462765,52.69070297,456.3569336, hillslope, 
Peel,45,68.099997,-135.7569778,11055.58695,2606.617552,10.04869366,231.3473278,447.0813904, hillslope, 
Peel,46,68.10260578,-135.758148,6807.695947,1832.429861,7.033479691,255.5245826,448.7733765, hillslope, 
Peel,47,68.14842076,-135.7633409,12713.28154,1882.557121,9.779313088,233.308009,343.1156311, hillslope, 
Peel,48,68.18840229,-135.7853015,946.3502335,306.3332594,7.53154707,35.51797038,338.4592285, hillslope, 
Peel,49,68.15349944,-135.8441402,19870.16348,2506.363031,13.09843349,20.18891997,385.9607544, hillslope, 
Peel,50,68.15646994,-135.8596772,1144.543215,245.0666075,14.98821068,30.77769659,407.3628845, hillslope, 
Peel,51,68.13756097,-135.9472448,702.4215994,228.3575206,10.65180683,1.261443764,497.9410706, hillslope, 
Peel,52,68.17964614,-135.9273687,2954.033606,696.2119531,13.33423424,61.65937647,461.2212524, hillslope, 
Peel,53,68.16624394,-135.9019401,5717.449955,1086.090647,12.38079453,194.8948116,557.4598999, hillslope, 
Peel,54,68.16217576,-135.8973863,4599.400018,1169.636081,10.35645866,117.9407376,516.5951538, hillslope, 
Peel,55,68.13480391,-135.8953939,1709.150543,423.2968675,15.27832031,10.99447199,442.1810608, hillslope, 
Peel,56,68.18088322,-135.6437405,2702.766014,462.7488782,15.47142506,86.02017281,238.2692566, hillslope, 
Peel,57,68.17684965,-135.6370205,57966.05146,5572.944614,11.98600388,91.30159046,262.6604614, hillslope, 
Peel,58,68.12900631,-135.583439,17228.75026,1898.802067,12.19861984,293.6168829,279.7406006, hillslope, 
Peel,59,68.11361361,-135.5739812,15372.04273,2259.904,13.08320427,303.9853283,367.1967163, hillslope, 
Peel,60,68.1191202,-135.5731853,5008.218688,763.0483006,16.27834702,1.226379474,325.7134094, hillslope, 
Peel,61,68.1199352,-135.5528434,3212.753373,597.3498558,9.845931053,269.0849449,379.3308716, hillslope, 
Peel,62,68.14217217,-135.5269021,3206.823815,478.9938237,16.03266335,28.14341289,275.9595947, hillslope, 
Peel,63,68.13085444,-135.5223623,6015.772966,1197.020418,15.37789822,19.51341561,317.0345154, hillslope, 
Peel,64,68.13365765,-135.5240358,3413.246466,926.426039,14.74629211,1.94390995,306.1468506, hillslope, 
Peel,65,68.13465241,-135.529718,41713.98317,5809.656678,9.32374382,91.73166067,329.3444519, hillslope, 
Peel,66,68.13811639,-135.54992,42977.89644,4246.428773,11.66200352,244.3123588,319.9963989, hillslope, 
Peel,67,68.13573569,-135.554218,3356.089635,805.7493004,9.46509552,231.9419416,276.8673401, hillslope, 
Peel,68,68.12405038,-135.5175774,14899.69065,1850.06723,12.79991627,79.49559436,348.9610291, hillslope, 
Peel,69,68.11945886,-135.5073507,12285.62756,1706.647568,13.04372406,43.74215114,392.3723755, hillslope, 
Peel,70,68.15983481,-135.5556034,11709.87143,1981.88336,15.01646996,305.7293033,224.3561249, hillslope, 
Peel,71,68.15066857,-135.5995716,7485.157423,1259.215353,11.59733582,149.9376059,255.1105804, hillslope, 
Peel,72,68.10599407,-135.6851608,3739.9569,646.0846925,13.52961445,346.0432142,326.3371582, hillslope, 
Peel,73,68.113434,-135.6809133,181883.0942,18497.42331,10.8864851,174.311944,330.6680298, hillslope, 
Peel,74,68.10653651,-135.639032,14845.98146,1678.334948,12.86786652,131.6454058,255.4503937, hillslope, 
Peel,75,68.10317916,-135.6497038,3073.30149,633.088736,15.38707066,69.59650074,273.8514404, hillslope, 
Peel,76,68.10827964,-135.6605332,1756.644232,456.7150412,20.65392303,45.38333799,283.9958191, hillslope, 
Peel,77,68.11362881,-135.629432,53972.15656,9830.512778,21.57546425,129.4351282,239.8071594, hillslope, 
Peel,78,68.1344928,-135.6578716,5476.453861,1533.987003,9.060976982,126.3413975,379.1836243, hillslope, 
Peel,79,68.13193792,-135.6362255,2940.341806,538.4039104,13.43965912,12.58543445,281.601532, hillslope, 
Peel,80,68.12984849,-135.6437923,2817.549363,784.3988005,10.81242657,134.0652597,317.0588684, hillslope, 
Peel,81,68.17447796,-135.5722424,8062.455738,3086.539659,10.93108463,165.5208126,226.9388123, hillslope, 
Peel,82,68.17397586,-135.5773029,2361.655351,1021.110865,12.85445118,166.3591174,226.8439636, hillslope, 
Peel,83,68.15879669,-135.5184461,1653.295454,621.9493448,14.5067625,16.48616679,273.5462341, hillslope, 
Peel,84,68.18907195,-135.6690042,22219.3411,3601.736504,12.17550278,140.8644212,263.5544128, hillslope, 
Peel,85,68.10224359,-135.662429,2858.670047,1035.035104,12.19599247,183.8070042,277.6845093, hillslope, 
Peel,86,68.10592635,-135.6649369,1756.059381,445.57565,5.868591309,39.13837978,325.9037781, hillslope, 
Peel,87,68.13174135,-135.5648665,3764.511034,1670.908687,10.70588112,24.78891469,270.315918, hillslope, 
Peel,88,68.12805711,-135.5537468,4363.866777,965.4139083,17.34953117,3.01803859,313.3563232, hillslope, 
Peel,89,68.14097918,-135.5516515,2084.577031,724.0604312,13.88992786,345.3055267,297.5571899, hillslope, 
Peel,90,68.16117048,-135.6020194,1521.636295,478.0655411,14.037817,352.560117,248.7137604, hillslope, 
Peel,91,68.16160943,-135.6040152,2494.333431,673.004888,14.77909279,108.9187213,252.2989807, hillslope, 
Peel,92,68.15527131,-135.5967011,1682.102442,487.3483672,13.67510414,143.1796128,233.9705505, hillslope, 
Peel,93,68.1537183,-135.5983948,985.1622935,362.0302156,14.4260416,19.69713093,237.3700409, hillslope, 
Peel,94,68.18429865,-135.6436649,694.7194431,269.2019552,15.08487225,68.11681706,227.8761292, hillslope, 
Peel,95,68.11574748,-135.5649034,4915.655544,1192.843146,16.0441494,14.10283481,391.7485962, hillslope, 
Peel,96,68.11863912,-135.6457446,883.2218889,245.9948901,13.22888374,347.8122846,284.4556885, hillslope, 
Peel,97,68.11430929,-135.6892331,2326.161955,612.6665187,13.22640991,75.14260111,362.2915955, hillslope, 
Peel,98,68.12236459,-135.6613845,1489.351364,468.7827151,13.78520489,58.41206461,343.8529663, hillslope, 
Peel,99,68.19670582,-135.4644868,4575.341937,897.1851369,9.674188614,351.5060931,104.7104034, hillslope, 
Peel,100,68.18349884,-135.4847944,1431.739294,544.9018886,11.26337242,244.0497323,201.6058502, hillslope, 
Peel,101,68.19470184,-135.4861273,8860.869459,3792.498579,7.013217449,13.99484388,127.2789764, hillslope, 
Peel,102,68.04432151,-135.9200583,7345.26217,1403.563297,13.60721874,348.7890388,608.2513428, hillslope, 
Peel,103,68.07933698,-135.932484,3962.024603,1286.599689,8.882649422,270.3592705,531.1564941, hillslope, 
Peel,104,68.07626181,-135.8491576,7550.698748,1726.605644,8.169687271,338.0087332,596.5522461, hillslope, 
Peel,105,68.0774742,-135.8590274,9170.425999,1743.314731,9.231983185,89.22747756,602.7754517, hillslope, 
Peel,106,68.07920509,-135.8378918,3669.143396,1570.654166,10.71131134,19.98146033,574.835022, hillslope, 
Peel,107,68.07968,-135.780797,2521.784738,451.1453456,9.363330841,322.3254995,496.6557312, hillslope, 
Peel,108,68.08806783,-135.7753352,2212.702665,740.7695181,10.19164944,332.3524603,483.5978088, hillslope, 
Peel,109,68.05338795,-135.7569079,5573.024388,1787.872296,8.17850399,24.38903357,520.7614136, hillslope, 
Peel,110,68.09774122,-135.6789154,109716.5237,5909.911199,11.02812767,88.63236483,328.3690796, hillslope, 
Peel,111,68.09489176,-135.6801293,4367.335556,761.6558767,11.21154976,7.691022682,352.2426453, hillslope, 
Peel,112,68.09845806,-135.6726572,7492.587062,1167.315375,13.91975975,95.43138712,286.9822388, hillslope, 
Peel,113,68.09686672,-135.6723288,4051.749316,696.2119531,16.04857636,356.5402596,305.1191406, hillslope, 
Peel,114,68.09820258,-135.6685702,8132.353452,1326.0517,13.71005058,336.6670889,283.8430786, hillslope, 
Peel,115,68.09962845,-135.6865168,10969.70623,1942.431349,13.15287781,78.48820013,355.8515015, hillslope, 
Peel,116,68.09739972,-135.6640095,5341.032293,1255.502222,16.22273064,12.98332913,306.9721375, hillslope, 
Peel,117,68.09719649,-135.6612671,4830.088273,1315.37645,13.56223297,1.257469501,306.5797424, hillslope, 
Peel,118,68.08105416,-135.6559156,56851.78413,11077.19632,12.04262161,118.1049886,317.0727539, hillslope, 
Peel,119,68.08502719,-135.6478974,13420.26464,3652.327906,15.1905241,120.7148887,299.6520386, hillslope, 
Peel,120,68.0761513,-135.6746756,22192.61396,4552.297891,15.7046833,120.6118576,356.5868835, hillslope, 
Peel,121,68.03160911,-135.7144793,8512.480207,2595.478161,9.25527668,136.0865771,494.3528137, hillslope, 
Peel,122,68.02327215,-135.7222216,22931.68296,3380.805244,13.01480007,8.959249646,524.9730835, hillslope, 
Peel,123,68.01898129,-135.6850928,28081.70369,2873.962942,17.26442337,344.988598,484.1754761, hillslope, 
Peel,124,68.01589438,-135.705945,9016.678059,1654.199601,12.38653564,92.26203848,496.7251587, hillslope, 
Peel,125,68.01588391,-135.7377716,2859.963575,935.708865,13.00055218,46.92118954,599.3797607, hillslope, 
Peel,126,68.05666928,-135.7332176,3332.821691,634.9453012,10.68992805,50.90098078,450.4405518, hillslope, 
Peel,127,68.05573003,-135.7227591,4494.835475,1169.636081,8.255913734,339.9289161,454.0528259, hillslope, 
Peel,128,68.04423365,-135.6141546,24264.119,3194.220441,15.7937088,34.51898286,405.8377991, hillslope, 
Peel,130,68.04045377,-135.6278851,11620.88053,2552.31302,10.68751526,21.82524629,414.6137085, hillslope, 
Peel,131,68.03471572,-135.6327828,5970.294158,1185.881027,14.36099243,318.7003092,435.5448608, hillslope, 
Peel,132,68.03349984,-135.6373064,2702.944876,519.8382583,18.23674774,31.28676549,433.7158203, hillslope, 
Peel,133,68.03427809,-135.6498741,20901.72778,2601.047857,9.033121109,64.41292794,444.5243835, hillslope, 
Peel,134,68.04483333,-135.6703893,11998.28666,1604.07234,11.13706112,148.8948269,438.7249756, hillslope, 
Peel,135,68.04585414,-135.6662979,8320.984186,941.2785606,16.33463097,39.82668972,428.459137, hillslope, 
Peel,136,68.04582464,-135.6833591,22464.2844,2612.187248,12.17582321,160.6798059,479.9336548, hillslope, 
Peel,137,68.0548472,-135.6712909,977.0965919,178.23026,13.25710297,89.52521192,409.8858643, hillslope, 
Peel,138,68.05673525,-135.666234,8720.925148,1164.066386,11.07708073,76.52405917,374.3295593, hillslope, 
Peel,140,68.0603571,-135.6652267,244863.669,14202.72384,15.85819626,118.466465,357.021759, hillslope, 
Peel,141,68.0618175,-135.6939567,9818.307312,2517.502422,7.848077297,123.7299808,400.3008118, hillslope, 
Peel,142,68.06202698,-135.6876962,8685.011421,1431.411776,12.6017189,144.2637799,377.4587097, hillslope, 
Peel,143,68.06027493,-135.7034125,3349.911859,668.363475,10.63696289,184.7672591,405.5252686, hillslope, 
Peel,144,68.06080345,-135.6993877,2348.494081,668.363475,11.04210186,159.8609547,407.6201782, hillslope, 
Peel,145,68.05137472,-135.7355497,2430.826074,551.3998669,11.6030798,331.0938353,460.2385559, hillslope, 
Peel,146,68.05604979,-135.7382261,3791.610241,991.4058212,9.925899506,354.2012666,464.3626099, hillslope, 
Peel,147,68.01607209,-135.6897523,2772.337414,740.7695181,14.37883663,284.5084994,476.5750122, hillslope, 
Peel,148,68.06531338,-135.5696944,15436.96905,1878.37985,14.43954754,151.3919568,424.6987305, hillslope, 
Peel,149,68.09823214,-135.5361561,5884.965757,1481.539036,7.075244904,186.9347375,441.430603, hillslope, 
Peel,150,68.03269102,-135.5770388,16919.16693,2366.192358,15.18635845,112.7020145,388.3125305, hillslope, 
Peel,151,68.0093636,-135.580372,129069.6314,16133.08752,13.29056263,78.20575703,428.6911011, hillslope, 
Peel,152,68.07584651,-135.5367349,1566.985286,540.2604756,10.80246353,12.88614265,356.6248474, hillslope, 
Peel,153,68.07849456,-135.5391574,2055.337602,654.9033772,9.861032486,213.7777069,365.6755981, hillslope, 
Peel,154,68.03747965,-135.5949884,3511.351615,821.5301047,17.31620979,15.17598818,410.8500977, hillslope, 
Peel,155,68.01749923,-135.5744168,2984.150099,761.1917354,10.7172718,135.8556644,396.2704773, hillslope, 
Peel,156,68.01545156,-135.5750126,2544.472534,756.5503224,11.68116379,52.73789576,398.534729, hillslope, 
Peel,157,68.08039457,-135.5565859,553.6470031,222.787825,7.697667122,199.4833129,392.5153809, hillslope, 
Peel,158,68.07984497,-135.543981,2148.662752,710.1361922,11.26021957,104.8447087,367.906311, hillslope, 
Peel,159,67.95020088,-135.7735359,3795.976013,1164.066386,10.70237923,186.793542,584.6279907, hillslope, 
Peel,160,67.9516043,-135.7715671,7954.05533,1954.963164,9.671541214,198.2284694,613.2805176, hillslope, 
Peel,161,67.92829726,-135.6272514,5952.199503,1353.436037,11.68586349,135.7901755,708.3355103, hillslope, 
Peel,162,67.922645,-135.620985,5212.796233,1347.866341,11.38121986,45.36390205,763.019104, hillslope, 
Peel,163,67.93096359,-135.6177077,2498.506511,707.3513444,9.185127258,119.898831,674.8722534, hillslope, 
Peel,164,67.93216936,-135.6116008,1750.414529,501.2726062,13.11643505,110.8654912,636.4794922, hillslope, 
Peel,165,67.91628113,-135.5813641,35579.50155,4333.223196,14.43104458,121.7788307,657.3870239, hillslope, 
Peel,166,67.9207222,-135.6835062,2538.124982,796.4664744,9.392442703,191.7499457,702.3990479, hillslope, 
Peel,167,67.91548064,-135.6848809,8302.487656,1682.048079,9.608095169,231.2349065,655.6280518, hillslope, 
Peel,168,67.96857874,-135.511257,4497.371312,1116.723973,8.479739189,3.838455574,601.8687744, hillslope, 
Peel,169,67.97855777,-135.5741851,17416.88466,3110.675007,8.888128281,36.16239381,498.9346924, hillslope, 
Peel,170,67.96918057,-135.5902428,11780.90578,1693.18747,14.23432636,325.0566501,504.0741577, hillslope, 
Peel,171,67.98980863,-135.5899348,1824.414924,590.3877362,11.54544258,101.3162237,435.9398499, hillslope, 
Peel,172,67.95175839,-135.7434956,2723.347617,673.9331706,14.62684727,134.9391191,584.6715088, hillslope, 
Peel,173,67.99651035,-135.6933076,5458.798715,841.0240394,14.89085579,338.2566921,570.1273193, hillslope, 
Peel,174,67.98578496,-135.6596944,6590.45725,1643.060209,8.439934731,145.3087128,638.8051758, hillslope, 
Peel,175,67.96620216,-135.6820906,8625.80621,1359.005732,14.81006145,182.0625195,513.6143799, hillslope, 
Peel,176,67.94582718,-135.4517971,1866.419429,677.646301,10.22147942,145.1676953,673.029541, hillslope, 
Peel,177,67.84623691,-135.8596622,8010.988505,1559.514775,10.41424561,319.7693709,504.5343323, hillslope, 
Peel,178,66.76047986,-135.8114558,9175.966742,1861.206621,10.5746336,1.175515537,559.9627686, hillslope, 
Peel,179,66.77297754,-135.8106063,3936.871227,1123.221951,8.281763077,91.13290851,584.0369873, hillslope, 
Peel,180,66.72577251,-135.7789022,15056.83506,6289.114643,7.271998882,51.48896014,610.1077881, hillslope, 
Peel,181,66.72785999,-135.7744945,8737.000233,3286.120419,6.606603622,159.7303693,602.3777466, hillslope, 
Peel,182,66.71108021,-135.7655046,7497.491112,1011.828039,11.51550388,144.9948288,558.4950562, hillslope, 
Peel,183,66.72779886,-135.7129869,2958.451787,812.2472786,5.494486809,350.8553823,532.3495483, hillslope, 
Peel,184,66.72300217,-135.6883338,6793.835448,1336.72695,12.40289783,11.52238444,508.1669922, hillslope, 
Peel,185,66.96012112,-135.9961978,14251.62101,2770.923573,9.640388489,284.107248,556.4300537, hillslope, 
Peel,186,66.99019898,-135.8648625,5903.455828,1183.56032,12.9516983,45.04470857,453.0217285, hillslope, 
Peel,187,66.97601762,-135.8044379,11557.23556,1773.019774,11.38413906,348.7488687,475.0644531, hillslope, 
Peel,188,66.97652817,-135.589685,86640.36116,7251.743704,11.32186317,153.3629282,374.0909729, hillslope, 
Peel,189,66.97379833,-135.5208718,4079.968959,1158.49669,9.089413643,277.1927264,343.1220093, hillslope, 
Peel,190,66.96873721,-135.5031785,3489.815617,874.4422131,8.164233208,343.279597,376.8901062, hillslope, 
Peel,191,66.94052007,-135.5376138,69540.95722,7457.822442,10.04287243,180.6775488,373.9755249, hillslope, 
Peel,192,66.99486493,-135.3927373,17972.40715,3391.944636,15.49564552,345.0878588,282.229126, hillslope, 
Peel,193,66.96032643,-135.2918155,87244.25296,1086.090647,29.6040554,293.3952722,309.3160706, hillslope, 
Peel,194,66.9327127,-135.281431,76556.59448,9685.700692,14.81604862,214.4514574,342.8503113, hillslope, 
Peel,195,66.92932766,-135.3367673,7930.622937,1353.436037,16.84467506,156.9650046,372.9596252, hillslope, 
Peel,196,66.92072634,-135.3616196,42527.26103,5937.295536,14.00545502,2.341061665,349.749115, hillslope, 
Peel,198,66.92582841,-135.2553503,122511.0505,2506.363031,26.08960533,242.9988532,335.8307495, hillslope, 
Peel,199,66.92250997,-135.2334162,5775.957425,796.4664744,23.49123764,208.7908444,258.8117981, hillslope, 
Peel,200,66.9176744,-135.211596,4894.910717,2729.150856,22.92839432,135.6791857,200.8169708, hillslope, 
Peel,201,66.97676999,-135.1452136,3551.605787,891.1513,12.39459133,102.2774639,355.1039429, hillslope, 
Peel,202,66.98159232,-135.139309,2311.226855,445.57565,27.07652855,89.13629693,293.1974487, hillslope, 
Peel,203,66.97938651,-135.1339963,2205.666182,467.8544325,25.38892555,112.8435771,235.6471863, hillslope, 
Peel,204,66.99108055,-135.1378998,45625.30801,10276.08843,6.140697956,112.3302132,395.1357727, hillslope, 
Peel,205,66.99522894,-135.1254833,6669.664788,2300.284293,21.84283638,146.0640366,310.9612122, hillslope, 
Peel,206,67.85761197,-135.7115459,12270.53137,2662.314509,10.58973789,130.9654611,604.1804199, hillslope, 
Peel,207,67.86146051,-135.6971055,5357.73512,1553.945079,15.87687683,152.5472233,553.3996582, hillslope, 
Peel,208,67.88629299,-135.5550185,15284.72527,3024.344724,11.12833023,215.3944074,557.8983765, hillslope, 
Peel,209,67.82893602,-135.5463271,886.6551578,356.46052,15.75437546,340.514845,340.6053772, hillslope, 
Peel,210,67.83012556,-135.5409717,2406.241429,640.5149969,18.45321846,323.0158565,345.785675, hillslope, 
Peel,211,67.80566263,-135.5869063,7065.301338,1091.660342,14.90023899,42.91243761,295.1274414, hillslope, 
Peel,212,67.86312309,-135.479611,6784.78125,1656.984448,21.01196861,78.29144919,292.0580444, hillslope, 
Peel,213,67.72029146,-136.0889034,9094.788927,2010.660121,7.219225407,306.2003038,299.4891052, hillslope, 
Peel,214,67.74294121,-135.8392972,3460.436186,1102.799734,8.148983955,289.7054004,294.5641479, hillslope, 
Peel,215,67.71618127,-135.8279977,21868.50493,4310.944414,14.31050777,214.8520211,260.1526184, hillslope, 
Peel,217,67.7083536,-135.8057238,2153.558644,662.7937794,15.56147003,248.4100101,254.1940765, hillslope, 
Peel,218,67.73886705,-135.8062861,2037.353798,807.6058656,7.34139967,18.13406446,308.5900269, lakeshore, 
Peel,219,67.73748884,-135.7367712,3595.069742,1208.623951,9.14915657,191.8995086,309.0756836, lakeshore, 
Peel,220,67.75835238,-135.7345782,4047.22881,874.4422131,26.39328766,189.4082506,446.8612671, hillslope, 
Peel,221,67.77438657,-135.7441614,1419.676457,556.9695625,11.32099724,12.54888645,410.9781189, hillslope, 
Peel,222,67.78170194,-135.7022661,1193.153801,534.69078,11.08137703,265.7205049,314.2834167, hillslope, 
Peel,223,67.76470651,-135.6794546,7461.500671,1130.648212,12.76405525,223.7034806,296.8113403, hillslope, 
Peel,224,67.7070334,-135.6319683,2637.023454,852.1634306,8.180878639,206.0545528,258.7938538, lakeshore, 
Peel,225,67.75509603,-135.5363547,1226.205002,629.3756056,18.34696007,26.25028936,147.9393158, hillslope, 
Peel,226,67.71407223,-135.4984721,9691.003444,2116.484337,10.71008587,339.498052,150.8715973, hillslope, 
Peel,228,67.6827175,-135.9923933,29170.04003,6087.677318,9.536639214,26.11167461,581.5049438, hillslope, 
Peel,229,67.60384252,-135.9542619,2326.409239,896.7209956,9.971772194,338.0105714,527.0529785, hillslope, 
Peel,230,67.62520376,-135.9121921,2443.366388,618.2362144,10.22079563,355.6340172,454.3521118, hillslope, 
Peel,231,67.64578538,-135.8184999,2074.914229,556.9695625,10.16585636,171.9973892,349.1231384, hillslope, 
Peel,232,67.66215089,-135.7625085,8740.864243,1459.260254,11.8793478,140.7986967,315.5429077, hillslope, 
Peel,233,67.69288672,-135.7990176,2937.053071,629.3756056,12.92520332,321.7901017,233.7481842, hillslope, 
Peel,234,67.68561214,-135.8182324,24291.09935,3297.25981,13.20700264,112.0360757,294.8650818, hillslope, 
Peel,235,67.69306614,-135.9201364,971.8731326,428.8665631,10.05990887,349.0397326,341.744812, hillslope, 
Peel,236,67.64707213,-135.6611028,14491.5584,5480.580495,18.93022156,235.5652203,237.9805145, hillslope, 
Peel,237,67.60735824,-135.6681554,13193.23742,2138.76312,11.61452866,35.92179794,367.4820862, hillslope, 
Peel,238,67.62025739,-135.5653077,3011.476361,1364.575428,7.025947571,34.84374504,286.4503174, hillslope, 
Peel,239,67.61852313,-135.5573691,18473.29459,2556.490292,12.15940475,5.950623981,282.8727722, hillslope, 
Peel,240,67.62021678,-135.5404292,3518.871757,590.3877362,15.29679012,12.27399543,258.3443604, hillslope, 
Peel,241,67.62456992,-135.5361959,2493.054777,718.4907356,11.91857052,32.3263398,263.7970276, hillslope, 
Peel,242,67.63357491,-135.547137,19607.62579,3442.071896,11.83560753,22.1505692,296.7375488, hillslope, 
Peel,243,67.63666863,-135.5392978,2217.577594,517.9816931,20.37672806,139.4614146,244.4464264, hillslope, 
Peel,244,67.64793773,-135.610402,8196.087399,1977.241947,7.858014584,286.3715698,287.2994385, hillslope, 
Peel,245,67.650674,-135.6044476,824.1839028,194.9393469,17.0409584,353.1535545,262.1405334, hillslope, 
Peel,246,67.66947045,-135.6221827,15639.03222,1826.860165,13.59384632,355.1261572,202.9451752, hillslope, 
Peel,247,67.67100321,-135.603132,17840.90451,1865.848034,8.085435867,298.9584714,235.0996094, hillslope, 
Peel,248,67.6845925,-135.5862525,3796.619703,657.2240837,10.95997238,125.5864792,203.2227783, hillslope, 
Peel,249,67.62498291,-135.7038223,1793.963385,601.5271275,16.15175438,345.0226552,252.9853363, hillslope, 
Peel,250,67.62602723,-135.6975531,1021.070128,300.7635637,9.636612892,351.448993,251.4303131, hillslope, 
Peel,251,67.63124482,-135.4239477,5614.50985,1726.605644,9.017650604,62.20896804,264.6278076, hillslope, 
Peel,252,67.62658254,-135.3735132,4987.730174,677.1821597,15.13268471,28.87112529,206.7674866, hillslope, 
Peel,253,67.53532413,-135.9876029,28030.3448,4205.120197,7.802322388,163.7571991,529.2658081, hillslope, 
Peel,254,67.52139105,-135.9556421,2990.80111,1063.811864,7.635384083,185.9718941,473.2709351, hillslope, 
Peel,255,67.53005217,-135.9440238,5805.736463,2645.605422,9.046951294,121.608892,475.1427307, hillslope, 
Peel,256,67.55937992,-135.866141,5660.558764,2088.635859,17.14292526,78.78845049,365.3503418, hillslope, 
Peel,257,67.56618414,-135.8745198,1468.335485,846.593735,14.9134264,280.8769893,388.9368286, hillslope, 
Peel,258,67.56782835,-135.8759504,1605.327425,478.9938237,15.91786003,234.5945589,372.2567139, hillslope, 
Peel,259,67.56715448,-135.8828669,3420.157877,857.7331262,16.6099453,58.40364121,392.1382141, hillslope, 
Peel,260,67.58608222,-135.9017779,21065.72377,4650.695847,5.212144852,25.52994554,427.077179, hillslope, 
Peel,261,67.58831926,-135.9139101,3289.624765,852.1634306,9.094186783,11.97065312,439.3266907, hillslope, 
Peel,262,67.556174,-135.9576087,726.0686696,350.8908244,13.914711,161.4626717,483.038208, hillslope, 
Peel,263,67.58696166,-135.7554938,4964.043578,1208.623951,9.114759445,83.0866125,351.0055542, hillslope, 
Peel,264,67.58787235,-135.7528351,647.4886746,250.6363031,10.90112114,112.5996514,336.2848816, hillslope, 
Peel,265,67.58509014,-135.7491455,26461.45241,5101.841192,7.56628561,349.340407,361.0801086, hillslope, 
Peel,266,67.59030786,-135.7545953,1129.485422,440.0059544,6.902245045,8.48715736,337.5987549, hillslope, 
Peel,267,67.58717536,-135.8014358,79182.87492,11105.97308,8.426243782,77.69353176,398.4230957, hillslope, 
Peel,268,67.59726459,-135.8727852,5501.795073,1409.132993,9.302332878,111.4639464,390.5683594, hillslope, 
Peel,269,67.55066465,-135.6808706,10218.43236,1860.278339,8.770202637,115.1839269,336.7201843, hillslope, 
Peel,270,67.54730642,-135.6733847,22808.99193,4299.805022,7.895075321,340.6894062,363.8920898, hillslope, 
Peel,271,67.55258314,-135.6746255,14330.39613,2272.435815,7.948073864,143.4882072,338.0448914, hillslope, 
Peel,272,67.54966403,-135.6671681,875.8422858,284.0544769,7.614774704,359.7948706,344.3139038, hillslope, 
Peel,273,67.58905593,-135.6322942,1282.105077,495.7029106,11.21165657,356.0176506,363.581604, hillslope, 
Peel,274,67.59515634,-135.3946713,7418.20482,1130.648212,10.479846,350.1460823,228.7608185, hillslope, 
Peel,275,67.59315437,-135.3870436,1825.856046,501.2726062,19.57553673,348.8056975,235.8163452, hillslope, 
Peel,276,67.51913094,-135.3069156,45525.44258,10523.0116,8.911315918,45.13778522,263.5768738, hillslope, 
Peel,277,67.52172677,-135.2962105,28246.61191,4133.178295,8.989998817,308.8261634,250.9334717, hillslope, 
Peel,278,67.47631849,-135.9316174,5096.171382,1264.320907,9.870958328,307.9706886,512.1509399, hillslope, 
Peel,279,67.47439926,-135.9410442,2076.816574,607.0968231,12.58878899,268.7752068,480.2088013, hillslope, 
Peel,280,67.43018144,-135.9320316,10082.45142,2227.87825,11.88341427,301.9648419,579.6876831, hillslope, 
Peel,281,67.42597016,-135.9332692,12190.34019,2450.666075,13.53047657,272.5978598,567.5671387, hillslope, 
Peel,282,67.42541898,-135.9229385,4068.079645,1453.690558,6.884223938,186.1930149,625.2666016, hillslope, 
Peel,283,67.43818985,-135.8411742,5878.941042,938.4937128,14.13255978,88.89059193,687.1083984, hillslope, 
Peel,284,67.4458399,-135.836001,83045.93901,10782.93073,13.00596523,200.6588941,747.7058105, hillslope, 
Peel,285,67.4773176,-135.7964471,143067.907,12827.00902,9.463165283,15.38982167,584.4483032, hillslope, 
Peel,286,67.4759411,-135.810603,6641.480952,2083.066164,11.45775795,70.71991089,609.012146, hillslope, 
Peel,287,67.47612998,-135.8165145,1062.721994,317.4726506,9.663549423,6.857103943,628.4382935, hillslope, 
Peel,288,67.47328793,-135.78928,12802.84693,3202.574984,7.098584175,53.96586442,588.0331421, hillslope, 
Peel,289,67.47641812,-135.7830175,2620.835166,790.8967787,8.964434624,59.5819237,563.0501709, hillslope, 
Peel,291,67.42557967,-135.8260476,11011.41947,2846.114464,10.60858536,38.37220243,627.9407959, hillslope, 
Peel,292,67.4251252,-135.7678446,5474.753799,1553.945079,8.475904465,123.8320718,526.1907959, hillslope, 
Peel,293,67.42454508,-135.7790896,978.8451106,484.5635194,9.72790432,147.8058381,542.5045776, hillslope, 
Peel,294,67.41646499,-135.8024501,3042.557738,924.5694737,10.85408592,108.9540107,616.017334, hillslope, 
Peel,295,67.44747823,-135.7971347,1051.870538,473.4241281,7.728636742,13.03872269,690.949646, hillslope, 
Peel,296,67.49612573,-135.6814595,25567.13195,4283.095936,7.990004063,169.6243816,465.8680115, lakeshore, 
Peel,297,67.45491146,-135.6895996,3820.850973,1008.114908,7.865462303,35.48300918,496.5275879, hillslope, 
Peel,299,67.43747682,-135.6535921,6696.027017,1626.351122,8.474013329,46.9295958,512.2856445, hillslope, 
Peel,300,67.43214475,-135.6398405,1691.227504,423.2968675,7.38624382,115.1556742,476.0940552, hillslope, 
Peel,301,67.40907883,-135.4687451,8194.625116,1643.060209,5.764754295,291.9398096,360.3588257, hillslope, 
Peel,302,67.40254923,-135.4315977,3347.139419,595.9574319,16.58045578,24.79948377,348.6375122, hillslope, 
Peel,303,67.40305238,-135.4238437,1430.382925,417.7271719,27.22101784,339.7755355,362.1202698, hillslope, 
Peel,304,67.40014139,-135.3321565,43520.10602,3002.065942,13.58793831,286.7351875,316.7242126, hillslope, 
Peel,305,67.40936378,-135.3178403,493.9943358,139.2423906,17.67139053,303.6252887,347.5733337, hillslope, 
Peel,306,67.41221035,-135.3157941,1660.495933,612.6665187,14.26122475,272.9821603,342.0186768, hillslope, 
Peel,307,67.41548166,-135.3169268,1081.112629,417.7271719,9.751420021,289.2344554,330.368866, hillslope, 
Peel,308,67.45428951,-135.2860691,1260.125448,272.9150856,16.8763752,324.015895,322.4797058, hillslope, 
Peel,309,67.46328973,-135.2901586,17590.70588,2216.738859,9.648182869,216.7402899,319.8008728, hillslope, 
Peel,310,67.47603299,-135.2812628,2974.988634,852.1634306,5.908097744,285.2808546,333.4017029, lakeshore, 
Peel,311,67.49034626,-135.2616631,3051.467925,1158.49669,7.340094566,83.01825984,280.5035706, hillslope, 
Peel,312,67.43672019,-135.3106134,1784.10619,824.3149525,4.044491291,299.0375725,374.2797241, lakeshore, 
Peel,313,67.4453818,-135.2266282,16521.15187,4044.063165,15.15011406,336.3741481,308.7626953, hillslope, 
Peel,314,67.44647753,-135.218855,1755.17719,490.133215,11.96456146,25.14202331,304.9095764, hillslope, 
Peel,315,67.36650176,-136.0921143,4823.163548,1155.711842,7.634025574,100.4733629,714.9265747, hillslope, 
Peel,316,67.34122721,-136.0873238,12110.95339,2557.418574,9.505716324,45.46870339,726.5465698, hillslope, 
Peel,317,67.34013851,-136.0660295,6451.547385,1670.908687,10.27568054,16.90210811,686.6375122, hillslope, 
Peel,318,67.33952372,-136.0463769,1331.558052,366.6716286,10.24847507,18.65127294,677.9295654, hillslope, 
Peel,319,67.3460981,-136.0401358,2686.399091,1035.035104,8.997273445,148.8458749,654.0512695, hillslope, 
Peel,320,67.34599319,-136.0354354,3695.397919,946.8482562,9.831967354,152.3334619,633.800293, hillslope, 
Peel,321,67.34515345,-136.0123276,790.5651602,236.7120641,10.63720226,347.5230677,610.218689, hillslope, 
Peel,322,67.35315292,-135.9746884,7709.707994,1842.640969,6.673976898,203.0808007,603.942627, hillslope, 
Peel,323,67.30868071,-135.9365903,19011.45946,3611.01933,10.40893936,344.1819447,698.5236206, hillslope, 
Peel,324,67.32283398,-135.8996932,4458.728489,1192.843146,8.567626953,58.56379268,628.3355713, hillslope, 
Peel,325,67.32476853,-135.9024673,11166.57117,1605.928905,14.42105293,71.46985216,638.5949097, hillslope, 
Peel,327,67.30734629,-135.855967,53051.17304,7507.949702,8.5561409,130.8005407,642.0076904, hillslope, 
Peel,328,67.36250757,-135.8175753,4150.13696,974.6967344,8.413165093,159.1376355,465.927948, hillslope, 
Peel,329,67.31370882,-135.6237774,1886.469404,595.9574319,11.00672436,13.02966781,394.1889343, hillslope, 
Peel,330,67.36980356,-135.6557534,2349.092388,579.248345,12.69787502,302.7819921,398.9875793, hillslope, 
Peel,331,67.37048214,-135.6531574,877.6822503,289.6241725,14.21554565,335.456966,403.3635864, hillslope, 
Peel,332,67.3791732,-135.6161495,2494.607656,685.0725619,5.06596756,191.2308734,410.0641479, lakeshore, 
Peel,333,67.39729504,-135.5823184,1060.909565,278.4847812,13.97117901,351.095674,347.4569397, hillslope, 
Peel,334,67.33788354,-135.5330733,11048.0974,2634.466031,10.60385513,196.4054067,332.1660156, hillslope, 
Peel,335,67.34171873,-135.4799629,12729.67618,1336.72695,13.60504627,271.9765583,306.7920532, hillslope, 
Peel,336,67.34893985,-135.3799536,2222.795869,634.9453012,23.77560425,344.4488243,262.3155212, hillslope, 
Peel,337,67.34795447,-135.3819505,919.4315111,278.4847812,17.25486374,352.0107371,288.5630798, hillslope, 
Peel,338,67.33877343,-135.3307355,61936.24502,7301.870964,17.19057083,8.775177699,254.6735077, hillslope, 
Peel,339,67.35327168,-135.3116362,35440.69871,5926.156145,16.69098473,59.2279837,240.5961609, hillslope, 
Peel,340,67.33074266,-135.2654909,2238.321599,534.69078,20.27743149,5.169165147,227.8536835, hillslope, 
Peel,341,67.31353611,-135.2508995,4944.204002,891.1513,18.22492218,292.0962773,207.3671875, hillslope, 
Peel,342,67.31778585,-135.1962942,1685.676491,343.4645635,18.39098549,14.70953848,183.4097137, hillslope, 
Peel,343,67.2909383,-135.9221397,16517.74984,2947.297268,11.7113657,34.64008725,736.0775757, hillslope, 
Peel,345,67.29435869,-135.8512377,4798.793183,1665.338992,6.628442287,147.1383806,582.2167358, hillslope, 
Peel,346,67.29125856,-135.8409816,2588.530659,685.0725619,9.312843323,49.6874978,574.9352417, hillslope, 
Peel,347,67.28132367,-135.8449284,6462.259746,2144.332816,8.033452034,108.8996027,628.8665771, hillslope, 
Peel,348,67.28190689,-135.8136951,9209.084799,2005.090425,8.556547165,39.52979048,587.3448486, hillslope, 
Peel,349,67.27666924,-135.8198554,6547.186726,2857.253856,6.490458012,57.03090357,613.6801758, hillslope, 
Peel,350,67.25303121,-135.8148533,2599.819967,774.1876919,6.747182846,6.133047706,621.4451294, hillslope, 
Peel,351,67.24413036,-135.8261015,7434.105683,1676.478383,8.868495941,106.3434226,674.5150757, hillslope, 
Peel,352,67.23961265,-135.8242492,13073.70942,1954.963164,14.38342571,62.04709941,657.5328369, hillslope, 
Peel,353,67.2406494,-135.8098589,4505.623701,1286.599689,7.489091396,120.8974246,624.4141235, hillslope, 
Peel,354,67.23998659,-135.8060724,2805.455074,1052.672473,8.315463066,151.2476434,606.5454712, hillslope, 
Peel,355,67.23720311,-135.8035415,5136.193881,1531.666297,12.14507484,351.3889673,615.1669922, hillslope, 
Peel,356,67.2286821,-135.7906344,7958.542634,1604.07234,12.52053928,107.9745364,610.510376, hillslope, 
Peel,357,67.2449865,-135.78416,1864.58887,423.2968675,10.86692333,121.1513662,578.1973877, hillslope, 
Peel,358,67.24524004,-135.7810365,1433.941663,473.4241281,6.965705872,181.7203764,574.854126, hillslope, 
Peel,359,67.25231098,-135.7622494,14402.14336,2500.793336,10.76444435,89.3447537,550.7407227, hillslope, 
Peel,360,67.29042447,-135.8192458,3627.400255,1214.193646,8.87302208,8.267100393,562.9486084, hillslope, 
Peel,361,67.26464961,-135.7545124,6940.279621,1999.520729,7.268588066,21.11864945,550.0354004, hillslope, 
Peel,362,67.24784653,-135.7654105,2261.689743,657.2240837,9.291063309,73.95960502,552.031311, hillslope, 
Peel,363,67.21671572,-135.7708996,4395.06062,1013.684604,6.764725685,67.66526787,581.6547241, hillslope, 
Peel,364,67.21364409,-135.7759235,812.6693798,183.7999556,12.42196178,352.5058214,599.8598022, hillslope, 
Peel,365,67.25836134,-135.7418274,3788.308333,1086.090647,9.986321449,128.5918368,513.7766724, hillslope, 
Peel,366,67.25321755,-135.7363953,9900.247516,1910.405599,7.555608273,337.7717499,518.3901367, hillslope, 
Peel,367,67.26198374,-135.7323667,2879.496094,651.6543881,8.311223984,62.16147939,498.2740173, hillslope, 
Peel,368,67.26064509,-135.3616342,2228.288566,534.69078,14.99756718,304.2804873,373.7523193, hillslope, 
Peel,369,67.26615375,-135.3590516,71275.66585,8499.355524,11.27996254,299.8091093,341.4108276, hillslope, 
Peel,370,67.26771346,-135.3698019,2533.752411,857.7331262,12.62056255,84.58293971,288.4260559, hillslope, 
Peel,371,67.27030964,-135.3560826,1940.028092,423.2968675,15.91362858,2.466878256,307.901123, hillslope, 
Peel,372,67.27397864,-135.3538465,2629.696231,373.1696069,16.4525032,311.5465961,286.1445313, hillslope, 
Peel,373,67.26131612,-135.352413,4083.013527,980.26643,12.13141346,277.8660907,397.9632874, hillslope, 
Peel,374,67.2221785,-135.3403749,4350.315064,1019.254299,7.081828117,149.1696419,353.2921448, hillslope, 
Peel,375,67.22426423,-135.2741147,4900.526985,1086.090647,10.99643326,205.8342674,358.2511292, hillslope, 
Peel,376,67.22345477,-135.2805117,2094.486011,334.1817375,16.29883194,228.9615461,339.4697571, hillslope, 
Peel,377,67.2553104,-135.2743377,30333.23785,4266.386849,7.835063458,150.4551266,394.3195496, hillslope, 
Peel,378,67.29607284,-135.2566106,3535.500702,1013.684604,9.355053902,356.7509885,259.3971558, hillslope, 
Peel,379,67.2548872,-135.2293025,307588.6047,60174.99153,10.08917713,307.64746,337.8460999, hillslope, 
Peel,380,67.25668066,-135.2167658,5091.413311,724.0604312,14.23258018,0.787537876,344.9754028, hillslope, 
Peel,381,67.27645877,-135.1597938,33560.48572,5513.998669,13.4504137,3.546403931,283.397522, hillslope, 
Peel,382,67.12931067,-135.9293494,14418.17391,7649.048658,7.796986103,235.9217538,615.1934814, hillslope, 
Peel,383,67.11811566,-135.7945174,3711.481956,626.5907578,11.85015583,98.9433754,631.5026855, hillslope, 
Peel,384,67.10909179,-135.7876496,38443.75407,5922.443015,9.080265045,105.1118005,577.5426636, hillslope, 
Peel,385,67.1044177,-135.6933478,24365.49018,3096.750767,12.14329624,122.0205457,500.1017456, hillslope, 
Peel,386,67.10928502,-135.6963142,2449.313085,774.1876919,8.410656929,165.6888112,521.6400757, hillslope, 
Peel,387,67.12360021,-135.7103212,3502.582845,1013.684604,10.76522923,127.1632453,610.465271, hillslope, 
Peel,388,67.14747543,-135.7178444,27004.72227,2901.811421,10.6514492,1.223158155,564.300354, hillslope, 
Peel,389,67.15368112,-135.704533,10746.83649,3202.574984,8.084158897,67.32041858,554.4435425, hillslope, 
Peel,390,67.15772217,-135.7031962,1596.123694,551.3998669,7.224960327,50.56980657,543.8466187, hillslope, 
Peel,391,67.14945968,-135.6890838,18930.43627,1832.429861,16.87134171,44.89147832,520.7033081, hillslope, 
Peel,392,67.15516815,-135.6900216,5124.898114,1091.660342,9.446172714,84.78193857,512.2207642, hillslope, 
Peel,393,67.15490382,-135.6849192,1906.9208,456.7150412,5.960042,134.9798772,490.1898804, hillslope, 
Peel,394,67.15666844,-135.6837275,9897.350655,1230.902733,14.38249302,17.92056227,487.5350342, hillslope, 
Peel,395,67.15597665,-135.6804937,1981.903643,595.9574319,10.69716454,121.6270866,481.8367004, hillslope, 
Peel,396,67.10329582,-135.5767284,9679.026338,2255.726728,10.63434601,131.9131883,415.1443787, hillslope, 
Peel,397,67.15388689,-135.5855792,9226.082501,946.8482562,21.03346634,237.2223335,396.4137878, hillslope, 
Peel,399,67.15457949,-135.5753733,868.9690625,111.3939125,30.12438774,34.71226549,381.6837463, hillslope, 
Peel,400,67.19939935,-135.566801,535.4551514,133.672695,11.19399452,339.7789325,360.7738342, hillslope, 
Peel,401,67.14497084,-135.6007374,1385.89437,289.6241725,14.94181538,3.391567016,414.8824463, hillslope, 
Peel,402,67.17187306,-135.4511574,2726.185156,590.3877362,5.987074852,87.37527517,351.4206848, hillslope, 
Peel,403,67.19599543,-135.4613722,7813.772191,1971.672251,9.660392761,49.02648523,327.7559509, hillslope, 
Peel,404,67.12229905,-135.4397831,19419.24029,2762.56903,9.930569649,220.0538605,312.2438354, hillslope, 
Peel,405,67.11041216,-135.3866424,90418.42314,10420.90051,12.36563396,300.7979298,289.2954407, hillslope, 
Peel,406,67.13395161,-135.2987979,6125.269024,718.4907356,20.30868912,274.8151479,303.4397278, hillslope, 
Peel,407,67.14355699,-135.2870396,1364.75577,289.6241725,25.3013649,329.9173349,270.5956421, hillslope, 
Peel,408,67.03787986,-135.904052,80168.1571,10410.68941,10.25353718,329.5670956,550.9900513, hillslope, 
Peel,409,67.00362288,-135.8524594,47267.46167,7676.897136,9.705724716,247.1699952,520.0244751, hillslope, 
Peel,410,67.01884196,-135.758147,5059.794591,974.6967344,9.690689087,98.11213665,554.2485352, hillslope, 
Peel,411,67.04356165,-135.7857398,22123.22434,2418.176184,16.01942444,9.120135575,635.5046387, hillslope, 
Peel,412,67.04961542,-135.7921059,4162.302142,1666.267274,8.511735916,75.64877317,622.3951416, hillslope, 
Peel,413,67.07559069,-135.7936114,4729.628764,835.4543437,12.07937241,174.4689522,626.53302, hillslope, 
Peel,415,67.04973299,-135.7591367,25820.52908,4154.064654,7.773710251,75.88812657,583.0754395, hillslope, 
Peel,417,67.0593895,-135.7677468,5310.412197,1401.706732,11.39513588,68.43566077,540.5415039, hillslope, 
Peel,418,67.0618583,-135.7638113,4520.266305,2367.120641,6.057491303,108.8070495,530.6146851, hillslope, 
Peel,419,67.06488179,-135.7637454,1699.001928,784.3988005,8.573525429,70.05576642,518.572876, hillslope, 
Peel,420,67.04716443,-135.6709619,37068.89727,5452.732017,9.036454201,82.91505069,442.7938232, hillslope, 
Peel,421,67.09418188,-135.5745677,8316.585948,1403.563297,12.65054131,43.98034216,403.2485046, hillslope, 
Peel,422,67.09624324,-135.5830175,5722.349614,1643.060209,9.005753517,11.54484772,404.7137756, hillslope, 
Peel,423,67.01080781,-135.4055403,4040.832873,813.1755612,15.5133934,182.8809832,326.7174683, hillslope, 
Peel,424,67.00762626,-135.3944985,7350.077863,2194.460076,18.8296833,211.4058762,294.7509155, hillslope, 
Peel,425,67.00533453,-135.3392152,1620.40502,334.1817375,19.85606956,200.5380148,262.3721313, hillslope, 
Peel,426,67.039832,-135.3470059,110423.0007,19688.87403,11.67392445,71.86835318,340.4502258, hillslope, 
Peel,427,67.03880228,-135.3341234,5958.398101,1214.193646,20.13587189,258.1234591,307.786377, hillslope, 
Peel,428,67.03672006,-135.3321755,6090.841547,1514.95721,18.83363342,231.8590704,297.8555298, hillslope, 
Peel,429,67.07469977,-135.2286251,3274.564932,740.7695181,5.017387867,11.95080003,360.402832, lakeshore, 
Peel,430,67.08898243,-135.1763813,9274.862551,1024.823995,13.45998764,344.805982,261.5015869, hillslope, 
Peel,431,67.00322074,-135.0607475,7962.781266,1214.193646,19.79109383,173.3247665,301.7988892, hillslope, 
Peel,432,67.04413221,-135.0310602,6625.636351,1342.296646,9.878060341,247.5251779,267.1585693, hillslope, 
Peel,433,67.04383589,-135.0374631,2507.894749,729.6301269,20.57699966,57.2577661,245.8926697, hillslope, 
Peel,434,67.06285129,-135.0242341,7626.068961,1665.338992,10.91502953,35.66100743,227.8318939, hillslope, 
Peel,435,67.0646131,-135.0312892,3651.216789,623.80591,18.17192841,317.2609564,209.9584503, hillslope, 
Peel,436,67.07567568,-135.0399094,941.1499756,306.3332594,12.25969028,140.8986842,179.8311615, hillslope, 
Peel,437,67.08122303,-135.0324237,3692.130119,634.9453012,14.75832081,31.41723922,161.3965454, hillslope, 
Peel,438,67.08877107,-135.0467711,3002.618866,427.0099979,16.03339195,12.88823656,175.5924835, hillslope, 
Peel,439,67.85714549,-135.7173946,5440.558166,1158.49669,11.83960056,89.56729069,641.9854126, hillslope, 
Banks,1,71.9994208,-120.9471322,33686.2667,8080.700069,4.47792387,352.7240776,244.3587036, hillslope, 
Banks,2,71.98551201,-120.9306318,3553.89672,2562.059987,3.435642719,55.29609355,268.1557312, hillslope, 
Banks,3,71.98073439,-120.894765,12243.11128,4771.372585,5.144979477,329.149396,284.8373108, hillslope, 
Banks,4,71.9740413,-120.8802433,4555.346169,1995.807599,7.388671875,140.9834291,306.6177979, hillslope, 
Banks,5,71.97515391,-120.8715331,3065.682479,1424.913797,5.855335712,164.7076865,304.3074646, hillslope, 
Banks,6,71.97116127,-120.8618064,3748.378555,2316.065097,3.288469791,333.4293544,314.138031, hillslope, 
Banks,7,71.99412267,-120.8685622,33596.04392,8025.003113,5.753960133,336.2263691,275.7929077, hillslope, 
Banks,8,71.99483679,-120.8592238,38344.07006,7347.356812,5.676123619,352.1031189,280.0498657, hillslope, 
Banks,9,71.92924285,-120.8832188,5120.350668,2042.221729,6.160928726,72.53610827,284.8377991, hillslope, 
Banks,10,71.93236336,-120.8804218,2187.159228,1406.348145,6.596972942,138.0723363,282.9054565, hillslope, 
Banks,11,71.9639423,-120.8436753,950.7294622,872.5856479,3.382300615,3.01014316,322.3089294, hillslope, 
Banks,12,71.98675405,-120.8209042,8807.314637,3290.761832,4.358158588,71.37545829,288.5077209, hillslope, 
Banks,13,71.9860726,-120.817248,4833.327829,2557.418574,4.263360024,60.51989328,284.358429, hillslope, 
Banks,14,71.98589534,-120.8103303,4391.890328,2603.832705,4.051803112,101.6851827,277.6838989, hillslope, 
Banks,15,71.98625065,-120.8009944,1750.699405,1127.863364,4.565200329,39.13945422,265.895813, hillslope, 
Banks,16,71.96387643,-120.7920362,4875.837807,3132.953789,3.162589073,23.98049246,284.964447, hillslope, 
Banks,17,71.96110724,-120.7937888,2198.256805,1299.595646,3.860926867,161.3984276,280.7462158, hillslope, 
Banks,18,71.94155897,-120.7872242,1728.7136,1058.242169,4.951008797,203.7802857,328.9178467, hillslope, 
Banks,19,71.98807327,-120.7789285,19300.83332,7936.816266,3.112089157,355.4701332,254.0106506, hillslope, 
Banks,20,71.97673193,-120.7721385,2574.863675,1197.484559,4.949875355,13.20554378,241.8680573, hillslope, 
Banks,21,71.95982092,-120.7617592,7181.02955,3908.069764,3.867954493,354.5249208,248.3517303, hillslope, 
Banks,22,71.96070985,-120.7579125,7401.689022,3457.852701,3.66732192,2.709331849,244.6595917, hillslope, 
Banks,23,71.98967238,-120.7624296,1916.031259,1062.883582,5.907944679,37.70430568,229.8699493, hillslope, 
Banks,24,71.9908921,-120.7617828,2641.196589,1582.72184,7.768246174,17.42684017,219.1947784, hillslope, 
Banks,25,71.9262352,-120.7760836,826.2804425,394.5201068,6.345263958,151.8053061,328.0891113, hillslope, 
Banks,26,71.92468682,-120.7539843,15819.91548,3448.569874,6.117128849,224.1899632,331.7355652, hillslope, 
Banks,27,71.91595576,-120.7625849,972.3081801,403.8029328,8.037385941,305.3987611,335.8943481, hillslope, 
Banks,28,71.90929121,-120.7508038,1458.275795,1053.600756,3.151742935,68.72485016,353.2786255, hillslope, 
Banks,29,71.96241374,-120.747053,2523.608484,1067.524995,4.870558262,2.881204973,241.8930359, hillslope, 
Banks,30,71.96627066,-120.7358162,3322.730612,1564.156188,5.409656048,359.2394336,215.5921783, hillslope, 
Banks,31,71.95558823,-120.7411554,2532.409931,1415.630971,4.404144287,342.7831412,251.9341736, hillslope, 
Banks,32,71.95252373,-120.7447516,5886.510591,2975.145746,4.855695725,328.1977144,271.3769226, hillslope, 
Banks,33,71.95282924,-120.7217124,2527.105833,2042.221729,3.121362209,358.6760199,260.5594788, hillslope, 
Banks,34,71.91726518,-120.7101573,5830.140681,4799.221064,2.641834974,349.0119732,328.8503418, hillslope, 
Banks,35,71.91543562,-120.7014284,7256.493022,4089.084871,4.018633843,41.95969736,323.2970276, hillslope, 
Banks,36,71.90988255,-120.7031501,6507.427488,3894.145524,3.068415403,140.8405853,332.6223145, hillslope, 
Banks,37,71.90593709,-120.6958071,2890.926791,2752.357921,2.841631889,188.7894681,321.5080872, hillslope, 
Banks,38,71.90095526,-120.7027183,3592.852691,2348.554989,2.767779112,351.6788113,337.0567627, hillslope, 
Banks,39,71.90646259,-120.688575,16746.22045,5059.140193,3.90177083,125.9803667,316.462738, hillslope, 
Banks,40,71.90759762,-120.6797256,3261.250445,1466.686515,3.45672679,96.60736272,304.4036255, hillslope, 
Banks,41,71.91188012,-120.6814984,2880.382478,2144.332816,3.976018667,15.72324397,295.1700134, hillslope, 
Banks,42,71.91142566,-120.6760831,2382.785834,2107.201511,4.385428429,96.47835089,288.5116577, hillslope, 
Banks,43,71.9027657,-120.6678568,9182.862997,4186.554545,5.058381081,39.91213031,286.5412292, hillslope, 
Banks,44,71.91594121,-120.6888681,750.6736261,334.1817375,6.516325474,105.888112,296.4158936, hillslope, 
Banks,45,71.91816674,-120.689239,4025.754825,2548.135748,4.931024075,79.23436755,293.4239502, hillslope, 
Banks,46,71.92038388,-120.685463,2817.878078,2329.989336,3.917538166,108.6554947,287.2895813, hillslope, 
Banks,47,71.92796516,-120.6865881,8926.819691,3123.670963,6.528903484,356.3383137,273.8057556, hillslope, 
Banks,49,71.9281195,-120.6815919,9074.246312,3866.297046,3.540490389,6.709751225,273.8136292, hillslope, 
Banks,51,71.94402204,-120.7008285,2830.356833,2251.085315,4.788255692,48.71833943,257.396759, hillslope, 
Banks,52,71.97041386,-120.7009085,4218.60817,1397.065319,5.953659535,1.614491433,182.6203766, hillslope, 
Banks,53,71.97406399,-120.6881931,2262.239622,1151.070429,9.779013634,244.7345545,156.1141357, hillslope, 
Banks,54,71.95744948,-120.6582588,2098.376906,1113.939125,6.674756527,276.4356476,177.7253723, hillslope, 
Banks,55,71.94045718,-120.6514875,6839.436962,1596.646079,14.64508915,3.652414659,204.844574, hillslope, 
Banks,56,71.93894186,-120.6264627,9022.620649,5379.397691,3.653155088,355.8724064,168.0853119, hillslope, 
Banks,57,71.96469044,-120.5962093,42804.30894,8581.972675,8.386597633,355.9682669,96.98486328, hillslope, 
Banks,58,71.93937764,-120.594918,4825.389919,2162.898468,6.941831112,27.19837413,126.9659653, hillslope, 
Banks,59,71.9283233,-120.5728238,39887.96794,9185.356368,5.657504559,12.66797354,107.044136, hillslope, 
Banks,60,71.97156086,-120.5652066,11143.74603,2394.969119,8.385478973,233.9655136,55.17245483, hillslope, 
Banks,61,71.9681242,-120.5739457,1027.671085,691.5705401,6.424125671,14.41135762,64.40894318, hillslope, 
Banks,62,71.94706037,-120.5447841,6517.792267,3179.367919,5.886489868,22.43864247,55.34498596, hillslope, 
Banks,63,71.98609247,-120.5078222,6335.855264,1963.317708,6.776379108,40.29322597,91.28697205, hillslope, 
Banks,64,71.95681755,-120.5060126,970.1511218,380.5958677,8.462506294,307.8348009,13.68509102, hillslope, 
Banks,65,71.95577253,-120.510283,2378.566416,1508.459232,6.578298092,334.1387447,17.44357872, hillslope, 
Banks,66,71.91643516,-120.5433849,3202.555331,914.3583651,8.334666252,156.6733738,75.21081543, hillslope, 
Banks,67,71.91753708,-120.5729358,1197.196489,673.004888,7.298017025,149.4503589,135.6663055, hillslope, 
Banks,68,71.90669518,-120.6250155,17032.95787,6061.685405,6.114693642,0.375389789,216.7563171, hillslope, 
Banks,69,71.90574695,-120.6155555,4021.51894,2227.87825,4.820974827,349.5180475,216.6022797, hillslope, 
Banks,70,71.9039388,-120.6194107,1986.377817,956.1310823,4.200880528,6.812431208,227.7795868, hillslope, 
Banks,71,71.90091412,-120.63615,23846.77131,7570.144637,4.877599239,3.39123053,254.7490845, hillslope, 
Banks,72,71.90178861,-120.645807,4045.011065,2260.368141,5.843359947,14.23112018,255.2737427, hillslope, 
Banks,73,71.95725626,-120.499489,5449.548467,1889.055099,6.558893681,127.0900078,16.70325279, hillslope, 
Banks,74,71.97025597,-120.4970771,2654.382762,900.434126,8.108586311,180.9895922,24.12802696, hillslope, 
Banks,75,71.9700975,-120.4906249,8798.068958,2483.155966,6.907766342,165.820348,20.82382011, hillslope, 
Banks,76,71.97831703,-120.4705088,3901.367141,2640.964009,3.840233803,282.9204784,21.12332916, hillslope, 
Banks,77,71.99010658,-120.4508274,5076.106871,2998.352811,9.142377853,103.1606748,52.17466736, hillslope, 
Banks,79,71.99290811,-120.4248691,4961.928224,1559.514775,8.996412277,270.6688482,45.60633087, hillslope, 
Banks,80,71.99177337,-120.422883,4094.317385,1629.13597,7.068109512,228.1553154,51.12932968, hillslope, 
Banks,81,71.99795209,-120.4174163,128776.4822,19609.97001,6.819301128,228.0645274,83.25569153, hillslope, 
Banks,82,71.99842438,-120.4239218,26357.94431,12838.14842,6.862218857,202.1177961,72.24876404, hillslope, 
Banks,83,71.98958954,-120.3851384,36567.11019,6887.856923,7.794650555,124.6757442,32.08498001, hillslope, 
Banks,84,71.99082903,-120.3815794,3452.820968,1406.348145,6.871593952,179.0653422,33.53209305, hillslope, 
Banks,85,71.99172646,-120.3735833,67030.21115,8354.543437,8.497092247,151.4295646,23.55406761, hillslope, 
Banks,86,71.99308402,-120.3686512,34944.92632,5091.630084,12.71870232,143.8744134,25.37063026, hillslope, 
Banks,87,71.99432302,-120.3642673,4368.358277,2111.842924,7.832928181,138.9354719,23.611763, hillslope, 
Banks,88,71.88333834,-120.4752653,2841.317777,1151.070429,9.282972336,352.8838823,55.13461304, hillslope, 
Banks,89,71.8704197,-120.4802054,1061.716713,575.5352146,8.628528595,37.09240384,100.9206696, hillslope, 
Banks,90,71.86337973,-120.4711213,9793.885729,2951.938681,6.347608566,122.5592935,95.92896271, hillslope, 
Banks,91,71.85785853,-120.4768339,4810.954059,2200.029772,6.741161823,107.2121291,111.0983658, hillslope, 
Banks,92,71.85555276,-120.4781924,12108.93948,3643.509221,6.885267258,113.4379033,105.0231171, hillslope, 
Banks,93,71.85308532,-120.4588854,5014.823873,1499.176406,5.955317974,207.6199484,63.36170197, hillslope, 
Banks,94,71.83612766,-120.4552582,16355.93675,4511.453456,4.614352703,241.1881534,81.62566376, hillslope, 
Banks,95,71.83332051,-120.4547449,3003.383783,1615.211731,3.384041071,227.3298572,79.87359619, hillslope, 
Banks,96,71.83281846,-120.4924227,15204.42808,5022.008889,5.382377625,90.02936804,124.7685699, hillslope, 
Banks,97,71.82900029,-120.4938389,8191.049458,3272.19618,4.694705963,67.13444631,134.4931488, hillslope, 
Banks,98,71.84090205,-120.492593,4328.710248,2627.03977,6.954786778,122.8075759,137.1086731, hillslope, 
Banks,100,71.81043847,-120.4847417,12643.08049,4112.291936,5.062945366,160.6646841,96.95569611, hillslope, 
Banks,102,71.81724484,-120.4625929,5573.280758,2617.756944,3.594022036,149.8109882,84.78312683, hillslope, 
Banks,103,71.82029413,-120.47571,15664.88212,8628.386806,4.14819479,162.096821,110.9905548, hillslope, 
Banks,104,71.8271289,-120.4680281,75252.63378,9570.593649,6.409240246,16.59093256,88.38223267, hillslope, 
Banks,105,71.82632756,-120.461536,99448.29045,15678.69318,6.254574299,36.93989602,82.9670105, hillslope, 
Banks,106,71.82792495,-120.4592966,13769.6508,5718.220842,8.177383423,33.01615541,64.86303711, hillslope, 
Banks,107,71.8347116,-120.5009818,2303.726429,1740.529883,4.06805706,57.11576869,146.299057, hillslope, 
Banks,108,71.81815637,-120.5232949,2015.881413,1155.711842,7.117559433,358.9544326,224.1549377, hillslope, 
Banks,109,71.86130997,-120.5180043,16428.40681,5681.089537,6.271880627,24.35003662,210.1075897, hillslope, 
Banks,110,71.86019081,-120.5259043,2816.774878,1554.873362,5.429513931,356.9687506,213.2698059, hillslope, 
Banks,111,71.85979467,-120.5309048,5993.853253,2747.716508,8.28547287,354.0623517,213.3837585, hillslope, 
Banks,112,71.85915292,-120.5346213,5384.123808,2473.87314,6.502826214,355.6051802,219.0370178, hillslope, 
Banks,113,71.85498748,-120.5626301,31205.23831,6214.852035,7.81525135,353.8342866,266.9703064, hillslope, 
Banks,114,71.85616516,-120.5579761,21488.98973,4321.155522,7.944582462,353.6144399,256.8233337, hillslope, 
Banks,115,71.85732834,-120.5512331,38674.55948,9087.886695,7.450341225,5.786203606,245.966156, hillslope, 
Banks,116,71.84906551,-120.5584603,4334.861133,2209.312598,5.026573181,39.74675319,268.0770569, hillslope, 
Banks,117,71.86576282,-120.5879007,24776.25053,7649.048658,4.773810387,53.41572272,306.4824829, hillslope, 
Banks,118,71.86865243,-120.5990918,2331.750263,1174.277494,3.522564173,65.78820951,323.6289673, hillslope, 
Banks,119,71.86530578,-120.6112277,8579.642762,3573.888026,3.899208069,61.55908146,336.1297913, hillslope, 
Banks,121,71.87726434,-120.6052772,11584.76661,3262.913354,8.868649483,314.7757482,288.4690552, hillslope, 
Banks,122,71.88190787,-120.5970532,1489.232666,909.7169521,7.386777878,348.8319803,262.9913025, hillslope, 
Banks,123,71.88512902,-120.5800385,48476.23828,8089.982895,9.947782517,341.6407429,239.9468384, hillslope, 
Banks,124,71.88678497,-120.5750056,5693.036275,2097.918685,7.123731136,328.5780844,230.5389099, hillslope, 
Banks,125,71.89178269,-120.5633017,5115.858053,1267.105755,11.05383205,329.0028319,204.6033936, hillslope, 
Banks,126,71.89357049,-120.5571798,6798.344494,1991.166186,9.886538506,359.4843712,181.8535461, hillslope, 
Banks,127,71.89464862,-120.5506174,7006.625708,3643.509221,4.40281105,14.22955069,166.8059235, hillslope, 
Banks,128,71.88998227,-120.5436141,4628.511173,2701.302378,3.749453068,76.57942553,185.1493225, hillslope, 
Banks,129,71.88312569,-120.5218955,5466.996713,2028.29749,6.978018284,78.9324479,163.3461456, hillslope, 
Banks,130,71.87247286,-120.5372315,1629.123151,1397.065319,3.348718882,122.3478015,227.185379, hillslope, 
Banks,131,71.89939693,-120.5441945,3678.443121,1735.88847,6.030854225,354.9098733,137.6176605, hillslope, 
Banks,132,71.88586656,-120.6294943,7448.562364,5857.463232,3.462397337,90.6673129,320.3490906, hillslope, 
Banks,133,71.89434618,-120.6319167,5190.874424,3105.105311,4.0386796,0.355568858,285.9218445, hillslope, 
Banks,134,71.89315204,-120.6327738,1444.77911,1120.901245,3.643470287,328.5924731,293.092804, hillslope, 
Banks,135,71.89125189,-120.6203579,568.2484454,394.5201068,5.563443184,15.79664647,287.9579468, hillslope, 
Banks,136,71.85900493,-120.6467308,2319.638651,1113.939125,4.142413139,252.9882122,363.4244385, hillslope, 
Banks,137,71.85131612,-120.6160369,4749.842027,1643.060209,7.919388294,293.6605781,335.3867798, hillslope, 
Banks,138,71.85052355,-120.6171011,1324.466753,867.9442349,8.512589455,290.8759239,334.2910156, hillslope, 
Banks,139,71.8538751,-120.6060384,1862.355076,1123.221951,9.879036903,13.21804993,312.6730957, hillslope, 
Banks,140,71.85444207,-120.6006789,1225.766187,501.2726062,9.615462303,15.88609387,290.0285645, hillslope, 
Banks,141,71.85507347,-120.5779662,5684.661037,1805.509665,9.867978096,10.91803764,256.0388489, hillslope, 
Banks,142,71.83337047,-120.5877603,2662.660292,2631.681183,4.043476582,17.25494613,331.9932251, hillslope, 
Banks,143,71.81836754,-120.597474,7340.243841,3921.994003,3.502858639,44.98231201,356.5579224, hillslope, 
Banks,144,71.81899049,-120.5906448,6207.226168,3058.691181,4.068671703,42.08508286,344.9025574, hillslope, 
Banks,145,71.81897728,-120.5875186,4400.597085,2905.524551,4.065021992,32.08514913,339.5835266, hillslope, 
Banks,146,71.81916987,-120.5779399,65781.68441,12374.00711,5.220145226,37.33093073,325.7029724, hillslope, 
Banks,147,71.81223638,-120.5730729,3333.951704,2543.494335,3.904289246,110.9284339,302.8692017, hillslope, 
Banks,148,71.80816867,-120.5747912,14155.30885,4715.675629,3.832334995,121.3531934,295.6304626, hillslope, 
Banks,149,71.83013855,-120.6163948,9734.953891,5045.215954,3.809317589,354.0707255,359.1140137, hillslope, 
Banks,150,71.83571648,-120.6554738,1885.159162,1044.31793,7.324150562,346.0767709,374.6814575, hillslope, 
Banks,151,71.83729391,-120.6491756,567.4117503,324.8989115,8.435591698,325.5009887,374.5072632, hillslope, 
Banks,152,71.80111407,-120.721087,6640.270726,3606.377917,4.042765141,181.7810215,260.7622986, hillslope, 
Banks,153,71.86871706,-120.7011331,1551.216238,849.3785828,3.350197792,181.1915684,348.8383789, hillslope, 
Banks,154,71.86955741,-120.6999363,936.5026701,617.3079318,2.455630302,336.077447,349.328186, hillslope, 
Banks,155,71.86997774,-120.6974017,1200.092805,1123.221951,2.800795317,306.9292863,350.2153931, hillslope, 
Banks,156,71.86524841,-120.7058487,15275.66222,5209.986116,4.468738556,7.629759495,351.0007019, hillslope, 
Banks,157,71.89022598,-120.6963723,3946.401577,2200.029772,4.655576229,257.8039106,331.2001648, hillslope, 
Banks,158,71.89152457,-120.652811,2954.018025,1603.608199,5.273197651,329.5593877,311.6821899, hillslope, 
Banks,159,71.89392553,-120.6529412,8396.189099,4144.781828,4.676458359,334.9341039,297.8577271, hillslope, 
Banks,160,71.89882233,-120.6752465,2939.118704,1336.72695,4.602958202,42.76626554,307.2062073, hillslope, 
Banks,161,71.89928426,-120.6517542,10839.52138,4650.695847,5.315140724,21.2143514,274.2341003, hillslope, 
Banks,162,71.8094926,-120.9467917,6343.4681,2970.504333,4.480429649,119.6782595,265.763855, hillslope, 
Banks,163,71.80934638,-120.9424806,5344.777606,3541.398135,5.61792326,156.2444523,255.639801, hillslope, 
Banks,164,71.80227052,-120.9207997,2401.193765,1480.610754,3.209689856,238.9065618,255.781662, hillslope, 
Banks,165,71.80466546,-120.924234,1017.331501,603.3836927,4.640518665,352.0826626,253.5194092, hillslope, 
Banks,166,71.81122876,-121.4489756,7342.907965,3105.105311,6.561246872,255.6505407,211.9997711, hillslope, 
Banks,167,71.81116221,-121.4851192,2651.104139,1359.934015,5.248251438,20.64936867,208.4553528, hillslope, 
Banks,168,71.83256418,-121.5053188,15487.12116,9774.815822,2.580647945,166.1380018,233.5524139, hillslope, 
Banks,169,71.81328296,-121.5138515,22309.32896,9538.103758,4.483399391,17.80441597,228.1396332, hillslope, 
Banks,170,71.82617271,-121.5183153,1837.288571,2102.560098,6.18864584,137.8218455,224.618988, hillslope, 
Banks,171,71.81973487,-121.5684811,3381.106282,1253.181516,7.314212799,322.0442107,223.5094299, hillslope, 
Banks,172,71.8190829,-121.5609416,10978.5569,6261.266165,2.832713366,334.5087619,241.5315704, hillslope, 
Banks,173,71.81007779,-121.6079397,1385.263343,798.3230396,2.933918476,220.9590095,262.4501648, hillslope, 
Banks,174,71.79990457,-121.5888692,86426.48896,15214.55188,5.521201134,141.4937141,243.3903351, hillslope, 
Banks,175,71.84729686,-121.6671332,6579.741065,3959.125307,2.632251978,325.6957112,264.9074097, hillslope, 
Banks,176,71.82248722,-121.6932232,3600.145126,1916.903578,4.797170162,280.4346424,277.6149292, hillslope, 
Banks,177,71.72624034,-122.042912,2279.823053,1914.11873,3.943411827,47.88777748,367.0516357, hillslope, 
Banks,178,71.69993714,-122.0263974,20358.09559,7327.862877,5.462810993,125.4335394,387.5166321, hillslope, 
Banks,179,71.72591145,-121.9744028,2518.380265,1237.864853,6.576207638,352.8560369,353.0679626, hillslope, 
Banks,180,71.72720895,-121.9690261,1291.935048,959.3800714,6.591488361,338.1403985,347.4012146, hillslope, 
Banks,181,71.72814743,-121.966308,6102.936799,2593.621596,5.145343304,308.5373949,350.8865051, hillslope, 
Banks,182,71.73104512,-121.9676361,1951.910821,1278.245146,5.413419247,175.7612515,346.0110474, hillslope, 
Banks,183,71.71729385,-121.935647,8648.877891,4065.877806,4.819279194,146.4615826,339.2544861, hillslope, 
Banks,184,71.74924197,-121.9659157,9038.816528,5037.789693,3.811484098,139.4754241,355.4537659, hillslope, 
Banks,185,71.74584568,-121.9447504,7514.132535,2483.155966,6.292678833,346.9177397,351.2193909, hillslope, 
Banks,186,71.74726612,-121.9315338,144810.8796,29496.17975,4.883565426,311.1405765,361.5717163, hillslope, 
Banks,187,71.75980941,-121.9232292,6979.696645,3415.151701,4.394856453,167.6119155,363.8707886, hillslope, 
Banks,188,71.75974199,-121.9105048,5655.941374,2182.856544,5.261330605,178.9324164,359.1771545, hillslope, 
Banks,189,71.7639315,-121.9315978,3273.758563,2578.769074,2.815444231,247.6806105,378.2931519, hillslope, 
Banks,190,71.76302369,-121.8822809,7604.57846,3176.11893,5.560622692,264.5837543,359.9112549, hillslope, 
Banks,191,71.74799599,-121.8809057,6334.622474,3717.307688,4.879720211,103.6781541,329.2461853, hillslope, 
Banks,192,71.76297384,-121.8555837,6720.082845,3004.85079,4.609566212,218.8228643,349.0213013, hillslope, 
Banks,193,71.75461484,-121.857967,4665.913529,2611.723107,4.897304535,301.6529911,330.17276, hillslope, 
Banks,194,71.76278558,-121.8231863,13711.28101,6428.357034,3.672335148,147.9413193,320.4074707, hillslope, 
Banks,195,71.73744845,-121.8187686,4983.363119,2757.927617,3.967079401,201.3286097,283.7284546, hillslope, 
Banks,196,71.72628311,-121.8316436,14505.04896,4130.393447,4.572673321,317.9917547,271.0673218, hillslope, 
Banks,197,71.74845016,-121.7833211,2354.393866,1373.858254,4.702823162,110.9272643,283.1775513, hillslope, 
Banks,198,71.7480638,-121.7642664,51862.85787,16008.23351,4.618084908,175.2605317,273.7155457, hillslope, 
Banks,199,71.74187499,-121.7520475,6099.608149,2227.87825,5.966492653,199.2239509,239.3624115, hillslope, 
Banks,200,71.7539742,-121.7638077,9238.498196,5184.458344,3.055012465,56.34393841,287.4466248, hillslope, 
Banks,201,71.75496502,-121.7557773,2112.687127,1652.343035,3.7653687,42.59646592,277.1778564, hillslope, 
Banks,202,71.75546107,-121.7745728,2990.917457,2288.216619,2.821867228,55.66644693,296.9103088, hillslope, 
Banks,203,71.70178002,-121.9177654,6519.555998,3962.838437,3.219141483,143.0210499,330.295166, hillslope, 
Banks,204,71.72021827,-121.9217399,1292.86554,840.0957568,3.983214855,182.0442249,330.8833618, hillslope, 
Banks,205,71.72030474,-121.9219396,1599.438689,1175.205777,4.051782608,184.4641637,331.4454956, hillslope, 
Banks,206,71.71504597,-121.8900783,875.5940535,698.5326596,3.422720432,216.7642138,323.2489319, hillslope, 
Banks,207,71.71626245,-121.8913391,885.1190778,547.6867365,2.998615265,207.8228001,323.7561646, hillslope, 
Banks,208,71.71647631,-121.9023708,937.9436215,761.1917354,6.781461716,153.0563775,329.1902771, hillslope, 
Banks,209,71.71533494,-121.9048693,1213.554999,1109.297712,4.711426735,113.0399255,330.0763245, hillslope, 
Banks,210,71.70210974,-121.870044,4269.387294,1222.084048,9.744321823,10.40289376,285.0922241, hillslope, 
Banks,211,71.77353561,-121.7786491,2065.519022,1930.827817,3.785359383,195.2359375,306.024231, hillslope, 
Banks,212,71.76788891,-121.7677722,2055.935909,1596.646079,3.889503479,37.33528334,289.1765137, hillslope, 
Banks,213,71.75885265,-121.7789515,43566.51227,16203.17286,3.796901941,31.47311281,299.0029602, hillslope, 
Banks,214,71.75921915,-121.7906473,36573.79168,13251.23417,3.54234457,23.70501782,303.7269897, hillslope, 
Banks,215,71.76189225,-121.7470695,31678.27702,10457.10354,3.948578119,158.9695899,275.3635559, hillslope, 
Banks,216,71.75543669,-121.7497872,2263.976964,1341.368363,6.351620674,7.500848003,267.692627, hillslope, 
Banks,217,71.76724837,-121.7487216,2619.619005,1220.691624,5.960287571,9.636133718,272.6110535, hillslope, 
Banks,218,71.76566079,-121.7314294,6407.861756,4205.120197,2.809038401,219.5903395,279.8340149, hillslope, 
Banks,219,71.76280525,-121.7273228,9708.600544,4687.827151,4.706781387,196.599775,270.8121033, hillslope, 
Banks,220,71.75333466,-121.7156529,7530.310681,2599.191292,5.560726643,205.4586736,231.265274, hillslope, 
Banks,221,71.75644791,-121.7187649,2671.945526,1638.418796,3.082767487,136.7796459,245.8447723, hillslope, 
Banks,222,71.75572544,-121.7151852,2804.336492,1643.060209,3.125475407,75.20506025,244.5875244, hillslope, 
Banks,223,71.72354412,-121.7358329,10999.25069,3508.908244,4.79325819,345.0716489,220.9809418, hillslope, 
Banks,224,71.75365236,-121.702707,1475.958009,960.7724953,5.606802464,38.76904539,228.7706299, hillslope, 
Banks,225,71.77933267,-121.6484803,19814.45147,4929.180628,9.366417885,14.95263753,239.4774475, hillslope, 
Banks,226,71.75309799,-121.676045,164370.5561,24831.55966,6.335311413,165.0434961,221.3809509, hillslope, 
Banks,227,71.74838129,-121.6145517,8922.607603,3244.347702,7.402510166,223.9752746,209.173996, hillslope, 
Banks,228,71.74967188,-121.6168365,2104.376408,928.2826042,9.857559204,231.6548369,210.5580902, hillslope, 
Banks,229,71.72235489,-121.590968,4263.068737,1554.873362,9.031798363,346.1977299,195.7060394, hillslope, 
Banks,230,71.78904146,-121.5640122,5570.806898,2190.746946,5.896688938,343.2783438,241.5917358, hillslope, 
Banks,231,71.78617528,-121.5677134,2465.543795,1373.858254,4.714927673,123.5027256,247.9340973, hillslope, 
Banks,232,71.78565973,-121.5240827,10847.25143,5569.695625,3.531448126,159.3731671,245.6341705, hillslope, 
Banks,233,71.76721487,-121.5088352,849.3617979,696.2119531,5.146328926,45.74558359,212.5780945, hillslope, 
Banks,234,71.74033819,-121.572266,1565.123125,835.4543437,5.22932148,212.6510521,208.9465637, hillslope, 
Banks,235,71.77545603,-121.4762739,7018.295459,5240.155301,4.398862839,304.769301,213.0617828, hillslope, 
Banks,236,71.78113206,-121.4460057,7954.064905,3494.984005,3.801646948,110.68512,221.390564, hillslope, 
Banks,237,71.77125937,-121.431822,3097.431781,1698.757166,3.733463049,38.15430627,216.0305634, hillslope, 
Banks,238,71.77428696,-121.4090778,3592.111677,1592.004666,6.340391159,305.7580353,210.5276489, hillslope, 
Banks,239,71.77665777,-121.4062462,3622.10331,1768.378361,6.49788332,260.200716,210.901123, hillslope, 
Banks,240,71.78299232,-121.4201464,1989.687203,826.1715177,8.009976387,164.5803926,209.1016083, hillslope, 
Banks,241,71.7514779,-121.4387138,1945.695055,993.2623865,5.014946938,356.3892779,188.3569794, hillslope, 
Banks,242,71.74958898,-121.4164982,3494.053187,1494.534993,5.282650471,326.4459252,192.2211761, hillslope, 
Banks,243,71.7168439,-121.3987458,4647.16599,1550.231949,4.649056435,214.180249,198.4368286, hillslope, 
Banks,244,71.70369198,-121.3785524,8398.953508,2469.231727,4.76282692,277.9097102,216.5016785, hillslope, 
Banks,246,71.7040348,-121.2857621,1931.646806,993.2623865,4.736814022,29.00508176,281.9050903, hillslope, 
Banks,247,71.73831425,-121.1721996,5760.313463,3253.630528,4.559377194,0.553320602,252.6370087, hillslope, 
Banks,280,71.78107954,-121.0906118,2229.380534,1290.31282,4.176763535,182.8201593,235.763855, hillslope, 
Banks,281,71.78486113,-121.0394922,9696.67569,4854.91802,4.452769756,147.9751237,268.1089783, hillslope, 
Banks,282,71.78818777,-121.0239067,4244.158676,2223.236837,5.157427311,156.6355396,260.7730408, hillslope, 
Banks,283,71.76193834,-121.0136136,4089.542242,1944.752056,4.221099377,261.915397,279.9003296, hillslope, 
Banks,284,71.77260902,-120.9736432,13420.30396,4632.130195,3.460081101,203.5220685,286.0196228, hillslope, 
Banks,285,71.79389887,-120.9501139,4819.758551,1805.509665,7.5198946,246.2768569,255.8707886, hillslope, 
Banks,286,71.79704287,-120.940838,4148.688388,1420.272384,5.581882954,296.7519216,256.9185181, hillslope, 
Banks,287,71.78590535,-120.8660926,1474.689298,988.6209734,4.063714504,249.0830158,282.7683105, hillslope, 
Banks,288,71.75608149,-120.8627363,16926.03724,5235.513887,5.914171219,206.1512587,293.1444397, hillslope, 
Banks,289,71.75152991,-120.8520071,10428.45122,4321.155522,5.890719891,204.3797332,292.7265015, hillslope, 
Banks,290,71.74940855,-120.842721,17031.89228,4831.710955,5.868085861,203.004109,294.9403687, hillslope, 
Banks,291,71.74440701,-120.8108646,2861.355489,2371.762054,3.3578794,304.3543982,329.9261475, hillslope, 
Banks,292,71.70435282,-120.8207516,1336.338135,798.3230396,3.066238403,358.5709824,279.9769592, hillslope, 
Banks,293,71.79811564,-120.6908939,4550.016788,3244.347702,4.776618958,204.4861291,271.5782471, hillslope, 
Banks,294,71.75147955,-120.6847159,6960.65535,2483.155966,7.333675385,286.4016381,334.6866455, hillslope, 
Banks,295,71.75011864,-120.6856167,1007.03025,589.4594536,6.431979179,319.0093396,338.2567139, hillslope, 
Banks,296,71.74993319,-120.6881486,1757.903878,1118.580538,7.669168949,341.9126857,333.0948486, hillslope, 
Banks,297,71.73452955,-120.6740742,4171.352387,2951.938681,5.703919888,191.3978305,375.2653198, hillslope, 
Banks,298,71.73104373,-120.6583555,3817.266314,2005.090425,5.279325485,302.729946,375.2314758, hillslope, 
Banks,299,71.73201542,-120.6556404,633.7803587,594.1008667,4.51871109,321.1988294,376.6698303, hillslope, 
Banks,300,71.71364186,-120.6503132,3422.799324,1717.322818,4.3268466,223.5017513,299.7990417, hillslope, 
Banks,301,71.75670992,-120.6622009,2247.471109,1424.913797,6.488707066,343.2695907,282.7272949, hillslope, 
Banks,302,71.76364218,-120.6221322,12850.0443,3555.322374,6.388653278,293.0499987,183.8486481, hillslope, 
Banks,304,71.77592444,-120.6685081,16715.19799,4836.352368,8.772258759,347.4312191,204.9359741, hillslope, 
Banks,306,71.77777429,-120.6628918,20823.99938,6497.978229,9.3483181,327.5127194,194.0328522, hillslope, 
Banks,307,71.79283222,-120.6097892,3640.387727,2125.767164,6.572114468,192.9397365,233.3052521, hillslope, 
Banks,308,71.77334026,-120.5855822,5363.455794,1564.156188,8.385761261,33.2738061,115.5903854, hillslope, 
Banks,309,71.79280161,-120.5854147,2188.873482,1281.029994,6.587740421,165.6035598,218.3443146, hillslope, 
Banks,310,71.7767973,-120.5676603,38045.34061,6228.776274,9.935611725,117.6790319,102.6769257, hillslope, 
Banks,311,71.77517712,-120.559895,20420.35431,4752.806933,8.791584015,80.24402641,77.61294556, hillslope, 
Banks,312,71.79582244,-120.5405117,22650.72565,7184.907356,5.056950569,150.7268715,166.8850861, hillslope, 
Banks,313,71.79066314,-120.5165465,7873.528642,3411.43857,6.242524147,116.6380424,110.2907867, hillslope, 
Banks,314,71.74794959,-120.544024,9550.764562,3675.999112,6.568663597,18.48521818,134.2731476, hillslope, 
Banks,315,71.73571817,-120.5456873,3149.05022,1341.368363,8.594344139,2.194147271,230.9129486, hillslope, 
Banks,316,71.75547546,-120.569303,8844.170655,2979.787159,5.479204178,332.0955328,167.8730011, hillslope, 
Banks,317,71.75035196,-120.5763976,1393.876614,821.5301047,16.00560761,294.7202171,205.8546448, hillslope, 
Banks,318,71.70369024,-120.6179665,6698.558363,2492.438792,8.152663231,118.0978816,203.454483, hillslope, 
Banks,319,71.71174954,-120.6154831,5065.027512,2705.943791,6.189688206,232.6097839,294.9103088, hillslope, 
Banks,320,71.76377877,-120.6007894,1450.121452,1211.408798,5.343773365,5.246705927,163.1140137, hillslope, 
Banks,321,71.73310381,-120.4534944,21211.54472,4409.34237,9.181049347,102.266388,38.76832199, hillslope, 
Banks,322,71.65393566,-120.4772368,2549.256937,1364.575428,6.226658344,232.0127016,106.1816788, hillslope, 
Banks,323,71.66329207,-120.4860568,10397.26369,2543.494335,7.819852352,325.3920364,103.6863556, hillslope, 
Banks,325,71.67339444,-120.5120818,27347.39936,3253.630528,12.21009827,316.9733025,86.60932159, hillslope, 
Banks,326,71.66330841,-120.5394199,14874.40432,4386.135305,5.796606541,330.4760151,155.7118073, hillslope, 
Banks,327,71.66626825,-120.5560448,11433.16891,3986.973785,6.244866848,358.3312663,177.8590698, hillslope, 
Banks,328,71.6640241,-120.5622386,13171.61074,4803.862477,8.099667549,7.127197771,202.518631, hillslope, 
Banks,329,71.66571213,-120.5743242,8352.751774,2756.999334,9.951449394,8.138616393,216.4912872, hillslope, 
Banks,330,71.67494589,-120.5686268,22009.93855,6251.983339,5.80535078,311.9984775,138.6812592, hillslope, 
Banks,331,71.67256327,-120.566121,20119.3357,4659.978673,8.066440582,359.5290599,162.7890167, hillslope, 
Banks,332,71.6754504,-120.5629047,22056.52899,5295.852257,8.655434609,9.818580605,130.8288574, hillslope, 
Banks,333,71.63220092,-120.6977531,19183.20874,5899.235949,4.242440224,330.7377515,365.300354, hillslope, 
Banks,334,71.65384189,-120.6732173,7861.945718,3578.529439,3.072352886,286.5416502,341.2675781, hillslope, 
Banks,335,71.67708019,-120.7058158,7043.315718,2589.908466,10.37104416,303.2447695,148.8218994, hillslope, 
Banks,336,71.68093998,-120.7067793,7771.315146,2441.383249,10.14226151,112.6206917,140.7795868, hillslope, 
Banks,337,71.6870663,-120.683392,10315.43219,2102.560098,13.79629135,168.0146586,112.8190918, hillslope, 
Banks,338,71.68424242,-120.6524812,9094.139387,3119.02955,8.517923355,332.8850176,111.1463318, hillslope, 
Banks,339,71.65439986,-120.503995,4380.805357,1322.802711,7.333525658,115.5031853,135.624115, hillslope, 
Banks,340,71.64032188,-120.724515,2107.753642,1072.166408,8.824692726,76.85401112,348.2728577, hillslope, 
Banks,341,71.66479446,-120.6625967,1360.529064,1025.752278,4.745234013,295.357335,303.8543701, hillslope, 
Banks,342,71.64122868,-120.8032415,4950.459342,2928.731616,3.687603712,113.5660834,327.7123718, hillslope, 
Banks,343,71.65616057,-120.8145161,6705.785996,3188.650745,7.266768456,97.58640743,297.6822205, hillslope, 
Banks,344,71.6005966,-120.8024043,8569.234498,3265.23406,6.651613712,311.6752776,337.7711182, hillslope, 
Banks,345,71.62408527,-120.877697,17015.15384,7769.725397,5.380685806,118.1109353,342.4713135, hillslope, 
Banks,346,71.62487432,-120.8729771,2679.822103,2446.024662,4.367079258,132.6938437,338.4325256, hillslope, 
Banks,347,71.63834778,-120.8909829,2192.748385,1220.691624,4.422064304,26.22097946,324.7871399, hillslope, 
Banks,348,71.66190256,-120.8865206,10714.46874,2413.534771,9.965010643,246.1719599,273.3071594, hillslope, 
Banks,349,71.6620458,-120.9048891,24166.22774,5133.402801,6.163942337,105.9146599,272.9318848, hillslope, 
Banks,350,71.66260799,-120.9210127,2449.192545,1346.009776,7.726845264,331.4096558,278.241333, hillslope, 
Banks,351,71.64201078,-120.9864139,1968.175271,840.0957568,5.154446602,310.4003739,321.8193054, hillslope, 
Banks,352,71.64140724,-120.987488,987.7294618,445.57565,4.55270195,324.2423125,323.3168945, hillslope, 
Banks,353,71.64883793,-120.967799,4025.601707,3843.089981,4.245399475,162.6591758,314.7384949, hillslope, 
Banks,354,71.64611546,-120.9720453,2107.348539,1513.100645,5.457138062,24.60062153,306.0799561, hillslope, 
Banks,355,71.68199057,-120.9840034,2276.993828,1587.363253,4.60317564,167.769471,298.482605, hillslope, 
Banks,356,71.68492689,-120.9715793,2390.483657,1313.519885,3.489889145,351.0481427,320.0953979, hillslope, 
Banks,357,71.69456443,-120.8681445,2805.070991,1773.019774,7.321620464,96.62318884,271.8458252, hillslope, 
Banks,358,71.64854821,-121.0157853,14299.86674,4613.564543,4.545973778,43.87899609,330.2070007, hillslope, 
Banks,359,71.65024562,-121.0220172,27823.93408,7830.063766,5.168962956,12.15713774,329.7981567, hillslope, 
Banks,360,71.65579358,-121.0039328,6404.28027,3119.02955,4.661882877,202.8259837,340.6831665, hillslope, 
Banks,361,71.62895142,-121.0073395,5817.542519,1689.47434,6.902751923,338.6125551,351.2066956, hillslope, 
Banks,362,71.60267553,-121.0202753,4166.58576,2181.46412,3.726571083,5.390957973,302.4151917, hillslope, 
Banks,363,71.62624412,-121.0281307,7093.918919,3360.383027,3.251195431,205.8556326,354.7232971, hillslope, 
Banks,364,71.62762702,-121.0465023,3784.695119,2144.332816,3.080858707,220.682812,371.9335632, hillslope, 
Banks,365,71.62802062,-121.0495167,3875.27477,1508.459232,6.008578777,222.917804,367.3260193, hillslope, 
Banks,366,71.62266407,-121.05833,4241.933367,2097.918685,3.961180925,17.20269463,362.5017395, hillslope, 
Banks,367,71.62336461,-121.0632658,1946.129409,1341.368363,5.049584866,37.17796929,365.2126465, hillslope, 
Banks,368,71.66170115,-121.0493353,1537.628972,501.2726062,6.48310566,148.65582,323.0545654, hillslope, 
Banks,369,71.64527754,-121.0598284,2661.302769,1624.494557,2.948460102,281.60025,350.2746582, hillslope, 
Banks,370,71.64611138,-121.0786238,9279.305038,4065.877806,6.432549,339.4021492,354.1865845, hillslope, 
Banks,371,71.64478303,-121.0823089,8137.652847,4186.554545,6.101417542,326.4817513,356.8457336, hillslope, 
Banks,372,71.62115638,-121.1197438,1256.455349,793.6816266,2.994457007,257.7223338,366.211731, hillslope, 
Banks,373,71.64683438,-121.1175575,10486.54637,3448.569874,6.009335995,328.2572901,367.4970703, hillslope, 
Banks,374,71.64866399,-121.1121683,43483.39135,8113.18996,5.912628174,314.2681429,370.1697998, hillslope, 
Banks,375,71.6458778,-121.1230721,6884.103622,3128.312376,5.109414578,337.458738,368.5139465, hillslope, 
Banks,376,71.66760218,-121.2685469,7761.16078,2246.443902,7.783387184,201.6704064,238.8973083, hillslope, 
Banks,377,71.69698019,-121.2763802,6794.822994,3448.569874,4.582790375,142.3628689,307.5787354, hillslope, 
Banks,378,71.68636014,-121.3199259,11481.27322,3945.201068,5.095155239,220.5338973,249.7298889, hillslope, 
Banks,379,71.67803742,-121.3288247,1800.641337,988.6209734,5.702330113,321.1400083,237.9793549, hillslope, 
Banks,380,71.64610753,-121.3053724,4077.108247,2348.554989,7.969725609,10.35406475,234.6558533, hillslope, 
Banks,381,71.64740375,-121.3256096,21769.31695,5272.645192,7.279188156,25.33808668,260.6986389, hillslope, 
Banks,382,71.6531308,-121.3252725,7777.7575,3016.918464,6.253683567,68.46472783,242.5220947, hillslope, 
Banks,383,71.69532006,-121.3875953,1743.710231,1257.822929,4.36000967,184.2967993,235.1783905, hillslope, 
Banks,384,71.64565831,-121.4094549,21477.9396,4822.428129,8.871017456,337.4745592,199.3407898, hillslope, 
Banks,385,71.62323296,-121.4586559,4272.370119,858.6614089,14.06492424,325.9082809,205.1115723, hillslope, 
Banks,386,71.69532902,-121.4930974,4063.19541,1819.433904,6.980535984,350.6538265,141.2759857, hillslope, 
Banks,387,71.61519682,-121.5047542,4630.803799,1782.3026,9.898039818,16.76180504,136.1765289, hillslope, 
Banks,388,71.62024631,-121.4499171,2522.524548,1053.600756,14.04529381,281.7494822,204.3557587, hillslope, 
Banks,389,71.61862498,-121.4477401,16228.27817,3805.958677,7.981871605,184.2792478,205.2136078, hillslope, 
Banks,390,71.69193284,-121.6037505,9008.895704,3114.388137,6.276389122,207.7628051,184.7888947, hillslope, 
Banks,391,71.68482921,-121.5601431,3548.695244,1341.368363,10.88589478,134.0691423,149.8781586, hillslope, 
Banks,392,71.6650369,-121.5436532,7467.882309,2622.398357,7.321680069,66.34699999,137.5320282, hillslope, 
Banks,393,71.66488934,-121.5347788,835.4467303,431.6514109,6.390869618,316.3567372,132.664917, hillslope, 
Banks,394,71.66580682,-121.5299575,7531.57826,3578.529439,8.777056694,318.6692543,134.6590118, hillslope, 
Banks,395,71.66664509,-121.5260723,932.9929273,589.4594536,8.659836769,318.0137823,142.1894684, hillslope, 
Banks,396,71.6866611,-121.606755,7402.255388,1777.661187,7.67135334,317.765557,172.711441, hillslope, 
Banks,397,71.60317672,-121.7935955,1852.724938,1540.484982,5.557360649,302.364175,103.0714645, hillslope, 
Banks,398,71.60143871,-121.8098721,1370.209746,1097.230038,4.885695458,26.98433606,95.14820099, hillslope, 
Banks,399,71.63271186,-121.9722673,3687.024636,2218.131283,4.548274994,199.9611571,277.3106689, hillslope, 
Banks,400,71.65987597,-121.9466356,4485.480099,2643.748857,5.075263977,234.8175056,370.0040588, hillslope, 
Banks,401,71.67246898,-121.9530806,8586.661044,3516.334505,6.477480888,119.0973964,382.4334106, hillslope, 
Banks,402,71.6740104,-121.9456831,3775.354955,2590.836748,4.245982647,133.6297674,375.6657104, hillslope, 
Banks,403,71.67989038,-121.9269763,61955.63064,10869.72515,4.973465443,69.92130989,346.6254578, hillslope, 
Banks,404,71.69196039,-121.926928,2160.240803,1692.259187,4.925545692,14.81766423,328.1605835, hillslope, 
Banks,405,71.67563105,-121.912663,7506.018816,4257.568164,4.783837318,9.837238357,355.4293518, hillslope, 
Banks,406,71.65668007,-121.9281664,13851.45789,6529.075696,4.639241219,67.2547791,370.9372559, hillslope, 
Banks,407,71.65852064,-121.925763,8931.619335,3195.612865,4.253283024,125.3265463,368.2467041, hillslope, 
Banks,408,71.65912635,-121.9175834,34188.4054,8471.042904,4.301688671,221.3019422,370.5419617, hillslope, 
Banks,409,71.65567967,-121.9055899,851.9922389,398.6973785,3.064418793,317.6798452,367.4117432, hillslope, 
Banks,410,71.65765996,-121.8682099,1779.066727,1115.331549,4.719477654,354.763307,293.7351685, hillslope, 
Banks,411,71.65782673,-121.8511178,1100.891114,453.4660521,8.666314125,324.6595939,259.7637329, hillslope, 
Banks,412,71.69780402,-122.0089486,9012.16975,3991.615198,6.433751583,324.8922908,376.6824646, hillslope, 
Banks,413,71.6675075,-121.9997358,3454.763557,1767.91422,5.765595436,258.3040025,422.8536682, hillslope, 
Banks,414,71.66477457,-121.9992946,2856.116548,1053.600756,6.171112537,240.6061494,419.45047, hillslope, 
Banks,415,71.65420315,-122.0033605,737.5726259,547.6867365,4.752692223,209.0241552,380.199707, hillslope, 
Banks,416,71.63732605,-121.9977189,5989.427919,3165.44368,5.957596779,86.18979322,278.079834, hillslope, 
Banks,417,71.62650026,-122.0272838,1631.100738,1483.395601,3.932169199,236.7742307,283.772644, hillslope, 
Banks,418,71.64275078,-122.0133571,7889.712198,3702.455167,5.477129936,106.3021174,321.4936829, hillslope, 
Banks,419,71.64098002,-122.0103242,6861.835066,4130.857589,4.791243076,139.5656761,306.3858643, hillslope, 
Banks,420,71.63923581,-122.0192687,1257.092495,948.2406802,4.054097176,183.0592768,305.1229858, hillslope, 
Banks,421,71.6712163,-122.0590226,3205.011811,2274.756522,5.444723129,11.53237158,413.9553223, hillslope, 
Banks,422,71.67567328,-122.0831699,2192.284938,1553.480938,4.716048241,103.9571567,395.8630676, hillslope, 
Banks,423,71.62156288,-122.0993296,5181.390306,2477.122129,5.352066994,221.5829384,274.2550354, hillslope, 
Banks,424,71.6882362,-122.1362466,3683.505034,2261.760565,4.643013954,274.8874979,392.1360168, hillslope, 
Banks,425,71.63850117,-122.2002254,2475.547876,1445.800156,4.434309483,352.6403219,390.2903137, hillslope, 
Banks,426,71.53227804,-122.4174651,3855.922784,2175.430283,4.440312386,233.6657166,239.6138611, hillslope, 
Banks,427,71.52005402,-122.4044574,2675.167064,1571.118308,4.800801754,220.6846491,289.4483643, hillslope, 
Banks,428,71.51816255,-122.4047405,4269.801817,1893.232371,5.845424175,239.3697027,283.8477783, hillslope, 
Banks,429,71.54765061,-122.228211,2807.291484,1452.762276,4.143125534,195.4887703,246.0643463, hillslope, 
Banks,430,71.55948248,-122.1888538,10080.29522,3299.580516,7.370967388,313.0379815,299.3775635, hillslope, 
Banks,431,71.55929867,-122.1920146,6488.018342,2310.03126,5.979156971,319.8826544,294.320282, hillslope, 
Banks,432,71.54776678,-122.1881209,2623.658994,1652.343035,3.538330078,322.439804,283.6278381, hillslope, 
Banks,433,71.54767696,-122.1878431,2023.249387,1470.399645,3.140019178,324.1345172,284.4718628, hillslope, 
Banks,434,71.55448555,-122.135934,4485.640936,2059.394957,6.712630749,159.5917325,334.4162903, hillslope, 
Banks,435,71.54284094,-122.1343769,7395.842722,4034.780339,3.633467436,145.1879332,289.605957, hillslope, 
Banks,436,71.55082843,-122.1098046,35008.48233,6338.777763,6.882400513,197.3596115,335.9937439, hillslope, 
Banks,437,71.54056603,-122.096919,16480.55018,4623.31151,7.443325043,234.6081777,248.6807098, hillslope, 
Banks,438,71.53418198,-122.1148209,19145.95497,6086.749035,4.649240971,102.505637,244.2542267, hillslope, 
Banks,439,71.52693246,-122.0966199,8694.92441,4547.192336,5.02219677,47.31278161,207.9202118, hillslope, 
Banks,440,71.53499107,-122.0354392,7905.132963,3314.897179,8.891745567,167.3589225,180.1547241, hillslope, 
Banks,441,71.56941095,-122.033922,4068.735374,3311.64819,3.737520456,59.75923101,317.6480103, hillslope, 
Banks,442,71.58087532,-122.0360683,34566.03409,7967.913733,6.011593819,62.04081725,290.2682495, hillslope, 
Banks,443,71.55181251,-122.0072383,105253.1926,9749.752192,11.10635948,189.4815776,236.8820038, hillslope, 
Banks,444,71.5549767,-122.0110693,125451.7198,12485.86517,6.54667902,174.668046,272.7644043, hillslope, 
Banks,445,71.52987398,-121.5956667,48552.15082,11320.40636,3.851625204,266.8786682,68.74341583, hillslope, 
Banks,446,71.56673591,-121.5273113,2634.788796,1875.13086,4.349247932,187.9604154,116.4205017, hillslope, 
Banks,447,71.51028366,-121.4503454,6241.439273,2914.807377,5.019916534,233.6071489,100.1930237, hillslope, 
Banks,448,71.53782025,-121.4672944,1005.996739,394.5201068,5.869581699,320.8715883,163.3223419, hillslope, 
Banks,449,71.57027313,-121.4714541,3577.696285,1035.035104,13.36039257,318.2491256,223.9927063, hillslope, 
Banks,450,71.54003898,-121.4230021,6842.373752,2640.964009,3.891973734,186.1885435,249.1544342, hillslope, 
Banks,451,71.53954506,-121.4185944,8611.681444,3049.408355,4.720058441,191.0582061,247.6893616, hillslope, 
Banks,452,71.53557673,-121.4093263,115440.8288,10879.47212,8.943998337,252.6690604,260.1069641, hillslope, 
Banks,453,71.53419074,-121.4202936,27666.64474,6484.05399,6.827428818,293.5482972,229.2112732, hillslope, 
Banks,454,71.53552988,-121.4143179,2851.459625,2181.46412,4.914337635,219.0649795,241.1150818, hillslope, 
Banks,455,71.54124804,-121.4067204,1935.42362,1048.959343,5.626144409,179.8281139,270.3379517, hillslope, 
Banks,456,71.53986642,-121.4006687,4649.404756,1861.206621,8.834554672,326.990487,271.7087708, hillslope, 
Banks,457,71.54532403,-121.4016,10442.77788,5430.453234,3.91329813,152.8053764,298.0385742, hillslope, 
Banks,458,71.54764616,-121.3974979,1328.572466,756.5503224,7.140661717,120.7688728,298.6757507, hillslope, 
Banks,459,71.55813735,-121.3766861,11802.35268,3323.251723,5.127773762,230.7009346,312.4009705, hillslope, 
Banks,500,71.53094394,-121.3474351,10049.12789,4214.403023,4.519243717,207.532754,329.9117432, hillslope, 
Banks,501,71.53274433,-121.3067672,6974.934409,2594.549879,4.585064411,312.4591402,323.95578, hillslope, 
Banks,502,71.51694461,-121.2739676,3022.092106,1457.403689,6.500052929,47.37956735,211.859024, hillslope, 
Banks,503,71.52520588,-121.2793077,56780.07186,10034.73495,4.84521246,58.51685797,244.8134003, hillslope, 
Banks,504,71.53268841,-121.2709625,3135.067765,1796.226839,7.256927013,52.3269444,237.1025085, hillslope, 
Banks,505,71.54352988,-121.2865555,1464.683659,631.2321708,9.746382713,354.4941165,276.946167, hillslope, 
Banks,506,71.54496388,-121.281454,6880.095715,1573.439014,8.468295097,356.3654308,254.1724243, hillslope, 
Banks,507,71.54601527,-121.2615932,8886.992676,3188.650745,6.784719467,18.29329654,210.1300964, hillslope, 
Banks,508,71.57715603,-121.3197683,46231.84101,7161.700291,6.335685253,286.0422397,318.2647705, hillslope, 
Banks,509,71.58290578,-121.3233025,15732.67751,2986.749279,7.385747433,220.9386862,317.6812744, hillslope, 
Banks,510,71.59274388,-121.3432884,8922.710012,2450.666075,7.703190327,276.7274619,324.0791321, hillslope, 
Banks,511,71.59095792,-121.3412453,4383.644908,2260.368141,5.254407406,222.8211962,324.2353516, hillslope, 
Banks,512,71.58716007,-121.3417532,2186.81234,719.4190182,11.03699589,229.3873381,322.786438, hillslope, 
Banks,513,71.58578774,-121.3551672,934.8744645,529.1210844,6.258667469,30.23954698,321.0801392, hillslope, 
Banks,514,71.56304619,-121.3542557,788.9749153,603.3836927,8.351827622,314.1997597,333.5671997, hillslope, 
Banks,515,71.57681631,-121.2871928,1776.525622,965.4139083,7.463314533,2.85096848,266.6109009, hillslope, 
Banks,516,71.57714579,-121.0973922,6729.710703,2188.426239,7.947910309,253.9274508,208.2425385, hillslope, 
Banks,517,71.55704302,-121.0761843,9040.830206,3012.277051,5.826351643,299.1317583,151.6381683, hillslope, 
Banks,518,71.54844213,-121.0440456,2864.209984,1582.72184,9.533361435,355.6258421,196.6902008, hillslope, 
Banks,519,71.54079646,-121.0158191,3143.960997,1471.327928,5.270823479,105.9707227,289.5421448, hillslope, 
Banks,530,71.57766385,-121.0167146,1363.002747,765.8331484,6.67278719,324.0270025,227.8282623, hillslope, 
Banks,531,71.59512511,-121.0322813,12487.69029,4270.099979,6.873636723,266.6408772,282.7494812, hillslope, 
Banks,533,71.59297002,-121.0365089,2222.172094,1448.120862,4.514739513,283.4325691,270.9139709, hillslope, 
Banks,534,71.59695377,-121.0433146,6105.818489,3866.297046,3.890372992,159.0749821,284.5541382, hillslope, 
Banks,535,71.5980501,-121.0410133,1993.988456,1253.181516,4.709461689,79.48076644,284.4127502, hillslope, 
Banks,536,71.59752547,-121.0179517,2458.978918,1703.398579,4.276469231,60.20819676,295.9911194, hillslope, 
Banks,537,71.50566944,-120.9705939,1420.371557,1385.461787,4.009768009,226.3066066,181.7767181, hillslope, 
Banks,538,71.52194623,-120.9422834,824.1818065,668.8276163,4.433274269,236.2399643,285.7904968, hillslope, 
Banks,539,71.58489117,-120.9967569,11656.94413,4436.726707,6.719839096,175.7998556,267.0562439, hillslope, 
Banks,540,71.57493252,-120.9034637,2765.041962,1159.889114,6.592792988,323.2791368,370.9881287, hillslope, 
Banks,541,71.55811026,-120.9519187,21908.29022,4888.336194,9.626529694,69.21620727,348.7547913, hillslope, 
Banks,542,71.55996701,-120.9537042,7737.192092,3192.828017,8.441428185,56.80616035,345.8961182, hillslope, 
Banks,543,71.55571987,-120.9444757,13242.54301,2241.802489,6.646186829,15.3639573,343.0094299, hillslope, 
Banks,554,71.56458359,-120.9340493,44870.75879,9280.041194,5.748420715,202.2841278,344.1831055, hillslope, 
Banks,555,71.56344105,-120.9176698,6081.498055,2621.005933,6.559912205,209.4743443,343.0892029, hillslope, 
Banks,556,71.56240011,-120.9139695,7585.951065,2897.170008,6.333189488,221.0493605,346.2905273, hillslope, 
Banks,557,71.56059856,-120.9112432,3370.688754,2034.795468,5.834123612,246.6246187,343.9720459, hillslope, 
Banks,558,71.55861715,-120.9111629,2141.395997,1352.043613,4.69518137,295.0989924,345.8654785, hillslope, 
Banks,559,71.55587335,-120.9254607,7653.849705,2322.098934,3.84036541,18.421111,338.0066223, hillslope, 
Banks,560,71.57006027,-120.8184886,7081.706371,2298.891869,6.810247421,233.4496849,309.4683228, hillslope, 
Banks,561,71.56567798,-120.7975478,10537.44123,4429.300446,4.870840073,255.2249402,330.3652954, hillslope, 
Banks,562,71.56212185,-120.8089372,7151.272537,3755.831416,4.51561594,246.5547888,304.1394043, hillslope, 
Banks,563,71.5946688,-120.807496,1630.988867,1300.98807,4.023645878,152.0752444,334.4761047, hillslope, 
Banks,564,71.59512899,-120.8043446,2197.058633,1527.024884,4.764395237,175.8210424,335.4127808, hillslope, 
Banks,565,71.59641639,-120.7970759,6987.329636,4087.692447,3.52174592,195.514154,348.150238, hillslope, 
Banks,566,71.56498384,-120.7678218,9617.919404,3805.958677,5.88949728,164.8638063,346.6941833, hillslope, 
Banks,567,71.5605718,-120.7622412,2009.015201,1108.369429,6.385923386,229.6306517,326.653717, hillslope, 
Banks,568,71.54694691,-120.7615552,3680.295189,1422.12895,8.953604698,217.1723396,252.0695496, hillslope, 
Banks,569,71.55027261,-120.7688552,3341.376605,1568.33346,8.877765656,90.04647453,264.7826538, hillslope, 
Banks,570,71.53331052,-120.7555239,22696.64948,6528.147414,5.260252953,234.0276707,150.8757172, hillslope, 
Banks,571,71.52219861,-120.7951787,2558.345359,1169.17194,7.948265076,22.15663003,123.6478271, hillslope, 
Banks,572,71.50777005,-120.8146196,4143.992325,1581.329416,7.082737446,39.40528554,129.9914703, hillslope, 
Banks,573,71.50811659,-120.8089289,1943.349841,1353.900178,6.733808041,17.77347455,123.2394333, hillslope, 
Banks,574,71.55999864,-120.8211344,2223.887298,1649.558188,8.29755497,129.3985949,284.6233215, hillslope, 
Banks,575,71.59541095,-120.7469944,1644.572833,1415.630971,7.250729561,26.2703019,378.9574585, hillslope, 
Banks,576,71.58395221,-120.7402201,8630.468274,4437.190848,5.82736063,188.8116111,396.7972107, hillslope, 
Banks,577,71.52979084,-120.7448398,6680.709929,2543.494335,4.860339642,224.9993311,130.9999084, hillslope, 
Banks,578,71.58563392,-120.6783659,3103.54637,2385.686293,4.779005051,103.7529203,333.7707825, hillslope, 
Banks,579,71.58066332,-120.6760972,3295.514436,3146.878028,4.447391033,90.2712317,328.4382629, hillslope, 
Banks,580,71.56634917,-120.6255989,7891.59103,2543.494335,9.658545494,269.1316326,230.8259583, hillslope, 
Banks,581,71.54939933,-120.6264538,13914.72557,4321.155522,7.724819183,130.0267902,161.5448456, hillslope, 
Banks,582,71.40124109,-122.5795689,5297.10043,1754.454122,6.05780077,337.7096147,380.104126, hillslope, 
Banks,583,71.46902017,-122.3767289,4365.887254,2476.193847,7.07741499,48.66518768,392.4610901, hillslope, 
Banks,584,71.48598037,-122.369068,18300.34999,7278.199758,4.076905727,45.60364782,341.0585327, hillslope, 
Banks,585,71.46693296,-122.3027887,13017.63322,5561.341082,4.768326283,18.99564114,370.3667297, hillslope, 
Banks,586,71.49012042,-122.2784835,6630.91656,1524.704177,17.47035027,32.54329423,202.3306732, hillslope, 
Banks,587,71.45993769,-122.2893075,7936.793872,3048.944213,5.09897089,53.00330412,395.0567017, hillslope, 
Banks,588,71.46113985,-122.2855905,2916.750657,2057.538392,5.959117413,35.8369697,381.1185608, hillslope, 
Banks,589,71.46005863,-122.2833481,23574.22852,7523.730507,5.730509281,53.38338648,379.7815552, hillslope, 
Banks,590,71.45868388,-122.2739478,249569.9715,29381.53685,11.30666733,42.53286593,365.6656189, hillslope, 
Banks,591,71.45671213,-122.2645317,225803.5356,26270.3977,10.29887199,22.14840077,377.1864929, hillslope, 
Banks,592,71.45259962,-122.2570721,7737.522959,2706.407932,9.644755364,337.8380406,394.0229797, hillslope, 
Banks,593,71.45401495,-122.254985,7860.98184,4208.369186,7.5913167,331.5490422,384.90271, hillslope, 
Banks,594,71.4510713,-122.2815053,4327.005476,2592.693313,4.944916248,195.096573,413.8941956, hillslope, 
Banks,595,71.42966635,-122.2752186,3474.02375,1529.809732,4.979962349,279.2941858,421.4318237, hillslope, 
Banks,596,71.42180775,-122.2586578,15179.33136,3916.888448,9.440992355,179.1939748,380.6076355, hillslope, 
Banks,597,71.4113704,-122.271831,3563.423133,2174.502,7.359037399,161.4313493,275.8622742, hillslope, 
Banks,598,71.41595136,-122.2795163,3036.441591,2548.59989,5.710718632,186.7133105,323.4213867, hillslope, 
Banks,599,71.4152805,-122.287857,1688.473988,982.1229952,6.044169426,221.7991815,309.6048889, hillslope, 
Banks,600,71.41629496,-122.2184044,2634.77391,845.2013111,8.354023933,174.5865746,298.4253845, hillslope, 
Banks,601,71.41654928,-122.2110321,7007.62256,2873.962942,6.18144083,198.6058623,294.5570984, hillslope, 
Banks,602,71.42135352,-122.2180054,4239.722903,1845.425817,8.142953873,188.4152931,344.2176208, hillslope, 
Banks,603,71.42029718,-122.2159261,1174.483601,972.8401692,6.227440357,189.1925233,332.6793823, hillslope, 
Banks,604,71.42206561,-122.1922941,10019.34615,3827.773318,7.156376839,150.50507,308.7452698, hillslope, 
Banks,605,71.43648384,-122.2021488,15257.54104,5304.670941,5.938503742,165.7907031,362.3419495, hillslope, 
Banks,606,71.43413461,-122.1950451,1462.451763,829.4205068,7.947934151,167.7357959,337.453125, hillslope, 
Banks,607,71.43082203,-122.2054831,5312.400478,3145.021463,6.634514809,119.3729025,373.6805725, hillslope, 
Banks,608,71.43071789,-122.2011944,3622.740017,1793.906133,9.626105309,87.74214377,357.1195984, hillslope, 
Banks,609,71.42768785,-122.1748433,4994.011195,2399.610532,6.663761139,148.189188,261.0585327, hillslope, 
Banks,610,71.44155042,-122.1957981,14616.22387,4451.115087,11.06061745,60.76591615,312.4362793, hillslope, 
Banks,611,71.40221365,-122.1546708,54853.19743,13222.45741,4.479272842,172.5555893,156.3276825, hillslope, 
Banks,612,71.40066888,-122.1422225,10888.58735,3801.317264,6.361125469,144.6485951,132.0857086, hillslope, 
Banks,613,71.4347637,-122.1534618,4204.312114,1994.879316,4.798577786,69.49037054,208.5796509, hillslope, 
Banks,614,71.4378796,-122.1632945,4767.638754,2767.674584,5.162003994,40.25278069,232.7558746, hillslope, 
Banks,615,71.43711309,-122.164994,2227.978747,1234.615864,6.983555794,122.8894472,236.8502502, hillslope, 
Banks,616,71.43499412,-122.1254918,3027.790132,1364.575428,7.758183956,105.9090784,118.3000107, hillslope, 
Banks,617,71.40849596,-122.1397956,3115.900987,1488.037014,6.991939545,61.65729373,142.7662354, hillslope, 
Banks,618,71.40801065,-122.1286131,4626.352051,1803.6531,7.700255394,42.74722328,111.8871765, hillslope, 
Banks,619,71.424796,-122.1219107,17806.42987,4458.541348,9.003501892,28.10568084,116.5001602, hillslope, 
Banks,620,71.49262715,-121.4489425,3125.323833,1220.691624,9.29966259,302.4192596,69.35762787, hillslope, 
Banks,621,71.45225786,-121.4363427,3860.598079,2548.135748,3.840440512,347.3779971,38.02745438, hillslope, 
Banks,622,71.45437957,-121.4198615,22381.87935,5444.377473,5.394951344,326.1941049,35.81496429, hillslope, 
Banks,623,71.45601018,-121.4140701,4693.845917,2645.605422,5.863609791,260.7603846,44.61081314, hillslope, 
Banks,624,71.46071783,-121.4113758,1421.016479,789.0402135,17.37007904,246.5663348,66.03987122, hillslope, 
Banks,625,71.49896269,-120.9118932,7807.08482,3527.473896,4.354738712,163.4276451,141.1851501, hillslope, 
Banks,626,71.49495651,-120.922702,4033.648364,2882.317486,4.642809391,145.9568765,123.7640381, hillslope, 
Banks,627,71.46679047,-120.7685814,2782.30706,1322.802711,5.696156979,115.2884965,7.567437649, hillslope, 
Banks,628,71.48212528,-120.6889227,12988.84316,5486.150191,4.715729237,155.1332076,4.728073597, hillslope, 
Banks,629,71.48486593,-120.6827105,4929.543873,2232.519663,4.031122685,124.6247922,7.282952309, hillslope, 
Banks,630,71.48582057,-120.6794276,23966.19512,5630.033994,5.162298203,170.1671452,8.366735458, hillslope, 
Banks,631,71.48647476,-120.6734513,2083.279028,733.3432573,7.444045544,171.2981676,6.014365196, hillslope, 
Banks,632,71.48869645,-120.6667542,17859.14861,5100.91291,4.438527107,138.6131625,4.767567635, hillslope, 
Banks,633,71.48854923,-120.6630487,2978.966571,1290.31282,3.40150404,156.0690867,0.299394071, hillslope, 
Banks,634,71.49122946,-120.6526029,2343.58826,1517.742058,4.822765827,152.6215244,3.684087277, hillslope, 
Banks,635,71.49627286,-120.6371028,1850.602167,1113.939125,5.695536614,128.4134467,5.724198341, hillslope, 
Banks,636,71.39384109,-122.7482415,26481.61896,6989.968009,5.355814934,318.988458,409.2306213, hillslope, 
Banks,637,71.39650008,-122.7477087,2258.961893,3030.842703,3.142689467,207.1452163,407.6133118, hillslope, 
Banks,638,71.37678474,-122.7260513,5763.347705,4246.892914,4.422137737,189.6030508,439.828949, hillslope, 
Banks,639,71.37176707,-122.7174553,14236.852,3016.918464,7.532367706,224.1716852,418.1208801, hillslope, 
Banks,640,71.37934854,-122.6735165,3291.360139,2339.272162,3.274253607,238.3899891,455.1665649, hillslope, 
Banks,641,71.36068127,-122.6613729,14864.3786,4659.978673,6.172599793,225.003398,356.609436, hillslope, 
Banks,642,71.35871853,-122.6613678,10396.45043,4618.205956,5.298232079,230.2128363,350.4264221, hillslope, 
Banks,643,71.369298,-122.6411151,18618.11288,5750.710733,4.9058218,237.2373694,416.779541, hillslope, 
Banks,644,71.35792018,-122.6367386,3970.674731,1406.348145,5.839868546,219.8730792,348.587738, hillslope, 
Banks,645,71.38029968,-122.6241362,3147.664581,2260.368141,3.874933243,136.16772,441.1204224, hillslope, 
Banks,646,71.37505467,-122.6176927,4828.75738,2172.181294,5.281832695,172.1231092,425.3604736, hillslope, 
Banks,647,71.37432706,-122.6202826,1740.760055,1035.035104,6.966417313,173.7688609,420.4661255, hillslope, 
Banks,648,71.36956122,-122.6148172,1831.071148,956.1310823,5.918028355,51.10346019,417.9799805, hillslope, 
Banks,649,71.37820457,-122.6068365,3320.071516,3184.009332,3.29083252,279.3009784,434.3813782, hillslope, 
Banks,650,71.38837581,-122.5824747,3752.656508,1420.272384,6.708255768,252.2642217,398.9378662, hillslope, 
Banks,651,71.38774891,-122.5676229,7381.374908,4195.837371,4.291436672,112.3380537,400.5081482, hillslope, 
Banks,652,71.38399192,-122.5574255,6901.670962,2998.352811,3.663624525,78.30404931,393.6289978, hillslope, 
Banks,653,71.3769348,-122.5414945,3337.16548,2042.221729,4.690377235,280.7289823,397.5752869, hillslope, 
Banks,654,71.37578418,-122.5409192,1094.075866,1202.125972,5.166877747,210.5866113,395.5012207, hillslope, 
Banks,655,71.38702387,-122.5310703,4960.453366,3072.61542,2.975823164,226.9876191,402.8951111, hillslope, 
Banks,656,71.34971252,-122.6218192,2158.011301,1025.752278,5.668682575,222.9550754,292.5685425, hillslope, 
Banks,657,71.35292749,-122.6219616,2276.897793,1197.484559,4.95280838,234.475145,312.6919556, hillslope, 
Banks,658,71.35398518,-122.6215742,2309.135698,1285.671407,6.425407887,215.0522103,320.1428223, hillslope, 
Banks,659,71.35331528,-122.5784197,2608.660239,1350.651189,5.661829472,171.2861433,335.2036438, hillslope, 
Banks,660,71.33421332,-122.569873,8153.018604,1856.565208,10.47056389,293.2942297,224.7627869, hillslope, 
Banks,661,71.33344115,-122.5719411,4595.558245,1336.72695,12.8150692,261.4103092,215.2939148, hillslope, 
Banks,662,71.33836628,-122.5595085,4059.0477,1554.873362,8.828439713,292.0399157,252.4566956, hillslope, 
Banks,663,71.3098628,-122.5192133,1270.968122,789.0402135,7.434988499,260.6313141,277.9973755, hillslope, 
Banks,664,71.31286291,-122.5095184,2255.373325,1025.752278,7.245580673,321.681914,298.7288513, hillslope, 
Banks,665,71.33602799,-122.4948793,869.5221567,403.8029328,5.019091606,283.4228775,296.3448181, hillslope, 
Banks,666,71.33481708,-122.492573,2050.179752,802.9644526,6.079379082,321.115649,305.8830261, hillslope, 
Banks,667,71.32948402,-122.4785791,1823.310153,863.3028219,6.395847797,184.7339759,346.0281372, hillslope, 
Banks,668,71.33239169,-122.4640804,16770.14792,5527.922908,6.180037499,257.6961986,385.7287903, hillslope, 
Banks,669,71.31415496,-122.4808013,14489.30858,4762.089759,3.625235558,273.7497112,341.1836548, hillslope, 
Banks,670,71.31114075,-122.4556856,3394.795178,1689.47434,7.563787937,170.7189257,368.63797, hillslope, 
Banks,671,71.30603235,-122.4603231,1291.075435,705.4947792,9.969511032,351.4474751,330.9452209, hillslope, 
Banks,672,71.30106135,-122.4293841,1675.935317,1252.717374,5.757759094,146.0215072,390.4540405, hillslope, 
Banks,673,71.30137265,-122.413217,7826.045151,3096.750767,3.947543621,226.2336477,400.3538513, hillslope, 
Banks,674,71.3120165,-122.4027102,1225.367316,812.2472786,4.976634979,50.85176737,452.1860657, hillslope, 
Banks,675,71.30867637,-122.3884923,6102.781032,4424.194891,4.26554966,123.9083131,451.1810608, hillslope, 
Banks,676,71.31507012,-122.3761473,1608.90037,1068.917419,4.151854515,201.5370506,460.0154419, hillslope, 
Banks,677,71.31378618,-122.3774562,2039.458213,1151.070429,4.104046345,335.7549977,457.0755615, hillslope, 
Banks,678,71.30999214,-122.3718576,1109.205586,552.7922908,9.44036293,165.4138987,428.1678467, hillslope, 
Banks,679,71.3052802,-122.3636366,18310.85559,4359.215109,6.732635975,84.8327825,393.4422913, hillslope, 
Banks,680,71.30370724,-122.360423,16425.35611,5566.910777,6.267464638,59.44861938,386.1896057, hillslope, 
Banks,681,71.30501015,-122.353921,45814.0799,10753.68983,7.008015633,156.0956277,375.4529419, hillslope, 
Banks,682,71.30751467,-122.3574919,4262.218189,1754.918263,6.374130249,149.6129636,404.2323914, hillslope, 
Banks,683,71.3028044,-122.3486956,4566.764898,2482.227684,10.01730728,92.08615408,351.242218, hillslope, 
Banks,684,71.30812141,-122.3440578,12125.87993,4031.995491,7.524775982,134.1216945,372.1231995, hillslope, 
Banks,685,71.31070122,-122.3588616,9879.839463,4693.396847,4.030271053,189.6525479,422.85849, hillslope, 
Banks,686,71.39120184,-122.3834672,1550.032811,677.1821597,5.812736988,321.4051288,417.2009583, hillslope, 
Banks,687,71.37189423,-122.332766,3420.451988,2438.13426,3.751535654,289.0950433,448.4447937, hillslope, 
Banks,688,71.39907354,-122.3206169,2361.236791,1843.105111,3.896770716,40.84630458,359.8485718, hillslope, 
Banks,689,71.39130007,-122.315828,1728.758218,1457.403689,3.820572376,42.5363235,380.3588867, hillslope, 
Banks,690,71.39710686,-122.3073525,1831.869514,1068.917419,6.328558922,105.1366552,340.2985229, hillslope, 
Banks,691,71.39688775,-122.3095303,1685.941098,982.1229952,7.011521816,109.107973,346.6638184, hillslope, 
Banks,692,71.39952838,-122.3006295,11476.1415,5049.393225,5.904429436,38.89079182,312.2275696, hillslope, 
Banks,693,71.39943512,-122.2856174,1578.418575,1168.243657,7.023047924,21.68231749,272.6001282, hillslope, 
Banks,694,71.39719753,-122.2657984,4703.553387,1950.785893,6.64672327,14.20283307,252.8342133, hillslope, 
Banks,695,71.39799318,-122.257783,4714.372158,1633.777383,8.838975906,334.4081727,237.5614777, hillslope, 
Banks,696,71.37661786,-122.2701816,4691.587038,1911.333882,7.496384144,9.4294439,353.8822937, hillslope, 
Banks,697,71.37317533,-122.2673699,3317.801547,2001.377295,7.050498962,49.71524975,384.4423218, hillslope, 
Banks,698,71.34885182,-122.2817895,1311.139489,557.8978451,8.618329048,177.5004303,437.6280518, hillslope, 
Banks,699,71.33706167,-122.2867867,2588.177284,1751.669274,3.925810576,175.7977854,361.0913086, hillslope, 
Banks,700,71.33888667,-122.2912038,4489.113271,2704.087226,3.605041504,222.7098714,368.0597534, hillslope, 
Banks,701,71.32302004,-122.2653706,25438.52511,7742.805201,4.27387619,176.9211546,291.3178101, hillslope, 
Banks,702,71.33792432,-122.2558664,45682.72533,10410.68941,5.614320278,173.4537237,372.4865723, hillslope, 
Banks,703,71.31331627,-122.2845503,3615.810278,1866.776317,5.377840519,44.95222255,317.1134033, hillslope, 
Banks,704,71.30228739,-122.3106768,1555.013519,584.8180406,10.54928112,91.58480686,245.7810364, hillslope, 
Banks,705,71.30149041,-122.307998,2344.302681,893.9361478,8.859345436,121.6711383,230.7602386, hillslope, 
Banks,706,71.37211275,-122.2462123,2945.247641,1259.215353,7.791659832,65.89995823,340.0714417, hillslope, 
Banks,707,71.3735339,-122.2316154,3824.143942,1633.313242,8.448008537,115.0180973,281.7827148, hillslope, 
Banks,708,71.36501345,-122.2387488,46491.81109,11934.00116,8.486004829,135.667615,324.6784363, hillslope, 
Banks,709,71.35729665,-122.2251032,13090.6047,2954.723529,8.966143608,80.08729165,342.1853638, hillslope, 
Banks,710,71.36756411,-122.2187798,7951.515698,2397.289825,11.09743786,53.08176355,264.3148499, hillslope, 
Banks,711,71.38915258,-122.2004509,21918.309,7685.715821,5.723980904,11.55636641,158.9242859, hillslope, 
Banks,712,71.39018635,-122.1782367,29986.60288,7670.8633,5.240518093,1.46408793,148.5016174, hillslope, 
Banks,713,71.39823182,-122.1508332,5660.068662,2150.366653,6.60010767,207.6571823,136.1273651, hillslope, 
Banks,714,71.36137799,-122.2000242,6570.204865,2755.142769,12.84940624,58.08836081,212.4617462, hillslope, 
Banks,715,71.35936883,-122.1907918,19981.10368,3931.276829,6.738042831,94.46070097,190.2868652, hillslope, 
Banks,716,71.31415621,-122.2175653,9549.657998,3695.028906,5.716615677,168.9468598,188.9169922, hillslope, 
Banks,717,71.31604661,-122.2061447,4453.459016,1632.384959,8.140628815,141.0476019,174.7136078, hillslope, 
Banks,718,71.38360198,-121.3865713,46033.97874,7129.2104,7.416615963,192.8047715,22.66332054, hillslope, 
Banks,719,71.38287342,-121.3299349,3640.129903,1146.429016,10.54393959,179.1163735,3.708501577, hillslope, 
Banks,720,71.39357779,-121.2517528,15722.95396,4697.109977,4.202706337,170.8335192,1.827013135, hillslope, 
Banks,721,71.25688319,-122.7450459,100401.4815,10638.11864,10.38497543,346.4499877,244.9289856, hillslope, 
Banks,722,71.25788168,-122.7392563,2496.543513,821.5301047,8.064787865,4.297748132,239.3983002, hillslope, 
Banks,723,71.25889486,-122.7361005,7515.810515,1819.433904,9.952078819,356.3320248,228.821991, hillslope, 
Banks,724,71.26394909,-122.7427662,1979.263925,877.2270609,9.558288574,167.1485851,245.4624634, hillslope, 
Banks,725,71.26336415,-122.7368417,1912.814296,826.1715177,12.1822567,161.8924202,223.3014832, hillslope, 
Banks,726,71.25728837,-122.7259189,2655.975867,1596.646079,6.381130695,55.09336082,203.5366516, hillslope, 
Banks,728,71.2606707,-122.7490517,5115.139277,2032.938903,5.663135052,205.5274468,252.5700378, hillslope, 
Banks,729,71.25053753,-122.7474583,12935.26051,3685.281939,6.588038445,113.4773949,263.6702576, hillslope, 
Banks,730,71.25063221,-122.7432382,3267.206958,1652.343035,4.999397755,115.2665687,254.0814819, hillslope, 
Banks,731,71.24298024,-122.7489286,8297.026772,2427.45901,7.643049717,42.64796981,309.7817993, hillslope, 
Banks,733,71.23551545,-122.7497762,7848.418651,3518.19107,8.378624916,184.7392578,310.0129089, hillslope, 
Banks,734,71.23302562,-122.7489598,4037.290085,1387.782493,9.242891312,126.0773253,290.0711365, hillslope, 
Banks,735,71.23497538,-122.7439452,2270.582989,1100.014886,7.087458611,136.891207,303.5498962, hillslope, 
Banks,736,71.23177305,-122.7321012,1467.800338,691.5705401,10.20064259,178.1387584,258.5088501, hillslope, 
Banks,737,71.23039672,-122.7277637,8756.521703,1972.600534,10.67459488,180.1083352,237.3083038, hillslope, 
Banks,738,71.23034355,-122.7218997,24673.89199,4530.019108,9.132198334,170.035812,229.8291168, hillslope, 
Banks,739,71.23772887,-122.7250657,15117.36125,3592.453678,6.516652107,72.90965217,241.0678864, hillslope, 
Banks,740,71.23665885,-122.7240726,4840.005172,2200.029772,6.384528637,143.4735649,235.1022186, hillslope, 
Banks,741,71.23964907,-122.7220223,2641.883849,1318.161298,10.83695316,29.29030125,216.6234589, hillslope, 
Banks,742,71.22432023,-122.725781,2026.514679,682.2877141,10.87801552,15.27952692,223.350769, hillslope, 
Banks,743,71.22484226,-122.7156584,21011.82434,4418.625196,11.70229054,24.7447379,199.6655121, hillslope, 
Banks,744,71.20116309,-122.7422818,17914.1893,4075.160632,9.198584557,120.0270107,273.4144592, hillslope, 
Banks,745,71.20280513,-122.7433504,5956.265074,1749.812709,9.602515221,90.08866075,283.556366, hillslope, 
Banks,746,71.20968814,-122.7412482,26841.5323,6507.261055,10.07150459,89.56376177,292.5416565, hillslope, 
Banks,747,71.21123359,-122.7328457,20706.34569,9106.452347,4.569634438,61.59856446,266.5409546, hillslope, 
Banks,748,71.2035757,-122.7257089,2588.09938,1373.858254,7.84272337,10.84262339,237.1713409, hillslope, 
Banks,749,71.208801,-122.7251133,7215.279164,3736.337482,4.698728085,154.6884171,246.0472412, hillslope, 
Banks,750,71.21356077,-122.7429826,3895.993279,2042.221729,9.952682495,97.01683771,297.0496521, hillslope, 
Banks,751,71.21515881,-122.7339572,2018.303041,849.3785828,9.246162415,24.66116979,265.0253601, hillslope, 
Banks,752,71.2135976,-122.7232052,5060.412445,2562.059987,9.733742714,336.7879581,246.4539795, hillslope, 
Banks,753,71.21385439,-122.7145456,11805.14386,2789.489226,11.19748402,22.89812446,235.7672424, hillslope, 
Banks,754,71.2177975,-122.7102336,4042.21939,2037.580316,11.91223049,134.6334184,189.6100616, hillslope, 
Banks,755,71.29639075,-122.4809818,6374.564915,1963.317708,9.136112213,271.4958644,291.20578, hillslope, 
Banks,756,71.27664452,-122.4775454,2900.723788,1332.085537,11.22816849,142.5990852,163.3938599, hillslope, 
Banks,757,71.27536445,-122.4663408,4629.227541,2107.201511,5.594675541,234.05363,181.701004, hillslope, 
Banks,758,71.28087441,-122.4729669,7435.728222,1907.620752,9.513781548,145.5488956,209.5138397, hillslope, 
Banks,759,71.27193069,-122.4790384,800.1089666,668.363475,10.81195736,305.2711469,142.3323517, hillslope, 
Banks,760,71.28868676,-122.4494459,3461.129225,1188.201733,8.266354561,186.5415714,300.9139404, hillslope, 
Banks,761,71.29460042,-122.4434107,3571.726811,2316.065097,3.583492994,178.425565,358.2230835, hillslope, 
Banks,762,71.29676157,-122.4284606,2002.389672,1111.618418,3.981718302,268.2054944,379.0744324, hillslope, 
Banks,763,71.29564513,-122.4305126,1926.405259,1081.449234,4.656459332,269.722116,374.046875, hillslope, 
Banks,764,71.2942627,-122.4313199,1450.591316,885.5816044,3.607332707,201.3201243,369.140625, hillslope, 
Banks,765,71.27888479,-122.4200431,4071.790565,1992.094469,4.996876717,135.7488096,277.950531, hillslope, 
Banks,766,71.28283605,-122.3960696,4369.148084,2120.197468,6.699314594,95.2752004,294.571106, hillslope, 
Banks,767,71.27052112,-122.3943731,91027.32575,17575.63869,4.540672779,181.4880713,190.2256927, hillslope, 
Banks,768,71.27365095,-122.3625446,18894.81189,4366.177229,5.953012466,219.2544146,192.0010071, hillslope, 
Banks,769,71.28913311,-122.3547492,32033.6709,6103.922264,8.089790344,121.3519562,291.1529236, hillslope, 
Banks,771,71.29313645,-122.3135383,15245.0427,5443.913332,6.099252701,168.4516822,249.9946289, hillslope, 
Banks,772,71.29773659,-122.2346798,4479.770975,2708.264498,4.179401875,139.6561926,152.7741852, hillslope, 
Banks,773,71.29375047,-122.2320377,3868.705077,2408.893358,4.77123642,150.2702462,141.5950775, hillslope, 
Banks,774,71.29381266,-122.2322306,3566.383889,1988.381338,4.171099186,151.6604954,142.4363251, hillslope, 
Banks,775,71.29998509,-122.214777,2534.763902,1302.380494,4.249304295,139.1008412,140.0940247, hillslope, 
Banks,776,71.85260854,-120.9938502,2390.16354,1475.969341,3.439706802,230.1044252,236.2506409, hillslope, 
Banks,777,71.85379071,-120.8616212,3001.85526,1587.363253,6.619633675,21.55285202,269.6118774, hillslope, 
Banks,778,71.89682657,-120.6696917,25669.66304,7997.154635,4.322271347,33.30123172,304.2045593, hillslope, 
Ellesmere,1,79.24370368,-85.45949649,19195.40771,7957.238483,5.652683735,39.86103655,100.6766357, hillslope, 
Ellesmere,2,79.24564995,-85.47915543,5399.563981,1940.574784,7.910089016,53.42226793,121.8625488, hillslope, 
Ellesmere,3,79.245436,-85.47495997,2474.287345,1481.539036,4.912791252,66.04735587,114.2338104, hillslope, 
Ellesmere,4,79.23407703,-85.33740581,14884.52707,4772.765009,8.648925781,84.77177844,83.6680069, hillslope, 
Ellesmere,5,79.23292591,-85.3410503,7326.994834,2612.806103,8.574918747,103.5321629,92.94934082, hillslope, 
Ellesmere,6,79.29713316,-85.08726247,5910.86569,2134.121707,8.919895172,273.8092572,106.6375198, hillslope, 
Ellesmere,7,79.28629468,-85.12475818,7377.035825,3551.609244,4.295526981,307.5462497,106.9600372, hillslope, 
Ellesmere,8,79.31327286,-85.21824062,2979.620408,1522.383471,6.081078053,327.9086411,113.8277435, hillslope, 
Ellesmere,9,79.31838289,-85.15615462,40102.0512,11116.18418,4.674570561,338.1055968,109.0656891, hillslope, 
Ellesmere,10,79.32033166,-85.16328327,9965.127417,2834.975073,8.746785164,350.1436997,86.43460846, hillslope, 
Ellesmere,11,79.36488712,-85.21025305,9233.712895,2612.187248,7.879296303,309.3931916,51.67351913, hillslope, 
Ellesmere,12,79.38179746,-85.19662418,28603.29451,3901.107644,9.899651527,136.832175,51.13937759, hillslope, 
Ellesmere,13,79.39475633,-85.2991225,33100.73486,12103.87688,4.473407745,83.98781929,124.8276901, hillslope, 
Ellesmere,14,79.38141862,-85.26210619,6491.124663,2338.808021,6.667655468,155.1638413,86.51972198, hillslope, 
Ellesmere,15,79.37782295,-85.27237133,5880.22213,2506.827173,5.334750176,180.864112,59.75842667, hillslope, 
Ellesmere,16,79.3715399,-85.36099102,59684.23999,11628.13204,6.689674854,142.0441886,118.2197723, hillslope, 
Ellesmere,17,79.32212653,-85.47058592,2296.574236,1000.224506,10.11122704,279.2005201,132.2771149, hillslope, 
Ellesmere,18,79.39836764,-86.65046403,5066.013218,1935.46923,6.937940598,264.5335628,108.8606491, hillslope, 
Ellesmere,19,79.40055111,-86.63355858,49059.07878,10972.76452,3.307401896,298.9518319,117.4568787, hillslope, 
Ellesmere,20,79.40217884,-86.65163285,1831.276752,800.6437461,9.25318718,284.3355296,96.73258209, hillslope, 
Ellesmere,21,79.41085842,-86.67661487,23059.41777,6906.886716,4.260201454,330.42693,83.00382233, hillslope, 
Ellesmere,22,79.43537088,-86.6816261,3288.913061,2190.746946,3.334356785,224.1105163,110.5000687, hillslope, 
Ellesmere,23,79.43992839,-86.73562111,6894.581625,3307.93506,4.946984768,187.3846232,121.40728, hillslope, 
Ellesmere,24,79.4476824,-86.6555568,2452.402458,1472.25621,3.307762623,255.6925701,122.8666458, hillslope, 
Ellesmere,25,79.47266098,-86.61714056,7591.904529,2133.193424,8.8254385,147.8733802,76.93651581, hillslope, 
Ellesmere,26,79.47461304,-86.60200566,3794.580076,983.9795604,9.776281357,216.0040862,76.84339905, hillslope, 
Ellesmere,27,79.47461842,-86.60218223,6070.090657,1810.151078,9.814314842,219.0724369,75.90462494, hillslope, 
Ellesmere,28,79.48576154,-86.61764865,16748.2481,4791.794803,8.837729454,211.6365648,61.66531372, hillslope, 
Ellesmere,29,79.48785533,-86.62424961,5928.978555,2204.671185,10.84137917,253.2161624,57.6167984, hillslope, 
Ellesmere,30,79.4840119,-86.73463697,6903.449138,3052.657344,6.232335568,212.9671094,69.31083679, hillslope, 
Ellesmere,31,79.48266689,-86.74904348,3533.149659,1757.23897,8.956259728,336.4946126,76.38240814, hillslope, 
Ellesmere,32,79.48572065,-86.74155075,7588.083692,3937.310666,7.295311451,256.5432012,66.50074768, hillslope, 
Ellesmere,33,79.48765405,-86.73859972,4260.342516,2595.478161,7.423552036,204.6568786,83.04586792, hillslope, 
Ellesmere,34,79.48884508,-86.74955176,5608.321036,2785.776095,7.08533001,256.8735228,64.5933609, hillslope, 
Ellesmere,35,79.49116938,-86.73034089,6082.511023,4260.817153,4.333962441,253.2046729,107.3336411, hillslope, 
Ellesmere,36,79.48871993,-86.71811959,2948.130716,2193.531794,6.180175781,231.03051,114.0216293, hillslope, 
Ellesmere,37,79.46574671,-86.38371635,6691.77353,2622.398357,5.12032938,168.9357317,51.33263397, hillslope, 
Ellesmere,39,79.47260571,-86.32288632,19212.42168,4538.373652,12.10405445,167.3234469,38.4156189, hillslope, 
Ellesmere,40,79.47638503,-86.2991534,19337.40357,6578.738816,6.577918053,118.7206714,33.48802185, hillslope, 
Ellesmere,41,79.47485293,-86.27392065,7269.172052,2503.578183,11.55067348,346.4157952,35.82061005, hillslope, 
Ellesmere,42,79.48051198,-86.28965079,2426.955328,919.9280607,7.973299503,190.1980648,35.76236343, hillslope, 
Ellesmere,43,79.48931325,-86.240813,11451.82243,5064.709888,7.820239544,166.1584357,33.15057373, hillslope, 
Ellesmere,44,79.48990266,-86.2276085,2168.677557,816.4245504,17.26563454,178.4615054,27.65108109, hillslope, 
Ellesmere,45,79.41334054,-85.35846282,89165.913,15127.29332,6.059268951,251.7343116,76.51912689, hillslope, 
Ellesmere,46,79.41290562,-85.43934115,50027.96601,14774.2365,12.28847313,196.1234517,125.7456436, hillslope, 
Ellesmere,47,79.41296465,-85.41222683,12348.78237,7071.192737,5.545752525,150.9318008,141.0613861, hillslope, 
Ellesmere,48,79.41512731,-85.45792826,3816.444587,2086.315153,12.24746895,227.4710075,114.0873566, hillslope, 
Ellesmere,49,79.49171276,-84.50245684,5445.311064,2027.369207,6.714941979,218.0134941,116.2509995, hillslope, 
Ellesmere,50,79.48773987,-84.40376326,51337.02063,9329.240172,7.191871166,21.56309933,67.54659271, hillslope, 
Ellesmere,51,79.48354227,-84.41756745,2509.101112,394.5201068,18.81385994,157.7175541,63.47992706, hillslope, 
Ellesmere,52,79.48347627,-84.41736604,2439.695255,584.8180406,17.76135063,147.6496084,62.48299408, hillslope, 
Ellesmere,53,79.47553823,-84.36223038,15595.94366,2851.220019,12.26360035,228.8775882,75.28562164, hillslope, 
Ellesmere,54,79.41562305,-84.4571437,4743.3322,2046.863142,7.19279623,245.5838437,175.7794647, hillslope, 
Ellesmere,55,79.41388791,-84.45790016,10117.44847,4148.030817,7.066263676,287.0340862,175.5826111, hillslope, 
Ellesmere,56,79.40010808,-84.48554456,20438.78342,7247.566432,9.459663391,271.4915769,18.03003311, lakeshore, 
Ellesmere,57,79.47219667,-84.50460755,3222.932358,1218.835059,9.684309006,318.9543791,56.44763947, lakeshore, 
Ellesmere,58,79.48872478,-84.08725675,7665.112802,1979.098512,11.54048061,161.1726549,107.8602982, hillslope, 
Ellesmere,59,79.47447538,-84.07250458,3984.571969,1694.115753,9.461620331,231.4181069,135.1598053, hillslope, 
Ellesmere,60,79.48731856,-84.03497995,9379.457901,1329.76483,26.3360157,226.1115173,221.8955078, hillslope, 
Ellesmere,61,79.5474414,-84.24371391,4573.282204,1164.066386,11.00753498,320.6209962,104.8069305, hillslope, 
Ellesmere,62,79.59242973,-84.45581357,2131.13845,478.5296824,19.47430038,217.4770909,157.8255615, hillslope, 
Ellesmere,63,79.52896572,-84.66472839,22603.19913,6454.348947,9.0001688,88.36916837,294.3552551, hillslope, 
Ellesmere,64,79.52548629,-84.5607977,7676.961879,1031.786115,17.44722939,221.9268852,103.3406296, hillslope, 
Ellesmere,65,79.5328494,-84.56685589,3274.727788,1151.998712,10.37246513,336.0048862,71.7547226, hillslope, 
Ellesmere,66,79.55933818,-84.57091702,3866.130887,1050.815908,7.335632324,39.89483754,88.59380341, hillslope, 
Ellesmere,67,79.57710548,-85.77397992,4091.245668,1718.2511,11.66134548,196.3130071,123.4024429, hillslope, 
Ellesmere,68,79.5518039,-86.1493686,7466.303111,1726.141502,8.953878403,242.5304239,58.21059036, hillslope, 
Ellesmere,69,79.55216647,-86.12962185,3971.66857,1368.7527,14.79063511,198.9229005,47.86808777, hillslope, 
Ellesmere,70,79.55208038,-86.18763398,2675.885291,984.4437017,12.28682709,177.4113605,79.18978882, hillslope, 
Ellesmere,71,79.56071812,-86.11266044,6794.476562,1948.465186,5.96325779,149.9719718,70.1403656, hillslope, 
Ellesmere,72,79.55906333,-86.09829647,5382.788917,1445.800156,8.979804039,103.2116021,41.37778473, hillslope, 
Ellesmere,73,79.5968177,-86.1568312,12718.94747,3688.995069,7.506243229,77.36067937,95.55059052, hillslope, 
Ellesmere,74,79.50815714,-86.67810055,4460.053031,2438.598401,4.933497429,188.0815752,69.54878235, hillslope, 
Ellesmere,75,79.51221378,-86.65107738,21459.96813,5887.168276,8.500343323,232.6075115,67.7540741, hillslope, 
Ellesmere,76,79.51526662,-86.66746205,5026.412071,2296.571163,9.330438614,239.5706616,45.75371552, hillslope, 
Ellesmere,77,79.51472026,-86.66359532,3379.482217,2362.943369,8.810459137,215.1294145,51.4320755, hillslope, 
Ellesmere,78,79.52074068,-86.69489583,1310.127834,769.0821375,8.664899826,190.7675893,32.85212708, hillslope, 
Ellesmere,79,79.52153647,-86.68241417,2306.522052,912.0376586,9.330065727,151.2913093,45.78873444, hillslope, 
Ellesmere,80,79.5325548,-86.71202556,9528.966058,3452.283005,9.076358795,192.9015904,40.60252762, hillslope, 
Ellesmere,81,79.54011905,-86.73607719,1483.947194,789.0402135,9.473311424,217.0579274,42.23754501, hillslope, 
Ellesmere,82,79.54012668,-86.73604044,2075.63462,996.9755169,9.221007347,216.2102993,42.40041733, hillslope, 
Ellesmere,83,79.55765677,-86.71000827,3929.188534,1584.114264,15.20668411,212.614106,33.97351456, hillslope, 
Ellesmere,84,79.65024405,-86.63816698,5387.11194,1114.403266,9.342464447,302.2683763,85.04884338, hillslope, 
Ellesmere,85,79.64141258,-86.68635719,5411.318695,2207.456033,8.820790291,212.2600278,54.31093216, hillslope, 
Ellesmere,86,79.6366533,-86.67522798,12711.90186,11602.60427,7.232596397,60.41284707,57.20579147, hillslope, 
Ellesmere,87,79.63990216,-86.64780684,9670.354942,3067.974007,4.414665222,233.2260862,87.2233429, hillslope, 
Ellesmere,88,79.62577087,-86.68177658,6750.014513,2459.948901,5.383073807,336.9713468,70.1870575, hillslope, 
Ellesmere,89,79.62580672,-86.68158183,6371.479873,2278.005511,5.294463635,345.87661,70.28546906, hillslope, 
Ellesmere,90,79.62770909,-86.6894508,2232.794224,1030.393691,5.431300163,66.39434895,61.98231506, hillslope, 
Ellesmere,91,79.62762354,-86.67394318,6539.0443,2054.289403,7.124406815,352.6517284,70.20561981, hillslope, 
Ellesmere,92,79.60173655,-86.27772057,23145.6478,10361.95457,4.253943443,16.60104898,94.23191834, hillslope, 
Ellesmere,93,79.61013157,-86.2524315,5619.385214,1645.845057,5.091163635,255.4624579,70.75775909, hillslope, 
Ellesmere,94,79.62165389,-86.25719043,5355.424778,1920.616708,9.177239418,321.2794444,64.26468658, hillslope, 
Ellesmere,95,79.62246966,-86.25037079,66691.49357,22191.05979,6.678035259,315.3339949,69.58393097, hillslope, 
Ellesmere,96,79.62966489,-86.25236473,2102.0845,863.7669632,6.039552212,342.9149663,55.31961823, hillslope, 
Ellesmere,97,79.62570534,-86.25381981,6223.884037,2525.856966,6.086127758,290.4784611,69.29050446, hillslope, 
Ellesmere,98,79.63413873,-86.27154552,4528.42057,1320.482004,6.507351875,87.34522135,43.03683472, hillslope, 
Ellesmere,99,79.61358633,-86.22893555,106382.7051,21564.00489,6.35645771,249.5979705,87.7121048, hillslope, 
Ellesmere,100,79.68835855,-85.37087135,10819.9179,4314.193403,6.718068123,207.3759134,25.82020187, hillslope, 
Ellesmere,101,79.69156966,-85.3602912,6724.788145,3341.353234,6.825160027,181.389488,47.01593781, hillslope, 
Ellesmere,102,79.69144596,-85.3483152,3007.210296,1805.509665,5.881452084,263.1717476,57.28041458, hillslope, 
Ellesmere,103,79.68545444,-85.34491839,34546.55316,8197.199536,9.160381317,151.7332697,32.00384903, hillslope, 
Ellesmere,104,79.65974044,-85.12914059,4960.910312,1710.360698,9.315224648,169.2023657,111.7277985, hillslope, 
Ellesmere,105,79.65783692,-85.0885148,20937.71287,11141.24782,3.051292419,173.6314928,118.3981552, hillslope, 
Ellesmere,106,79.644998,-85.02184593,1620.518485,1021.110865,7.991088867,177.5718261,88.67218018, hillslope, 
Ellesmere,107,79.64592786,-85.01282474,17031.15084,4206.048479,9.668753624,134.0186807,83.65355682, hillslope, 
Ellesmere,108,79.73887774,-84.79022051,10059.6187,4081.658611,4.398848057,275.6683029,142.4807129, hillslope, 
Ellesmere,109,79.73049357,-85.00135891,13199.99094,6143.374274,3.431122303,334.3064071,131.5167847, hillslope, 
Ellesmere,110,79.75802264,-85.2969312,11759.49511,4681.793314,6.494986057,159.7909783,89.05410004, hillslope, 
Ellesmere,111,79.72068513,-85.449665,17136.62658,7824.958212,7.700182438,61.47964656,59.78943253, hillslope, 
Ellesmere,112,79.71729614,-85.45813643,10867.26493,3141.772474,12.28052235,171.1024261,49.46810532, hillslope, 
Ellesmere,113,79.71619678,-85.41388597,3588.105251,1368.98477,9.939481735,320.4905013,58.16818619, hillslope, 
Ellesmere,114,79.71054198,-85.45961725,2878.804352,1407.276428,6.966442108,349.8980701,56.94443893, hillslope, 
Ellesmere,115,79.72349055,-85.36833481,5852.604494,1732.175339,13.63692284,74.32665477,64.38894653, hillslope, 
Ellesmere,116,79.72058576,-85.37398101,11495.59836,3329.749701,9.820948601,149.6890412,59.36644363, hillslope, 
Ellesmere,117,79.71715816,-85.30393924,4974.663299,2776.493269,4.045124531,296.5818377,94.4096756, hillslope, 
Ellesmere,118,79.71603021,-85.27761078,17138.72885,6130.842459,3.742242813,22.92305703,103.2049637, hillslope, 
Ellesmere,119,79.71442814,-85.26975428,12597.17575,4130.857589,8.308486939,93.22342145,111.5753784, hillslope, 
Ellesmere,120,79.71267297,-85.27889346,7756.79885,4922.218509,3.168378592,50.09265919,115.185112, hillslope, 
Ellesmere,121,79.71192595,-85.26853592,2671.573978,1427.698645,4.588472843,25.71848972,112.5380707, hillslope, 
Ellesmere,122,79.70814414,-85.32610591,17494.56225,7044.272542,3.925408602,329.2941679,85.91579437, hillslope, 
Ellesmere,123,79.70566224,-85.33772689,75401.47264,23010.73333,4.15968132,337.6996334,88.27792358, hillslope, 
Ellesmere,124,79.70566576,-85.34883078,4888.948523,2176.822707,6.532063007,1.580307826,81.99369812, hillslope, 
Ellesmere,125,79.70636071,-85.3733638,6487.735254,3191.899734,5.354212761,15.05709759,75.26159668, hillslope, 
Ellesmere,126,79.7167067,-85.69037322,11837.07378,3788.321308,6.755399227,212.4946387,119.4230728, hillslope, 
Ellesmere,127,79.70936624,-85.51734172,4047.208662,1723.820796,8.824864388,275.6981202,28.5043335, hillslope, 
Ellesmere,128,79.72166759,-85.52054744,67653.77133,9900.133973,6.223603725,236.2905696,60.9739418, hillslope, 
Ellesmere,129,79.79012428,-85.92353107,2325.914587,873.0497892,3.903617859,194.2833712,130.1768341, hillslope, 
Ellesmere,130,79.85477095,-86.40624588,5221.040821,2086.315153,11.82872963,214.1121229,126.4261475, hillslope, 
Ellesmere,131,79.89732692,-85.98883806,102870.0146,20367.91276,4.08545351,162.5166454,107.4415207, hillslope, 
Ellesmere,132,79.89959237,-85.5832403,10198.99072,1725.677361,15.11865616,154.1058824,60.82234573, hillslope, 
Ellesmere,133,79.87743661,-85.64639763,3840.441845,1199.341125,9.858153343,287.9510949,94.44738007, hillslope, 
Ellesmere,134,79.87661782,-85.63617325,3993.976135,1705.719285,6.731106281,227.656851,113.4330063, hillslope, 
Ellesmere,135,79.84516726,-85.55681638,3542.029201,2345.770141,4.077258587,303.3253282,79.28658295, hillslope, 
Ellesmere,136,79.84641702,-85.55198451,8634.822453,5980.460677,5.197355747,305.4490314,81.97323608, hillslope, 
Ellesmere,137,79.8684885,-84.5580465,27731.37443,10063.04757,4.103600979,27.23081331,78.09275055, hillslope, 
Ellesmere,138,79.80674902,-84.69054776,5872.146761,2632.145324,4.221333504,308.7027019,88.64838409, hillslope, 
Ellesmere,139,79.85625348,-84.21703413,8952.733894,4725.422596,4.245768547,278.6285662,129.6651611, hillslope, 
Ellesmere,140,79.98208326,-84.21581681,8823.914672,2959.364942,4.701134205,157.2711915,108.1625443, hillslope, 
Ellesmere,141,79.98207481,-84.16003616,4932.077705,1188.201733,4.683378696,60.10011042,101.8335495, hillslope, 
Ellesmere,142,79.97923384,-84.11072734,40869.7029,5966.072297,8.056091309,211.9145367,130.5714111, hillslope, 
Ellesmere,143,79.98044317,-84.12250328,91019.23282,13950.69512,7.992044449,215.1861581,128.9910736, hillslope, 
Ellesmere,144,79.91268027,-84.24510158,24921.34328,6620.511533,6.728381634,39.06491402,101.7773132, hillslope, 
Ellesmere,145,79.9202944,-84.23663732,40502.11935,7295.372986,12.56317997,131.2657789,92.94113922, hillslope, 
Ellesmere,146,79.91883714,-84.24269292,15036.32765,4054.274274,14.85452366,136.1958869,94.97753143, hillslope, 
Ellesmere,147,79.92114234,-84.23019641,3263.528917,909.7169521,13.82684231,119.3637476,87.8370285, hillslope, 
Ellesmere,148,79.921766,-84.2235781,3735.585458,417.2630306,13.08017826,86.48239072,84.205513, hillslope, 
Ellesmere,149,79.92624021,-84.2322351,10589.57109,3401.227462,10.64772511,177.3244714,93.97460175, hillslope, 
Ellesmere,150,79.9376,-84.24928255,5279.769183,1272.67545,14.38993263,158.197848,96.44261932, hillslope, 
Ellesmere,151,79.93807227,-84.24418454,7129.136164,963.0932018,14.95491886,211.1575002,96.6929245, hillslope, 
Ellesmere,152,79.96960984,-84.43344184,6591.797468,2408.893358,6.52289629,345.6869877,82.93357086, hillslope, 
Ellesmere,153,79.96742453,-84.33523855,4280.60789,1327.444124,8.236857414,162.9363002,115.5933304, hillslope, 
Ellesmere,154,79.96740948,-84.33566545,3313.363918,1214.193646,7.722495556,167.2778239,115.9291153, hillslope, 
Ellesmere,155,79.96960869,-84.3296605,7615.557559,2794.59478,8.788461685,148.4795688,116.848587, hillslope, 
Ellesmere,156,79.97065419,-84.32526136,12923.38448,3411.902712,12.64290524,109.2239051,118.7436752, hillslope, 
Ellesmere,157,79.97185923,-84.32109079,7653.777909,1715.002111,14.61272812,144.1991697,119.0601578, hillslope, 
Ellesmere,158,79.97319111,-84.30815028,8799.375984,1847.282382,10.67169952,192.4388164,119.4921265, hillslope, 
Ellesmere,159,79.94736832,-84.37317495,9748.039332,3012.741192,11.71436977,178.7431538,72.38811493, hillslope, 
Ellesmere,160,79.84740683,-84.46444682,3720.631225,947.7765389,13.0732317,174.5577373,124.578949, hillslope, 
Ellesmere,161,79.84392557,-84.4194962,2279.536137,580.1766276,3.348107338,359.8575023,141.9695282, hillslope, 
Ellesmere,162,79.82047818,-84.46683992,9329.819286,2093.277272,5.963159561,236.5585445,116.895874, hillslope, 
Ellesmere,163,79.82048922,-84.46589191,6793.414423,2239.017641,5.869618416,227.7277088,118.1505966, hillslope, 
Ellesmere,164,79.8196892,-84.4634905,1522.04108,515.1968453,8.101293564,190.7098674,116.8106079, hillslope, 
Ellesmere,165,79.79822257,-84.65022219,26022.53089,8667.838816,6.284258843,292.4508276,98.55377197, hillslope, 
Ellesmere,166,79.79180989,-84.62237125,5162.401094,1950.321751,5.165142536,264.7364888,110.7145004, hillslope, 
Ellesmere,167,79.78249315,-84.59713849,6428.117017,2399.610532,6.556600571,266.42365,120.5064011, hillslope, 
Ellesmere,168,79.93607625,-84.42842089,4697.631088,1624.494557,7.019489765,352.5657175,80.76858521, hillslope, 
Ellesmere,169,79.94519289,-84.45981016,3796.561473,1559.514775,5.923957348,230.0728584,78.0213089, hillslope, 
Ellesmere,170,79.91671237,-84.25297041,7335.509721,2030.618197,13.72581673,146.5722124,104.1273499, hillslope, 
Ellesmere,171,79.92995859,-84.30329403,8692.516952,4630.27363,3.059397459,173.6295788,67.46842194, hillslope, 
Ellesmere,172,79.9310399,-84.30024804,7991.014285,4634.450901,3.781768799,176.8825542,71.26926422, hillslope, 
Ellesmere,173,79.93056887,-84.29064204,9643.233238,3346.458788,3.859554529,188.2973335,71.75254822, hillslope, 
Ellesmere,174,79.92504633,-84.2761869,7833.753922,2868.393247,4.964467049,77.3820338,75.87387848, hillslope, 
Ellesmere,175,79.92301177,-84.25980246,4937.409894,2185.641392,12.28113556,293.355506,83.99125671, hillslope, 
Ellesmere,176,79.92775673,-84.26418698,15539.23167,8596.825197,5.756546974,266.4681701,76.03819275, hillslope, 
Ellesmere,177,79.92201957,-84.25557934,4388.95405,1917.83186,13.80232525,293.2865022,95.59375, hillslope, 
Ellesmere,178,79.92079172,-84.25308101,3822.096759,1328.372407,17.34798622,262.1989788,107.296669, hillslope, 
Ellesmere,179,79.91030514,-84.77710402,4355.57201,2331.845902,10.10522842,163.0911746,34.12778473, hillslope, 
Ellesmere,180,79.90543594,-85.49182127,6775.02162,3072.61542,5.32064724,310.5319773,81.46069336, hillslope, 
Ellesmere,181,79.90996298,-85.50370476,11422.01831,4281.23937,6.841325283,334.4227813,50.4246788, hillslope, 
Ellesmere,182,79.9098772,-85.52735196,25806.09861,4661.835238,17.65677071,138.8518104,35.57619858, hillslope, 
Ellesmere,183,79.91594104,-85.54788047,6813.010188,2561.363776,5.558687687,173.6595588,61.30419922, hillslope, 
Ellesmere,184,79.91397748,-85.53684333,4739.442692,1387.782493,11.3208313,199.6246901,49.01009369, hillslope, 
Ellesmere,185,79.91485828,-85.56806497,10480.52829,4840.993781,5.885912418,176.9629343,75.09524536, hillslope, 
Ellesmere,186,79.914683,-85.57849362,2212.209327,969.59118,6.53429842,174.2822175,83.20781708, hillslope, 
Ellesmere,187,79.91122367,-85.88861657,12298.7934,4465.039326,9.091974258,156.5958393,75.14064789, hillslope, 
Ellesmere,188,79.94185698,-85.95828526,4749.092792,2546.975395,7.573255062,329.3431136,52.0749588, hillslope, 
Ellesmere,189,79.94231719,-85.92379952,13009.75211,6862.793293,4.459517956,6.504016643,64.49667358, hillslope, 
Ellesmere,190,79.94154329,-85.99958115,27591.43258,7468.03355,7.97250557,216.4791801,69.45508575, hillslope, 
Ellesmere,191,79.94831653,-85.99540512,54605.65388,9410.4649,7.663432121,209.8909515,56.49917603, hillslope, 
Ellesmere,192,79.94641126,-85.98864422,11973.91672,6561.101446,5.738565922,21.28441313,59.26137924, hillslope, 
Ellesmere,193,79.94949568,-85.96963803,9978.430814,5308.384072,6.633011818,160.1958299,44.69285584, hillslope, 
Ellesmere,194,79.94558443,-86.02463603,20087.40002,6621.439815,5.47590971,80.9107361,58.0179863, hillslope, 
Ellesmere,195,79.95419521,-86.16468369,8709.932869,3342.745658,5.652105331,50.45770146,100.6676636, hillslope, 
Ellesmere,196,79.39393602,-86.4135745,4640.51153,1226.26132,9.231097221,141.4532656,76.35930634, hillslope, 
Ellesmere,197,79.38365087,-86.42072743,2450.051302,853.0917132,12.32887173,315.3864702,97.71408081, hillslope, 
Ellesmere,198,79.33916489,-86.28519857,4016.251862,2234.376228,7.727867127,255.0027713,106.5188675, hillslope, 
Ellesmere,199,79.34640491,-86.29183915,2456.496099,988.6209734,11.01897621,248.2698597,105.3662338, hillslope, 
Ellesmere,200,79.34924657,-86.29807314,1353.71791,909.2528108,7.806060791,181.9901441,92.16699982, hillslope, 
Ellesmere,201,79.34940304,-86.25394753,2351.927602,1299.595646,7.166348934,325.4551216,105.9549026, hillslope, 
Ellesmere,202,79.397648,-86.38397566,2186.801658,1161.745679,4.532653809,357.7510108,60.68100357, hillslope, 
Ellesmere,203,79.7600512,-85.92351211,4162.028592,1420.272384,8.266867638,312.0841223,66.16590118, hillslope, 
Ellesmere,204,79.7537092,-85.98460163,50104.17305,10227.81773,6.227562904,89.13942852,80.20233154, hillslope, 
Ellesmere,205,79.74869368,-85.94169723,23228.79204,5541.847147,7.62424469,340.0991012,62.51608276, hillslope, 
Ellesmere,206,79.74696085,-85.96165862,9649.416807,2208.384315,7.345448971,78.21613941,57.87913513, hillslope, 
Ellesmere,207,79.74185051,-85.94544134,6657.547878,2660.457944,7.247688294,205.4168114,70.32341003, hillslope, 
Ellesmere,208,79.73792118,-85.95968912,8283.27808,3541.862276,7.399687767,271.0912592,61.78871155, hillslope, 
Ellesmere,209,79.73863221,-85.98127152,79012.58682,9584.982029,7.495196343,151.3882905,51.95118713, hillslope, 
Ellesmere,210,79.73471168,-85.96144241,37913.45324,7125.961411,6.011492252,212.5069694,58.94934082, hillslope, 
Ellesmere,211,79.44137426,-85.45198302,51394.55511,8159.139949,9.627449989,189.6812073,150.3793945, hillslope, 
Ellesmere,212,79.43918152,-85.34841191,7512.653816,2379.188314,11.72451973,185.4540217,56.07621002, hillslope, 
Ellesmere,213,80.00033641,-85.98315528,5314.47687,1924.329838,8.101640701,184.3778185,58.85314941, hillslope, 
Ellesmere,214,79.99789626,-85.89475319,15613.78743,2694.340259,15.78332329,202.5852609,52.9960289, hillslope, 
Ellesmere,215,79.99496525,-85.88588054,2274.667172,1021.575006,6.879302979,298.0414095,57.6329422, hillslope, 
Ellesmere,216,79.99235772,-85.89318044,5063.105012,1878.843991,15.3558588,228.2619584,47.34566879, hillslope, 
Ellesmere,217,79.98270684,-85.78837232,11873.45484,4797.364498,5.205281258,228.3530458,40.1256752, hillslope, 
Ellesmere,218,79.98579946,-85.80164452,17890.12672,9493.546193,4.357992649,200.5626307,49.58773804, hillslope, 
Ellesmere,219,79.98748664,-85.78622957,6047.162795,2789.025084,5.908863545,154.6316049,47.28092194, hillslope, 
Ellesmere,220,79.98655216,-85.77052326,5477.075083,2956.115953,6.602465153,343.3509069,43.27280045, hillslope, 
Ellesmere,221,80.00114609,-85.87292606,2622.974072,1095.373473,6.991821289,16.32156889,49.38952255, hillslope, 
Ellesmere,222,79.98286912,-85.73980705,9324.919102,3594.310243,5.679999828,201.2926798,63.9894371, hillslope, 
Ellesmere,223,79.98561726,-85.70563808,4892.650282,1680.191514,4.792141438,114.2409165,70.56260681, hillslope, 
Ellesmere,224,80.00008304,-85.68073705,65623.52033,12420.42124,5.527845383,150.305108,79.48414612, hillslope, 
MRD_uplands,1,69.05465365,-133.9984989,4019.417155,923.6411911,8.790366173,352.3678053,38.44317627, lakeshore, 
MRD_uplands,2,69.04961216,-133.99135,2121.190234,621.9493448,11.93142223,185.3982584,35.28557587, lakeshore, 
MRD_uplands,3,69.06023674,-133.950908,1442.406942,399.1615198,7.218810082,283.3454912,36.99761963, lakeshore, 
MRD_uplands,4,69.07093851,-133.9453878,594.1476625,185.6565208,13.48358154,182.537624,32.54678726, lakeshore, 
MRD_uplands,5,69.09139561,-133.8183405,850.1550436,543.0453234,6.565606594,306.882748,32.75233459, lakeshore, 
MRD_uplands,6,69.53401876,-134.4314205,3290.193544,1160.353255,12.10674095,344.9675417,26.83136368, lakeshore, 
MRD_uplands,7,69.54575137,-134.4026631,875.4049614,422.3685849,6.554708481,250.0588862,23.33412743, lakeshore, 
MRD_uplands,8,69.54307337,-134.3552893,1736.217537,756.5503224,14.40760899,26.24342223,10.90844536, lakeshore, 
MRD_uplands,9,69.54409695,-134.3421102,2561.485902,765.8331484,9.484363556,330.29037,18.18165779, lakeshore, 
MRD_uplands,10,69.54532179,-134.3385071,1030.674497,403.8029328,6.647695541,351.7400721,15.24870205, lakeshore, 
MRD_uplands,11,69.50580493,-134.3470341,1634.967933,547.6867365,6.948926926,336.3539142,21.7037487, lakeshore, 
MRD_uplands,12,69.52591753,-134.267328,1264.512657,445.57565,8.017677307,238.6970396,11.70769215, lakeshore, 
MRD_uplands,13,69.49471481,-134.3642402,2386.438152,710.1361922,8.941196442,345.0765457,26.03126335, lakeshore, 
MRD_uplands,14,69.47105847,-134.3373643,1368.195884,273.8433682,14.99550533,325.553442,20.16321754, lakeshore, 
MRD_uplands,15,69.46902798,-134.3357818,4835.581732,1086.090647,11.95012569,114.6515054,30.77528572, lakeshore, 
MRD_uplands,16,69.46532716,-134.3138035,1421.066188,584.8180406,7.810929298,323.5308712,24.58143425, lakeshore, 
MRD_uplands,17,69.44564265,-134.3326555,1318.757896,510.5554323,11.19113922,206.6967299,29.01665688, lakeshore, 
MRD_uplands,18,69.43117252,-134.3097949,790.8472456,204.2221729,11.19640923,154.0726062,34.21919632, lakeshore, 
MRD_uplands,19,69.43185344,-134.3066828,3570.061955,802.9644526,12.29618073,177.5139099,39.10968018, lakeshore, 
MRD_uplands,20,69.44738962,-134.2982166,2620.657774,812.2472786,14.5950098,46.76065647,30.23992157, lakeshore, 
MRD_uplands,21,69.44292147,-134.263641,579.6572165,264.5605422,13.50940609,13.80339761,30.16284752, lakeshore, 
MRD_uplands,22,69.34932383,-134.5735251,2598.437799,668.363475,8.845630646,322.1716041,17.7348938, lakeshore, 
MRD_uplands,23,69.44668462,-134.2630733,1409.117317,413.0857589,10.67269039,151.78554,30.48844528, lakeshore, 
MRD_uplands,24,69.49453867,-134.2809744,1395.49683,352.7473896,11.90578365,192.759396,19.79615211, lakeshore, 
MRD_uplands,25,69.41528579,-134.2123845,1855.083038,603.3836927,13.16585636,162.4246318,24.64611626, lakeshore, 
MRD_uplands,26,69.43015553,-134.1694049,5406.926008,1225.333037,7.861683369,11.63534653,30.61177635, lakeshore, 
MRD_uplands,27,69.49548023,-134.3576844,1274.816732,334.1817375,12.96562481,330.6521954,27.73371124, lakeshore, 
MRD_uplands,28,68.99617581,-133.7963064,1273.784125,519.8382583,7.473476887,335.6267668,43.32778549, lakeshore, 
MRD_uplands,30,69.35088926,-134.5713324,1417.124112,603.3836927,8.769603729,306.2506326,15.79973125, lakeshore, 
MRD_uplands,31,69.32050141,-134.5517962,1656.340138,422.3685849,11.96875,114.4678285,12.69049263, lakeshore, 
MRD_uplands,32,69.20824916,-134.9666275,1750.924121,710.1361922,8.472706795,38.53224769,3.98022151, lakeshore, 
MRD_uplands,33,69.23049186,-134.8455868,1534.073059,663.722062,11.47199917,62.52105377,9.317130089, lakeshore, 
MRD_uplands,34,69.35838058,-134.4873973,5381.443692,789.0402135,17.55339813,137.3102895,12.97565365, lakeshore, 
MRD_uplands,35,69.33541033,-134.512776,1886.138126,385.2372807,9.049386025,83.58874727,17.59192848, lakeshore, 
MRD_uplands,36,68.99569157,-133.7907881,3157.002232,789.0402135,12.17120552,55.94241455,42.9683075, lakeshore, 
MRD_uplands,37,69.32330809,-134.4838198,431.0192419,148.5252167,16.90074539,163.3187811,27.39371681, lakeshore, 
MRD_uplands,38,69.32624028,-134.453882,9835.146162,2060.787381,8.899691582,175.9740192,26.16750717, lakeshore, 
MRD_uplands,39,69.34869768,-134.4065378,402.2884767,181.0151078,16.81011391,199.3453956,15.89646435, lakeshore, 
MRD_uplands,40,69.37826164,-134.3877423,2644.776024,923.6411911,8.005489349,68.57479199,6.312555313, lakeshore, 
MRD_uplands,41,69.38232852,-134.3937294,2421.708601,802.9644526,9.108098984,44.25829016,7.933285236, lakeshore, 
MRD_uplands,42,69.38921215,-134.3731086,1233.863354,362.0302156,12.21255016,203.5785578,12.60756493, lakeshore, 
MRD_uplands,43,69.38869055,-134.3685156,1507.651499,496.6311932,8.253051758,195.238631,13.50979328, lakeshore, 
MRD_uplands,44,69.33038363,-134.3048085,1081.806701,575.5352146,7.334327698,47.70302197,26.22411346, lakeshore, 
MRD_uplands,45,69.32637994,-134.2843621,535.5266377,167.0908687,13.1757164,0.129194615,19.7972908, lakeshore, 
MRD_uplands,46,69.32895542,-134.2631119,4868.697768,1239.257277,11.75314713,315.0600804,25.15122795, lakeshore, 
MRD_uplands,47,69.32677217,-134.2735135,598.4526606,236.7120641,12.1831007,354.0429291,25.24916077, lakeshore, 
MRD_uplands,48,69.3269232,-134.2947729,250.0433962,236.7120641,11.79238987,40.62860541,23.63296127, lakeshore, 
MRD_uplands,49,69.35124584,-133.4863428,2919.343439,937.5654302,9.522660255,309.4727102,12.4888134, lakeshore, 
MRD_uplands,50,69.35399194,-133.4857997,4109.955188,1568.797601,5.50607729,264.5366719,6.578228951, lakeshore, 
MRD_uplands,51,69.32984285,-134.5007764,1291.455742,603.3836927,9.550085068,319.6794675,20.33975601, lakeshore, 
MRD_uplands,52,69.22152662,-134.7272195,1153.651656,617.3079318,7.618520737,6.298496424,19.789711, lakeshore, 
MRD_uplands,53,69.34789483,-134.5074629,2413.462908,1067.524995,10.15056038,327.8776785,19.96178627, lakeshore, 
MRD_uplands,54,69.39331627,-134.4938046,1500.213809,473.4241281,10.52723503,227.7118201,12.12938881, lakeshore, 
MRD_uplands,55,69.39153724,-134.4909381,1661.001872,635.8735839,7.393412113,232.9558874,10.73006153, lakeshore, 
MRD_uplands,56,69.30676103,-134.5008491,4301.621366,1025.752278,10.43573856,27.35290299,36.90419769, lakeshore, 
MRD_uplands,57,69.33846179,-134.4961394,1615.54835,450.217063,17.43945313,187.5823314,20.60209274, lakeshore, 
MRD_uplands,58,69.32868496,-134.6238144,683.3234797,208.8635859,16.00379944,115.152459,9.527863503, lakeshore, 
MRD_uplands,59,69.30740172,-134.5383529,3602.259748,895.792713,7.622569561,199.6674612,30.61430359, lakeshore, 
MRD_uplands,60,69.21515392,-134.6869045,7667.749975,1773.019774,7.204660416,199.1791387,22.29035378, lakeshore, 
MRD_uplands,61,68.9946081,-133.7884306,1106.277086,306.3332594,16.18673897,71.11489158,39.9341011, lakeshore, 
MRD_uplands,62,69.2163299,-134.691538,1013.280339,431.6514109,5.712632656,161.2130684,33.55166245, lakeshore, 
MRD_uplands,63,69.22028798,-134.6900775,741.1702725,362.0302156,10.94645786,295.0647387,18.79875374, lakeshore, 
MRD_uplands,64,69.22134503,-134.6903065,967.282724,417.7271719,8.620494843,239.3524064,17.40036011, lakeshore, 
MRD_uplands,65,69.23441186,-134.6871841,2302.487574,802.9644526,11.30072498,21.25397399,16.74534035, lakeshore, 
MRD_uplands,66,69.25491235,-134.6560901,750.8187145,320.2574984,9.347113609,161.4478196,21.66270638, lakeshore, 
MRD_uplands,67,69.26254879,-134.6891674,837.6897115,190.2979339,8.158606529,279.5358185,16.04550934, lakeshore, 
MRD_uplands,68,69.24806208,-134.6543779,882.0579326,478.0655411,6.842570305,137.3227564,27.31620026, lakeshore, 
MRD_uplands,69,69.25269048,-134.6328761,1059.178529,338.8231505,7.988778114,224.6897396,29.02501869, lakeshore, 
MRD_uplands,70,69.24596761,-134.6263793,231.1878328,181.0151078,14.74920273,289.217735,28.34534645, lakeshore, 
MRD_uplands,71,69.22779463,-134.5979177,11024.17105,2770.923573,8.397102356,185.5766962,27.10252571, lakeshore, 
MRD_uplands,72,69.226628,-134.5954368,3957.181025,1160.353255,9.051602364,212.0250904,19.10263824, lakeshore, 
MRD_uplands,73,69.23826038,-134.5139027,2368.566612,979.3381474,7.372000217,38.10927805,29.5750103, lakeshore, 
MRD_uplands,74,69.25350209,-134.448428,2208.838504,696.2119531,7.581156731,292.7418502,33.87267685, lakeshore, 
MRD_uplands,75,69.26119629,-134.4475332,601.9945567,269.2019552,7.914675713,303.7616623,32.73865891, lakeshore, 
MRD_uplands,76,69.26141362,-134.4360414,1321.930206,385.2372807,12.45591831,338.8559573,39.52590942, lakeshore, 
MRD_uplands,77,69.26383308,-134.4298461,967.0928493,352.7473896,13.86685944,315.2065385,34.29579163, lakeshore, 
MRD_uplands,78,69.26998362,-134.4415348,1444.537323,422.3685849,13.89391041,184.9594969,33.09896088, lakeshore, 
MRD_uplands,79,69.29057718,-134.4397883,1593.115187,686.9291271,6.977826595,131.3546538,29.21038246, lakeshore, 
MRD_uplands,80,69.22264118,-134.4078952,714.5618715,148.5252167,11.40671539,169.0454803,21.66670609, lakeshore, 
MRD_uplands,81,69.21832227,-134.3851633,705.4658748,287.7676073,9.20797348,192.4990772,32.25791168, lakeshore, 
MRD_uplands,82,69.21423869,-134.1165569,1307.243078,496.6311932,8.022631645,72.91322673,23.55723, lakeshore, 
MRD_uplands,83,69.26516737,-133.5234158,1796.49985,858.6614089,10.11275959,257.9442214,20.11366272, lakeshore, 
MRD_uplands,84,69.17725303,-134.8947829,663.875804,269.2019552,9.204122543,267.6752307,14.69166374, lakeshore, 
MRD_uplands,85,69.13763825,-134.8663575,2808.260015,765.8331484,12.00434208,161.1079445,37.88547897, lakeshore, 
MRD_uplands,86,69.14149254,-134.8589924,2256.703793,617.3079318,11.81003761,40.02765296,29.34599876, lakeshore, 
MRD_uplands,87,69.14698631,-134.855801,5113.843033,1429.55521,11.34436512,159.0397731,32.37784576, lakeshore, 
MRD_uplands,88,69.15254222,-134.8595771,1650.233911,468.7827151,10.61909771,111.9273579,26.7284584, lakeshore, 
MRD_uplands,89,69.13937496,-134.8348313,1008.238045,334.1817375,19.27469444,3.499013823,30.75560761, lakeshore, 
MRD_uplands,90,69.125622,-134.81429,1339.610074,491.9897802,7.534667969,330.9152103,31.97432899, lakeshore, 
MRD_uplands,91,69.14763847,-134.7842688,16554.12028,3248.989115,8.415493012,179.5054582,63.18154144, lakeshore, 
MRD_uplands,92,69.16780058,-134.7654877,4542.240601,1011.828039,8.089848518,269.7148005,31.89027023, lakeshore, 
MRD_uplands,93,69.17587356,-134.7640435,1419.169778,259.9191292,14.7251749,42.95235735,25.35912704, lakeshore, 
MRD_uplands,94,69.1847399,-134.8032927,2234.434558,724.0604312,8.846932411,324.251588,16.33649635, lakeshore, 
MRD_uplands,95,69.18114422,-134.7458194,12572.20713,2227.87825,9.710874558,66.50098396,25.14228439, lakeshore, 
MRD_uplands,96,69.19966393,-134.7435976,1686.085508,403.8029328,15.04476643,79.85196871,24.63094139, lakeshore, 
MRD_uplands,97,69.18398646,-134.690385,1194.374024,357.3888026,13.81561089,7.543357691,28.23318291, lakeshore, 
MRD_uplands,98,69.12920929,-134.7083632,1014.21068,436.292824,17.34724998,71.5881216,5.595335484, lakeshore, 
MRD_uplands,99,69.11605082,-134.5841272,1387.333329,422.3685849,10.21451855,288.0808117,21.57962418, lakeshore, 
MRD_uplands,100,69.18535018,-134.4779041,1055.862202,269.2019552,12.80956173,15.15567611,19.877882, lakeshore, 
MRD_uplands,101,69.18659609,-134.4897367,624.0557783,153.1666297,10.85834217,94.94168061,25.1289444, lakeshore, 
MRD_uplands,102,68.99241098,-133.7851421,799.9057596,269.2019552,6.058405399,31.47339986,42.06366348, lakeshore, 
MRD_uplands,103,69.11693167,-134.2109064,2567.189968,881.868474,7.667272568,267.7554358,27.66647911, lakeshore, 
MRD_uplands,104,69.12022273,-134.1871962,8831.929695,1944.752056,6.703802586,64.41481839,40.88476944, lakeshore, 
MRD_uplands,105,69.12021401,-134.1774623,3163.394728,714.7776052,11.20965958,279.8992405,40.89570618, lakeshore, 
MRD_uplands,106,69.11225789,-134.1613952,15538.10776,2160.577761,9.782841682,152.3428227,35.58324814, lakeshore, 
MRD_uplands,108,69.13568673,-134.0968213,1935.220143,756.5503224,8.894732475,349.1664936,21.63713455, lakeshore, 
MRD_uplands,109,69.11521016,-134.0459146,1908.468238,598.7422797,10.8847723,162.9234472,29.22005653, lakeshore, 
MRD_uplands,110,69.12544181,-134.0447371,422.4572368,218.146412,4.113652229,222.4646502,33.80213928, lakeshore, 
MRD_uplands,111,69.13375244,-133.9817357,536.7019079,213.504999,8.1600523,199.5697701,29.58143616, lakeshore, 
MRD_uplands,112,69.13698441,-133.983621,1113.422671,501.2726062,6.634091377,302.6126581,28.81560516, lakeshore, 
MRD_uplands,113,69.10892901,-133.9052104,911.9886672,259.9191292,12.224823,22.26257825,31.33121109, lakeshore, 
MRD_uplands,114,69.16303766,-133.8512056,3146.56085,918.9997781,5.469717026,201.177961,36.16460419, lakeshore, 
MRD_uplands,115,69.16361757,-133.8550599,977.057845,371.3130417,7.399173737,218.802348,32.61443329, lakeshore, 
MRD_uplands,116,69.14971989,-133.8219315,565.4635339,371.3130417,11.01461601,100.432489,39.86063766, lakeshore, 
MRD_uplands,117,69.15222735,-133.8143946,322.009236,222.787825,12.58865452,158.9280534,37.09820175, lakeshore, 
MRD_uplands,118,69.17949373,-133.786378,5233.546168,1656.984448,7.394399643,353.4205739,34.46789551, lakeshore, 
MRD_uplands,119,69.15575991,-133.7791229,1080.650969,320.2574984,13.4697752,80.04746611,34.83793259, lakeshore, 
MRD_uplands,120,69.15005745,-133.7946525,786.4651309,352.7473896,9.537723541,197.5231636,38.15418625, lakeshore, 
MRD_uplands,130,69.08782677,-134.2042879,652.3278626,204.2221729,10.48371124,187.6202929,28.75320625, lakeshore, 
MRD_uplands,131,69.15910917,-133.2297075,2825.490993,775.1159745,7.625586033,285.25795,30.07500839, lakeshore, 
MRD_uplands,132,69.07704921,-134.0973295,6366.315113,1991.166186,9.005049706,325.2552347,31.07757378, lakeshore, 
MRD_uplands,133,69.08492581,-134.0514956,922.1350035,334.1817375,10.64321041,41.02292579,30.22888947, lakeshore, 
MRD_uplands,134,69.0785006,-134.0428707,1006.256533,626.5907578,6.12463665,143.653916,30.20059586, lakeshore, 
MRD_uplands,135,69.08217856,-134.0255858,736.4237193,366.6716286,10.20157909,175.5712675,33.53551865, lakeshore, 
MRD_uplands,136,69.08209256,-134.0192278,2067.551065,886.509887,7.683892727,170.2418974,33.81580734, lakeshore, 
MRD_uplands,137,69.08219247,-134.0033485,1626.455708,649.7978229,8.454052925,222.251944,34.58998871, lakeshore, 
MRD_uplands,138,69.04651222,-134.04192,883.5629959,394.5201068,10.37023067,199.0890168,38.20354843, lakeshore, 
MRD_uplands,139,69.00764526,-133.5343829,1127.810601,389.8786937,13.6594553,142.5711955,56.09371567, lakeshore, 
MRD_uplands,140,69.08382041,-133.4807687,2124.965313,594.1008667,8.494446755,5.27342984,43.98842621, lakeshore, 
MRD_uplands,141,69.0337559,-133.2588089,485.9338237,199.5807599,9.506040573,184.5815615,21.46575165, lakeshore, 
MRD_uplands,142,69.06466188,-133.0866327,777.083501,259.9191292,8.671283722,65.57029203,4.996085167, lakeshore, 
MRD_uplands,143,69.04202138,-133.050993,1267.212139,501.2726062,9.840584755,250.0637093,10.59270668, lakeshore, 
MRD_uplands,144,69.0453199,-133.0483128,708.6549847,259.9191292,12.84752464,14.1897003,6.061829567, lakeshore, 
MRD_uplands,145,69.02867466,-133.0324359,2391.829884,612.6665187,8.523237228,60.64012752,4.43424654, lakeshore, 
MRD_uplands,146,69.0338849,-133.0097754,1126.781364,245.9948901,11.71737385,242.4734182,5.402113438, lakeshore, 
MRD_uplands,147,69.07969395,-133.033944,1076.409109,348.1059766,9.139462471,300.5839715,16.79668808, lakeshore, 
MRD_uplands,150,68.90592595,-134.2445574,6435.920134,1619.853144,9.499343872,15.72783823,68.81147766, lakeshore, 
MRD_uplands,151,68.90785848,-134.244787,328.5250331,148.5252167,7.435732365,237.5377822,65.31921387, lakeshore, 
MRD_uplands,152,68.95737524,-133.9072618,3070.237719,835.4543437,11.10240936,246.5611225,54.15907288, lakeshore, 
MRD_uplands,153,68.98065959,-133.840837,1034.938254,385.2372807,8.33556366,281.8510817,44.65234756, lakeshore, 
MRD_uplands,154,68.94875535,-133.8951745,1199.519604,594.1008667,7.304579258,211.474163,59.56519699, lakeshore, 
MRD_uplands,155,68.94810199,-133.890806,512.078573,120.6767385,8.879377365,241.1844016,56.97790146, lakeshore, 
MRD_uplands,156,68.94513827,-133.8914655,522.4749918,148.5252167,9.987304688,3.025810527,61.66744995, lakeshore, 
MRD_uplands,157,69.36437431,-134.3603815,3304.449006,714.7776052,10.98802567,135.5839784,23.76137543, lakeshore, 
MRD_uplands,158,69.22416088,-134.7188356,3043.818741,798.3230396,9.448701859,97.10931224,17.50456619, lakeshore, 
MRD_uplands,159,68.98187563,-133.5570305,1298.512365,575.5352146,7.199239254,222.4315087,42.76986313, lakeshore, 
MRD_uplands,160,68.96527191,-133.2279433,1213.5567,204.2221729,34.0360527,112.5824201,12.31229591, lakeshore, 
MRD_uplands,161,68.97264235,-133.0874973,1017.912479,181.0151078,17.56407738,312.3388976,11.92045021, lakeshore, 
MRD_uplands,162,68.97334932,-133.0866649,1277.245222,204.2221729,12.14330101,273.9857443,14.34788799, lakeshore, 
MRD_uplands,163,68.97463966,-133.0849699,2676.293884,371.3130417,13.86378098,291.0195354,15.59606934, lakeshore, 
MRD_uplands,164,68.97994162,-133.0757005,3198.262052,765.8331484,19.54147911,70.43180369,9.867869377, lakeshore, 
MRD_uplands,165,68.98362396,-133.0835592,1053.315089,194.9393469,8.438965797,267.0334773,7.179970264, lakeshore, 
MRD_uplands,167,68.97782358,-133.0834289,1895.315372,413.0857589,12.82417679,252.7019678,16.39395142, lakeshore, 
MRD_uplands,168,68.97696016,-133.08399,2300.529958,510.5554323,16.65930367,275.7557979,14.58485985, lakeshore, 
MRD_uplands,169,68.97579795,-133.0756968,1561.821394,389.8786937,21.49705696,109.0898294,8.889342308, lakeshore, 
MRD_uplands,171,68.98852599,-132.9513417,771.9976333,190.2979339,15.20943546,223.6328774,2.009429216, lakeshore, 
MRD_uplands,172,68.95683724,-132.9850494,2059.781984,343.4645635,12.97373104,280.6536511,12.58395576, lakeshore, 
MRD_uplands,173,68.81759227,-134.1937996,1728.927696,519.8382583,10.7307806,285.6045934,76.94432831, lakeshore, 
MRD_uplands,174,68.82020274,-134.1954286,4340.943285,863.3028219,11.72284222,250.5940389,76.53144836, lakeshore, 
MRD_uplands,175,68.82244548,-134.1943078,5372.577677,1819.433904,7.653401375,229.0887855,96.11403656, lakeshore, 
MRD_uplands,176,68.83148958,-134.1851622,715.2073906,185.6565208,14.82399178,38.02854688,116.5757294, hillslope, 
MRD_uplands,177,68.8543594,-134.2098367,1312.74994,617.3079318,8.833294869,327.190658,64.22053528, lakeshore, 
MRD_uplands,178,68.86276849,-134.214392,2183.630133,770.4745615,10.66942787,168.2479223,63.71517944, lakeshore, 
MRD_uplands,179,68.87185594,-134.2111764,1372.675964,403.8029328,13.63651085,129.8304957,65.83664703, lakeshore, 
MRD_uplands,180,68.88380083,-134.212588,2993.554173,937.5654302,9.272110939,258.346021,86.44680786, lakeshore, 
MRD_uplands,181,68.88113538,-134.1999592,297.5104244,111.3939125,14.11503601,164.030107,63.1646843, lakeshore, 
MRD_uplands,182,68.83700267,-134.0185975,705.17275,264.5605422,7.815143585,351.1828615,232.1019897, lakeshore, 
MRD_uplands,183,68.86263456,-133.9318759,5083.052011,1285.671407,9.16815567,194.5662279,183.75383, lakeshore, 
MRD_uplands,184,68.83089375,-133.4087158,1622.110499,733.3432573,14.89693642,273.5186896,8.534567833, lakeshore, 
MRD_uplands,185,68.84092975,-133.3769732,535.1940781,74.26260833,29.14646721,49.97265892,10.72244358, lakeshore, 
MRD_uplands,186,68.83596676,-133.407386,1866.223467,1086.090647,19.0610733,312.1271992,11.25111675, lakeshore, 
MRD_uplands,187,68.83825689,-133.3963505,738.857555,552.3281495,17.42391777,332.715233,11.08358955, lakeshore, 
MRD_uplands,188,68.86229376,-133.9290256,743.2821815,320.2574984,6.401051045,206.2341812,185.8448181, lakeshore, 
MRD_uplands,189,68.84102441,-133.3882663,440.5325603,185.6565208,16.91569519,344.7601853,13.52694893, lakeshore, 
MRD_uplands,190,68.84020681,-133.3747225,336.4798495,60.33836927,13.50426006,49.3271223,11.0892601, lakeshore, 
MRD_uplands,191,68.83934064,-133.3727258,176.9514004,41.77271719,27.65516281,78.03417714,4.357272148, lakeshore, 
MRD_uplands,192,68.86281169,-133.3401392,1322.963948,250.6363031,26.47777748,125.4820777,4.960161686, lakeshore, 
MRD_uplands,193,68.8618769,-133.3413534,500.7670487,102.1110865,30.42310524,145.4102957,1.451814771, lakeshore, 
MRD_uplands,194,68.86413314,-133.3389443,931.4352757,338.8231505,27.15180016,114.2259757,10.07273865, lakeshore, 
MRD_uplands,195,68.80797899,-133.06201,2109.930114,659.080649,13.68473053,46.42751572,9.945986748, lakeshore, 
MRD_uplands,196,68.87626406,-133.3210013,714.6958757,157.8080427,21.61129189,150.9622993,8.544181824, lakeshore, 
MRD_uplands,197,68.80923103,-133.0623452,1434.96239,543.0453234,9.528533936,109.8043131,8.773789406, lakeshore, 
MRD_uplands,198,68.87860472,-133.3097479,470.8521334,111.3939125,23.27968788,162.5901476,10.13110733, lakeshore, 
MRD_uplands,199,68.81771306,-133.2176328,782.5062239,301.6918464,13.06543255,204.6669421,34.80667877, lakeshore, 
MRD_uplands,200,68.83044106,-133.1921672,8680.773136,1698.757166,12.27311134,58.94901893,40.3860054, lakeshore, 
MRD_uplands,201,68.84631871,-132.9607071,7749.3864,1921.544991,7.780923843,349.8170732,7.84157753, lakeshore, 
MRD_uplands,202,68.84600353,-132.9556041,583.725959,143.8838036,11.18049431,20.814637,4.718016625, lakeshore, 
MRD_uplands,203,68.8368871,-132.9702432,13233.36144,2483.155966,7.506296158,241.4113575,11.5490284, lakeshore, 
MRD_uplands,204,68.83435313,-132.9662594,439.2856884,255.2777161,6.676923275,233.8489722,3.25522399, lakeshore, 
MRD_uplands,205,68.83071224,-132.9628495,1311.328493,742.6260833,8.839068413,277.3790199,9.357449532, lakeshore, 
MRD_uplands,206,68.82932632,-132.9579945,1615.863164,751.9089094,8.724304199,253.5793859,31.45329666, lakeshore, 
MRD_uplands,207,68.82639056,-132.9634111,2088.758373,489.6690737,11.05744267,247.4980123,11.45497131, lakeshore, 
MRD_uplands,208,68.82485129,-132.965496,850.5876815,343.4645635,6.872203827,305.3734262,3.590754032, lakeshore, 
MRD_uplands,209,68.7209711,-134.1458619,1193.660719,334.1817375,14.56779003,328.6381348,120.0052109, hillslope, 
MRD_uplands,210,68.73769569,-134.0668063,769.9579833,264.5605422,6.286991119,299.4821169,133.1318512, lakeshore, 
MRD_uplands,211,68.77869027,-133.671608,3793.796232,612.6665187,10.21522045,10.0973469,58.94400406, lakeshore, 
MRD_uplands,212,68.79158527,-133.566362,1019.098306,487.3483672,8.054231644,268.6968654,60.27180862, lakeshore, 
MRD_uplands,214,68.77015116,-133.1603133,2449.328666,798.3230396,8.250477791,118.0844683,45.10805893, lakeshore, 
MRD_uplands,215,68.78096575,-133.1421102,1147.797392,399.1615198,5.819042683,7.728450515,52.01839066, lakeshore, 
MRD_uplands,216,68.78073059,-133.1120131,21858.52646,3513.549657,9.580037117,48.79112513,32.04957199, lakeshore, 
MRD_uplands,217,68.78085881,-133.0996825,493.9649357,167.0908687,6.794641018,311.3092995,32.28417969, lakeshore, 
MRD_uplands,218,68.74477447,-132.9116942,2288.700469,673.004888,8.120904923,329.775642,32.31146622, lakeshore, 
MRD_uplands,219,68.80022379,-133.0973584,818.3657929,320.2574984,7.94356823,303.1060826,6.23653841, lakeshore, 
MRD_uplands,220,68.75497806,-132.8892246,5298.709779,1035.035104,10.61771393,87.37074416,24.57375526, lakeshore, 
MRD_uplands,230,68.50192622,-133.8387646,1340.469749,422.3685849,6.205406666,267.7436327,11.30208206, lakeshore, 
MRD_uplands,231,68.52877982,-133.7429252,31860.58892,5235.513887,7.563387394,43.0308247,110.7158356, lakeshore, 
MRD_uplands,232,68.59098022,-133.6214568,733.2155292,362.0302156,8.335251808,15.70747947,90.52442932, lakeshore, 
MRD_uplands,233,68.58474674,-133.510029,2851.749607,436.292824,15.59171772,61.81455965,68.22977448, lakeshore, 
MRD_uplands,234,68.51825391,-133.4332447,757.9106425,343.4645635,5.63476038,254.0036723,111.7686081, lakeshore, 
MRD_uplands,235,68.56364664,-133.3453174,609.7181138,278.4847812,14.07649803,91.83636348,139.6880798, lakeshore, 
MRD_uplands,236,68.58305894,-133.2222227,1171.949847,459.4998891,12.13852596,318.6741606,169.9055176, lakeshore, 
MRD_uplands,237,68.45820174,-133.6561959,922.2220176,324.8989115,7.717455387,101.5175944,131.427002, lakeshore, 
Noatak,1,68.19807206,-156.1164453,14152.98588,4483.604978,8.26134491,23.50292056,636.6990356, hillslope, 
Noatak,2,68.20297963,-156.1339573,4719.839133,1944.752056,10.26752758,26.92441126,656.7057495, hillslope, 
Noatak,3,68.20467373,-156.135381,3709.139153,1833.358143,9.878866196,38.80445773,639.9899902, hillslope, 
Noatak,4,68.20576803,-156.1384453,1670.105845,886.509887,7.959832668,23.84294198,639.7335815, hillslope, 
Noatak,5,68.12278728,-155.8637883,443.8104739,264.5605422,9.875782013,212.5632099,700.4082642, lakeshore, 
Noatak,6,68.11753923,-156.7806788,4385.010363,1485.252167,8.834107399,327.9413963,603.6688232, hillslope, 
Noatak,7,68.07949768,-155.6478417,1910.016246,608.0251057,13.53933907,319.074494,723.1610107, hillslope, 
Noatak,8,68.08407614,-155.6916829,1428.52687,719.4190182,5.564329147,206.4932568,689.864624, hillslope, 
Noatak,9,68.04383843,-155.831991,1326.671594,816.8886917,10.33654594,310.5084359,775.6865845, hillslope, 
Noatak,10,68.09221761,-156.0122018,403.0655306,278.4847812,5.728527546,228.1296686,690.4395752, lakeshore, 
Noatak,11,68.03274661,-157.7374034,2250.664489,918.9997781,6.971940517,49.21498538,415.1095276, lakeshore, 
Noatak,12,67.95856831,-156.8188092,8204.886763,4205.120197,4.763191223,277.3601715,597.7191162, hillslope, 
Noatak,13,67.95881046,-156.793019,2331.254507,1861.206621,4.749178886,347.028579,624.6538086, hillslope, 
Noatak,14,67.95879992,-156.7871105,5668.515172,3522.832483,6.318056583,356.519125,627.060791, hillslope, 
Noatak,15,67.80585422,-156.6802667,950.9964625,399.1615198,16.64657402,331.5779863,661.9119873, hillslope, 
Noatak,16,67.86199475,-157.5291431,4560.01152,1977.241947,5.822983742,44.9325512,476.3373718, hillslope, 
Noatak,17,67.86189535,-157.5247482,1298.913485,765.8331484,6.754381657,44.27165532,463.624939, hillslope, 
Noatak,18,67.87657045,-157.5304239,4465.285788,1536.30771,10.54735947,303.645996,460.9134216, hillslope, 
Noatak,19,67.70597816,-157.9360018,3627.262859,1731.247057,4.053246021,163.5406517,429.0193481, hillslope, 
Noatak,20,67.72236735,-156.0400321,2901.786265,1967.959121,11.49484062,265.3666315,910.7559204, hillslope, 
Noatak,21,67.7461357,-157.241319,2498.182201,1875.13086,4.091893673,115.0044783,636.8683472, hillslope, 
Noatak,22,67.7291145,-156.0103653,9264.638581,3378.948679,9.825037956,297.725615,909.3066406, hillslope, 
Noatak,23,67.77389737,-155.9753152,795.773152,612.6665187,7.615087986,255.878259,767.5639648, hillslope, 
Noatak,24,67.77444945,-155.9706124,957.4203322,728.7018443,8.343342781,312.5286315,782.682373, hillslope, 
Noatak,25,67.75790635,-155.9502699,771.4708902,552.3281495,9.17767334,318.2391995,786.2818604, hillslope, 
Noatak,26,67.74190198,-155.7492501,4720.262934,2432.100423,10.82915783,302.3762316,916.5127563, hillslope, 
Chukotka,1,67.4734852,-178.1757081,6412.998756,2312.816108,5.509405613,270.654042,393.9893799, hillslope, 
Chukotka,2,67.47683497,-178.175754,2022.028707,1077.271962,5.872224808,208.7571015,407.9508667, hillslope, 
Chukotka,3,67.47187077,-178.1530246,3753.654522,1470.399645,6.423392296,131.6792671,393.2523804, hillslope, 
Chukotka,4,67.42855035,-177.9539647,6990.160738,2629.360476,5.044339657,48.93243756,234.2550659, hillslope, 
Chukotka,5,67.41366714,-177.656656,3448.696108,1618.46072,5.484212399,0.201140289,231.6845398, hillslope, 
Chukotka,6,67.30206833,-177.3539172,2197.281121,1312.127461,4.830384731,269.4713542,117.2460327, lakeshore, 
Chukotka,7,67.36302111,-177.6369034,8092.578208,2603.832705,8.326435089,171.6790564,210.9897308, lakeshore, 
Chukotka,8,67.39403363,-177.6204103,1772.011065,1368.288559,4.516141415,205.0260741,304.9867249, hillslope, 
Chukotka,9,67.39706295,-177.6351274,6723.813355,3180.760343,5.06439209,228.4812803,312.3640137, hillslope, 
Chukotka,10,67.3868542,-177.631803,847.6713961,592.2443015,2.901935101,270.5188543,262.8745422, hillslope, 
Chukotka,11,67.33900889,-178.1160677,1672.22264,755.6220398,6.433831692,0.773731281,167.8850098, hillslope, 
Chukotka,12,67.24804993,-177.8703126,4230.233035,1541.877406,9.928621292,4.447666654,302.59198, hillslope, 
Chukotka,13,67.14104416,-175.0391842,17915.40036,4409.34237,21.74802971,212.5983209,39.42382431, hillslope, 
Chukotka,14,67.16086923,-175.8699385,1393.791824,597.3498558,4.936736584,11.08632178,63.8168869, lakeshore, 
Chukotka,15,67.00278327,-178.2634707,1910.240456,852.6275719,5.589753628,270.764353,430.9266357, hillslope, 
Chukotka,16,66.82278534,-174.8266812,4657.02627,939.4219954,12.99534988,2.923812776,65.95805359, lakeshore, 
Chukotka,17,66.82298398,-174.836488,474.3571116,275.6999334,12.28806591,326.9683556,53.72542953, lakeshore, 
Chukotka,18,66.83173846,-174.8250558,1095.094146,495.2387693,10.51476192,211.3172564,56.9315033, lakeshore, 
Chukotka,19,66.8507933,-174.7367941,6865.153413,1557.194068,7.578208923,119.9799785,35.7808075, lakeshore, 
Chukotka,20,66.55907068,-176.4972511,3674.827654,2133.193424,9.098536491,145.7380306,248.3150635, hillslope, 
Chukotka,21,66.49936923,-174.7940514,1230.239224,377.8110199,11.16108036,235.5591084,26.23072052, hillslope, 
Chukotka,22,66.53424322,-174.4582906,1396.903978,352.2832483,7.278705597,125.404605,15.457757, lakeshore, 
Chukotka,23,66.51523562,-173.8417163,3303.101283,1214.193646,6.851421356,183.221629,14.43965721, lakeshore, 
Chukotka,24,66.49895553,-173.8196508,3248.537583,1113.939125,6.46691227,243.1977938,23.61047935, lakeshore, 
Chukotka,25,66.29052133,-177.8527476,2876.730163,1296.810798,3.393882752,153.8640927,160.0536041, hillslope, 
Chukotka,26,66.47476614,-174.7747967,2903.086752,1194.699712,10.82431507,201.5197456,53.7012558, hillslope, 
Chukotka,27,66.48172354,-174.6174103,2426.255834,479.9221064,12.95931911,187.7945844,73.71691132, lakeshore, 
Chukotka,28,66.43651972,-174.0724922,4268.562925,1459.260254,5.342394352,183.6973694,36.48564911, hillslope, 
Chukotka,29,66.42167439,-173.9848454,1385.428169,1080.520951,7.30064106,116.0434164,10.37900162, lakeshore, 
Chukotka,30,66.36470329,-173.993258,2255.454409,1008.114908,6.199038029,244.4405025,62.2513504, hillslope, 
Chukotka,31,66.36559258,-173.9983136,542.2791036,334.1817375,5.23213768,204.994083,60.14066696, hillslope, 
Chukotka,32,66.33794355,-173.8777769,1445.919602,657.2240837,9.058901787,230.106203,9.284972191, lakeshore, 
Chukotka,33,66.46085323,-173.7400385,3180.612903,1035.963386,10.54367733,202.8581954,15.30694771, lakeshore, 
Chukotka,35,66.08667551,-175.0255462,499.661398,255.2777161,11.56164551,165.6337948,115.1062012, lakeshore, 
Chukotka,36,66.234134,-174.4606166,3054.253265,1271.283026,11.93787193,167.3473293,22.06586266, hillslope, 
Chukotka,37,66.18980372,-174.4418028,1906.592213,903.6831152,13.24702549,162.2460948,75.36289978, hillslope, 
Chukotka,38,66.21669187,-173.3637898,2048.103758,490.133215,11.09689426,282.9040206,143.0510712, hillslope, 
Chukotka,39,65.93756787,-178.8183756,11505.41721,3230.423462,6.0841465,277.2692242,25.05161095, lakeshore, 
Chukotka,40,65.93137378,-178.8198697,1392.040895,751.9089094,12.80196571,237.6303305,26.05414772, lakeshore, 
Chukotka,41,65.89124534,-178.8361874,2744.076098,900.434126,11.12117958,261.5503901,20.13601494, lakeshore, 
Chukotka,42,65.89035522,-178.8310149,9456.444646,2831.261943,7.596485138,245.7025325,26.93998528, lakeshore, 
Chukotka,43,65.88733717,-178.8238564,1575.630368,686.9291271,7.644712448,218.05398,24.09117889, lakeshore, 
Chukotka,44,65.97264549,-175.130067,894.5721679,342.0721396,6.769672394,351.2780725,121.6760635, hillslope, 
Chukotka,45,66.05992687,-173.7922333,1932.145948,969.1270387,4.532547474,192.4339028,70.77603149, hillslope, 
Chukotka,46,65.87897281,-178.8023012,3583.438209,983.9795604,6.550654411,212.5622809,18.21342278, lakeshore, 
Chukotka,47,65.8766362,-178.7950491,4405.793352,877.2270609,6.556503773,196.4472059,21.5549202, lakeshore, 
Chukotka,48,65.87474038,-178.7920707,877.1419989,204.2221729,14.59507561,252.1926443,21.07982063, lakeshore, 
Chukotka,49,65.87252367,-178.7848232,1860.95981,417.7271719,10.57072258,225.7176345,24.72582245, lakeshore, 
Chukotka,50,65.86981149,-178.7736618,6427.962213,1503.817819,16.09589958,222.0607915,33.50585175, lakeshore, 
Chukotka,51,65.86841965,-178.7716734,1839.111821,547.6867365,16.15645981,204.4690803,23.37407112, lakeshore, 
Taymyr1,1,73.49086202,88.60219565,1017.526617,575.5352146,4.822608948,278.4013169,100.456871, hillslope, 
Taymyr1,2,73.49039887,88.75634762,4236.336702,1304.237059,6.951096058,182.155737,126.8868408, hillslope, 
Taymyr1,3,73.47995498,88.76981603,2093.825119,1030.393691,7.077685833,186.1909813,119.8546448, hillslope, 
Taymyr1,4,73.46970474,88.88636345,7048.577605,2789.489226,5.266400337,235.9870571,61.73677826, hillslope, 
Taymyr1,5,73.4702265,88.87761801,1118.180091,491.9897802,5.776987553,162.9208986,50.17182541, hillslope, 
Taymyr1,6,73.4640191,90.64868958,3321.278329,1754.454122,5.664733887,121.4449935,166.2185059, lakeshore, 
Taymyr1,7,73.22629946,88.93278684,1832.350598,1392.423906,5.311001301,191.3711927,22.52390862, hillslope, 
Taymyr1,8,73.2517779,88.8379928,2346.734412,960.7724953,5.122992039,103.3744334,55.03323746, hillslope, 
Taymyr1,9,73.29596442,88.72715792,4784.682724,1689.47434,5.311733723,56.21288044,75.72408295, hillslope, 
Taymyr1,10,73.30933688,88.55676554,4543.559101,1670.908687,8.129802704,202.8444973,85.58753967, lakeshore, 
Taymyr1,11,73.31407418,88.60279344,1624.975229,932.9240172,5.546571732,10.88340336,69.15135956, hillslope, 
Taymyr1,12,73.02833571,88.51265598,2355.518914,1267.105755,6.397460461,180.8260389,43.65053558, hillslope, 
Taymyr1,13,73.07942622,88.54386232,3506.036221,1670.908687,6.024568558,196.7480978,59.05379868, hillslope, 
Taymyr1,14,73.01791129,88.7594423,5779.439249,2186.105533,10.25613499,187.9851214,93.37327576, lakeshore, 
Taymyr1,15,73.01669737,88.76986692,9983.245373,2181.46412,11.32265663,203.525809,96.64456177, lakeshore, 
Taymyr1,16,73.01482537,88.78494738,2604.779776,1100.014886,11.36092377,217.5534608,98.7534256, lakeshore, 
Taymyr1,17,73.01305209,88.78854207,708.3664127,394.5201068,9.213645935,240.0976321,86.38284302, lakeshore, 
Taymyr1,18,73.01511933,88.77903432,616.2193215,389.8786937,15.15058136,181.4209814,87.66912842, lakeshore, 
Taymyr1,19,72.99594156,88.93027042,4619.029655,2840.544769,4.277814865,227.7539244,88.35343933, lakeshore, 
Taymyr1,20,73.04428107,88.9486937,1211.525372,538.4039104,5.06527853,258.1935699,107.4757004, lakeshore, 
Taymyr1,21,73.06701139,89.42215026,2258.636004,1211.408798,6.193703175,338.5739368,97.44646454, hillslope, 
Taymyr1,22,73.07518833,89.63748606,3071.406695,1132.504777,6.038454533,60.65194764,92.05751801, hillslope, 
Taymyr1,23,73.07158324,89.69138908,3796.928793,1322.802711,5.457016468,260.0081724,97.78097534, hillslope, 
Taymyr1,24,73.0580871,90.10755792,2919.14043,1197.484559,10.34838676,250.9733761,94.31738281, hillslope, 
Taymyr1,25,73.01749676,90.29136512,9929.071026,3258.271941,5.574888706,275.9558542,98.03685761, lakeshore, 
Taymyr1,26,73.05963188,90.05699159,7160.700846,2817.337704,6.491590977,126.1500354,54.27700424, hillslope, 
Taymyr1,27,73.01738048,88.76292907,579.0667353,310.9746724,8.444128037,179.8665959,88.69999695, lakeshore, 
Taymyr1,28,72.94893737,88.97033628,5661.509462,1522.383471,14.30963802,265.3299752,98.54889679, lakeshore, 
Taymyr1,29,72.91852604,89.85414122,1635.182605,589.4594536,7.486502647,9.855366632,69.274086, hillslope, 
Taymyr1,30,72.83640845,89.28971347,787.6633564,413.0857589,6.171031952,131.8476754,91.32308197, lakeshore, 
Taymyr1,31,72.77006738,87.8143805,2287.940571,733.3432573,7.333928108,124.2636468,58.60704041, lakeshore, 
Taymyr1,32,72.78086258,87.86373648,1790.962402,631.2321708,14.75547791,245.7191224,61.47597504, lakeshore, 
Taymyr1,33,72.73747991,88.18778899,1440.169496,923.6411911,4.796844482,265.9002528,164.0737915, lakeshore, 
Taymyr1,34,72.75023191,88.22613492,766.1863395,450.217063,4.100405216,251.3760331,138.9932709, lakeshore, 
Taymyr1,35,72.70924918,88.26615203,2869.065599,1443.479449,8.820210457,148.9583779,97.2062912, lakeshore, 
Taymyr1,36,72.76028794,88.2916443,1434.36812,269.2019552,23.20889854,153.6259631,88.8700943, lakeshore, 
Taymyr1,37,72.75964604,88.28975659,1066.52516,431.6514109,19.1734314,139.7426462,81.7433548, lakeshore, 
Taymyr1,38,72.76076769,88.2947717,4380.918318,1424.913797,19.94742012,165.7063097,86.22549438, lakeshore, 
Taymyr1,39,72.76239861,88.3125476,3450.92971,807.6058656,23.94250679,167.6089145,89.76030731, lakeshore, 
Taymyr1,40,72.76275531,88.32333255,16756.84695,3833.807155,20.30119514,178.9846325,90.32272339, lakeshore, 
Taymyr1,41,72.76775654,88.40107835,986.1827018,334.1817375,9.656887054,194.6692744,79.2507019, lakeshore, 
Taymyr1,42,72.7538901,88.45731616,19369.98029,5722.862255,14.47289944,262.1008264,88.01792145, lakeshore, 
Taymyr1,43,72.74203366,88.43832178,4566.84184,1151.070429,19.03570366,273.1426529,88.56446838, lakeshore, 
Taymyr1,44,72.73495023,88.43082973,1452.857319,589.4594536,9.441455841,291.8720979,80.78231049, lakeshore, 
Taymyr1,45,72.60083331,90.26937029,3935.557933,1531.666297,4.726718426,320.918399,80.87155914, lakeshore, 
Taymyr1,46,72.64610261,89.56920222,988.5995408,478.0655411,6.224043846,228.5349788,24.7830143, lakeshore, 
Taymyr1,47,72.68213274,89.48278259,3439.494239,1336.72695,7.31393671,34.46080752,27.81803322, hillslope, 
Taymyr1,48,72.66715,88.40140556,3512.453716,1406.348145,11.52318001,273.9610158,86.74164581, lakeshore, 
Taymyr1,49,72.65279743,89.35364297,2644.984801,1225.333037,5.623521328,99.72184589,18.99129105, lakeshore, 
Taymyr1,50,72.66709672,89.35352383,1415.9836,621.9493448,7.710108757,319.4356672,21.7676239, hillslope, 
Taymyr1,51,72.72801378,88.41526117,925.2897228,371.3130417,10.68837452,243.869516,82.74506378, lakeshore, 
Taymyr1,52,72.56171258,88.32382387,4680.869812,1870.489447,7.714542389,168.5982388,52.86854553, hillslope, 
Taymyr1,53,72.55343358,88.38663212,5365.73854,1972.600534,7.961442471,359.0543348,64.71838379, hillslope, 
Taymyr1,54,72.1053275,89.47250254,2445.997935,951.4896693,8.064452171,68.3374227,31.27596474, hillslope, 
Taymyr1,55,72.11944639,89.99814872,8060.093831,2756.999334,5.058551312,33.07218478,71.76275635, lakeshore, 
Taymyr1,56,72.01598257,91.04090147,2546.13569,1424.913797,9.817391396,236.5505082,74.78988647, lakeshore, 
Taymyr2,1,72.83250784,97.18830594,1574.537787,807.6058656,7.450060844,272.272217,94.72572327, lakeshore, 
Taymyr2,2,72.88606484,99.08654584,1466.943246,928.2826042,6.17095232,19.83156647,130.3245239, lakeshore, 
Taymyr2,3,72.80220554,99.36232803,1350.970917,561.6109755,8.301753044,215.0255079,49.34964752, lakeshore, 
Taymyr2,4,72.80150071,99.36464088,1054.041359,436.292824,12.97647762,282.0589461,59.24242783, lakeshore, 
Taymyr2,5,72.72562539,99.156534,1051.830781,357.3888026,10.91250324,291.0685365,56.75136948, hillslope, 
Taymyr2,7,72.71503695,98.49057073,2450.803116,877.2270609,7.256812096,129.9685027,143.1737518, lakeshore, 
Taymyr2,8,72.7134098,98.15851826,1857.268155,770.4745615,6.639713287,178.9808885,87.48368073, lakeshore, 
Taymyr2,9,72.70707209,98.1268646,695.6944543,255.2777161,11.95372486,328.7325819,73.53856659, lakeshore, 
Taymyr2,10,72.64873835,97.9959826,1331.0334,705.4947792,5.776480675,152.6548577,137.907135, lakeshore, 
Taymyr2,11,72.53685637,100.2390375,1583.504843,556.9695625,9.157673836,262.8625053,33.58224106, hillslope, 
Taymyr2,12,72.55634236,99.23945841,1766.856849,422.3685849,10.29509449,164.570066,77.04634094, lakeshore, 
Taymyr2,13,72.55345,99.24723516,1211.717017,640.5149969,7.847677708,326.3286994,80.72083282, lakeshore, 
Taymyr2,14,72.40425163,99.12250042,2915.407862,863.3028219,7.898923397,284.3236034,71.6578064, lakeshore, 
Taymyr2,15,72.44733743,99.18193291,2176.46755,728.7018443,5.272764206,303.7987244,70.53582764, lakeshore, 
Taymyr2,16,72.45957515,99.23480273,1064.467842,362.0302156,14.38054466,208.4927948,81.13562775, hillslope, 
Taymyr2,17,72.4287226,100.0384266,1165.815853,408.4443458,7.748539925,334.9813381,65.93403625, lakeshore, 
Taymyr2,18,72.42994136,100.0482048,1224.298837,533.7624974,7.626022339,14.58637917,65.74469757, lakeshore, 
Taymyr2,19,72.45564819,99.31970207,2756.659458,700.8533661,14.09960842,179.3657995,65.86156464, lakeshore, 
Taymyr2,20,72.36162138,99.95461166,2064.960216,478.0655411,19.928545,217.469253,53.88993835, lakeshore, 
Taymyr2,21,72.36384584,99.94552196,6697.762338,1930.827817,16.01421738,219.6957608,54.62322617, lakeshore, 
Taymyr2,22,72.36667064,99.9333299,11423.48659,2283.575206,10.09530449,242.6772234,65.2255249, lakeshore, 
Taymyr2,24,72.3679245,99.92741701,3720.39601,761.1917354,15.38013172,205.5645989,54.68286133, lakeshore, 
Taymyr2,25,72.36910195,99.92541618,1466.977913,459.4998891,11.35748863,211.8313883,66.85702515, lakeshore, 
Taymyr2,26,72.36921319,99.9217866,1784.143627,431.6514109,18.85434532,229.9504809,55.24104691, lakeshore, 
Taymyr2,27,72.23394932,98.15164685,15209.27562,2083.994446,9.187906265,181.5593037,64.15846252, lakeshore, 
Taymyr2,28,72.23645336,98.24242948,2566.169029,608.0251057,10.767766,179.5122213,81.60658264, lakeshore, 
Taymyr2,29,72.21578079,98.24848549,9244.991578,1336.72695,12.82040024,185.3933601,82.57836914, lakeshore, 
Taymyr2,30,72.24023702,98.28418712,3147.633897,937.5654302,8.035058022,200.7724869,71.98210907, lakeshore, 
Taymyr2,31,72.23875865,98.28582518,1103.268376,431.6514109,18.1055069,247.9672458,74.98336029, lakeshore, 
Taymyr2,32,72.23720269,98.28669381,3264.548712,942.2068432,15.7624588,252.2299898,76.4001236, lakeshore, 
Taymyr2,33,72.29357918,98.38286678,1142.344338,529.1210844,9.450581551,240.9225511,68.49847412, lakeshore, 
Taymyr2,34,72.23421297,98.3985429,1159.066944,408.4443458,8.577711105,167.949182,78.10343933, lakeshore, 
Taymyr2,35,72.2674597,98.49787085,920.022258,375.9544547,8.110906601,166.6328232,46.62932205, lakeshore, 
Taymyr2,36,72.26882573,98.80369162,7718.089287,1661.625861,6.78094101,206.8793426,66.44680023, lakeshore, 
Taymyr2,37,72.25807869,98.88852522,29111.95789,5138.044214,8.220685959,173.8266452,49.08551407, lakeshore, 
Taymyr2,38,72.16010041,98.24167087,1549.254601,510.5554323,11.75742149,297.7638175,85.74282837, lakeshore, 
Taymyr2,39,72.15058157,98.22568037,5057.303946,1327.444124,14.6018095,188.9544087,90.32276917, lakeshore, 
Taymyr2,40,72.06454058,98.14840038,2806.855218,663.722062,9.925304413,228.1615064,70.25104523, hillslope, 
Taymyr2,41,72.11507301,98.02362265,6062.750945,1137.14619,17.86309624,317.1705646,76.93875122, lakeshore, 
Taymyr2,42,72.12051438,97.86704988,1173.667891,450.217063,11.30719757,157.9193368,77.34319305, lakeshore, 
Taymyr2,43,72.12103645,97.86965031,2017.390424,547.6867365,10.06138611,170.0693334,80.18476105, lakeshore, 
Gydan,1,71.92836113,78.69753783,1932.685695,779.7573875,7.890470028,165.6909932,18.23941994, lakeshore, 
Gydan,2,71.9315504,78.70122929,4234.89104,1229.974451,8.288227081,162.5504064,12.53997326, lakeshore, 
Gydan,3,71.93457531,78.71012641,6987.991254,2543.494335,8.166110992,147.7684236,12.61728764, lakeshore, 
Gydan,4,71.91222992,78.74437795,1827.015685,375.9544547,7.871060848,28.60339735,7.667870998, lakeshore, 
Gydan,5,71.91237559,78.74976535,1355.011598,310.9746724,7.809582233,347.8540392,8.658532143, lakeshore, 
Gydan,6,71.91256675,78.75339061,1318.858679,491.9897802,6.280929089,8.888451791,9.182860375, lakeshore, 
Gydan,7,71.91281193,78.7659789,1892.444312,696.2119531,8.145648003,289.7234034,15.73899078, lakeshore, 
Gydan,8,71.9217256,78.78810237,1706.031759,612.6665187,12.73777485,253.2712981,12.8478117, lakeshore, 
Gydan,9,71.92430623,78.78874284,1838.611913,742.6260833,12.82261753,287.8619963,15.45440102, lakeshore, 
Gydan,10,71.92756838,78.78728629,4604.707317,951.4896693,12.028615,233.1978159,17.14283562, lakeshore, 
Gydan,11,71.9323159,78.78347797,6117.609913,2125.767164,11.28239346,253.6877118,13.05919743, lakeshore, 
Gydan,12,71.92995744,78.78595364,7707.850422,2283.575206,17.26851845,241.2039902,16.87380981, lakeshore, 
Gydan,13,71.93863883,78.76947274,2498.602736,1095.373473,7.058239937,195.9639341,9.504870415, lakeshore, 
Gydan,14,71.93982625,78.76161782,7106.868049,2153.615642,9.514807701,186.4306524,12.63833904, lakeshore, 
Gydan,15,71.9404058,78.75556743,4352.161286,1378.499667,12.28072929,194.9232908,11.73616505, lakeshore, 
Gydan,16,71.94114634,78.92757083,1602.223954,420.0478784,9.649365425,354.7008924,14.63607121, lakeshore, 
Gydan,17,71.92577682,78.91606941,1578.509031,494.3104867,4.667180061,237.9511553,17.62597847, lakeshore, 
Gydan,18,71.93758251,79.18668347,820.8805191,152.2383471,5.500025749,344.6186956,20.73569107, lakeshore, 
Gydan,19,71.89856469,79.73389289,990.8586846,301.6918464,9.05711174,281.4169794,17.78385162, lakeshore, 
Gydan,20,71.89207468,79.22070189,2441.886934,680.8952902,13.51455402,191.7835056,15.43583584, lakeshore, 
Gydan,21,71.89278791,79.20956161,990.2549413,317.9367919,16.7580452,191.4743133,8.819507599, lakeshore, 
Gydan,22,71.82920853,78.99577104,1071.482199,298.9069985,6.108899593,209.9897162,19.52016258, lakeshore, 
Gydan,23,71.78917081,78.16211492,4865.699857,1811.543502,10.37749386,244.5945287,1.708032966, lakeshore, 
Gydan,24,71.70799748,78.9715875,2712.071556,1021.110865,14.30311108,246.6481144,12.26482391, lakeshore, 
Gydan,25,71.79557548,79.3772373,3630.547316,1628.671829,11.36882019,264.2935639,13.50687313, lakeshore, 
Gydan,26,71.73060711,79.78869106,1187.818434,227.8933793,6.696105003,31.71054794,30.38421822, lakeshore, 
Gydan,27,71.64869262,79.62737411,2213.215697,705.4947792,7.183396339,64.85255531,32.99221802, lakeshore, 
Gydan,28,71.65160679,79.63082105,685.1497246,269.2019552,6.121506691,106.1877203,34.7975769, lakeshore, 
Gydan,29,71.50232236,79.92561173,778.7022408,171.7322818,5.441662312,206.3971298,31.62115288, lakeshore, 
Gydan,30,71.5020017,79.92622572,969.242511,306.3332594,6.463930607,260.7175627,32.41875839, lakeshore, 
Gydan,31,71.58581064,79.95821018,1901.534642,310.9746724,12.67835808,213.7393824,34.85018921, lakeshore, 
Gydan,32,71.48062809,79.75886044,4454.397641,561.6109755,15.61126137,225.2215947,40.35736465, lakeshore, 
Gydan,33,71.47548233,79.79349888,4580.856899,1234.615864,9.091228485,206.1912269,34.28606033, lakeshore, 
Gydan,34,71.47928914,79.77164083,3680.706426,877.2270609,15.03497887,207.5732837,40.57545853, lakeshore, 
Gydan,35,71.47879914,79.77809651,2998.562862,812.2472786,10.55348492,176.9891089,42.97848892, lakeshore, 
Gydan,36,71.43104217,79.06925841,1267.290132,348.1059766,13.00937271,198.9593956,13.94053268, lakeshore, 
Gydan,37,71.41753047,79.10021299,4931.209471,1359.934015,6.171445847,350.2537101,10.42477989, lakeshore, 
Gydan,38,71.41596685,79.09548046,3892.498885,742.6260833,11.23436165,215.4144868,11.67361832, lakeshore, 
Gydan,39,71.4164498,79.0944262,1098.919278,375.9544547,7.7479105,290.2086711,9.405426025, lakeshore, 
Gydan,40,71.40500636,79.07722581,3808.181753,1253.181516,5.26254034,21.24882743,14.11053085, lakeshore, 
Gydan,41,71.37506572,79.14154161,2623.128635,886.509887,13.21296406,223.1327328,13.95438385, lakeshore, 
Gydan,42,71.39292093,79.40686131,1989.355523,575.5352146,8.189181328,330.164598,6.930935383, lakeshore, 
Gydan,43,71.10068168,78.44597802,3957.139496,951.4896693,9.493004799,195.0577656,-2.840885401, lakeshore, 
Gydan,44,71.19479282,79.72410759,1476.33654,538.4039104,10.86955261,198.7494954,11.00308418, lakeshore, 
Gydan,45,71.19446536,79.72722493,2131.436895,519.8382583,18.16114807,197.1631888,19.08695793, lakeshore, 
Gydan,46,71.19411891,79.72882526,1319.227423,315.6160854,19.59855652,191.3972611,14.96747112, lakeshore, 
Gydan,47,71.19405068,79.73044713,3635.659109,529.1210844,19.7349205,198.4785647,20.72359848, lakeshore, 
Gydan,48,71.19409183,79.73508808,4307.630425,682.2877141,15.31324768,197.839545,18.95962906, lakeshore, 
Gydan,49,71.19344358,79.73730326,2975.479034,1025.752278,11.98211193,212.3091515,14.83048058, lakeshore, 
Gydan,50,71.00791011,78.915108,1466.212658,440.934237,6.925056458,299.3312426,4.011608124, lakeshore, 
Gydan,51,71.01685152,78.91072306,3079.681331,1058.242169,8.002305031,236.1312977,9.19066143, lakeshore, 
Gydan,52,70.49836046,79.52258166,936.9742053,482.7069542,10.44773769,240.6613156,22.61105728, lakeshore, 
Gydan,53,70.49996205,79.51958687,2901.520734,905.0755391,8.305560112,203.5979235,25.9081707, lakeshore, 
Gydan,54,70.46523703,78.84929847,3301.717428,1188.201733,4.657914162,298.7919942,43.85344315, lakeshore, 
Gydan,55,70.39700154,78.58288484,6793.872408,2107.201511,10.87635994,155.8142025,36.35150528, lakeshore, 
Gydan,56,70.2865459,78.36174931,1514.009522,434.4362587,6.533050537,162.049419,33.71422577, lakeshore, 
Gydan,57,70.28624713,78.36724241,1473.303676,529.1210844,10.68983459,181.5644928,28.22216797, lakeshore, 
Gydan,58,70.2532547,78.11942198,3733.391609,985.8361256,12.26106834,200.9881893,36.57797241, lakeshore, 
Gydan,59,70.29474433,78.1968542,2312.995792,1019.254299,5.977336407,212.2565039,36.90326691, lakeshore, 
Gydan,60,70.97930292,78.56807847,1952.873028,789.0402135,7.294071674,208.9215174,1.703708768, lakeshore, 
Gydan,61,70.39261505,78.60714565,1317.962207,719.4190182,5.878768921,252.63102,30.9012661, lakeshore, 
Yamal,1,71.10694273,69.55349965,563.9744189,129.9595646,11.32208157,16.88478237,14.05403137, lakeshore, 
Yamal,2,71.10666776,69.55545526,761.5434237,250.6363031,9.565570831,0.938495781,16.58266449, lakeshore, 
Yamal,3,71.10085149,70.49807976,4244.687723,1545.590536,2.057678223,302.8569471,22.83550835, lakeshore, 
Yamal,4,71.10593869,70.5027394,1208.25438,468.7827151,3.315918922,4.47517469,24.27660179, hillslope, 
Yamal,5,71.10817635,70.5081609,7557.842066,2743.075095,4.025248051,269.7477554,23.03965759, hillslope, 
Yamal,6,71.10921177,70.51779741,2024.735489,1076.807821,2.999748468,330.25677,23.90937424, hillslope, 
Yamal,7,71.11034463,70.51989611,1876.356255,821.5301047,2.226944447,357.1745859,21.38791084, hillslope, 
Yamal,8,71.16727785,71.05651571,5557.772418,1944.752056,3.139014959,352.6552078,11.32007217, lakeshore, 
Yamal,9,71.15296956,71.07618269,11159.7619,2831.261943,6.166450024,154.7870806,9.134119988, lakeshore, 
Yamal,10,71.02679928,70.50227546,1195.300637,450.217063,2.260437727,81.13027349,21.97771835, lakeshore, 
Yamal,11,71.09431315,70.50502607,1342.612101,524.4796714,2.602935314,214.0980864,26.94224548, hillslope, 
Yamal,12,71.0720053,70.43479263,1919.812959,724.0604312,3.389498949,51.22137457,30.89085007, lakeshore, 
Yamal,13,71.08470608,70.40038058,2445.720223,1211.408798,3.327638626,345.9352489,35.11619186, hillslope, 
Yamal,14,71.08785235,70.40503866,148.2911311,111.3939125,2.651431799,343.9165375,30.39136314, lakeshore, 
Yamal,15,70.92634813,69.51695251,3208.34436,932.9240172,3.851772547,271.7249543,13.13074875, hillslope, 
Yamal,16,70.90902651,69.51631238,1211.305809,905.0755391,8.027300835,325.3138071,28.48524094, lakeshore, 
Yamal,17,70.90422279,69.56029383,765.9481462,301.6918464,2.580734253,350.4244396,17.52661705, lakeshore, 
Yamal,18,70.90277365,69.55565459,637.5836601,287.7676073,2.898372889,335.35162,17.66573143, lakeshore, 
Yamal,20,70.96562,69.85069332,2356.126809,886.509887,8.098372459,267.4593678,17.46734047, lakeshore, 
Yamal,21,70.93453333,71.10178435,552.462765,125.3181516,4.196020126,19.37462393,33.325737, lakeshore, 
Yamal,22,70.86079853,69.96927668,736.2943269,245.9948901,8.493672371,196.8881073,33.48684311, lakeshore, 
Yamal,23,70.89132925,69.86506365,3074.478463,1081.449234,5.023697853,164.3088772,30.78151321, lakeshore, 
Yamal,24,70.88577249,69.74220944,1694.961849,617.3079318,3.652414322,282.1351717,26.46384048, lakeshore, 
Yamal,25,70.38312726,69.58474947,3272.408629,1211.408798,3.53340745,334.0384189,35.77164078, hillslope, 
Yamal,26,70.3338056,70.03704166,9219.467367,2079.353033,10.95938587,208.7570337,20.47702026, lakeshore, 
Yamal,27,70.3359458,70.02900636,7138.245175,2176.822707,9.653278351,199.1815713,16.27716446, lakeshore, 
Yamal,28,70.25994465,70.15569802,723.0164657,320.2574984,10.19759369,279.297689,21.45498466, lakeshore, 
Yamal,29,71.14065037,68.01794636,3352.300874,956.1310823,9.43911171,220.0634157,2.845520258, hillslope, 
Yamal,30,71.13235807,68.14247286,2313.422587,631.2321708,7.53480196,43.66373841,5.630387783, hillslope, 
Yamal,31,71.1334461,68.14429644,1520.24863,245.9948901,12.99012947,120.8129421,7.000435829, hillslope, 
Yamal,32,71.13428696,68.14673351,2320.188477,543.0453234,16.16262627,161.1777467,8.500562668, hillslope, 
Yamal,33,71.13520004,68.15130338,2704.133059,403.8029328,15.19664764,171.9289662,10.84382343, hillslope, 
Yamal,34,71.12911006,68.20759514,10133.82546,1123.221951,18.97168159,120.7816087,6.559354305, hillslope, 
Yamal,35,71.12061152,68.15684814,1311.750125,320.2574984,10.41457462,313.7383161,3.933922291, hillslope, 
Yamal,36,70.88800694,68.10043102,2411.505453,761.1917354,6.771531582,237.2712099,0.764802456, hillslope, 
Yamal,37,70.77662261,68.16625649,4461.271305,1912.262165,4.489655018,298.4365213,16.17364311, lakeshore, 
Yamal,38,70.74631273,68.48291475,812.0448131,691.5705401,2.881063461,13.1829823,11.60581398, lakeshore, 
Yamal,39,70.74737153,68.53506961,1117.198785,733.3432573,5.422782898,11.68584891,21.49921417, lakeshore, 
Yamal,40,70.73620215,68.68652935,1814.378774,1369.216841,1.783314228,217.829546,16.76819801, lakeshore, 
Yamal,41,70.75241468,68.83845055,3046.954723,1146.429016,8.204601288,187.273139,9.43919754, hillslope, 
Yamal,42,70.75154279,68.84399358,2011.21431,603.3836927,10.01898098,202.6291624,7.956045151, hillslope, 
Yamal,43,70.75200407,68.88872021,2811.716205,1322.802711,3.430057764,184.7607975,12.90775299, lakeshore, 
Yamal,44,70.68244546,68.95098543,1635.191192,900.434126,2.589541435,299.4818975,22.32338333, lakeshore, 
Yamal,45,70.68268801,68.81945131,1016.650894,552.3281495,7.244175911,114.2025244,17.3648777, lakeshore, 
Yamal,47,70.64670134,68.65987921,4457.744899,2394.969119,3.993877888,113.9622388,18.12930679, lakeshore, 
Yamal,50,70.53467644,67.24450254,1352.419502,501.2726062,9.766691208,330.936069,5.964848042, lakeshore, 
Yamal,51,70.98790412,69.57830511,1318.166425,440.934237,7.812196255,102.7322345,9.264328003, hillslope, 
Yamal,52,70.48123982,68.74010679,3310.941881,1341.368363,3.07563138,325.9058382,4.868235111, lakeshore, 
Yamal,53,70.55284214,69.22805132,1952.27897,1132.504777,5.651814461,309.3417935,23.00560379, lakeshore, 
Yamal,56,70.28080748,69.17875145,18577.75275,5495.433017,5.449462891,165.7433372,14.23985195, lakeshore, 
Yamal,57,70.26950165,69.2282791,2857.035188,816.8886917,7.122329712,254.5099512,7.628852367, lakeshore, 
Yamal,58,70.26600527,69.21104566,5799.038762,2172.181294,8.828476906,201.1828166,20.50610733, lakeshore, 
Yamal,59,70.25625824,69.19924569,1993.43822,566.2523885,6.968714714,16.80633239,17.26198578, lakeshore, 
Yamal,60,70.27502569,69.09485845,1944.382956,886.509887,4.22942543,255.5802304,11.45528507, lakeshore, 
Yamal,61,70.23544224,69.03939643,4591.577246,2200.029772,3.421896458,298.371004,13.61599445, hillslope, 
Yamal,62,70.23199801,69.03320322,6745.682481,1675.550101,5.682615757,322.1189885,21.99133492, hillslope, 
Yamal,64,70.24506352,69.01469722,1776.241186,389.8786937,10.60678101,9.787761433,20.26536179, lakeshore, 
Yamal,65,70.23083501,69.01290872,3812.277586,826.1715177,10.69050789,261.2434282,11.7289505, lakeshore, 
Yamal,66,70.23196782,69.01089207,972.6138283,454.858476,8.052843094,262.7087366,1.2699368, lakeshore, 
Yamal,67,70.21742808,68.999516,2587.458933,849.3785828,4.147298336,318.4203477,18.46339035, lakeshore, 
Yamal,68,70.22035793,68.99904888,1255.280949,440.934237,8.315457344,278.3133287,14.69882202, lakeshore, 
Yamal,69,70.22197749,68.99396206,5303.332999,1174.277494,8.878827095,193.5872518,22.43247414, lakeshore, 
Yamal,70,70.22725663,68.99043916,4236.855124,1081.449234,8.668813705,31.34931953,8.226447105, lakeshore, 
Yamal,71,70.23089564,68.98827939,725.6077611,362.0302156,4.741631031,95.05191812,5.719038963, lakeshore, 
Yamal,72,70.26727556,68.92363298,3386.580101,719.4190182,8.809659004,191.2721499,18.28345299, lakeshore, 