system:index,B11_median,B12_median,B1_median,B2_count,B2_median,B3_median,B4_median,B5_median,B6_median,B7_median,B8A_median,B8_median,B9_median,cloud_cover,clouds_count,date,lat,lon,product_id,sensor,shadows_count,site_no,solar_az,solar_zen,water_median,.geo
20160604T221542_20160604T221826_T03VXJ_4,52.99999999999999,27.0,1283.9999999999998,342,1002.0000000000001,820.0,753.9999999999999,716.9999999999999,545.0,541.9999999999999,391.00000000000006,444.99999999999994,100.0,43.3598,342,2016-06-04,61.93,-162.88,S2A_MSIL1C_20160604T221542_N0202_R115_T03VXJ_20160604T221826,Sentinel-2A,342,Yukon,169.772479994,39.4479598017,0.8781247234465099,"{""type"":""MultiPoint"",""coordinates"":[]}"
20160604T221542_20160605T000229_T03VXJ_4,52.99999999999999,27.0,1283.9999999999998,342,1002.0000000000001,820.0,753.9999999999999,716.9999999999999,545.0,541.9999999999999,391.00000000000006,444.99999999999994,100.0,43.3598,342,2016-06-04,61.93,-162.88,S2A_OPER_PRD_MSIL1C_PDMC_20161210T004742_R115_V20160604T221542_20160604T221826,Sentinel-2A,342,Yukon,169.772479994406,39.447959801681,0.8781247234465099,"{""type"":""MultiPoint"",""coordinates"":[]}"
20160606T010652_20160606T010652_T57WWS_3,32.0,17.000000000000004,1233.9999999999995,351,905.0000000000001,684.9999999999999,587.0,532.0,348.00000000000006,327.0,223.0,263.0,71.0,0.0,351,2016-06-06,68.75,161.3,S2A_MSIL1C_20160606T010652_N0500_R131_T57WWS_20231003T045119,Sentinel-2A,351,Kolyma,176.990653211657,46.2604170860005,0.910400690242997,"{""type"":""MultiPoint"",""coordinates"":[]}"
20160606T010652_20160606T025345_T57WWS_3,32.0,15.0,1205.9999999999998,351,904.0000000000001,681.0,585.0,529.0,345.0,328.0,220.00000000000003,260.0,67.00000000000001,0.0,351,2016-06-06,68.75,161.3,S2A_OPER_PRD_MSIL1C_PDMC_20160607T034956_R131_V20160606T010652_20160606T010652,Sentinel-2A,351,Kolyma,176.989557900843,46.260364557583,0.910389388368009,"{""type"":""MultiPoint"",""coordinates"":[]}"
20160607T204022_20160607T204022_T08WNV_5,42.0,28.000000000000004,1292.0,348,1046.9999999999998,908.9999999999999,869.0000000000001,833.0,596.0,589.0,412.0,485.99999999999994,82.00000000000003,3.3315,348,2016-06-07,67.45,-133.74,S2A_MSIL1C_20160607T204022_N0202_R014_T08WNV_20160607T204022,Sentinel-2A,348,Mackenzie,177.509284172,44.2870337545,0.9114230720236832,"{""type"":""MultiPoint"",""coordinates"":[]}"
20160607T204022_20160607T223708_T08WNV_5,42.0,28.000000000000004,1292.0,348,1046.9999999999998,908.9999999999999,869.0000000000001,833.0,596.0,589.0,412.0,485.99999999999994,82.00000000000003,3.3315,348,2016-06-07,67.45,-133.74,S2A_OPER_PRD_MSIL1C_PDMC_20160608T062607_R014_V20160607T204022_20160607T204022,Sentinel-2A,348,Mackenzie,177.509284172345,44.287033754542,0.9114230720236832,"{""type"":""MultiPoint"",""coordinates"":[]}"
20160608T032541_20160608T070255_T51WWQ_2,25.0,14.000000000000002,1083.0,351,730.0,463.9999999999999,326.00000000000006,308.0,242.00000000000003,224.00000000000003,158.00000000000003,185.0,64.0,20.9386,351,2016-06-08,66.76905,123.39458,S2A_OPER_PRD_MSIL1C_PDMC_20160608T082749_R018_V20160608T032541_20160608T032541,Sentinel-2A,351,Lena,175.789578330642,44.2917220622933,0.8980670374061329,"{""type"":""MultiPoint"",""coordinates"":[]}"
20160608T032542_20160608T032541_T51WWQ_2,25.0,14.000000000000002,1083.0,351,730.0,463.9999999999999,326.00000000000006,308.0,242.00000000000003,224.00000000000003,158.00000000000003,185.0,64.0,20.9386,351,2016-06-08,66.76905,123.39458,S2A_MSIL1C_20160608T032542_N0202_R018_T51WWQ_20160608T032541,Sentinel-2A,351,Lena,175.789578331,44.2917220623,0.8980670374061329,"{""type"":""MultiPoint"",""coordinates"":[]}"
20160609T061632_20160609T061634_T44WPC_1,32.0,20.0,1280.0,346,870.9999999999999,556.0000000000001,390.0,341.00000000000006,256.0,232.0,165.0,188.00000000000006,69.0,19.8689,346,2016-06-09,69.37340000000002,86.12130000000002,S2A_MSIL1C_20160609T061632_N0202_R034_T44WPC_20160609T061634,Sentinel-2A,346,Yenisey,180.124606225,46.802558905,0.8913103974577397,"{""type"":""MultiPoint"",""coordinates"":[]}"
20160609T061632_20160609T061634_T45WVT_1,32.0,19.999999999999993,1280.0,353,871.0000000000001,556.0,390.00000000000006,339.99999999999994,256.0,232.0,166.00000000000003,188.00000000000006,68.00000000000001,18.3156,353,2016-06-09,69.37340000000002,86.12130000000002,S2A_MSIL1C_20160609T061632_N0202_R034_T45WVT_20160609T061634,Sentinel-2A,353,Yenisey,181.136773293,46.8474970835,0.8912269466147972,"{""type"":""MultiPoint"",""coordinates"":[]}"
20160609T061634_20160609T095904_T44WPC_1,32.0,20.0,1280.0,346,870.9999999999999,556.0000000000001,390.0,341.00000000000006,256.0,232.0,165.0,188.00000000000006,69.0,19.8689,346,2016-06-09,69.37340000000002,86.12130000000002,S2A_OPER_PRD_MSIL1C_PDMC_20160609T121825_R034_V20160609T061634_20160609T061634,Sentinel-2A,346,Yenisey,180.124606225042,46.8025589050059,0.8913103974577397,"{""type"":""MultiPoint"",""coordinates"":[]}"
20160609T061634_20160609T095904_T45WVT_1,32.0,19.999999999999993,1280.0,353,871.0000000000001,556.0,390.00000000000006,339.99999999999994,256.0,232.0,166.00000000000003,188.00000000000006,68.00000000000001,18.3156,353,2016-06-09,69.37340000000002,86.12130000000002,S2A_OPER_PRD_MSIL1C_PDMC_20160609T121825_R034_V20160609T061634_20160609T061634,Sentinel-2A,353,Yenisey,181.136773293193,46.8474970834829,0.8912269466147972,"{""type"":""MultiPoint"",""coordinates"":[]}"
20160614T034537_20160614T072437_T51WWQ_2,160.0,123.00000000000003,1113.0000000000002,351,829.0000000000002,607.0,545.0000000000001,537.0,428.00000000000006,416.0,334.0,371.0,129.0,0.0,351,2016-06-14,66.76905,123.39458,S2A_OPER_PRD_MSIL1C_PDMC_20160614T092243_R104_V20160614T034537_20160614T034537,Sentinel-2A,351,Lena,181.966721887457,43.8526430113881,0.5826708277066549,"{""type"":""MultiPoint"",""coordinates"":[]}"
20160614T034542_20160614T034537_T51WWQ_2,160.0,125.0,1112.0,351,829.0000000000001,605.0,543.0,537.0,429.99999999999994,417.0,335.00000000000006,372.99999999999994,128.0,0.0,351,2016-06-14,66.76905,123.39458,S2A_MSIL1C_20160614T034542_N0500_R104_T51WWQ_20231001T091812,Sentinel-2A,351,Lena,181.96787795803,43.8527878351889,0.5812619090080261,"{""type"":""MultiPoint"",""coordinates"":[]}"
20160614T070622_20160614T070700_T41WPP_0,61.999999999999986,34.0,1324.0,350,943.0000000000002,656.0,491.99999999999994,456.99999999999994,367.0,346.0,272.0,282.0,85.00000000000001,5.7159,350,2016-06-14,66.63000000000001,66.6,S2A_MSIL1C_20160614T070622_N0202_R106_T41WPP_20160614T070700,Sentinel-2A,350,Ob,172.098011349,43.0695546414,0.8270571827888489,"{""type"":""MultiPoint"",""coordinates"":[]}"
20160614T070622_20160614T070700_T41WPQ_0,61.999999999999986,33.99999999999999,1322.0,350,942.9999999999998,657.0,492.0,456.99999999999994,368.0,344.99999999999994,271.99999999999994,283.0,83.0,0.0,350,2016-06-14,66.63000000000001,66.6,S2A_MSIL1C_20160614T070622_N0500_R106_T41WPQ_20231022T063412,Sentinel-2A,350,Ob,172.315272315562,43.9528620518618,0.8277778029441833,"{""type"":""MultiPoint"",""coordinates"":[]}"
20160614T070700_20160614T105155_T41WPP_0,61.999999999999986,34.0,1324.0,350,943.0000000000002,656.0,491.99999999999994,456.99999999999994,367.0,346.0,272.0,282.0,85.00000000000001,5.7159,350,2016-06-14,66.63000000000001,66.6,S2A_OPER_PRD_MSIL1C_PDMC_20160614T145602_R106_V20160614T070700_20160614T070700,Sentinel-2A,350,Ob,172.098011349105,43.0695546413573,0.8270571827888489,"{""type"":""MultiPoint"",""coordinates"":[]}"
20160614T070700_20160614T105155_T41WPQ_0,61.999999999999986,34.0,1324.0,350,943.0000000000002,656.0,491.99999999999994,456.99999999999994,367.0,346.0,272.0,282.0,85.00000000000001,0.0,350,2016-06-14,66.63000000000001,66.6,S2A_OPER_PRD_MSIL1C_PDMC_20160614T145602_R106_V20160614T070700_20160614T070700,Sentinel-2A,350,Ob,172.314202236937,43.9527822398846,0.8270571827888489,"{""type"":""MultiPoint"",""coordinates"":[]}"
20160616T060632_20160616T060634_T44WPC_1,62.00000000000001,38.0,1217.0,346,844.0,550.0,397.0,361.00000000000006,289.00000000000006,264.0,208.0,224.00000000000003,104.00000000000001,0.0,346,2016-06-16,69.37340000000002,86.12130000000002,S2A_MSIL1C_20160616T060632_N0500_R134_T44WPC_20231007T183340,Sentinel-2A,346,Yenisey,176.496242605238,46.4393898208229,0.7980391144752502,"{""type"":""MultiPoint"",""coordinates"":[]}"
20160616T060632_20160616T060634_T45WVS_1,62.00000000000001,38.0,1215.0,353,844.9999999999999,550.0,398.00000000000006,361.99999999999994,289.0,264.0,206.0,224.0,102.0,22.5238,353,2016-06-16,69.37340000000002,86.12130000000002,S2A_MSIL1C_20160616T060632_N0204_R134_T45WVS_20160616T060634,Sentinel-2A,353,Yenisey,177.611288487,45.5695858722,0.7965763180853258,"{""type"":""MultiPoint"",""coordinates"":[]}"
20160616T060632_20160616T060634_T45WVT_1,62.00000000000001,38.0,1217.0,353,845.0,550.0,398.0,361.00000000000006,289.0,264.0,207.9999999999999,223.99999999999997,104.00000000000001,0.0,353,2016-06-16,69.37340000000002,86.12130000000002,S2A_MSIL1C_20160616T060632_N0500_R134_T45WVT_20231007T183340,Sentinel-2A,353,Yenisey,177.514827269542,46.4667348963124,0.7974943526481327,"{""type"":""MultiPoint"",""coordinates"":[]}"
20160616T060634_20160616T094727_T44WPC_1,62.0,37.99999999999999,1214.9999999999995,346,845.0,550.0,398.0,362.0,289.0,265.0,205.99999999999997,224.00000000000003,100.00000000000001,0.0,346,2016-06-16,69.37340000000002,86.12130000000002,S2A_OPER_PRD_MSIL1C_PDMC_20160617T121321_R134_V20160616T060634_20160616T060634,Sentinel-2A,346,Yenisey,176.495195642898,46.4392708571306,0.7965913035753946,"{""type"":""MultiPoint"",""coordinates"":[]}"
20160616T060634_20160616T094727_T45WVS_1,62.00000000000001,38.0,1215.0,353,844.9999999999999,550.0,398.00000000000006,361.99999999999994,289.0,264.0,206.0,224.0,102.0,22.5238,353,2016-06-16,69.37340000000002,86.12130000000002,S2A_OPER_PRD_MSIL1C_PDMC_20160617T121321_R134_V20160616T060634_20160616T060634,Sentinel-2A,353,Yenisey,177.611288487225,45.569585872186,0.7965763180853258,"{""type"":""MultiPoint"",""coordinates"":[]}"
20160616T060634_20160616T094727_T45WVT_1,62.00000000000001,38.0,1213.9999999999998,353,844.9999999999999,550.0,398.00000000000006,361.99999999999994,289.0000000000001,264.99999999999994,205.99999999999997,223.99999999999994,101.0,0.0,353,2016-06-16,69.37340000000002,86.12130000000002,S2A_OPER_PRD_MSIL1C_PDMC_20160617T121321_R134_V20160616T060634_20160616T060634,Sentinel-2A,353,Yenisey,177.513779552954,46.4666108575138,0.7965763180853258,"{""type"":""MultiPoint"",""coordinates"":[]}"
20160619T011652_20160619T011654_T57WWS_3,144.0,111.99999999999999,1216.0,351,911.0000000000001,701.0000000000001,553.0,493.0,378.00000000000006,364.0,302.00000000000006,313.0,117.00000000000003,15.2894,351,2016-06-19,68.75,161.3,S2A_MSIL1C_20160619T011652_N0204_R031_T57WWS_20160619T011654,Sentinel-2A,351,Kolyma,179.303729765,45.4919450719,0.6579886364183622,"{""type"":""MultiPoint"",""coordinates"":[]}"
20160619T011654_20160619T030315_T57WWS_3,144.0,111.99999999999999,1216.0,351,911.0000000000001,701.0000000000001,553.0,493.0,378.00000000000006,364.0,302.00000000000006,313.0,117.00000000000003,15.2894,351,2016-06-19,68.75,161.3,S2A_OPER_PRD_MSIL1C_PDMC_20160619T034432_R031_V20160619T011654_20160619T011654,Sentinel-2A,351,Kolyma,179.303729765281,45.4919450719181,0.6579886364183622,"{""type"":""MultiPoint"",""coordinates"":[]}"
20160621T033542_20160621T033833_T51WWQ_2,28.999999999999993,18.0,1056.0,351,721.0,483.0,377.99999999999994,357.00000000000006,260.99999999999994,243.99999999999997,169.00000000000003,197.0,58.999999999999986,8.7838,351,2016-06-21,66.76905,123.39458,S2A_MSIL1C_20160621T033542_N0204_R061_T51WWQ_20160621T033833,Sentinel-2A,351,Lena,178.153348152,43.6936690744,0.8869471896339106,"{""type"":""MultiPoint"",""coordinates"":[]}"
20160621T033833_20160621T090849_T51WWQ_2,28.999999999999993,18.0,1056.0,351,721.0,483.0,377.99999999999994,357.00000000000006,260.99999999999994,243.99999999999997,169.00000000000003,197.0,58.999999999999986,8.7838,351,2016-06-21,66.76905,123.39458,S2A_OPER_PRD_MSIL1C_PDMC_20160621T113831_R061_V20160621T033833_20160621T033833,Sentinel-2A,351,Lena,178.153348151956,43.693669074387,0.8869471896339106,"{""type"":""MultiPoint"",""coordinates"":[]}"
20160626T010652_20160626T010718_T57WWS_3,53.00000000000001,35.99999999999999,1121.0,351,812.0,577.0,370.99999999999994,317.00000000000006,256.0,236.0,179.0,195.99999999999997,81.0,33.783,351,2016-06-26,68.75,161.3,S2A_MSIL1C_20160626T010652_N0204_R131_T57WWS_20160626T010718,Sentinel-2A,351,Kolyma,175.613859558,45.6155153227,0.8328076004981995,"{""type"":""MultiPoint"",""coordinates"":[]}"
20160626T010718_20160626T043547_T57WWS_3,53.00000000000001,35.99999999999999,1121.0,351,812.0,577.0,370.99999999999994,317.00000000000006,256.0,236.0,179.0,195.99999999999997,81.0,33.783,351,2016-06-26,68.75,161.3,S2A_OPER_PRD_MSIL1C_PDMC_20160626T052407_R131_V20160626T010718_20160626T010718,Sentinel-2A,351,Kolyma,175.613859557744,45.6155153226897,0.8328076004981995,"{""type"":""MultiPoint"",""coordinates"":[]}"
20160628T032538_20160628T070332_T51WWQ_2,67.99999999999999,52.00000000000001,1121.0,351,777.0,529.0,404.0,379.99999999999994,291.0,271.0,202.0,231.0,77.0,20.0447,351,2016-06-28,66.76905,123.39458,S2A_OPER_PRD_MSIL1C_PDMC_20160628T083826_R018_V20160628T032538_20160628T032538,Sentinel-2A,351,Lena,174.366914879511,43.9447113577625,0.7721943259239197,"{""type"":""MultiPoint"",""coordinates"":[]}"
20160628T032542_20160628T032538_T51WWQ_2,67.99999999999999,52.00000000000001,1121.0,351,777.0,529.0,404.0,379.99999999999994,291.0,271.0,202.0,231.0,77.0,20.0447,351,2016-06-28,66.76905,123.39458,S2A_MSIL1C_20160628T032542_N0204_R018_T51WWQ_20160628T032538,Sentinel-2A,351,Lena,174.36691488,43.9447113578,0.7721943259239197,"{""type"":""MultiPoint"",""coordinates"":[]}"
20160706T060632_20160706T060634_T44WPC_1,36.00000000000001,16.0,1254.9999999999998,346,860.0,550.0,336.99999999999994,296.0,285.9999999999999,260.0,192.00000000000003,212.99999999999991,74.0,3.50051665655817,346,2016-07-06,69.37340000000002,86.12130000000002,S2A_MSIL1C_20160706T060632_N0500_R134_T44WPC_20231002T141351,Sentinel-2A,346,Yenisey,175.24680657153,47.1900807073678,0.8776501719768232,"{""type"":""MultiPoint"",""coordinates"":[]}"
20160706T060632_20160706T060634_T45WVS_1,36.0,17.0,1254.0000000000002,353,862.0000000000003,550.0000000000001,337.00000000000006,296.99999999999994,286.00000000000006,260.0,199.99999999999997,212.99999999999994,73.99999999999999,17.4276,353,2016-07-06,69.37340000000002,86.12130000000002,S2A_MSIL1C_20160706T060632_N0204_R134_T45WVS_20160706T060634,Sentinel-2A,353,Yenisey,176.336862864275,46.3144389442138,0.8771331310272217,"{""type"":""MultiPoint"",""coordinates"":[]}"
20160706T060632_20160706T060634_T45WVT_1,36.00000000000001,16.0,1254.9999999999995,353,860.0000000000001,549.0,336.99999999999994,295.0,285.9999999999999,259.99999999999994,192.0,213.00000000000003,74.00000000000001,1.60599456116382,353,2016-07-06,69.37340000000002,86.12130000000002,S2A_MSIL1C_20160706T060632_N0500_R134_T45WVT_20231002T141351,Sentinel-2A,353,Yenisey,176.259029948126,47.2113137897707,0.877342402935028,"{""type"":""MultiPoint"",""coordinates"":[]}"
20160706T060634_20160706T095009_T44WPC_1,35.99999999999999,16.999999999999996,1255.0,346,862.0,549.9999999999999,337.00000000000006,296.99999999999994,286.0,260.00000000000006,200.0,212.99999999999997,75.0,1.8693,346,2016-07-06,69.37340000000002,86.12130000000002,S2A_OPER_PRD_MSIL1C_PDMC_20160706T144841_R134_V20160706T060634_20160706T060634,Sentinel-2A,346,Yenisey,175.245702890601,47.1899733469437,0.8767141028515344,"{""type"":""MultiPoint"",""coordinates"":[]}"
20160706T060634_20160706T095009_T45WVS_1,36.0,17.0,1254.0000000000002,353,862.0000000000003,550.0000000000001,337.00000000000006,296.99999999999994,286.00000000000006,260.0,199.99999999999997,212.99999999999994,73.99999999999999,17.4276,353,2016-07-06,69.37340000000002,86.12130000000002,S2A_OPER_PRD_MSIL1C_PDMC_20160706T144841_R134_V20160706T060634_20160706T060634,Sentinel-2A,353,Yenisey,176.336862864275,46.3144389442138,0.8771331310272217,"{""type"":""MultiPoint"",""coordinates"":[]}"
20160706T060634_20160706T095009_T45WVT_1,36.0,17.0,1254.0000000000002,353,862.0000000000003,550.0000000000001,337.00000000000006,296.99999999999994,286.0,259.99999999999994,200.0,212.99999999999994,75.00000000000001,0.8257,353,2016-07-06,69.37340000000002,86.12130000000002,S2A_OPER_PRD_MSIL1C_PDMC_20160706T144841_R134_V20160706T060634_20160706T060634,Sentinel-2A,353,Yenisey,176.257925320835,47.2112010785983,0.8771331310272217,"{""type"":""MultiPoint"",""coordinates"":[]}"
20160710T072618_20160710T093842_T41WPP_0,220.0,119.0,1859.0,350,1463.0,1100.0,863.0,808.0,817.0,827.0,726.0,678.9999999999999,191.99999999999997,18.8354,350,2016-07-10,66.63000000000001,66.6,S2A_OPER_PRD_MSIL1C_PDMC_20160710T120503_R049_V20160710T072618_20160710T072618,Sentinel-2A,350,Ob,177.136579022074,44.0513066120199,0.6667297631502151,"{""type"":""MultiPoint"",""coordinates"":[]}"
20160710T072618_20160710T093842_T41WPQ_0,220.0,119.0,1859.0,350,1463.0,1100.0,863.0,808.0,817.0,827.0,726.0,678.9999999999999,191.99999999999997,43.8234,350,2016-07-10,66.63000000000001,66.6,S2A_OPER_PRD_MSIL1C_PDMC_20160710T120503_R049_V20160710T072618_20160710T072618,Sentinel-2A,350,Ob,177.270847053161,44.9439579458242,0.6667297631502151,"{""type"":""MultiPoint"",""coordinates"":[]}"
20160710T072622_20160710T072618_T41WPP_0,220.0,119.0,1859.0,350,1463.0,1100.0,863.0,808.0,817.0,827.0,726.0,678.9999999999999,191.99999999999997,18.8354,350,2016-07-10,66.63000000000001,66.6,S2A_MSIL1C_20160710T072622_N0204_R049_T41WPP_20160710T072618,Sentinel-2A,350,Ob,177.136579022074,44.0513066120199,0.6667297631502151,"{""type"":""MultiPoint"",""coordinates"":[]}"
20160710T072622_20160710T072618_T41WPQ_0,220.0,119.0,1859.0,350,1463.0,1100.0,863.0,808.0,817.0,827.0,726.0,678.9999999999999,191.99999999999997,43.8234,350,2016-07-10,66.63000000000001,66.6,S2A_MSIL1C_20160710T072622_N0204_R049_T41WPQ_20160710T072618,Sentinel-2A,350,Ob,177.270847053161,44.9439579458242,0.6667297631502151,"{""type"":""MultiPoint"",""coordinates"":[]}"
20160710T072622_20160710T073049_T41WPP_0,219.99999999999997,119.0,1859.0,350,1464.0,1100.0,863.0000000000001,808.0,816.9999999999999,827.0,726.0,679.0000000000001,191.99999999999997,3.8773,350,2016-07-10,66.63000000000001,66.6,S2A_MSIL1C_20160710T072622_N0204_R049_T41WPP_20160710T073049,Sentinel-2A,350,Ob,177.136579022074,44.0513066120199,0.6668352683385214,"{""type"":""MultiPoint"",""coordinates"":[]}"
20160710T072622_20160710T073049_T41WPQ_0,219.99999999999997,119.0,1859.0,350,1463.0000000000002,1100.0,863.0000000000001,808.0,816.9999999999999,827.0,726.0,679.0000000000001,191.99999999999997,39.0251,350,2016-07-10,66.63000000000001,66.6,S2A_MSIL1C_20160710T072622_N0204_R049_T41WPQ_20160710T073049,Sentinel-2A,350,Ob,177.270847053161,44.9439579458241,0.6668352683385214,"{""type"":""MultiPoint"",""coordinates"":[]}"
20160710T073049_20160710T111136_T41WPP_0,219.99999999999997,119.0,1859.0,350,1464.0,1100.0,863.0000000000001,808.0,816.9999999999999,827.0,726.0,679.0000000000001,191.99999999999997,3.8773,350,2016-07-10,66.63000000000001,66.6,S2A_OPER_PRD_MSIL1C_PDMC_20160710T144259_R049_V20160710T073049_20160710T073049,Sentinel-2A,350,Ob,177.136579022074,44.0513066120199,0.6668352683385214,"{""type"":""MultiPoint"",""coordinates"":[]}"
20160710T073049_20160710T111136_T41WPQ_0,219.99999999999997,119.0,1859.0,350,1463.0000000000002,1100.0,863.0000000000001,808.0,816.9999999999999,827.0,726.0,679.0000000000001,191.99999999999997,39.0251,350,2016-07-10,66.63000000000001,66.6,S2A_OPER_PRD_MSIL1C_PDMC_20160710T144259_R049_V20160710T073049_20160710T073049,Sentinel-2A,350,Ob,177.270847053161,44.9439579458241,0.6668352683385214,"{""type"":""MultiPoint"",""coordinates"":[]}"
20160712T062631_20160712T101413_T44WPC_1,21.0,13.000000000000002,1007.0,346,690.0000000000001,413.00000000000006,234.99999999999994,201.0,185.00000000000003,170.00000000000003,123.0,134.0,61.0,0.0,346,2016-07-12,69.37340000000002,86.12130000000002,S2A_OPER_PRD_MSIL1C_PDMC_20160712T124535_R077_V20160712T062631_20160712T062631,Sentinel-2A,346,Yenisey,181.245641413544,47.8792943051494,0.9027286917730695,"{""type"":""MultiPoint"",""coordinates"":[]}"
20160712T062631_20160712T101413_T45WVS_1,21.0,13.0,1006.9999999999998,353,691.0000000000001,412.99999999999994,234.99999999999997,201.0,185.0,171.00000000000003,122.99999999999999,134.0,61.99999999999999,0.0,353,2016-07-12,69.37340000000002,86.12130000000002,S2A_OPER_PRD_MSIL1C_PDMC_20160712T124535_R077_V20160712T062631_20160712T062631,Sentinel-2A,353,Yenisey,182.409566600074,47.0355781648871,0.902097475528717,"{""type"":""MultiPoint"",""coordinates"":[]}"
20160712T062631_20160712T101413_T45WVT_1,21.0,13.0,1006.9999999999998,353,691.0000000000001,412.99999999999994,234.99999999999997,201.0,185.00000000000003,170.0,122.99999999999999,134.0,61.00000000000001,0.0,353,2016-07-12,69.37340000000002,86.12130000000002,S2A_OPER_PRD_MSIL1C_PDMC_20160712T124535_R077_V20160712T062631_20160712T062631,Sentinel-2A,353,Yenisey,182.246525858785,47.9295949614385,0.902097475528717,"{""type"":""MultiPoint"",""coordinates"":[]}"
20160712T062632_20160712T062631_T44WPC_1,20.999999999999996,13.000000000000004,1003.9999999999999,346,691.0000000000001,411.99999999999994,235.99999999999991,199.99999999999997,183.99999999999997,170.99999999999997,125.0,134.0,62.00000000000001,0.0,346,2016-07-12,69.37340000000002,86.12130000000002,S2A_MSIL1C_20160712T062632_N0500_R077_T44WPC_20231001T063044,Sentinel-2A,346,Yenisey,181.246762110534,47.8794263653384,0.9034946424326872,"{""type"":""MultiPoint"",""coordinates"":[]}"
20160712T062632_20160712T062631_T45WVS_1,21.000000000000004,12.000000000000002,1004.0000000000001,353,691.0,412.00000000000006,236.0,200.0,184.0,171.0,125.00000000000003,133.99999999999994,60.999999999999986,0.0,353,2016-07-12,69.37340000000002,86.12130000000002,S2A_MSIL1C_20160712T062632_N0500_R077_T45WVS_20231001T063044,Sentinel-2A,353,Yenisey,182.410707325413,47.0357170667149,0.9035014942105132,"{""type"":""MultiPoint"",""coordinates"":[]}"
20160712T062632_20160712T062631_T45WVT_1,21.000000000000004,12.000000000000002,1004.0000000000001,353,691.0000000000001,412.00000000000006,236.0,200.0,184.00000000000003,171.00000000000003,125.00000000000004,133.99999999999994,61.00000000000001,0.0,353,2016-07-12,69.37340000000002,86.12130000000002,S2A_MSIL1C_20160712T062632_N0500_R077_T45WVT_20231001T063044,Sentinel-2A,353,Yenisey,182.247646655516,47.9297324406342,0.9035014942105132,"{""type"":""MultiPoint"",""coordinates"":[]}"
20160714T221532_20160714T221535_T03VXJ_4,39.00000000000001,18.0,1449.0,342,1261.0,1188.0,1158.9999999999998,1090.0,924.0000000000001,966.0,742.0,781.9999999999999,83.00000000000001,0.475738302129057,342,2016-07-14,61.93,-162.88,S2A_MSIL1C_20160714T221532_N0500_R115_T03VXJ_20231001T003246,Sentinel-2A,342,Yukon,167.25288828256,40.6831773339226,0.9359483407891315,"{""type"":""MultiPoint"",""coordinates"":[]}"
20160714T221535_20160715T000555_T03VXJ_4,40.99999999999999,19.0,1448.9999999999995,342,1263.0,1188.0,1160.0,1091.0,926.0,962.0,743.0,782.0000000000001,84.0,0.237,342,2016-07-14,61.93,-162.88,S2A_OPER_PRD_MSIL1C_PDMC_20160715T053239_R115_V20160714T221535_20160714T221535,Sentinel-2A,342,Yukon,167.251510971676,40.6832932569056,0.9337997635205587,"{""type"":""MultiPoint"",""coordinates"":[]}"
20160716T010652_20160716T010652_T57WWS_3,47.0,29.0,1258.0,351,989.0000000000001,856.0000000000001,720.0,625.0,376.00000000000006,359.0,247.0,292.0,74.0,0.0348339366662233,351,2016-07-16,68.75,161.3,S2A_MSIL1C_20160716T010652_N0500_R131_T57WWS_20230929T143149,Sentinel-2A,351,Kolyma,174.695022181601,47.6701850000787,0.894895613193512,"{""type"":""MultiPoint"",""coordinates"":[]}"
20160716T010652_20160716T043440_T57WWS_3,45.0,27.000000000000004,1230.9999999999998,351,986.0000000000001,854.0,721.0,626.0,374.0,361.0,243.00000000000003,289.0,73.00000000000001,0.0034,351,2016-07-16,68.75,161.3,S2A_OPER_PRD_MSIL1C_PDMC_20160719T155901_R131_V20160716T010652_20160716T010652,Sentinel-2A,351,Kolyma,174.69381198252,47.6701329441599,0.897847384766296,"{""type"":""MultiPoint"",""coordinates"":[]}"
20160718T032542_20160718T032540_T51WWQ_2,51.00000000000001,37.0,1151.9999999999998,351,807.9999999999999,570.0,436.00000000000006,393.0,287.0,264.0,189.00000000000009,219.00000000000003,66.00000000000001,4.85616172474544,351,2016-07-18,66.76905,123.39458,S2A_MSIL1C_20160718T032542_N0500_R018_T51WWQ_20231006T073304,Sentinel-2A,351,Lena,173.556702966041,46.2751511392771,0.836826209317554,"{""type"":""MultiPoint"",""coordinates"":[]}"
20160718T032542_20160903T195552_T51WWQ_2,50.00000000000001,36.99999999999999,1153.0,351,808.0,571.0,435.99999999999994,394.0,284.00000000000006,264.0,190.0,218.0,66.0,3.4823,351,2016-07-18,66.76905,123.39458,S2A_OPER_PRD_MSIL1C_PDMC_20160904T185853_R018_V20160718T032542_20160718T032540,Sentinel-2A,351,Lena,173.555490435037,46.2750588962417,0.8377500772476196,"{""type"":""MultiPoint"",""coordinates"":[]}"
20160719T061632_20160719T061634_T44WPC_1,625.0,468.0,2129.0,218,1685.0,1364.0,1162.0,1192.0,1409.0,1478.6666666666667,1458.75,1314.5,721.0,13.0799,218,2016-07-19,69.37340000000002,86.12130000000002,S2A_MSIL1C_20160719T061632_N0204_R034_T44WPC_20160719T061634,Sentinel-2A,218,Yenisey,177.947781821379,49.028815481421,0.3659522384405136,"{""type"":""MultiPoint"",""coordinates"":[]}"
20160719T061632_20160719T061634_T45WVS_1,626.0,470.0,2138.0,227,1689.0,1364.0,1164.5,1193.0,1410.3522099447512,1481.0,1467.0,1320.5,729.0,33.7154,227,2016-07-19,69.37340000000002,86.12130000000002,S2A_MSIL1C_20160719T061632_N0204_R034_T45WVS_20160719T061634,Sentinel-2A,227,Yenisey,179.05788643927,48.1664341458151,0.3653305835194058,"{""type"":""MultiPoint"",""coordinates"":[]}"
20160719T061632_20160719T061634_T45WVT_1,626.0,470.0,2138.0,227,1689.0,1364.0,1164.6,1193.0,1410.3522099447512,1481.0,1467.0,1320.5,729.0,18.9649,227,2016-07-19,69.37340000000002,86.12130000000002,S2A_MSIL1C_20160719T061632_N0204_R034_T45WVT_20160719T061634,Sentinel-2A,227,Yenisey,178.941795014693,49.0631629209219,0.3653305835194058,"{""type"":""MultiPoint"",""coordinates"":[]}"
20160719T061634_20160719T100412_T44WPC_1,625.0,468.0,2129.0,218,1685.0,1364.0,1162.0,1192.0,1409.0,1478.6666666666667,1458.75,1314.5,721.0,13.0799,218,2016-07-19,69.37340000000002,86.12130000000002,S2A_OPER_PRD_MSIL1C_PDMC_20160719T112917_R034_V20160719T061634_20160719T061634,Sentinel-2A,218,Yenisey,177.947781821379,49.028815481421,0.3659522384405136,"{""type"":""MultiPoint"",""coordinates"":[]}"
20160719T061634_20160719T100412_T45WVS_1,626.0,470.0,2138.0,227,1689.0,1364.0,1164.5,1193.0,1410.3522099447512,1481.0,1467.0,1320.5,729.0,33.7154,227,2016-07-19,69.37340000000002,86.12130000000002,S2A_OPER_PRD_MSIL1C_PDMC_20160719T112917_R034_V20160719T061634_20160719T061634,Sentinel-2A,227,Yenisey,179.05788643927,48.1664341458151,0.3653305835194058,"{""type"":""MultiPoint"",""coordinates"":[]}"
20160719T061634_20160719T100412_T45WVT_1,626.0,470.0,2138.0,227,1689.0,1364.0,1164.6,1193.0,1410.3522099447512,1481.0,1467.0,1320.5,729.0,18.9649,227,2016-07-19,69.37340000000002,86.12130000000002,S2A_OPER_PRD_MSIL1C_PDMC_20160719T112917_R034_V20160719T061634_20160719T061634,Sentinel-2A,227,Yenisey,178.941795014693,49.0631629209219,0.3653305835194058,"{""type"":""MultiPoint"",""coordinates"":[]}"
20160724T070622_20160724T070701_T41WPP_0,38.0,24.0,1229.0,350,846.0,570.9999999999999,410.00000000000006,385.99999999999994,272.0,254.0,180.99999999999997,202.0,61.0,13.0962,350,2016-07-24,66.63000000000001,66.6,S2A_MSIL1C_20160724T070622_N0204_R106_T41WPP_20160724T070701,Sentinel-2A,350,Ob,170.403681705678,46.6892897549472,0.875679996797217,"{""type"":""MultiPoint"",""coordinates"":[]}"
20160724T070622_20160724T070701_T41WPQ_0,38.0,24.0,1229.0,350,846.0,570.9999999999999,410.00000000000006,385.99999999999994,272.0,253.99999999999997,180.99999999999997,201.99999999999997,61.0,21.4865,350,2016-07-24,66.63000000000001,66.6,S2A_MSIL1C_20160724T070622_N0204_R106_T41WPQ_20160724T070701,Sentinel-2A,350,Ob,170.625591314819,47.5677379594518,0.875679996797217,"{""type"":""MultiPoint"",""coordinates"":[]}"
20160724T070701_20160724T105422_T41WPP_0,38.0,24.0,1229.0,350,846.0,570.9999999999999,410.00000000000006,385.99999999999994,272.0,254.0,180.99999999999997,202.0,61.0,13.0962,350,2016-07-24,66.63000000000001,66.6,S2A_OPER_PRD_MSIL1C_PDMC_20160725T035642_R106_V20160724T070701_20160724T070701,Sentinel-2A,350,Ob,170.403681705678,46.6892897549472,0.875679996797217,"{""type"":""MultiPoint"",""coordinates"":[]}"
20160724T070701_20160724T105422_T41WPQ_0,38.0,24.0,1229.0,350,846.0,570.9999999999999,410.00000000000006,385.99999999999994,272.0,253.99999999999997,180.99999999999997,201.99999999999997,61.0,21.4865,350,2016-07-24,66.63000000000001,66.6,S2A_OPER_PRD_MSIL1C_PDMC_20160725T035642_R106_V20160724T070701_20160724T070701,Sentinel-2A,350,Ob,170.625591314819,47.5677379594518,0.875679996797217,"{""type"":""MultiPoint"",""coordinates"":[]}"
20160726T060632_20160726T060856_T44WPC_1,34.00000000000001,20.999999999999996,1134.0,346,762.0,478.0,276.0,240.0,224.0,200.0,142.99999999999994,164.99999999999997,65.0,0.163391779528541,346,2016-07-26,69.37340000000002,86.12130000000002,S2A_MSIL1C_20160726T060632_N0500_R134_T44WPC_20231030T224834,Sentinel-2A,346,Yenisey,174.862381197241,50.5111718122164,0.8673107816030343,"{""type"":""MultiPoint"",""coordinates"":[]}"
20160726T060632_20160726T060856_T45WVS_1,34.0,21.0,1135.0,353,762.0,478.00000000000006,277.0,240.00000000000006,223.0,199.99999999999997,143.00000000000003,163.99999999999997,64.99999999999999,0.0767131076094685,353,2016-07-26,69.37340000000002,86.12130000000002,S2A_MSIL1C_20160726T060632_N0500_R134_T45WVS_20231030T224834,Sentinel-2A,353,Yenisey,175.921803319924,49.6338854850288,0.8672949885009626,"{""type"":""MultiPoint"",""coordinates"":[]}"
20160726T060632_20160726T060856_T45WVT_1,34.0,21.0,1135.0,353,762.0,478.00000000000006,277.0,240.00000000000006,223.99999999999997,199.99999999999997,143.0,163.99999999999997,65.00000000000003,0.205051670280469,353,2016-07-26,69.37340000000002,86.12130000000002,S2A_MSIL1C_20160726T060632_N0500_R134_T45WVT_20231030T224834,Sentinel-2A,353,Yenisey,175.846117014506,50.5304553236427,0.8672949885009626,"{""type"":""MultiPoint"",""coordinates"":[]}"
20160726T060856_20160726T095948_T44WPC_1,34.0,20.999999999999996,1132.0,346,763.0,478.00000000000006,277.0,241.0,222.0,200.0,144.0,164.00000000000003,64.99999999999999,0.0428,346,2016-07-26,69.37340000000002,86.12130000000002,S2A_OPER_PRD_MSIL1C_PDMC_20160727T024301_R134_V20160726T060856_20160726T060856,Sentinel-2A,346,Yenisey,174.861271429094,50.5110744104861,0.868847316808224,"{""type"":""MultiPoint"",""coordinates"":[]}"
20160726T060856_20160726T095948_T45WVS_1,33.99999999999999,21.0,1132.0,353,763.0,478.0,277.0,240.0,221.99999999999997,200.0,143.99999999999994,164.00000000000003,64.99999999999999,0.0,353,2016-07-26,69.37340000000002,86.12130000000002,S2A_OPER_PRD_MSIL1C_PDMC_20160727T024301_R134_V20160726T060856_20160726T060856,Sentinel-2A,353,Yenisey,175.920674284737,49.6337833623069,0.8683831244707108,"{""type"":""MultiPoint"",""coordinates"":[]}"
20160726T060856_20160726T095948_T45WVT_1,33.99999999999999,21.0,1132.0,353,763.0,478.0,277.0,239.99999999999997,222.0,199.99999999999997,144.0,164.00000000000003,65.0,0.0687,353,2016-07-26,69.37340000000002,86.12130000000002,S2A_OPER_PRD_MSIL1C_PDMC_20160727T024301_R134_V20160726T060856_20160726T060856,Sentinel-2A,353,Yenisey,175.845006133106,50.5303525399872,0.8683831244707108,"{""type"":""MultiPoint"",""coordinates"":[]}"
20160806T204022_20160806T204319_T08WNV_5,860.0,531.0,1708.0,6,1359.0,1290.0,1226.0,1244.0,1228.0,1218.0,978.0,1281.0,790.0,39.4284,6,2016-08-06,67.45,-133.74,S2A_MSIL1C_20160806T204022_N0204_R014_T08WNV_20160806T204319,Sentinel-2A,6,Mackenzie,175.564575554415,50.7823645853314,0.20000000298023224,"{""type"":""MultiPoint"",""coordinates"":[]}"
20160806T204319_20160807T000035_T08WNV_5,860.0,531.0,1708.0,6,1359.0,1290.0,1226.0,1244.0,1228.0,1218.0,978.0,1281.0,790.0,39.4284,6,2016-08-06,67.45,-133.74,S2A_OPER_PRD_MSIL1C_PDMC_20160808T035036_R014_V20160806T204319_20160806T204319,Sentinel-2A,6,Mackenzie,175.564575554415,50.7823645853314,0.20000000298023224,"{""type"":""MultiPoint"",""coordinates"":[]}"
20160808T061632_20160808T061633_T45WVT_1,672.0,753.0,1419.0,9,1140.0,826.0,645.0,643.0,712.0,714.0,697.0,691.0,229.0,12.9183,9,2016-08-08,69.37340000000002,86.12130000000002,S2A_MSIL1C_20160808T061632_N0204_R034_T45WVT_20160808T061633,Sentinel-2A,9,Yenisey,179.190705848844,53.8173994759836,0.12956419587135315,"{""type"":""MultiPoint"",""coordinates"":[]}"
20160808T061633_20160808T095748_T45WVT_1,672.0,753.0,1419.0,9,1140.0,826.0,645.0,643.0,712.0,714.0,697.0,691.0,229.0,12.9183,9,2016-08-08,69.37340000000002,86.12130000000002,S2A_OPER_PRD_MSIL1C_PDMC_20160808T170401_R034_V20160808T061633_20160808T061633,Sentinel-2A,9,Yenisey,179.190705848844,53.8173994759836,0.12956419587135315,"{""type"":""MultiPoint"",""coordinates"":[]}"
20160813T070622_20160813T070700_T41WPP_0,325.38023952095807,205.5,1704.0,350,1288.25,982.0,762.75,758.508982035928,734.4770813844714,752.0968992248063,690.0,646.0,194.0,19.105,350,2016-08-13,66.63000000000001,66.6,S2A_MSIL1C_20160813T070622_N0204_R106_T41WPP_20160813T070700,Sentinel-2A,350,Ob,171.395828141334,51.8979391495815,0.5210374338684902,"{""type"":""MultiPoint"",""coordinates"":[]}"
20160813T070622_20160813T105532_T41WPP_0,325.38023952095807,205.5,1704.0,350,1288.25,982.0,762.75,758.508982035928,734.4770813844714,752.0968992248063,690.0,646.0,194.0,19.105,350,2016-08-13,66.63000000000001,66.6,S2A_OPER_PRD_MSIL1C_PDMC_20160814T180431_R106_V20160813T070622_20160813T070700,Sentinel-2A,350,Ob,171.395828141334,51.8979391495815,0.5210374338684902,"{""type"":""MultiPoint"",""coordinates"":[]}"
20160816T222532_20160816T222535_T03VXJ_4,45.0,25.0,1403.9999999999998,342,1199.0,1131.0,1144.0000000000002,1092.9999999999998,869.9999999999999,897.9999999999998,665.0,728.0,90.0,39.1837,342,2016-08-16,61.93,-162.88,S2A_MSIL1C_20160816T222532_N0204_R015_T03VXJ_20160816T222535,Sentinel-2A,342,Yukon,172.286655315209,48.5341055172265,0.9239902496337891,"{""type"":""MultiPoint"",""coordinates"":[]}"
20160816T222532_20160816T235839_T03VXJ_4,45.0,25.0,1403.9999999999998,342,1199.0,1131.0,1144.0000000000002,1092.9999999999998,869.9999999999999,897.9999999999998,665.0,728.0,90.0,39.1837,342,2016-08-16,61.93,-162.88,S2A_OPER_PRD_MSIL1C_PDMC_20160817T205137_R015_V20160816T222532_20160816T222535,Sentinel-2A,342,Yukon,172.286655315209,48.5341055172265,0.9239902496337891,"{""type"":""MultiPoint"",""coordinates"":[]}"
20160829T223532_20160829T223532_T03VXJ_4,35.0,23.0,1138.0,63,901.0,731.0,652.0,617.0,514.0,517.0,401.0,428.0,67.0,41.3639,63,2016-08-29,61.93,-162.88,S2A_MSIL1C_20160829T223532_N0204_R058_T03VXJ_20160829T223532,Sentinel-2A,63,Yukon,176.784148024,52.8052436377,0.9090909361839294,"{""type"":""MultiPoint"",""coordinates"":[]}"
20160829T223532_20160830T001105_T03VXJ_4,35.0,23.0,1138.0,63,901.0,731.0,652.0,617.0,514.0,517.0,401.0,428.0,67.0,41.3639,63,2016-08-29,61.93,-162.88,S2A_OPER_PRD_MSIL1C_PDMC_20160830T185448_R058_V20160829T223532_20160829T223532,Sentinel-2A,63,Yukon,176.784148023714,52.8052436376918,0.9090909361839294,"{""type"":""MultiPoint"",""coordinates"":[]}"
20160902T034532_20160902T034534_T51WWQ_2,35.00000000000001,20.0,1220.0,351,880.0,640.0,481.0,415.0,285.0,258.0,186.0,206.99999999999994,54.0,0.0,351,2016-09-02,66.76905,123.39458,S2A_MSIL1C_20160902T034532_N0500_R104_T51WWQ_20230930T171711,Sentinel-2A,351,Lena,181.887488826353,59.3559275938696,0.8967657320773339,"{""type"":""MultiPoint"",""coordinates"":[]}"
20160902T034532_20160902T074215_T51WWQ_2,35.0,19.0,1217.9999999999998,351,881.0,642.0,482.0000000000001,415.0,283.00000000000006,258.00000000000006,184.0,205.99999999999997,56.0,0.0,351,2016-09-02,66.76905,123.39458,S2A_OPER_PRD_MSIL1C_PDMC_20160902T185050_R104_V20160902T034532_20160902T034534,Sentinel-2A,351,Lena,181.886286635967,59.35578812623,0.8972332799769599,"{""type"":""MultiPoint"",""coordinates"":[]}"
20160902T070622_20160902T070657_T41WPP_0,40.0,28.0,1297.9999999999998,350,905.0,634.0,427.0,416.00000000000006,278.00000000000006,256.0,177.99999999999997,202.0,67.0,0.320898048316999,350,2016-09-02,66.63000000000001,66.6,S2A_MSIL1C_20160902T070622_N0500_R106_T41WPP_20231028T094045,Sentinel-2A,350,Ob,173.388373007662,58.5992802146243,0.8814814245432294,"{""type"":""MultiPoint"",""coordinates"":[]}"
20160902T070622_20160902T070657_T41WPQ_0,40.0,28.0,1297.9999999999998,350,905.0,634.0,427.0,416.00000000000006,278.00000000000006,256.0,177.99999999999997,202.0,67.0,2.04250886732702,350,2016-09-02,66.63000000000001,66.6,S2A_MSIL1C_20160902T070622_N0500_R106_T41WPQ_20231028T094045,Sentinel-2A,350,Ob,173.526095562389,59.4854477015237,0.8814814245432294,"{""type"":""MultiPoint"",""coordinates"":[]}"
20160902T070622_20160902T105807_T41WPP_0,39.0,28.999999999999996,1298.0,350,905.0000000000001,634.0,425.00000000000006,414.0,278.0,256.0,180.0,201.99999999999997,70.0,0.0435,350,2016-09-02,66.63000000000001,66.6,S2A_OPER_PRD_MSIL1C_PDMC_20160903T211558_R106_V20160902T070622_20160902T070657,Sentinel-2A,350,Ob,173.38719182079,58.5992453440872,0.8843699129564422,"{""type"":""MultiPoint"",""coordinates"":[]}"
20160902T070622_20160902T105807_T41WPQ_0,39.0,28.999999999999996,1298.0,350,905.0000000000001,634.0,425.00000000000006,414.0,278.0,256.0,180.00000000000003,201.99999999999997,70.0,1.5351,350,2016-09-02,66.63000000000001,66.6,S2A_OPER_PRD_MSIL1C_PDMC_20160903T211558_R106_V20160902T070622_20160902T070657,Sentinel-2A,350,Ob,173.524927608106,59.4854100188127,0.8843699129564422,"{""type"":""MultiPoint"",""coordinates"":[]}"
20160902T202932_20160902T203422_T08WNV_5,877.0,766.0,1817.0,10,1511.0,1265.0,1115.0,1137.0,1143.0,1176.0,1161.0,1095.0,424.0,14.7872,10,2016-09-02,67.45,-133.74,S2A_MSIL1C_20160902T202932_N0204_R114_T08WNV_20160902T203422,Sentinel-2A,10,Mackenzie,174.835075822,59.6804231331,0.19262494146823883,"{""type"":""MultiPoint"",""coordinates"":[]}"
20160902T202932_20160903T000514_T08WNV_5,877.0,766.0,1817.0,10,1511.0,1265.0,1115.0,1137.0,1143.0,1176.0,1161.0,1095.0,424.0,14.7872,10,2016-09-02,67.45,-133.74,S2A_OPER_PRD_MSIL1C_PDMC_20160903T214914_R114_V20160902T202932_20160902T203422,Sentinel-2A,10,Mackenzie,174.835075821953,59.6804231331485,0.19262494146823883,"{""type"":""MultiPoint"",""coordinates"":[]}"
20160904T060632_20160904T060631_T44WPC_1,27.999999999999996,13.999999999999998,1370.0000000000002,346,933.0,574.9999999999999,341.0,294.0,249.0,218.0,167.0,181.99999999999994,74.0,2.39816561911742,346,2016-09-04,69.37340000000002,86.12130000000002,S2A_MSIL1C_20160904T060632_N0500_R134_T44WPC_20230928T042940,Sentinel-2A,346,Yenisey,177.402239071192,62.7847941258121,0.9065887629985809,"{""type"":""MultiPoint"",""coordinates"":[]}"
20160904T060632_20160904T060631_T45WVS_1,28.0,13.999999999999998,1368.0,353,933.0000000000001,575.0,341.00000000000006,295.0,248.00000000000003,217.99999999999997,165.0,182.0,76.99999999999999,12.1733,353,2016-09-04,69.37340000000002,86.12130000000002,S2A_MSIL1C_20160904T060632_N0204_R134_T45WVS_20160904T060631,Sentinel-2A,353,Yenisey,178.402031129,61.9192590872,0.9070586108818876,"{""type"":""MultiPoint"",""coordinates"":[]}"
20160904T060632_20160904T060631_T45WVT_1,28.0,13.999999999999998,1368.0,353,933.0,575.0,341.00000000000006,295.00000000000006,247.99999999999994,218.00000000000003,165.0,182.0,77.0,4.8493,353,2016-09-04,69.37340000000002,86.12130000000002,S2A_MSIL1C_20160904T060632_N0204_R134_T45WVT_20160904T060631,Sentinel-2A,353,Yenisey,178.297571448,62.8161485538,0.9064856959810877,"{""type"":""MultiPoint"",""coordinates"":[]}"
20160904T060632_20160904T094722_T44WPC_1,28.0,14.000000000000004,1367.9999999999998,346,933.0,574.9999999999999,340.0,295.00000000000006,249.0,218.0,166.0,181.99999999999994,77.99999999999999,2.2719,346,2016-09-04,69.37340000000002,86.12130000000002,S2A_OPER_PRD_MSIL1C_PDMC_20160904T201755_R134_V20160904T060632_20160904T060631,Sentinel-2A,346,Yenisey,177.401092368228,62.784706837925,0.9060402512550354,"{""type"":""MultiPoint"",""coordinates"":[]}"
20160904T060632_20160904T094722_T45WVS_1,28.0,13.999999999999998,1368.0,353,933.0000000000001,575.0,341.00000000000006,295.0,248.00000000000003,217.99999999999997,165.0,182.0,76.99999999999999,12.1733,353,2016-09-04,69.37340000000002,86.12130000000002,S2A_OPER_PRD_MSIL1C_PDMC_20160904T201755_R134_V20160904T060632_20160904T060631,Sentinel-2A,353,Yenisey,178.402031128792,61.9192590871947,0.9070586108818876,"{""type"":""MultiPoint"",""coordinates"":[]}"
20160904T060632_20160904T094722_T45WVT_1,28.0,13.999999999999998,1368.0,353,933.0,575.0,341.00000000000006,295.00000000000006,247.99999999999994,218.00000000000003,165.0,182.0,77.0,4.8493,353,2016-09-04,69.37340000000002,86.12130000000002,S2A_OPER_PRD_MSIL1C_PDMC_20160904T201755_R134_V20160904T060632_20160904T060631,Sentinel-2A,353,Yenisey,178.297571447757,62.8161485537585,0.9064856959810877,"{""type"":""MultiPoint"",""coordinates"":[]}"
20160905T071622_20160905T071906_T41WPP_0,52.0,32.0,1334.0,350,950.0000000000001,673.0,461.0,428.487669543773,312.0,287.99999999999994,215.00000000000003,231.00000000000006,66.0,5.737,350,2016-09-05,66.63000000000001,66.6,S2A_MSIL1C_20160905T071622_N0204_R006_T41WPP_20160905T071906,Sentinel-2A,350,Ob,176.597997616,59.6111126478,0.8557479989224824,"{""type"":""MultiPoint"",""coordinates"":[]}"
20160905T071622_20160905T071906_T41WPQ_0,52.0,32.0,1334.0,350,950.0000000000001,673.0,461.0,428.487669543773,312.0,287.0,215.0,231.00000000000006,65.99999999999999,24.5217,350,2016-09-05,66.63000000000001,66.6,S2A_MSIL1C_20160905T071622_N0204_R006_T41WPQ_20160905T071906,Sentinel-2A,350,Ob,176.705014349,60.5030225392,0.8557479989224824,"{""type"":""MultiPoint"",""coordinates"":[]}"
20160905T071622_20160905T110458_T41WPP_0,52.0,32.0,1334.0,350,950.0000000000001,673.0,461.0,428.487669543773,312.0,287.99999999999994,215.00000000000003,231.00000000000006,66.0,5.737,350,2016-09-05,66.63000000000001,66.6,S2A_OPER_PRD_MSIL1C_PDMC_20160907T075225_R006_V20160905T071622_20160905T071906,Sentinel-2A,350,Ob,176.597997615889,59.6111126478215,0.8557479989224824,"{""type"":""MultiPoint"",""coordinates"":[]}"
20160905T071622_20160905T110458_T41WPQ_0,52.0,32.0,1334.0,350,950.0000000000001,673.0,461.0,428.487669543773,312.0,287.0,215.0,231.00000000000006,65.99999999999999,24.5217,350,2016-09-05,66.63000000000001,66.6,S2A_OPER_PRD_MSIL1C_PDMC_20160907T075225_R006_V20160905T071622_20160905T071906,Sentinel-2A,350,Ob,176.705014349182,60.5030225391636,0.8557479989224824,"{""type"":""MultiPoint"",""coordinates"":[]}"
20160907T011652_20160907T011651_T57WWS_3,169.0,114.0,1506.0,351,1202.0,980.0,841.9999999999999,764.9999999999999,549.0,533.0000000000001,405.0,460.99999999999994,158.0,0.678999074322912,351,2016-09-07,68.75,161.3,S2A_MSIL1C_20160907T011652_N0500_R031_T57WWS_20230930T005840,Sentinel-2A,351,Kolyma,180.315904757331,62.9519464050775,0.7058249144059306,"{""type"":""MultiPoint"",""coordinates"":[]}"
20160907T011652_20160907T030637_T57WWS_3,169.0,113.00000000000001,1508.9999999999998,351,1201.0,977.9999999999999,842.0,766.0,550.0,534.0,402.0,460.0,157.0,0.0719,351,2016-09-07,68.75,161.3,S2A_OPER_PRD_MSIL1C_PDMC_20160908T063241_R031_V20160907T011652_20160907T011651,Sentinel-2A,351,Kolyma,180.314719927393,62.9518462930624,0.7054030100504557,"{""type"":""MultiPoint"",""coordinates"":[]}"
20160910T062622_20160910T062752_T45WVS_1,100.00000000000001,62.0,1506.0000000000002,353,1119.0000000000002,733.0,501.00000000000006,434.0,390.99999999999994,371.00000000000006,311.0,304.00000000000006,107.00000000000006,44.7065,353,2016-09-10,69.37340000000002,86.12130000000002,S2A_MSIL1C_20160910T062622_N0204_R077_T45WVS_20160910T062752,Sentinel-2A,353,Yenisey,184.506190088,64.2240413096,0.7600007951259613,"{""type"":""MultiPoint"",""coordinates"":[]}"
20160910T062622_20160910T101206_T45WVS_1,100.00000000000001,62.0,1506.0000000000002,353,1119.0000000000002,733.0,501.00000000000006,434.0,390.99999999999994,371.00000000000006,311.0,304.00000000000006,107.00000000000006,44.7065,353,2016-09-10,69.37340000000002,86.12130000000002,S2A_OPER_PRD_MSIL1C_PDMC_20160913T040201_R077_V20160910T062622_20160910T062752,Sentinel-2A,353,Yenisey,184.506190087719,64.2240413095917,0.7600007951259613,"{""type"":""MultiPoint"",""coordinates"":[]}"
20160914T010642_20160914T010644_T57WWS_3,20.0,12.000000000000002,1457.0,351,1071.0,720.0,473.0,393.0,266.99999999999994,245.0,169.00000000000003,190.0,77.00000000000001,21.9935,351,2016-09-14,68.75,161.3,S2A_MSIL1C_20160914T010642_N0204_R131_T57WWS_20160914T010644,Sentinel-2A,351,Kolyma,178.236961535,65.6151408478,0.9474761465848502,"{""type"":""MultiPoint"",""coordinates"":[]}"
20160914T010642_20160914T025420_T57WWS_3,20.0,12.000000000000002,1457.0,351,1071.0,720.0,473.0,393.0,266.99999999999994,245.0,169.00000000000003,190.0,77.00000000000001,21.9935,351,2016-09-14,68.75,161.3,S2A_OPER_PRD_MSIL1C_PDMC_20160915T183619_R131_V20160914T010642_20160914T010644,Sentinel-2A,351,Kolyma,178.236961535398,65.6151408478175,0.9474761465848502,"{""type"":""MultiPoint"",""coordinates"":[]}"
20160916T032532_20160916T032532_T51WWQ_2,51.0,35.0,1385.0,351,968.0,648.9999999999999,451.0,386.0,281.00000000000006,249.99999999999994,184.00000000000003,209.99999999999997,92.99999999999997,0.785422078891576,351,2016-09-16,66.76905,123.39458,S2A_MSIL1C_20160916T032532_N0500_R018_T51WWQ_20230930T112821,Sentinel-2A,351,Lena,177.617493912445,64.6374004157648,0.8547309494195638,"{""type"":""MultiPoint"",""coordinates"":[]}"
20160916T032532_20160916T070305_T51WWQ_2,50.0,35.0,1385.0000000000005,351,968.0000000000001,648.0,451.0,385.99999999999994,281.00000000000006,251.0,181.99999999999997,209.99999999999994,93.99999999999999,0.0,351,2016-09-16,66.76905,123.39458,S2A_OPER_PRD_MSIL1C_PDMC_20160917T031739_R018_V20160916T032532_20160916T032532,Sentinel-2A,351,Lena,177.616294177761,64.6372978887329,0.8579609314671207,"{""type"":""MultiPoint"",""coordinates"":[]}"
20160928T072652_20160928T072654_T41WPP_0,45.78001455251031,28.54924373628911,1486.0,350,1076.4917922948073,722.5026041666667,521.2141361256545,465.1283987915408,321.1058503790588,291.2793328668066,195.48669565217386,227.90789302587663,78.09703808180537,1.11105139000866,350,2016-09-28,66.63000000000001,66.6,S2A_MSIL1C_20160928T072652_N0500_R049_T41WPP_20231001T032935,Sentinel-2A,350,Ob,181.651869504427,68.4260679353125,0.8806462626672251,"{""type"":""MultiPoint"",""coordinates"":[]}"
20160928T072652_20160928T072654_T41WPQ_0,45.83681641847078,28.533535217586362,1485.9999999999998,350,1076.512610441767,722.5629734848484,521.2141361256545,465.1283987915408,321.0720011876484,291.36309523809524,203.2075790898325,227.83237588956527,78.39400343415664,1.65746961688913,350,2016-09-28,66.63000000000001,66.6,S2A_MSIL1C_20160928T072652_N0500_R049_T41WPQ_20231001T032935,Sentinel-2A,350,Ob,181.714507800713,69.3214605020617,0.8806371924786713,"{""type"":""MultiPoint"",""coordinates"":[]}"
20160928T072652_20160928T093943_T41WPP_0,45.75672043010753,30.462224050459344,1487.0,350,1076.3890584132519,722.491472868217,517.7005326231691,465.0957661290322,321.35373961218835,291.31628294614023,195.40504279435575,227.69658769832645,86.63921259842519,5.4804,350,2016-09-28,66.63000000000001,66.6,S2A_OPER_PRD_MSIL1C_PDMC_20160928T110038_R049_V20160928T072652_20160928T072654,Sentinel-2A,350,Ob,181.650624508485,68.4259967526105,0.8805764449640405,"{""type"":""MultiPoint"",""coordinates"":[]}"
20160928T072652_20160928T093943_T41WPQ_0,45.74732620320856,30.462224050459344,1487.0,350,1076.3001176932128,722.491472868217,517.7005326231691,465.1984564498346,321.3757859531772,291.24733193970735,195.43323918701887,227.65606190885643,86.77306437258973,4.8993,350,2016-09-28,66.63000000000001,66.6,S2A_OPER_PRD_MSIL1C_PDMC_20160928T110016_R049_V20160928T072652_20160928T072654,Sentinel-2A,350,Ob,181.713272857661,69.3213892343425,0.8805764449640405,"{""type"":""MultiPoint"",""coordinates"":[]}"
20160928T205232_20160928T205234_T08WNV_5,73.0,43.00000000000001,1725.0,348,1378.0000000000002,1077.0000000000002,1014.0000000000001,954.0,680.0,651.0,462.00000000000006,538.0,133.0,29.2052,348,2016-09-28,67.45,-133.74,S2A_MSIL1C_20160928T205232_N0204_R057_T08WNV_20160928T205234,Sentinel-2A,348,Mackenzie,182.915261123,69.5915777396,0.8725605441640457,"{""type"":""MultiPoint"",""coordinates"":[]}"
20160928T205232_20160928T224715_T08WNV_5,73.0,43.00000000000001,1725.0,348,1378.0000000000002,1077.0000000000002,1014.0000000000001,954.0,680.0,651.0,462.00000000000006,538.0,133.0,29.2052,348,2016-09-28,67.45,-133.74,S2A_OPER_PRD_MSIL1C_PDMC_20160929T002304_R057_V20160928T205232_20160928T205234,Sentinel-2A,348,Mackenzie,182.915261123312,69.591577739579,0.8725605441640457,"{""type"":""MultiPoint"",""coordinates"":[]}"
20161004T010642_20161004T010644_T57WWS_3,114.0,82.0,2055.0,231,1565.0,1119.9999999999998,842.0,737.0,574.0,515.0,406.0,447.0,216.0,5.4561,231,2016-10-04,68.75,161.3,S2A_MSIL1C_20161004T010642_N0204_R131_T57WWS_20161004T010644,Sentinel-2A,231,Kolyma,180.102372383,73.3625202223,0.8166690840814136,"{""type"":""MultiPoint"",""coordinates"":[]}"
20161004T010642_20161004T025327_T57WWS_3,114.0,82.0,2055.0,231,1565.0,1119.9999999999998,842.0,737.0,574.0,515.0,406.0,447.0,216.0,5.4561,231,2016-10-04,68.75,161.3,S2A_OPER_PRD_MSIL1C_PDMC_20161004T044526_R131_V20161004T010642_20161004T010644,Sentinel-2A,231,Kolyma,180.10237238291,73.3625202223102,0.8166690840814136,"{""type"":""MultiPoint"",""coordinates"":[]}"
20161005T204322_20161005T204352_T08WNV_5,42.0,22.0,1729.0000000000005,348,1343.9999999999998,1021.0,851.0,748.0000000000001,472.0,426.00000000000006,289.0,351.0,99.0,0.00856997820179761,348,2016-10-05,67.45,-133.74,S2A_MSIL1C_20161005T204322_N0500_R014_T08WNV_20230927T183042,Sentinel-2A,348,Mackenzie,180.828550120636,72.270434119191,0.921355683768576,"{""type"":""MultiPoint"",""coordinates"":[]}"
20161005T204322_20161005T223520_T08WNV_5,40.99999999999999,22.0,1730.0,348,1343.0,1019.0,847.0000000000001,746.0,472.99999999999994,428.0,287.0,350.0,93.0,0.2293,348,2016-10-05,67.45,-133.74,S2A_OPER_PRD_MSIL1C_PDMC_20161006T025743_R014_V20161005T204322_20161005T204352,Sentinel-2A,348,Mackenzie,180.827316976196,72.2704461079852,0.9226034802092603,"{""type"":""MultiPoint"",""coordinates"":[]}"
20161015T071852_20161015T071916_T41WPQ_0,86.0,64.0,1851.0,64,1347.0,860.0,615.0,551.0,430.0,390.0,299.0,324.0,125.0,22.9279,64,2016-10-15,66.63000000000001,66.6,S2A_MSIL1C_20161015T071852_N0204_R006_T41WPQ_20161015T071916,Sentinel-2A,64,Ob,180.323140013,75.7922897857,0.8170075416564941,"{""type"":""MultiPoint"",""coordinates"":[]}"
20161015T071852_20161015T111503_T41WPQ_0,86.0,64.0,1851.0,64,1347.0,860.0,615.0,551.0,430.0,390.0,299.0,324.0,125.0,22.9279,64,2016-10-15,66.63000000000001,66.6,S2A_OPER_PRD_MSIL1C_PDMC_20161016T090652_R006_V20161015T071852_20161015T071916,Sentinel-2A,64,Ob,180.323140013373,75.7922897857041,0.8170075416564941,"{""type"":""MultiPoint"",""coordinates"":[]}"
20161015T222532_20161015T222528_T03VXJ_4,56.00000000000001,41.0,1533.9999999999998,342,1154.9999999999998,871.9999999999999,807.0,756.9999999999998,516.0,482.0,331.0,401.00000000000006,112.0,0.258861118576249,342,2016-10-15,61.93,-162.88,S2A_MSIL1C_20161015T222532_N0500_R015_T03VXJ_20230929T171247,Sentinel-2A,342,Yukon,178.598712779123,70.6562085783426,0.8796474039554596,"{""type"":""MultiPoint"",""coordinates"":[]}"
20161015T222532_20161015T235523_T03VXJ_4,56.00000000000001,40.0,1534.0,342,1153.0,870.9999999999999,801.0,757.0000000000001,516.0,480.0,330.0,400.0,116.0,0.0,342,2016-10-15,61.93,-162.88,S2A_OPER_PRD_MSIL1C_PDMC_20161017T070248_R015_V20161015T222532_20161015T222528,Sentinel-2A,342,Yukon,178.597414403801,70.6561940978885,0.8796114495822361,"{""type"":""MultiPoint"",""coordinates"":[]}"
20161018T072912_20161018T072912_T41WPP_0,372.0,246.0,2484.0,35,1784.0,1373.0,1264.0,1400.0,1419.0,1452.0,1446.0,1403.0,495.0,42.1697,35,2016-10-18,66.63000000000001,66.6,S2A_MSIL1C_20161018T072912_N0204_R049_T41WPP_20161018T072912,Sentinel-2A,35,Ob,182.939950921,76.0258562495,0.5897097587585449,"{""type"":""MultiPoint"",""coordinates"":[]}"
20161018T072912_20161018T072912_T41WPQ_0,372.0,246.0,2485.0,35,1784.0,1373.0,1264.0,1399.0,1420.0,1453.0,1446.0,1404.0,494.0,40.2581,35,2016-10-18,66.63000000000001,66.6,S2A_MSIL1C_20161018T072912_N0204_R049_T41WPQ_20161018T072912,Sentinel-2A,35,Ob,182.997676376,76.9210388602,0.5897097587585449,"{""type"":""MultiPoint"",""coordinates"":[]}"
20161018T072912_20161018T111513_T41WPP_0,372.0,246.0,2484.0,35,1784.0,1373.0,1264.0,1400.0,1419.0,1452.0,1446.0,1403.0,495.0,42.1697,35,2016-10-18,66.63000000000001,66.6,S2A_OPER_PRD_MSIL1C_PDMC_20161019T142952_R049_V20161018T072912_20161018T072912,Sentinel-2A,35,Ob,182.939950920944,76.025856249495,0.5897097587585449,"{""type"":""MultiPoint"",""coordinates"":[]}"
20161018T072912_20161018T111513_T41WPQ_0,372.0,246.0,2485.0,35,1784.0,1373.0,1264.0,1399.0,1420.0,1453.0,1446.0,1404.0,494.0,40.2581,35,2016-10-18,66.63000000000001,66.6,S2A_OPER_PRD_MSIL1C_PDMC_20161019T142907_R049_V20161018T072912_20161018T072912,Sentinel-2A,35,Ob,182.997676376401,76.9210388602153,0.5897097587585449,"{""type"":""MultiPoint"",""coordinates"":[]}"
20161022T221552_20161022T221546_T03VXJ_4,198.0,156.1493557204217,2126.0,329,1602.5,1224.7721518987341,1153.0,1164.0,989.0,939.3285340314137,813.0,787.0,428.0,2.151,329,2016-10-22,61.93,-162.88,S2A_MSIL1C_20161022T221552_N0204_R115_T03VXJ_20161022T221546,Sentinel-2A,329,Yukon,176.397881675,73.2123729687,0.7279362239151449,"{""type"":""MultiPoint"",""coordinates"":[]}"
20161022T221552_20161022T235015_T03VXJ_4,198.0,156.1493557204217,2126.0,329,1602.5,1224.7721518987341,1153.0,1164.0,989.0,939.3285340314137,813.0,787.0,428.0,2.151,329,2016-10-22,61.93,-162.88,S2A_OPER_PRD_MSIL1C_PDMC_20161023T035623_R115_V20161022T221552_20161022T221552,Sentinel-2A,329,Yukon,176.397881674896,73.2123729687352,0.7279362239151449,"{""type"":""MultiPoint"",""coordinates"":[]}"
20161025T204532_20161025T204532_T08WNV_5,94.66445690973993,68.17171717171718,2594.7176773455376,259,1939.037367158039,1364.6538461538464,1084.3858695652175,964.0,779.4037412314888,706.8164354322304,587.6666666666666,619.5314617618586,288.5,2.36504523873511,259,2016-10-25,67.45,-133.74,S2A_MSIL1C_20161025T204532_N0500_R014_T08WNV_20230925T071850,Sentinel-2A,259,Mackenzie,181.828753382855,79.5967681991853,0.8684065393172204,"{""type"":""MultiPoint"",""coordinates"":[]}"
20161025T204532_20161025T221902_T08WNV_5,98.6094946401225,72.28571428571429,2599.0,260,1940.1765939597315,1363.4,1092.109756097561,980.4,779.865214431586,729.75,597.8354271356784,619.6730621642364,288.0,1.2544,260,2016-10-25,67.45,-133.74,S2A_OPER_PRD_MSIL1C_PDMC_20161027T040838_R014_V20161025T204532_20161025T204532,Sentinel-2A,260,Mackenzie,181.827468192967,79.596769133615,0.8682970404624939,"{""type"":""MultiPoint"",""coordinates"":[]}"
20170602T204021_20170602T204020_T08WNV_5,41.0,26.000000000000004,1304.0000000000002,348,1053.0,926.0000000000001,955.0,958.0,743.9999999999999,749.9999999999999,553.9999999999999,637.9999999999999,110.99999999999999,25.0519,348,2017-06-02,67.45,-133.74,S2A_MSIL1C_20170602T204021_N0205_R014_T08WNV_20170602T204020,Sentinel-2A,348,Mackenzie,177.820639885,44.8419404618,0.9147332964843734,"{""type"":""MultiPoint"",""coordinates"":[]}"
20170605T072621_20170605T072617_T41WPP_0,68.0,49.0,1358.0,350,1018.0,769.9999999999999,609.0,575.0000000000001,383.00000000000006,356.99999999999994,256.0,292.99999999999994,72.00000000000001,0.276448983248231,350,2017-06-05,66.63000000000001,66.6,S2A_MSIL1C_20170605T072621_N0500_R049_T41WPP_20230912T145509,Sentinel-2A,350,Ob,179.427691524155,43.6169918204152,0.8379181556052562,"{""type"":""MultiPoint"",""coordinates"":[]}"
20170605T072621_20170605T072617_T41WPQ_0,68.0,49.0,1358.0,350,1018.0,769.9999999999999,609.0,575.0,383.99999999999994,357.00000000000006,256.0,292.99999999999994,72.0,0.0647078145062558,350,2017-06-05,66.63000000000001,66.6,S2A_MSIL1C_20170605T072621_N0500_R049_T41WPQ_20230912T145509,Sentinel-2A,350,Ob,179.526387590663,44.5117795419537,0.8380157092878641,"{""type"":""MultiPoint"",""coordinates"":[]}"
20170605T223531_20170605T223533_T03VXJ_4,40.0,19.000000000000004,1079.0,342,834.0,680.0,673.0000000000001,658.0000000000001,479.99999999999994,473.9999999999999,327.99999999999994,391.0,84.0,1.80970717788182,342,2017-06-05,61.93,-162.88,S2A_MSIL1C_20170605T223531_N0500_R058_T03VXJ_20230912T113848,Sentinel-2A,342,Yukon,176.951773130949,39.095224102998,0.889502763748169,"{""type"":""MultiPoint"",""coordinates"":[]}"
20170607T062631_20170607T062629_T44WPC_1,33.0,19.0,1295.0,346,918.2599388379205,574.2606695629952,406.85714285714283,364.4395956607495,282.44444444444446,260.60094265514533,190.0,210.50146627565982,83.0,4.06784317238496,346,2017-06-07,69.37340000000002,86.12130000000002,S2A_MSIL1C_20170607T062631_N0500_R077_T44WPC_20230912T032313,Sentinel-2A,346,Yenisey,183.391460291318,47.0252331700982,0.8910311013460159,"{""type"":""MultiPoint"",""coordinates"":[]}"
20170607T062631_20170607T062629_T45WVS_1,33.00000000000001,18.999999999999996,1296.0,353,918.2963967454476,576.3493377483444,408.8528111181301,364.7712472406181,280.58156028368796,260.1107236268527,189.0,208.31000578369,84.0,0.0,353,2017-06-07,69.37340000000002,86.12130000000002,S2A_MSIL1C_20170607T062631_N0500_R077_T45WVS_20230912T032313,Sentinel-2A,353,Yenisey,184.594854720972,46.1951696300487,0.8901142835617065,"{""type"":""MultiPoint"",""coordinates"":[]}"
20170607T062631_20170607T062629_T45WVT_1,32.0,19.0,1304.0,353,920.5,576.3661718398562,408.0,364.5559593023256,284.6085955487337,260.2577059120768,188.0,210.42220543806644,87.0,7.2934,353,2017-06-07,69.37340000000002,86.12130000000002,S2A_MSIL1C_20170607T062631_N0205_R077_T45WVT_20170607T062629,Sentinel-2A,353,Yenisey,184.399923516,47.0857528979,0.894038587808609,"{""type"":""MultiPoint"",""coordinates"":[]}"
20170611T010651_20170611T010649_T57WWS_3,59.0,44.99999999999999,1233.0,351,958.0,763.0,708.0000000000001,674.0,473.9999999999999,460.99999999999994,325.00000000000006,379.00000000000006,88.99999999999999,3.3114,351,2017-06-11,68.75,161.3,S2A_MSIL1C_20170611T010651_N0205_R131_T57WWS_20170611T010649,Sentinel-2A,351,Kolyma,176.668423747,45.8584564168,0.8562208617879938,"{""type"":""MultiPoint"",""coordinates"":[]}"
20170612T222531_20170612T222533_T03VXJ_4,835.0,607.0,1591.0,19,1213.0,1104.0,1060.0,1122.0,1295.0,1418.0,1414.0,1156.0,548.0,29.1886,19,2017-06-12,61.93,-162.88,S2A_MSIL1C_20170612T222531_N0205_R015_T03VXJ_20170612T222533,Sentinel-2A,19,Yukon,172.757113418,38.6553031978,0.13322801887989044,"{""type"":""MultiPoint"",""coordinates"":[]}"
20170614T061631_20170614T061630_T45WVS_1,72.0,50.0,1214.0,353,838.0000000000001,550.0,412.00000000000006,371.0,288.99999999999994,266.00000000000006,210.0,224.0,96.00000000000001,38.5538,353,2017-06-14,69.37340000000002,86.12130000000002,S2A_MSIL1C_20170614T061631_N0205_R034_T45WVS_20170614T061630,Sentinel-2A,353,Yenisey,180.96548513,45.6472115502,0.7689727460849306,"{""type"":""MultiPoint"",""coordinates"":[]}"
20170614T061631_20170614T061630_T45WVT_1,72.0,50.0,1216.0,353,838.0000000000001,550.0,412.00000000000006,370.99999999999994,289.00000000000006,266.0,209.99999999999994,224.0,96.0,43.7126,353,2017-06-14,69.37340000000002,86.12130000000002,S2A_MSIL1C_20170614T061631_N0205_R034_T45WVT_20170614T061630,Sentinel-2A,353,Yenisey,180.819174106,46.5427910679,0.7689727460849306,"{""type"":""MultiPoint"",""coordinates"":[]}"
20170615T205021_20170615T205043_T08WNV_5,49.0,33.0,1272.0000000000002,348,1054.0,937.0,952.9999999999999,956.0,799.0,809.0,633.0000000000001,702.9999999999999,120.0,1.12385659000614,348,2017-06-15,67.45,-133.74,S2A_MSIL1C_20170615T205021_N0500_R057_T08WNV_20230905T160214,Sentinel-2A,348,Mackenzie,180.257555091067,43.7820905947223,0.9012718796730042,"{""type"":""MultiPoint"",""coordinates"":[]}"
20170622T204021_20170622T204556_T08WNV_5,40.0,26.0,1328.0,348,1083.0,963.9999999999999,933.9999999999999,886.9999999999998,640.0,649.9999999999999,457.0,525.0,76.99999999999999,1.4219,348,2017-06-22,67.45,-133.74,S2A_MSIL1C_20170622T204021_N0205_R014_T08WNV_20170622T204556,Sentinel-2A,348,Mackenzie,176.437433092,43.727427362,0.9197590180805751,"{""type"":""MultiPoint"",""coordinates"":[]}"
20170625T072611_20170625T072613_T41WPP_0,26.000000000000004,16.0,1098.0,350,753.0,472.99999999999994,338.0,307.0,219.99999999999997,201.99999999999997,135.99999999999997,161.0,58.000000000000014,37.6951,350,2017-06-25,66.63000000000001,66.6,S2A_MSIL1C_20170625T072611_N0205_R049_T41WPP_20170625T072613,Sentinel-2A,350,Ob,178.005073508,42.8243004376,0.8976047410064911,"{""type"":""MultiPoint"",""coordinates"":[]}"
20170625T072611_20170625T072613_T41WPQ_0,26.000000000000004,16.0,1099.0000000000002,350,752.0,473.0,338.0,307.0,219.99999999999997,201.99999999999997,135.99999999999997,161.00000000000003,58.00000000000001,33.2206,350,2017-06-25,66.63000000000001,66.6,S2A_MSIL1C_20170625T072611_N0205_R049_T41WPQ_20170625T072613,Sentinel-2A,350,Ob,178.128163811,43.7179301096,0.8976047410064911,"{""type"":""MultiPoint"",""coordinates"":[]}"
20170627T062631_20170627T062738_T44WPC_1,74.0,52.0,1102.0,346,781.0,494.00000000000006,324.99999999999994,289.0,250.00000000000003,230.99999999999997,189.0,197.0,94.99999999999999,13.2907,346,2017-06-27,69.37340000000002,86.12130000000002,S2A_MSIL1C_20170627T062631_N0205_R077_T44WPC_20170627T062738,Sentinel-2A,346,Yenisey,182.059259088,46.4725844487,0.7398993057189602,"{""type"":""MultiPoint"",""coordinates"":[]}"
20170627T062631_20170627T062738_T45WVT_1,74.00000000000001,52.0,1102.0,353,781.0000000000001,493.00000000000006,324.99999999999994,289.00000000000006,249.99999999999994,231.0,189.00000000000003,196.99999999999991,94.0,14.7033,353,2017-06-27,69.37340000000002,86.12130000000002,S2A_MSIL1C_20170627T062631_N0205_R077_T45WVT_20170627T062738,Sentinel-2A,353,Yenisey,183.071985719,46.5268230359,0.7394388349613855,"{""type"":""MultiPoint"",""coordinates"":[]}"
20170629T202841_20170629T202842_T08WNV_5,58.0,33.0,1467.0,262,1237.0,1135.0,1149.0,1116.0,868.0,896.0,663.0,738.0,91.00000000000001,5.838,262,2017-06-29,67.45,-133.74,S2A_MSIL1C_20170629T202841_N0205_R114_T08WNV_20170629T202842,Sentinel-2A,262,Mackenzie,172.660807267,44.0817843581,0.9025380696569171,"{""type"":""MultiPoint"",""coordinates"":[]}"
20170630T072949_20170630T072943_T41WPP_0,67.0,47.0,1079.0,350,748.0,491.00000000000006,360.0,334.0,263.0,248.00000000000006,187.0,206.0,85.0,1.0706,350,2017-06-30,66.63000000000001,66.6,S2B_MSIL1C_20170630T072949_N0205_R049_T41WPP_20170630T072943,Sentinel-2B,350,Ob,177.671056066,43.0555199338,0.7590790577100892,"{""type"":""MultiPoint"",""coordinates"":[]}"
20170630T072949_20170630T072943_T41WPQ_0,67.0,47.0,1080.0,350,748.0,491.00000000000006,360.0,334.0,263.0,249.0,187.0,206.0,85.0,7.971,350,2017-06-30,66.63000000000001,66.6,S2B_MSIL1C_20170630T072949_N0205_R049_T41WPQ_20170630T072943,Sentinel-2B,350,Ob,177.799133074,43.9487982134,0.7590790577100892,"{""type"":""MultiPoint"",""coordinates"":[]}"
20170630T205019_20170630T205418_T08WNV_5,30.000000000000004,16.0,1281.0000000000002,348,1074.0,982.0,979.0000000000001,948.0000000000001,685.9999999999999,686.0,477.99999999999994,573.0,94.00000000000001,0.0393797066841208,348,2017-06-30,67.45,-133.74,S2B_MSIL1C_20170630T205019_N0500_R057_T08WNV_20230913T002416,Sentinel-2B,348,Mackenzie,179.198063049153,44.0090011216064,0.9403154187732272,"{""type"":""MultiPoint"",""coordinates"":[]}"
20170701T010651_20170701T010646_T57WWS_3,33.0,24.000000000000004,1228.0,351,979.0,813.0,723.0,671.9999999999999,451.0,434.0,290.0,354.00000000000006,80.0,43.149,351,2017-07-01,68.75,161.3,S2A_MSIL1C_20170701T010651_N0205_R131_T57WWS_20170701T010646,Sentinel-2A,351,Kolyma,175.298233849,45.8668190181,0.9214837255543226,"{""type"":""MultiPoint"",""coordinates"":[]}"
20170703T032541_20170703T032745_T51WWQ_2,53.30743351489908,41.56151975174033,1113.0,349,762.4091337099813,514.6223038824094,376.4081354907002,340.59224921194146,260.44671747559835,241.3074968233799,177.39728968200725,200.84842038081055,70.99999999999999,5.0124,349,2017-07-03,66.76905,123.39458,S2A_MSIL1C_20170703T032541_N0205_R018_T51WWQ_20170703T032745,Sentinel-2A,349,Lena,174.062468811,44.2656997591,0.8066328838361916,"{""type"":""MultiPoint"",""coordinates"":[]}"
20170704T221529_20170704T221531_T03VXJ_4,68.46391612200436,43.99999999999999,1424.0000000000002,342,1264.3724782331706,1236.5488592337495,1249.2217358490564,1194.4738518715158,940.4055944055943,969.5669685414682,714.5906902086678,805.2297631158262,105.00000000000001,7.7603,342,2017-07-04,61.93,-162.88,S2B_MSIL1C_20170704T221529_N0205_R115_T03VXJ_20170704T221531,Sentinel-2B,342,Yukon,167.517909669,39.3616335097,0.8936309952002305,"{""type"":""MultiPoint"",""coordinates"":[]}"
20170705T205021_20170705T205136_T08WNV_5,703.0,523.0,1507.0,170,1244.9999999999998,1098.0,1036.5,1054.5,1095.0,1178.5965189873416,1090.5,1051.0,294.0,31.1884,170,2017-07-05,67.45,-133.74,S2A_MSIL1C_20170705T205021_N0205_R057_T08WNV_20170705T205136,Sentinel-2A,170,Mackenzie,178.901487003,44.4253252497,0.20607347041368484,"{""type"":""MultiPoint"",""coordinates"":[]}"
20170707T204019_20170707T204224_T08WNV_5,66.0,34.00000000000001,1445.0,348,1192.0000000000002,1051.9999999999998,1006.9999999999999,953.0000000000001,763.0000000000001,796.0,591.0,646.0,88.0,6.3573,348,2017-07-07,67.45,-133.74,S2B_MSIL1C_20170707T204019_N0205_R014_T08WNV_20170707T204224,Sentinel-2B,348,Mackenzie,175.52778606,44.6851804399,0.8819843762712516,"{""type"":""MultiPoint"",""coordinates"":[]}"
20170709T034531_20170709T034719_T51WWQ_2,148.375,96.04496678589679,1538.0,277,1188.5238095238096,880.5982353867969,694.3987935656836,636.6151701059676,558.4390495867768,538.3636363636364,442.3601694915255,461.6833363100554,136.0,26.3207,277,2017-07-09,66.76905,123.39458,S2A_MSIL1C_20170709T034531_N0205_R104_T51WWQ_20170709T034719,Sentinel-2A,277,Lena,180.318512184,44.7845911084,0.7101097345352173,"{""type"":""MultiPoint"",""coordinates"":[]}"
20170710T072619_20170710T072615_T41WPP_0,77.0,55.00000000000001,1068.0,350,743.0,493.0,355.0,338.0,270.0,253.00000000000003,191.0,213.99999999999997,80.00000000000001,1.8116,350,2017-07-10,66.63000000000001,66.6,S2B_MSIL1C_20170710T072619_N0205_R049_T41WPP_20170710T072615,Sentinel-2B,350,Ob,177.132844568,44.0199069568,0.7316467761993408,"{""type"":""MultiPoint"",""coordinates"":[]}"
20170710T072619_20170710T072615_T41WPQ_0,77.0,54.00000000000001,1082.0,350,751.0000000000001,496.0,359.0,338.0,271.99999999999994,257.0,195.0,213.99999999999994,81.0,2.26495267102631,350,2017-07-10,66.63000000000001,66.6,S2B_MSIL1C_20170710T072619_N0500_R049_T41WPQ_20230901T045501,Sentinel-2B,350,Ob,177.265257861061,44.9126790213327,0.7322389080058375,"{""type"":""MultiPoint"",""coordinates"":[]}"
20170710T223529_20170710T223532_T03VXJ_4,560.0,423.0,2023.0,342,1799.0,1684.0,1656.7490208877284,1648.392811296534,1634.0,1730.5211466165415,1586.0,1553.0,561.0,41.477,342,2017-07-10,61.93,-162.88,S2B_MSIL1C_20170710T223529_N0205_R058_T03VXJ_20170710T223532,Sentinel-2B,342,Yukon,174.483770486,39.6864654485,0.49933350170952434,"{""type"":""MultiPoint"",""coordinates"":[]}"
20170712T062629_20170712T062740_T44WPC_1,92.0,84.0,1082.0,346,771.0,516.0000000000001,353.00000000000006,316.0,281.0,271.0,222.99999999999997,218.99999999999997,81.00000000000003,6.07,346,2017-07-12,69.37340000000002,86.12130000000002,S2B_MSIL1C_20170712T062629_N0205_R077_T44WPC_20170712T062740,Sentinel-2B,346,Yenisey,181.242320495,47.8448405088,0.6996581156323426,"{""type"":""MultiPoint"",""coordinates"":[]}"
20170712T062629_20170712T062740_T45WVS_1,91.99999999999999,84.00000000000001,1093.0000000000002,353,778.9999999999998,522.0,359.0,322.0,287.0,274.0,226.0,222.99999999999997,83.0,0.675622991974228,353,2017-07-12,69.37340000000002,86.12130000000002,S2B_MSIL1C_20170712T062629_N0500_R077_T45WVS_20231007T151128,Sentinel-2B,353,Yenisey,182.404668382428,47.0011992489561,0.7004141867160797,"{""type"":""MultiPoint"",""coordinates"":[]}"
20170712T062629_20170712T062740_T45WVT_1,90.99999999999999,84.00000000000001,1082.0000000000002,353,771.0000000000001,517.0,352.99999999999994,317.00000000000006,281.0,272.0,223.00000000000003,219.0,81.0,5.1122,353,2017-07-12,69.37340000000002,86.12130000000002,S2B_MSIL1C_20170712T062629_N0205_R077_T45WVT_20170712T062740,Sentinel-2B,353,Yenisey,182.243501454,47.8951259193,0.6995081901550293,"{""type"":""MultiPoint"",""coordinates"":[]}"
20170712T071621_20170712T071617_T41WPP_0,32.0,19.0,1128.0000000000002,350,766.0,487.99999999999994,333.0,307.0,242.0,223.99999999999997,163.99999999999997,181.0,63.0,8.3185,350,2017-07-12,66.63000000000001,66.6,S2A_MSIL1C_20170712T071621_N0205_R006_T41WPP_20170712T071617,Sentinel-2A,350,Ob,173.74797577,44.3699819788,0.8768412594714861,"{""type"":""MultiPoint"",""coordinates"":[]}"
20170712T071621_20170712T071617_T41WPQ_0,32.0,19.0,1129.0,350,766.0,487.9999999999999,333.0,307.0,242.0,223.99999999999997,163.99999999999997,181.0,63.00000000000002,27.5509,350,2017-07-12,66.63000000000001,66.6,S2A_MSIL1C_20170712T071621_N0205_R006_T41WPQ_20170712T071617,Sentinel-2A,350,Ob,173.932906405,45.2569897127,0.8768412594714861,"{""type"":""MultiPoint"",""coordinates"":[]}"
20170714T011651_20170714T011653_T57WWS_3,289.6311300639659,222.0,1501.0,162,1175.0,986.0,863.0,753.3333333333334,561.0,559.0,454.0,481.0,134.0,30.099,162,2017-07-14,68.75,161.3,S2A_MSIL1C_20170714T011651_N0205_R031_T57WWS_20170714T011653,Sentinel-2A,162,Kolyma,177.887884268,47.2566762656,0.5395438373088837,"{""type"":""MultiPoint"",""coordinates"":[]}"
20170714T202849_20170714T202844_T08WNV_5,65.0,29.999999999999996,1639.0,348,1404.0,1294.0000000000002,1333.0,1352.0,1251.0,1318.0,1141.0,1171.9999999999998,192.0,0.148896735486121,348,2017-07-14,67.45,-133.74,S2B_MSIL1C_20170714T202849_N0500_R114_T08WNV_20231004T200744,Sentinel-2B,348,Mackenzie,172.035344441251,45.7413511325958,0.9041297634442648,"{""type"":""MultiPoint"",""coordinates"":[]}"
20170715T072621_20170715T072616_T41WPP_0,54.0,38.0,1055.0,350,728.0,466.0,331.0,311.0,246.0,227.99999999999997,167.99999999999997,193.0,72.0,0.0,350,2017-07-15,66.63000000000001,66.6,S2A_MSIL1C_20170715T072621_N0500_R049_T41WPP_20230831T195555,Sentinel-2A,350,Ob,176.958184224416,44.7425255662376,0.7922186851501465,"{""type"":""MultiPoint"",""coordinates"":[]}"
20170715T072621_20170715T072616_T41WPQ_0,54.0,38.0,1055.0,350,728.0,466.0,331.0,311.0,247.0,228.0,168.0,193.0,72.0,0.0,350,2017-07-15,66.63000000000001,66.6,S2A_MSIL1C_20170715T072621_N0500_R049_T41WPQ_20230831T195555,Sentinel-2A,350,Ob,177.093465683013,45.6349494432565,0.7922186851501465,"{""type"":""MultiPoint"",""coordinates"":[]}"
20170717T062631_20170717T062740_T44WPC_1,22.0,12.0,1118.0000000000002,346,789.0000000000001,497.00000000000006,304.0,258.00000000000006,225.99999999999997,211.99999999999994,159.0,168.0,55.99999999999999,0.0442533369165995,346,2017-07-17,69.37340000000002,86.12130000000002,S2A_MSIL1C_20170717T062631_N0500_R077_T44WPC_20231007T214237,Sentinel-2A,346,Yenisey,181.073376557823,48.6241163193346,0.9143968820571899,"{""type"":""MultiPoint"",""coordinates"":[]}"
20170717T062631_20170717T062740_T45WVS_1,26.000000000000004,12.0,1119.0,353,790.0,498.0,301.99999999999994,258.99999999999994,227.99999999999997,211.99999999999994,159.0,168.00000000000003,59.0,11.6403,353,2017-07-17,69.37340000000002,86.12130000000002,S2A_MSIL1C_20170717T062631_N0205_R077_T45WVS_20170717T062740,Sentinel-2A,353,Yenisey,182.228730847,47.7792420645,0.9019250531572025,"{""type"":""MultiPoint"",""coordinates"":[]}"
20170717T062631_20170717T062740_T45WVT_1,23.0,12.000000000000002,1116.9999999999998,353,790.0,497.0,303.99999999999994,258.0,226.0,211.99999999999997,158.99999999999997,168.0,55.999999999999986,0.0,353,2017-07-17,69.37340000000002,86.12130000000002,S2A_MSIL1C_20170717T062631_N0500_R077_T45WVT_20231007T214237,Sentinel-2A,353,Yenisey,182.067973479261,48.6735726059334,0.9137107729911804,"{""type"":""MultiPoint"",""coordinates"":[]}"
20170717T071619_20170717T071617_T41WPP_0,26.000000000000004,12.0,1131.9999999999998,350,770.0,493.0,335.00000000000006,308.99999999999994,242.0,226.99999999999997,158.00000000000003,176.99999999999997,52.00000000000001,1.6882,350,2017-07-17,66.63000000000001,66.6,S2B_MSIL1C_20170717T071619_N0205_R006_T41WPP_20170717T071617,Sentinel-2B,350,Ob,173.630456553,45.1560046762,0.8996117860078812,"{""type"":""MultiPoint"",""coordinates"":[]}"
20170717T071619_20170717T071617_T41WPQ_0,27.0,11.999999999999998,1146.9999999999998,350,777.0,498.0,339.00000000000006,313.0,245.99999999999997,230.0,163.0,177.0,54.0,3.35360864761563,350,2017-07-17,66.63000000000001,66.6,S2B_MSIL1C_20170717T071619_N0500_R006_T41WPQ_20230911T035340,Sentinel-2B,350,Ob,173.811911647745,46.042913001384,0.896225094795227,"{""type"":""MultiPoint"",""coordinates"":[]}"
20170718T032539_20170718T032536_T51WWQ_2,121.0,91.00000000000001,1184.9999999999998,351,867.0,637.0,495.0,453.0,335.0,323.0,246.0,276.0,98.0,0.0,351,2017-07-18,66.76905,123.39458,S2B_MSIL1C_20170718T032539_N0500_R018_T51WWQ_20230911T052404,Sentinel-2B,351,Lena,173.539264256125,46.2328440830472,0.6819199677160445,"{""type"":""MultiPoint"",""coordinates"":[]}"
20170719T061629_20170719T061630_T44WPC_1,32.0,14.999999999999998,1180.0,346,808.0000000000002,519.0,323.0,275.00000000000006,245.99999999999997,236.00000000000003,169.00000000000003,178.99999999999997,57.0,3.63973244946102,346,2017-07-19,69.37340000000002,86.12130000000002,S2B_MSIL1C_20170719T061629_N0500_R034_T44WPC_20230919T175142,Sentinel-2B,346,Yenisey,177.931967149612,48.9847703388388,0.8840821636789901,"{""type"":""MultiPoint"",""coordinates"":[]}"
20170719T061629_20170719T061630_T45WVS_1,32.0,15.000000000000005,1179.9999999999995,353,808.0000000000002,520.0,322.0,276.0,246.0,236.00000000000006,169.00000000000003,178.99999999999997,57.0,0.755949714831736,353,2017-07-19,69.37340000000002,86.12130000000002,S2B_MSIL1C_20170719T061629_N0500_R034_T45WVS_20230919T175142,Sentinel-2B,353,Yenisey,179.04220996031,48.1223075533565,0.8840782761309051,"{""type"":""MultiPoint"",""coordinates"":[]}"
20170719T061629_20170719T061630_T45WVT_1,32.0,15.000000000000005,1179.9999999999995,353,808.0000000000001,520.0,322.0,276.0,246.0,236.00000000000003,168.99999999999994,178.99999999999997,57.0,0.273104601510944,353,2017-07-19,69.37340000000002,86.12130000000002,S2B_MSIL1C_20170719T061629_N0500_R034_T45WVT_20230919T175142,Sentinel-2B,353,Yenisey,178.926354352763,49.0190420165113,0.884069305392078,"{""type"":""MultiPoint"",""coordinates"":[]}"
20170719T202851_20170719T202845_T08WNV_5,70.0,36.99999999999999,1578.9999999999998,348,1313.0,1173.9999999999998,1137.0,1099.0,873.9999999999999,892.0,669.0,738.0,114.0,36.8295,348,2017-07-19,67.45,-133.74,S2A_MSIL1C_20170719T202851_N0205_R114_T08WNV_20170719T202845,Sentinel-2A,348,Mackenzie,171.977079337,46.6036778206,0.886396471477645,"{""type"":""MultiPoint"",""coordinates"":[]}"
20170720T205019_20170720T205202_T08WNV_5,93.00000000000003,52.0,1494.0,348,1273.0,1167.0,1155.0000000000002,1094.0,891.0,932.0,708.0000000000001,764.9999999999999,98.0,3.24180601675888,348,2017-07-20,67.45,-133.74,S2B_MSIL1C_20170720T205019_N0500_R057_T08WNV_20230911T115100,Sentinel-2B,348,Mackenzie,178.381856424934,46.6332691863121,0.8519501090049744,"{""type"":""MultiPoint"",""coordinates"":[]}"
20170720T223719_20170720T223720_T03VXJ_4,766.0,511.0,1563.0,18,1430.0,1361.0,1293.0,1306.0,1425.0,1539.0,1398.0,1504.0,289.0,7.1136,18,2017-07-20,61.93,-162.88,S2B_MSIL1C_20170720T223719_N0205_R058_T03VXJ_20170720T223720,Sentinel-2B,18,Yukon,174.272900386,41.3250831381,0.26914259791374207,"{""type"":""MultiPoint"",""coordinates"":[]}"
20170722T222531_20170722T222534_T03VXJ_4,105.99999999999999,66.99999999999999,1449.9999999999995,342,1265.9999999999998,1232.0,1210.9999999999998,1170.0,1094.0,1146.0000000000002,948.9999999999999,962.9999999999999,144.0,4.34330675744274,342,2017-07-22,61.93,-162.88,S2A_MSIL1C_20170722T222531_N0500_R015_T03VXJ_20230903T040510,Sentinel-2A,342,Yukon,170.777389963496,41.8742769994543,0.8419542601133915,"{""type"":""MultiPoint"",""coordinates"":[]}"
20170724T034539_20170724T034719_T51WWQ_2,202.0,164.00000000000003,1273.0,351,1012.9999999999999,829.0,703.9999999999999,657.0,513.0,508.00000000000006,417.0,447.0,150.0,42.5462,351,2017-07-24,66.76905,123.39458,S2B_MSIL1C_20170724T034539_N0205_R104_T51WWQ_20170724T034719,Sentinel-2B,351,Lena,179.895710093,47.2889106471,0.6091496845086416,"{""type"":""MultiPoint"",""coordinates"":[]}"
20170724T061631_20170724T061631_T44WPC_1,55.0,26.0,1334.0000000000002,346,940.0000000000001,631.0,409.99999999999994,361.0,367.00000000000006,358.9999999999999,287.0,287.0,79.0,4.4234,346,2017-07-24,69.37340000000002,86.12130000000002,S2A_MSIL1C_20170724T061631_N0205_R034_T44WPC_20170724T061631,Sentinel-2A,346,Yenisey,177.89076481,49.9718034992,0.8400580883026123,"{""type"":""MultiPoint"",""coordinates"":[]}"
20170724T061631_20170724T061631_T45WVS_1,55.0,26.0,1334.0000000000002,353,940.0000000000001,631.0,409.99999999999994,362.00000000000006,366.99999999999994,359.0,286.99999999999994,286.0,79.0,9.7828,353,2017-07-24,69.37340000000002,86.12130000000002,S2A_MSIL1C_20170724T061631_N0205_R034_T45WVS_20170724T061631,Sentinel-2A,353,Yenisey,178.991468901,49.1091062466,0.8406222263971964,"{""type"":""MultiPoint"",""coordinates"":[]}"
20170724T061631_20170724T061631_T45WVT_1,55.0,26.0,1334.0000000000002,353,940.0000000000001,631.0,409.99999999999994,362.0,367.00000000000006,359.0,286.99999999999994,286.0,79.0,5.4258,353,2017-07-24,69.37340000000002,86.12130000000002,S2A_MSIL1C_20170724T061631_N0205_R034_T45WVT_20170724T061631,Sentinel-2A,353,Yenisey,178.876895779,50.0058542106,0.8406222263971964,"{""type"":""MultiPoint"",""coordinates"":[]}"
20170726T010649_20170726T010648_T57WWS_3,23.0,9.999999999999998,1150.0000000000002,351,879.0000000000001,705.0,509.00000000000006,417.00000000000006,251.99999999999994,234.99999999999997,155.99999999999997,183.0,51.0,6.6965,351,2017-07-26,68.75,161.3,S2B_MSIL1C_20170726T010649_N0205_R131_T57WWS_20170726T010648,Sentinel-2B,351,Kolyma,174.621500038,49.5635446246,0.9369214177131653,"{""type"":""MultiPoint"",""coordinates"":[]}"
20170727T204019_20170727T204017_T08WNV_5,160.00000000000003,107.00000000000003,1432.0,348,1198.0,1060.0,999.0000000000001,957.9999999999999,756.0,775.0,597.0,671.0,176.0,11.9947,348,2017-07-27,67.45,-133.74,S2B_MSIL1C_20170727T204019_N0205_R014_T08WNV_20170727T204017,Sentinel-2B,348,Mackenzie,175.203314688,48.1688620716,0.7375133676020053,"{""type"":""MultiPoint"",""coordinates"":[]}"
20170729T070621_20170729T070622_T41WPP_0,95.0,48.0,1607.0,350,1186.0,832.0,626.0,589.0,520.0000000000001,498.0,405.0,415.0,119.0,4.7534,350,2017-07-29,66.63000000000001,66.6,S2A_MSIL1C_20170729T070621_N0205_R106_T41WPP_20170729T070622,Sentinel-2A,350,Ob,170.502182625,47.7609460134,0.7967737317085266,"{""type"":""MultiPoint"",""coordinates"":[]}"
20170729T070621_20170729T070622_T41WPQ_0,95.0,48.0,1607.0,350,1186.0,832.0,626.0,589.0,520.0000000000001,498.0,405.0,415.0,119.0,49.8455,350,2017-07-29,66.63000000000001,66.6,S2A_MSIL1C_20170729T070621_N0205_R106_T41WPQ_20170729T070622,Sentinel-2A,350,Ob,170.716851762,48.639676232,0.7967737317085266,"{""type"":""MultiPoint"",""coordinates"":[]}"
20170730T072619_20170730T072614_T41WPP_0,86.0,59.99999999999999,1129.0,350,800.0,553.9999999999999,423.99999999999994,401.0,313.00000000000006,300.0,228.0,249.0,75.0,0.3378,350,2017-07-30,66.63000000000001,66.6,S2B_MSIL1C_20170730T072619_N0205_R049_T41WPP_20170730T072614,Sentinel-2B,350,Ob,176.898457317,47.7836985769,0.7330956554412842,"{""type"":""MultiPoint"",""coordinates"":[]}"
20170730T072619_20170730T072614_T41WPQ_0,86.0,59.99999999999999,1129.0,350,800.0,553.9999999999999,423.99999999999994,401.0,313.00000000000006,300.0,228.0,249.0,75.0,14.146,350,2017-07-30,66.63000000000001,66.6,S2B_MSIL1C_20170730T072619_N0205_R049_T41WPQ_20170730T072614,Sentinel-2B,350,Ob,177.027288394,48.6760277896,0.7330956554412842,"{""type"":""MultiPoint"",""coordinates"":[]}"
20170801T204021_20170801T204258_T08WNV_5,645.6,537.6666666666666,1646.0,292,1340.1666666666667,1182.3333333333333,1106.3256704980843,1097.3333333333333,1050.0,1132.8333333333333,1041.7566765578636,960.0,319.0,23.2641,292,2017-08-01,67.45,-133.74,S2A_MSIL1C_20170801T204021_N0205_R014_T08WNV_20170801T204258,Sentinel-2A,292,Mackenzie,175.336347878,49.3828727098,0.3000419821058001,"{""type"":""MultiPoint"",""coordinates"":[]}"
20170805T060629_20170805T060648_T44WPC_1,178.0,127.0,1318.0,242,983.9999999999999,652.0,447.0,422.0,435.0,438.0,387.0,418.6,205.00000000000003,42.8305,242,2017-08-05,69.37340000000002,86.12130000000002,S2B_MSIL1C_20170805T060629_N0205_R134_T44WPC_20170805T060648,Sentinel-2B,242,Yenisey,175.089194377,52.9288202911,0.5709480762481689,"{""type"":""MultiPoint"",""coordinates"":[]}"
20170805T060629_20170805T060648_T45WVS_1,176.0,123.0,1313.0000000000002,218,981.0,650.0,444.00000000000006,417.0,431.0,434.0,382.0,413.0,206.00000000000006,28.188,218,2017-08-05,69.37340000000002,86.12130000000002,S2B_MSIL1C_20170805T060629_N0205_R134_T45WVS_20170805T060648,Sentinel-2B,218,Yenisey,176.133769896,52.0525075926,0.5756401618321737,"{""type"":""MultiPoint"",""coordinates"":[]}"
20170805T060629_20170805T060648_T45WVT_1,176.0,121.99999999999999,1313.0000000000002,201,979.0000000000001,649.0,445.0,419.0,432.0,434.0,379.0,408.8,199.99999999999997,32.7899,201,2017-08-05,69.37340000000002,86.12130000000002,S2B_MSIL1C_20170805T060629_N0205_R134_T45WVT_20170805T060648,Sentinel-2B,201,Yenisey,176.053695135,52.9491632017,0.5734374225139618,"{""type"":""MultiPoint"",""coordinates"":[]}"
20170807T032539_20170807T032535_T51WWQ_2,425.0,255.0,2316.0,40,1969.0,1528.0,1244.0,1140.0,1169.0,1216.0,1081.0,1047.0,246.0,44.1036,40,2017-08-07,66.76905,123.39458,S2B_MSIL1C_20170807T032539_N0205_R018_T51WWQ_20170807T032535,Sentinel-2B,40,Lena,173.946131795,50.8395298064,0.5715002417564392,"{""type"":""MultiPoint"",""coordinates"":[]}"
20170809T205019_20170809T205109_T08WNV_5,48.0,29.000000000000007,1360.9999999999995,348,1122.0,1010.0000000000001,1021.0,971.0,777.0000000000001,811.0000000000001,613.9999999999999,662.9999999999999,73.0,8.4346,348,2017-08-09,67.45,-133.74,S2B_MSIL1C_20170809T205019_N0205_R057_T08WNV_20170809T205109,Sentinel-2B,348,Mackenzie,178.74934642,51.5232718847,0.9091202961624029,"{""type"":""MultiPoint"",""coordinates"":[]}"
20170811T012659_20170811T012653_T57WWS_3,128.99999999999997,105.99999999999999,1347.0,351,1110.0,959.0,773.0,676.0,436.00000000000006,419.00000000000006,311.00000000000006,359.0,120.99999999999999,46.6304,351,2017-08-11,68.75,161.3,S2B_MSIL1C_20170811T012659_N0205_R074_T57WWS_20170811T012653,Sentinel-2B,351,Kolyma,181.158060323,53.6656336944,0.7628811164551479,"{""type"":""MultiPoint"",""coordinates"":[]}"
20170813T034529_20170813T034717_T51WWQ_2,148.00000000000003,78.00000000000001,1680.9999999999998,351,1322.0,1000.0,760.0,678.0,641.0,642.0000000000001,539.0,524.0000000000001,116.00000000000001,2.67747450480212,351,2017-08-13,66.76905,123.39458,S2B_MSIL1C_20170813T034529_N0500_R104_T51WWQ_20230916T122346,Sentinel-2B,351,Lena,180.388574652883,52.4999557983792,0.7423746184054191,"{""type"":""MultiPoint"",""coordinates"":[]}"
20170813T221529_20170813T221529_T03VXJ_4,36.99999999999999,22.0,1298.0,244,931.0000000000001,613.0,404.0,356.0,332.00000000000006,329.99999999999994,248.00000000000003,262.0,66.0,42.1862,244,2017-08-13,61.93,-162.88,S2B_MSIL1C_20170813T221529_N0205_R115_T03VXJ_20170813T221529,Sentinel-2B,244,Yukon,168.700353098,47.7268894956,0.8858904242515564,"{""type"":""MultiPoint"",""coordinates"":[]}"
20170816T012701_20170816T012710_T57WWS_3,65.0,37.000000000000014,1343.0,351,1032.9999999999998,815.0,551.0,476.00000000000006,390.99999999999994,370.00000000000006,293.0,303.99999999999994,104.99999999999997,12.6281,351,2017-08-16,68.75,161.3,S2A_MSIL1C_20170816T012701_N0205_R074_T57WWS_20170816T012710,Sentinel-2A,351,Kolyma,181.429874714,55.1994990624,0.8518404549360274,"{""type"":""MultiPoint"",""coordinates"":[]}"
20170818T221531_20170818T221532_T03VXJ_4,241.0,189.0,1933.0,342,1684.0,1585.0000000000002,1605.0,1600.0,1501.0,1551.0,1348.0,1339.0000000000002,370.0,29.6666,342,2017-08-18,61.93,-162.88,S2A_MSIL1C_20170818T221531_N0205_R115_T03VXJ_20170818T221532,Sentinel-2A,342,Yukon,169.25087888,49.2808171312,0.7368928895828253,"{""type"":""MultiPoint"",""coordinates"":[]}"
20170820T033529_20170820T033531_T51WWQ_2,49.99999999999999,28.0,1256.0,351,890.0000000000002,616.9999999999999,415.0,362.00000000000006,286.0,272.00000000000006,200.00000000000003,215.99999999999997,77.0,4.2975,351,2017-08-20,66.76905,123.39458,S2B_MSIL1C_20170820T033529_N0205_R061_T51WWQ_20170820T033531,Sentinel-2B,351,Lena,177.835358703,54.7354009422,0.8492010396260482,"{""type"":""MultiPoint"",""coordinates"":[]}"
20170829T223719_20170829T223715_T03VXJ_4,133.99999999999997,94.0,1530.0,342,1402.0,1394.0,1474.0,1469.0,1268.0,1283.0,1032.0,1111.0,212.0,0.0,342,2017-08-29,61.93,-162.88,S2B_MSIL1C_20170829T223719_N0500_R058_T03VXJ_20230818T081025,Sentinel-2B,342,Yukon,176.721731339293,52.7216187559097,0.8245582384640785,"{""type"":""MultiPoint"",""coordinates"":[]}"
20170830T010651_20170830T010648_T57WWS_3,41.00000000000001,18.000000000000004,1444.9999999999998,351,1097.9999999999998,836.0000000000001,526.0,436.9999999999999,328.0,301.99999999999994,232.0,246.00000000000003,92.99999999999999,23.0864,351,2017-08-30,68.75,161.3,S2A_MSIL1C_20170830T010651_N0205_R131_T57WWS_20170830T010648,Sentinel-2A,351,Kolyma,176.713465001,59.9567623149,0.9069253217799501,"{""type"":""MultiPoint"",""coordinates"":[]}"
20170831T012649_20170831T012703_T57WWS_3,35.0,14.999999999999996,1313.0,351,1001.0,778.9999999999999,487.0,397.0,290.99999999999994,274.00000000000006,200.0,217.0,75.00000000000001,0.0,351,2017-08-31,68.75,161.3,S2B_MSIL1C_20170831T012649_N0500_R074_T57WWS_20230831T053020,Sentinel-2B,351,Kolyma,182.459235609726,60.3079139481407,0.9152341662895876,"{""type"":""MultiPoint"",""coordinates"":[]}"
20170903T205021_20170903T205208_T08WNV_5,51.0,30.0,1445.0000000000002,348,1186.9999999999998,1010.0,930.0,857.0,563.9999999999999,551.0,378.99999999999994,451.0,95.00000000000001,0.966615855257932,348,2017-09-03,67.45,-133.74,S2A_MSIL1C_20170903T205021_N0500_R057_T08WNV_20230821T204021,Sentinel-2A,348,Mackenzie,180.630160407963,59.8877502357649,0.9031610935926437,"{""type"":""MultiPoint"",""coordinates"":[]}"
20170909T060631_20170909T060630_T44WPC_1,37.00000000000001,22.0,1357.9999999999998,346,935.9999999999999,584.9999999999999,364.0,318.0,270.0,242.0,184.0,202.99999999999997,85.0,20.0152,346,2017-09-09,69.37340000000002,86.12130000000002,S2A_MSIL1C_20170909T060631_N0205_R134_T44WPC_20170909T060630,Sentinel-2A,346,Yenisey,177.874643455,64.5579280044,0.8814089496671064,"{""type"":""MultiPoint"",""coordinates"":[]}"
20170909T060631_20170909T060630_T45WVS_1,37.00000000000001,22.000000000000007,1358.0,353,935.9999999999999,585.0,364.0,319.0,269.99999999999994,241.99999999999997,185.0,204.00000000000003,85.00000000000001,38.1753,353,2017-09-09,69.37340000000002,86.12130000000002,S2A_MSIL1C_20170909T060631_N0205_R134_T45WVS_20170909T060630,Sentinel-2A,353,Yenisey,178.867798048,63.6948786391,0.8816986460627223,"{""type"":""MultiPoint"",""coordinates"":[]}"
20170909T060631_20170909T060630_T45WVT_1,37.00000000000001,22.000000000000007,1358.0,353,936.0,585.0,364.0,319.0,271.0,242.00000000000003,184.0,204.00000000000003,83.99999999999999,26.9739,353,2017-09-09,69.37340000000002,86.12130000000002,S2A_MSIL1C_20170909T060631_N0205_R134_T45WVT_20170909T060630,Sentinel-2A,353,Yenisey,178.760254114,64.5916453476,0.8816986460627223,"{""type"":""MultiPoint"",""coordinates"":[]}"
20170912T203059_20170912T203155_T08WNV_5,158.25,137.0,1615.0,337,1288.5302873682035,1080.4701627486438,996.3818794459004,924.4444444444445,633.3571428571429,628.8815789473684,466.5,493.14309764309763,166.0,5.7167,337,2017-09-12,67.45,-133.74,S2B_MSIL1C_20170912T203059_N0205_R114_T08WNV_20170912T203155,Sentinel-2B,337,Mackenzie,175.872296093,63.3164281386,0.7446541786193848,"{""type"":""MultiPoint"",""coordinates"":[]}"
20170914T033531_20170914T033641_T51WWQ_2,48.00000000000001,30.999999999999993,1346.0000000000002,351,960.9999999999998,669.0,488.0,432.00000000000006,316.0,285.0,213.00000000000003,233.99999999999997,91.99999999999999,0.0836991250858491,351,2017-09-14,66.76905,123.39458,S2A_MSIL1C_20170914T033531_N0500_R061_T51WWQ_20230918T061923,Sentinel-2A,351,Lena,180.159001211746,63.7603312334228,0.8659369225677133,"{""type"":""MultiPoint"",""coordinates"":[]}"
20170915T071609_20170915T071827_T41WPP_0,40.0,22.0,1407.0,66,995.0,674.0,472.0,432.0,321.0,292.0,205.0,236.0,89.0,39.3999,66,2017-09-15,66.63000000000001,66.6,S2B_MSIL1C_20170915T071609_N0205_R006_T41WPP_20170915T071827,Sentinel-2B,66,Ob,177.607784387,63.2918808261,0.8862690925598145,"{""type"":""MultiPoint"",""coordinates"":[]}"
20170915T071609_20170915T071827_T41WPQ_0,39.0,22.0,1401.0,56,978.0,620.0,389.0,350.0,297.0,266.0,194.0,215.0,88.0,34.1582,56,2017-09-15,66.63000000000001,66.6,S2B_MSIL1C_20170915T071609_N0205_R006_T41WPQ_20170915T071827,Sentinel-2B,56,Ob,177.700593105,64.1850302592,0.8875171542167664,"{""type"":""MultiPoint"",""coordinates"":[]}"
20170917T203111_20170917T203205_T08WNV_5,43.0,24.999999999999996,1552.0,348,1235.0000000000002,1006.0,847.0,736.9999999999999,441.0,421.00000000000006,280.0,333.00000000000006,86.99999999999999,0.0,348,2017-09-17,67.45,-133.74,S2A_MSIL1C_20170917T203111_N0500_R114_T08WNV_20230902T093809,Sentinel-2A,348,Mackenzie,176.444465934608,65.2281448855223,0.9182560483468873,"{""type"":""MultiPoint"",""coordinates"":[]}"
20170918T205119_20170918T205115_T08WNV_5,45.00000000000001,25.999999999999996,1508.9999999999998,348,1211.0,995.9999999999999,840.9999999999999,725.9999999999999,450.0,421.0,283.0,336.99999999999994,91.0,0.0,348,2017-09-18,67.45,-133.74,S2B_MSIL1C_20170918T205119_N0500_R057_T08WNV_20230831T084718,Sentinel-2B,348,Mackenzie,181.992325120091,65.5941643007265,0.9138742292375631,"{""type"":""MultiPoint"",""coordinates"":[]}"
20170927T221531_20170927T221528_T03VXJ_4,61.0,36.0,1474.0,342,1187.0,980.0,917.0,861.0,605.0,581.0,410.99999999999994,483.00000000000006,117.99999999999999,5.9621,342,2017-09-27,61.93,-162.88,S2A_MSIL1C_20170927T221531_N0205_R115_T03VXJ_20170927T221528,Sentinel-2A,342,Yukon,174.291963606,63.8161867429,0.8825495802439176,"{""type"":""MultiPoint"",""coordinates"":[]}"
20170928T223519_20170928T223516_T03VXJ_4,64.0,34.0,1426.0,342,1075.0,756.0,585.7243243243244,525.3333333333334,418.6,394.2845982142857,288.3333333333333,322.0,93.99999999999999,4.0247,342,2017-09-28,61.93,-162.88,S2B_MSIL1C_20170928T223519_N0205_R058_T03VXJ_20170928T223516,Sentinel-2B,342,Yukon,179.881562403,64.0895687459,0.849364161491394,"{""type"":""MultiPoint"",""coordinates"":[]}"
20170929T060631_20170929T060628_T44WPC_1,43.0,22.0,1803.9999999999998,291,1281.0,801.0,529.0,465.00000000000006,387.99999999999994,345.99999999999994,268.99999999999994,284.00000000000006,131.0,1.50987446525397,291,2017-09-29,69.37340000000002,86.12130000000002,S2A_MSIL1C_20170929T060631_N0500_R134_T44WPC_20230902T164907,Sentinel-2A,291,Yenisey,179.805198357235,72.2718270640297,0.8968213091407681,"{""type"":""MultiPoint"",""coordinates"":[]}"
20170929T060631_20170929T060628_T45WVS_1,44.0,22.0,1802.0,221,1280.9999999999998,803.0,529.9999999999999,465.00000000000006,388.9999999999999,346.00000000000006,268.00000000000006,285.0,132.0,13.0171,221,2017-09-29,69.37340000000002,86.12130000000002,S2A_MSIL1C_20170929T060631_N0205_R134_T45WVS_20170929T060628,Sentinel-2A,221,Yenisey,180.7626352,71.4190630387,0.8954165279865265,"{""type"":""MultiPoint"",""coordinates"":[]}"
20170929T060631_20170929T060628_T45WVT_1,42.0,22.000000000000004,1803.0,248,1281.0,800.0,528.0,465.0,388.00000000000006,346.0,268.99999999999994,284.0,131.0,1.62851953413956,248,2017-09-29,69.37340000000002,86.12130000000002,S2A_MSIL1C_20170929T060631_N0500_R134_T45WVT_20230902T164907,Sentinel-2A,248,Yenisey,180.646933702504,72.3147982800644,0.900296688079834,"{""type"":""MultiPoint"",""coordinates"":[]}"
20170930T062629_20170930T062842_T44WPC_1,37.0,19.0,1725.0,346,1255.0,782.0,510.5607660201326,446.00000000000006,378.6129151291513,340.0,246.0,274.7368355610817,134.0,6.5659,346,2017-09-30,69.37340000000002,86.12130000000002,S2B_MSIL1C_20170930T062629_N0205_R077_T44WPC_20170930T062842,Sentinel-2B,346,Yenisey,185.057403287,72.7391122831,0.9108407497406006,"{""type"":""MultiPoint"",""coordinates"":[]}"
20170930T062629_20170930T062842_T45WVS_1,36.00000000000001,18.999999999999996,1744.0,353,1270.0,792.0,516.5954022988507,450.99999999999994,382.4318031704095,339.0,253.0,278.31304806487765,132.0,0.386646542264864,353,2017-09-30,69.37340000000002,86.12130000000002,S2B_MSIL1C_20170930T062629_N0500_R077_T45WVS_20231027T000353,Sentinel-2B,353,Yenisey,186.029734193556,71.9196701164696,0.9116472516591861,"{""type"":""MultiPoint"",""coordinates"":[]}"
20170930T062629_20170930T062842_T45WVT_1,36.00000000000001,19.000000000000004,1724.0000000000002,353,1255.0,782.0,512.4352484106428,446.0000000000001,378.5005154639175,339.0,246.0,275.00000000000006,132.0,4.1399,353,2017-09-30,69.37340000000002,86.12130000000002,S2B_MSIL1C_20170930T062629_N0205_R077_T45WVT_20170930T062842,Sentinel-2B,353,Yenisey,185.893632532,72.8072150785,0.9106783796297877,"{""type"":""MultiPoint"",""coordinates"":[]}"
20170930T204251_20170930T204245_T08WNV_5,42.0,28.0,1651.9999999999998,348,1285.0,972.9999999999999,731.9999999999999,625.0,396.0,355.99999999999994,244.99999999999997,294.00000000000006,116.0,2.47630565260235,348,2017-09-30,67.45,-133.74,S2A_MSIL1C_20170930T204251_N0500_R014_T08WNV_20230903T045840,Sentinel-2A,348,Mackenzie,180.411670764185,70.2469517437846,0.9165078600510335,"{""type"":""MultiPoint"",""coordinates"":[]}"
20171008T223709_20171008T223705_T03VXJ_4,100.0,64.0,1617.0,149,1216.0,815.0,616.0,551.0,435.0,409.0,303.0,333.0,128.0,24.2324,149,2017-10-08,61.93,-162.88,S2B_MSIL1C_20171008T223709_N0205_R058_T03VXJ_20171008T223705,Sentinel-2B,149,Yukon,180.713911093,67.9430363208,0.7842969298362732,"{""type"":""MultiPoint"",""coordinates"":[]}"
20171009T010651_20171009T010646_T57WWS_3,46.0,25.999999999999996,2056.0,351,1539.0000000000002,1054.0,752.0,638.9999999999999,467.0,413.0,301.99999999999994,339.99999999999994,157.0000000000001,0.803611238557243,351,2017-10-09,68.75,161.3,S2A_MSIL1C_20171009T010651_N0500_R131_T57WWS_20230814T183813,Sentinel-2A,351,Kolyma,180.467429983331,75.1853767957671,0.9167242921605894,"{""type"":""MultiPoint"",""coordinates"":[]}"
20171012T221519_20171012T221517_T03VXJ_4,530.0,471.0,2144.0,9,1747.0,1471.0,1481.0,1391.0,1114.0,1131.0,1019.0,895.0,472.0,42.4372,9,2017-10-12,61.93,-162.88,S2B_MSIL1C_20171012T221519_N0205_R115_T03VXJ_20171012T221517,Sentinel-2B,9,Yukon,175.709811796881,69.516016585955,0.46653246879577637,"{""type"":""MultiPoint"",""coordinates"":[]}"
20171017T034731_20171017T034732_T51WWQ_2,112.0,90.43614595210946,2296.60834049871,175,1723.740506329114,1123.9280273180984,845.1172127365021,755.2857142857143,680.6876347951115,642.7142857142857,519.6702557200539,555.2613636363636,226.66666666666666,38.393,175,2017-10-17,66.76905,123.39458,S2A_MSIL1C_20171017T034731_N0205_R104_T51WWQ_20171017T034732,Sentinel-2A,175,Lena,185.275048132324,76.5116245673105,0.8181203007698059,"{""type"":""MultiPoint"",""coordinates"":[]}"
20171018T223529_20171018T223524_T03VXJ_4,206.0,154.00000000000003,1735.0,342,1371.0,1039.0,962.0,893.0,665.0,635.9999999999999,505.0,539.0,252.00000000000003,26.7102,342,2017-10-18,61.93,-162.88,S2B_MSIL1C_20171018T223529_N0205_R058_T03VXJ_20171018T223524,Sentinel-2B,342,Yukon,181.297387465,71.6634013626,0.667656143506368,"{""type"":""MultiPoint"",""coordinates"":[]}"
20171019T033729_20171019T033843_T51WWQ_2,185.0,141.0,3026.0,99,2288.0,1717.0384615384617,1561.0,1627.0659340659342,1537.0,1432.0,1266.0,1204.0,589.0,33.3075,99,2017-10-19,66.76905,123.39458,S2B_MSIL1C_20171019T033729_N0205_R061_T51WWQ_20171019T033843,Sentinel-2B,99,Lena,182.777527003,77.1683652892,0.8060621506855137,"{""type"":""MultiPoint"",""coordinates"":[]}"
20171025T222559_20171025T222602_T03VXJ_4,612.25,562.513078470825,2346.0,208,1866.25,1436.5,1368.0,1318.4915254237287,1210.0,1234.75,1162.5,1073.0,447.0,49.0154,208,2017-10-25,61.93,-162.88,S2B_MSIL1C_20171025T222559_N0206_R015_T03VXJ_20171026T000550,Sentinel-2B,208,Yukon,179.001278516,74.122373101,0.4019801914691925,"{""type"":""MultiPoint"",""coordinates"":[]}"
20171030T222651_20171030T222646_T03VXJ_4,650.0000000000001,439.0,2421.0,100,1921.0,1367.0,1239.0,1193.0,1134.0,1133.0,1074.0,1031.0,313.0,35.6925,100,2017-10-30,61.93,-162.88,S2A_MSIL1C_20171030T222651_N0206_R015_T03VXJ_20171030T235500,Sentinel-2A,100,Yukon,179.161360656,75.7875629466,0.35576921701431274,"{""type"":""MultiPoint"",""coordinates"":[]}"
20180602T204019_20180602T204550_T08WNV_5,77.99999999999999,55.00000000000001,1342.9999999999998,348,1096.0,947.0000000000001,930.0000000000001,889.0000000000001,647.0,639.0,457.0000000000001,532.0,98.99999999999999,2.1734,348,2018-06-02,67.45,-133.74,S2B_MSIL1C_20180602T204019_N0206_R014_T08WNV_20180602T223108,Sentinel-2B,348,Mackenzie,177.807626493,44.8722138097,0.8474988639354706,"{""type"":""MultiPoint"",""coordinates"":[]}"
20180602T222529_20180602T222529_T03VXJ_4,570.0,463.0,1460.0,9,1172.0,1057.0,1156.0,1129.0,1046.0,1056.0,991.0,825.0,285.0,13.4886,9,2018-06-02,61.93,-162.88,S2B_MSIL1C_20180602T222529_N0206_R015_T03VXJ_20180603T000240,Sentinel-2B,9,Yukon,173.52700427,39.5594702898,0.31496554613113403,"{""type"":""MultiPoint"",""coordinates"":[]}"
20180603T032539_20180603T032533_T51WWQ_2,30.0,18.0,1143.9999999999995,351,796.9999999999999,522.0,428.00000000000006,415.0,299.0,281.0,187.99999999999997,232.99999999999997,69.0,10.7986,351,2018-06-03,66.76905,123.39458,S2B_MSIL1C_20180603T032539_N0206_R018_T51WWQ_20180603T061418,Sentinel-2B,351,Lena,176.101194289,44.8640814374,0.8923566341400146,"{""type"":""MultiPoint"",""coordinates"":[]}"
20180604T061629_20180604T061638_T44WPC_1,33.0,21.0,3576.0,153,3098.3333333333335,2466.1457725947516,1848.6653543307086,1539.0,1096.0,972.75,700.8,803.0,194.64285714285714,43.408,153,2018-06-04,69.37340000000002,86.12130000000002,S2B_MSIL1C_20180604T061629_N0206_R034_T44WPC_20180604T100043,Sentinel-2B,153,Yenisey,180.410498867,47.3410051899,0.9737937450408936,"{""type"":""MultiPoint"",""coordinates"":[]}"
20180604T061629_20180604T061638_T45WVS_1,33.0,21.0,3577.0,150,3115.5,2449.766666666667,1832.222972972973,1539.859550561798,1076.0,972.3640737770648,683.9268292682927,796.0,197.01046060401552,0.305592881244588,150,2018-06-04,69.37340000000002,86.12130000000002,S2B_MSIL1C_20180604T061629_N0500_R034_T45WVS_20230812T114917,Sentinel-2B,150,Yenisey,181.570833813531,46.4924200986212,0.9739932864904404,"{""type"":""MultiPoint"",""coordinates"":[]}"
20180604T061629_20180604T061638_T45WVT_1,33.0,21.0,3616.999999999999,148,3093.304843304844,2458.8267045454545,1824.6216216216217,1554.007874015748,1058.5,978.75,693.0,811.6788036410924,199.0,25.2593,148,2018-06-04,69.37340000000002,86.12130000000002,S2B_MSIL1C_20180604T061629_N0206_R034_T45WVT_20180604T100043,Sentinel-2B,148,Yenisey,181.41759484,47.3873117767,0.9735756119092306,"{""type"":""MultiPoint"",""coordinates"":[]}"
20180604T202841_20180604T202844_T08WNV_5,56.00000000000001,32.0,1385.0000000000002,348,1116.9999999999998,959.0000000000001,915.0000000000001,864.0,610.0,608.0,428.0,495.00000000000006,86.0,13.1522,348,2018-06-04,67.45,-133.74,S2A_MSIL1C_20180604T202841_N0206_R114_T08WNV_20180605T000432,Sentinel-2A,348,Mackenzie,174.433977926,44.7027906749,0.889384910589345,"{""type"":""MultiPoint"",""coordinates"":[]}"
20180605T072609_20180605T072637_T41WPP_0,70.00000000000001,51.0,1720.249945498147,350,1383.9999999999998,1171.0,1060.0,981.9999999999999,646.0,597.0000000000001,434.9999999999999,498.0,149.0,42.2568,350,2018-06-05,66.63000000000001,66.6,S2B_MSIL1C_20180605T072609_N0206_R049_T41WPP_20180605T093412,Sentinel-2B,350,Ob,179.420287307,43.6432155238,0.8872902142940108,"{""type"":""MultiPoint"",""coordinates"":[]}"
20180605T072609_20180605T072637_T41WPQ_0,70.00000000000001,51.0,1718.395494770716,350,1383.9999999999998,1171.0,1060.0,982.0,646.0,597.0000000000001,434.99999999999994,498.0,148.99999999999997,37.091,350,2018-06-05,66.63000000000001,66.6,S2B_MSIL1C_20180605T072609_N0206_R049_T41WPQ_20180605T093412,Sentinel-2B,350,Ob,179.519091768,44.5379989327,0.8872838670557195,"{""type"":""MultiPoint"",""coordinates"":[]}"
20180605T205019_20180605T205114_T08WNV_5,54.99999999999999,42.00000000000001,1203.0,348,860.0,587.0,421.00000000000006,382.0,315.0,300.0,219.0,242.0,82.99999999999999,13.4711,348,2018-06-05,67.45,-133.74,S2B_MSIL1C_20180605T205019_N0206_R057_T08WNV_20180605T224846,Sentinel-2B,348,Mackenzie,180.914000453,44.5144282818,0.8288466455246857,"{""type"":""MultiPoint"",""coordinates"":[]}"
20180606T033629_20180606T033657_T51WWQ_2,49.99999999999999,29.000000000000004,1186.0,351,833.0,565.0,453.00000000000006,430.00000000000006,328.0,315.0,228.00000000000003,254.00000000000003,70.0,0.0609752456030338,351,2018-06-06,66.76905,123.39458,S2B_MSIL1C_20180606T033629_N0500_R061_T51WWQ_20230824T212701,Sentinel-2B,351,Lena,179.201058047013,44.4845400464981,0.8366686782948238,"{""type"":""MultiPoint"",""coordinates"":[]}"
20180607T204021_20180607T204159_T08WNV_5,111.0,80.0,1360.0,348,1121.0,984.9999999999998,955.0,920.0,666.0,664.0,489.0,559.0,139.0,1.77595628415301,348,2018-06-07,67.45,-133.74,S2A_MSIL1C_20180607T204021_N0500_R014_T08WNV_20230826T035908,Sentinel-2A,348,Mackenzie,177.520114321446,44.3304854376655,0.7967968881130219,"{""type"":""MultiPoint"",""coordinates"":[]}"
20180608T032541_20180608T032536_T51WWQ_2,62.0,35.0,1221.0,351,857.0,591.9999999999999,471.0,452.00000000000006,360.99999999999994,342.0,252.00000000000003,285.0,90.99999999999996,0.0,351,2018-06-08,66.76905,123.39458,S2A_MSIL1C_20180608T032541_N0500_R018_T51WWQ_20230817T152647,Sentinel-2A,351,Lena,175.801355604743,44.3343858328137,0.810252434015274,"{""type"":""MultiPoint"",""coordinates"":[]}"
20180609T011651_20180609T011652_T57WWS_3,37.99999999999999,24.999999999999996,1216.0,351,907.0,685.0,629.0000000000001,601.0,445.0,430.0,308.0,359.00000000000006,80.0,2.90955239033713,351,2018-06-09,68.75,161.3,S2A_MSIL1C_20180609T011651_N0500_R031_T57WWS_20230823T170857,Sentinel-2A,351,Kolyma,179.999997116998,46.0032278529867,0.8957473933696747,"{""type"":""MultiPoint"",""coordinates"":[]}"
20180609T034529_20180609T034800_T51WWQ_2,33.0,18.000000000000004,1081.0000000000002,351,764.0,517.0,415.0,392.0,292.99999999999994,283.0,199.0,227.0,67.0,0.0,351,2018-06-09,66.76905,123.39458,S2B_MSIL1C_20180609T034529_N0500_R104_T51WWQ_20230820T063808,Sentinel-2B,351,Lena,182.303497193598,44.2142505486727,0.8796873944146293,"{""type"":""MultiPoint"",""coordinates"":[]}"
20180609T061631_20180609T061630_T44WPC_1,45.0,29.999999999999996,1358.0,346,962.0,650.0,487.0,427.00000000000006,329.00000000000006,304.00000000000006,225.99999999999997,247.99999999999997,74.0,0.702230583176565,346,2018-06-09,69.37340000000002,86.12130000000002,S2A_MSIL1C_20180609T061631_N0500_R034_T44WPC_20230809T172904,Sentinel-2A,346,Yenisey,180.134708501502,46.8418685012508,0.8715328574180603,"{""type"":""MultiPoint"",""coordinates"":[]}"
20180609T061631_20180609T061630_T45WVS_1,44.0,30.0,1357.9999999999998,353,962.0000000000001,651.0,487.00000000000006,426.99999999999994,329.0,303.99999999999994,225.0,247.99999999999997,73.99999999999999,0.0,353,2018-06-09,69.37340000000002,86.12130000000002,S2A_MSIL1C_20180609T061631_N0500_R034_T45WVS_20230809T172904,Sentinel-2A,353,Yenisey,181.29712764486,45.9915755114421,0.8724286616314029,"{""type"":""MultiPoint"",""coordinates"":[]}"
20180609T061631_20180609T061630_T45WVT_1,45.00000000000001,30.0,1360.0,353,962.0,651.0000000000001,487.99999999999994,426.99999999999994,329.00000000000006,303.0,226.00000000000003,248.0,74.0,0.665531965720087,353,2018-06-09,69.37340000000002,86.12130000000002,S2A_MSIL1C_20180609T061631_N0500_R034_T45WVT_20230809T172904,Sentinel-2A,353,Yenisey,181.146520234109,46.8868547185601,0.8708596726258596,"{""type"":""MultiPoint"",""coordinates"":[]}"
20180609T070619_20180609T070618_T41WPP_0,56.53585325180656,39.0,1452.0,350,1076.3619963128785,820.4034810126582,674.3202416918429,652.4429005644813,400.50539744847885,364.3506160164271,248.44238856181667,296.30123311802697,86.99999999999999,30.0632,350,2018-06-09,66.63000000000001,66.6,S2B_MSIL1C_20180609T070619_N0206_R106_T41WPP_20180609T091838,Sentinel-2B,350,Ob,172.479079252,43.4072994303,0.8719885179755885,"{""type"":""MultiPoint"",""coordinates"":[]}"
20180609T070619_20180609T070618_T41WPQ_0,56.53585325180656,39.0,1452.0,350,1076.328417171451,820.4034810126582,674.2524916943522,652.4721250771448,400.4664855072464,364.3506160164271,248.44238856181667,296.30123311802697,86.99999999999999,1.4517,350,2018-06-09,66.63000000000001,66.6,S2B_MSIL1C_20180609T070619_N0206_R106_T41WPQ_20180609T091838,Sentinel-2B,350,Ob,172.687412386,44.2914837064,0.8719885179755885,"{""type"":""MultiPoint"",""coordinates"":[]}"
20180609T202839_20180609T203326_T08WNV_5,642.0,497.0,1835.0,41,1630.0,1421.0,1363.0,1336.0,1121.0,1118.0,978.0,1110.0,429.0,27.7332,41,2018-06-09,67.45,-133.74,S2B_MSIL1C_20180609T202839_N0206_R114_T08WNV_20180609T222903,Sentinel-2B,41,Mackenzie,174.083344091,44.2335919702,0.3838709592819214,"{""type"":""MultiPoint"",""coordinates"":[]}"
20180609T221529_20180609T221529_T03VXJ_4,47.00000000000001,27.999999999999996,1194.0000000000002,342,948.0,803.0,787.0,768.9999999999999,574.0,570.9999999999999,405.0,477.0,100.0,0.1587,342,2018-06-09,61.93,-162.88,S2B_MSIL1C_20180609T221529_N0206_R115_T03VXJ_20180609T235318,Sentinel-2B,342,Yukon,169.361949095,39.0465723862,0.8885016930497124,"{""type"":""MultiPoint"",""coordinates"":[]}"
20180610T223531_20180610T223531_T03VXJ_4,205.0,150.0,1251.9999999999998,342,1029.0,906.0000000000001,905.0,894.0,736.9999999999999,753.0,602.0,637.0,172.99999999999997,0.1019,342,2018-06-10,61.93,-162.88,S2A_MSIL1C_20180610T223531_N0206_R058_T03VXJ_20180611T002313,Sentinel-2A,342,Yukon,176.584604923,38.6840542154,0.6312054265848177,"{""type"":""MultiPoint"",""coordinates"":[]}"
20180611T010649_20180611T010646_T57WWS_3,19.999999999999993,11.0,1190.0,351,917.0,692.0,635.0,605.0,438.0,426.0,292.0,352.99999999999994,64.0,2.7692,351,2018-06-11,68.75,161.3,S2B_MSIL1C_20180611T010649_N0206_R131_T57WWS_20180611T023550,Sentinel-2B,351,Kolyma,176.665269456,45.8752600227,0.9441545302576445,"{""type"":""MultiPoint"",""coordinates"":[]}"
20180611T033531_20180611T033737_T51WWQ_2,31.000000000000007,19.0,1072.0,351,733.0000000000001,489.99999999999994,381.0,361.0,267.0,253.0,179.0,204.0,64.0,1.3598,351,2018-06-11,66.76905,123.39458,S2A_MSIL1C_20180611T033531_N0206_R061_T51WWQ_20180611T063303,Sentinel-2A,351,Lena,178.888736673,44.0499457217,0.8797782711651294,"{""type"":""MultiPoint"",""coordinates"":[]}"
20180612T012651_20180612T012654_T57WWS_3,20.0,11.000000000000002,1170.0,351,897.0,705.0,665.0,630.0,453.0,448.0,311.99999999999994,366.0,59.0,17.2565,351,2018-06-12,68.75,161.3,S2A_MSIL1C_20180612T012651_N0206_R074_T57WWS_20180612T031619,Sentinel-2A,351,Kolyma,183.000289556,45.8014302995,0.9450993022982467,"{""type"":""MultiPoint"",""coordinates"":[]}"
20180613T032539_20180613T032751_T51WWQ_2,39.0,23.0,1184.0000000000002,351,827.0,539.0,409.00000000000006,379.0,291.0,277.0,192.99999999999997,221.99999999999997,61.00000000000001,13.7107,351,2018-06-13,66.76905,123.39458,S2B_MSIL1C_20180613T032539_N0206_R018_T51WWQ_20180613T062658,Sentinel-2B,351,Lena,175.442129161,43.9731478491,0.8659934633429537,"{""type"":""MultiPoint"",""coordinates"":[]}"
20180614T011649_20180614T011650_T57WWS_3,19.999999999999993,9.999999999999998,1237.0,351,942.9999999999999,741.0,689.0,649.0,464.0,454.0,309.0,372.0,66.99999999999997,0.0,351,2018-06-14,68.75,161.3,S2B_MSIL1C_20180614T011649_N0500_R031_T57WWS_20230825T231241,Sentinel-2B,351,Kolyma,179.662803825824,45.665228084856,0.9473883008048757,"{""type"":""MultiPoint"",""coordinates"":[]}"
20180614T034531_20180614T034533_T51WWQ_2,45.91594827586208,29.8,1158.6923076923076,196,809.208783297336,537.3852348993289,413.258064516129,385.3478260869565,301.4006968641115,285.5652173913044,209.04318181818184,235.2666163141994,76.93065693430657,18.8476,196,2018-06-14,66.76905,123.39458,S2A_MSIL1C_20180614T034531_N0206_R104_T51WWQ_20180614T053922,Sentinel-2A,196,Lena,181.978481063,43.8757985855,0.8454584574766373,"{""type"":""MultiPoint"",""coordinates"":[]}"
20180614T061629_20180614T061628_T44WPC_1,152.56852791878174,93.71428571428571,1380.0545829042223,289,1024.6,733.0,609.0,542.25,416.75,414.74474474474476,326.0,350.5,98.0,3.6081,289,2018-06-14,69.37340000000002,86.12130000000002,S2B_MSIL1C_20180614T061629_N0206_R034_T44WPC_20180614T082129,Sentinel-2B,289,Yenisey,179.802302294,46.5106221601,0.6583241836444752,"{""type"":""MultiPoint"",""coordinates"":[]}"
20180614T061629_20180614T061628_T45WVS_1,160.70247933884295,97.21518987341771,1379.0,299,1025.75,736.7222619899785,609.3231939163497,544.9012345679013,421.7408536585366,409.5004897159647,325.1145833333333,348.75,100.0,2.1834,299,2018-06-14,69.37340000000002,86.12130000000002,S2B_MSIL1C_20180614T061629_N0206_R034_T45WVS_20180614T082129,Sentinel-2B,299,Yenisey,180.963573515,45.658428008,0.6501564979553223,"{""type"":""MultiPoint"",""coordinates"":[]}"
20180614T061629_20180614T061628_T45WVT_1,165.53614457831327,100.30564784053156,1401.9999999999998,303,1038.142857142857,740.8,617.2,553.6,421.72649572649567,418.0741989881955,330.3595744680851,353.7301360057266,101.0,1.01767744632566,303,2018-06-14,69.37340000000002,86.12130000000002,S2B_MSIL1C_20180614T061629_N0500_R034_T45WVT_20230715T230517,Sentinel-2B,303,Yenisey,180.816977892267,46.5541285999745,0.64647110303243,"{""type"":""MultiPoint"",""coordinates"":[]}"
20180614T221531_20180614T221530_T03VXJ_4,50.99999999999999,33.00000000000001,1163.9999999999998,342,905.0000000000001,760.9999999999999,726.0000000000001,702.0,495.0,493.0,348.0,409.0,94.0,0.00913732867508734,342,2018-06-14,61.93,-162.88,S2A_MSIL1C_20180614T221531_N0500_R115_T03VXJ_20230816T061724,Sentinel-2A,342,Yukon,168.942697261663,38.7621704500171,0.8734050754722691,"{""type"":""MultiPoint"",""coordinates"":[]}"
20180615T205019_20180615T205019_T08WNV_5,118.0,57.0,1671.0000000000002,348,1381.0,1171.0,1039.0,992.9999999999999,795.9999999999999,776.0000000000001,599.0,653.0000000000001,187.0,2.528,348,2018-06-15,67.45,-133.74,S2B_MSIL1C_20180615T205019_N0206_R057_T08WNV_20180615T223116,Sentinel-2B,348,Mackenzie,180.258790254,43.7905906605,0.8171759026324998,"{""type"":""MultiPoint"",""coordinates"":[]}"
20180615T223529_20180615T223530_T03VXJ_4,596.0,427.0,1635.0,79,1404.0,1233.0,1176.0,1221.0,1294.0,1350.0,1264.0,1249.0,606.0,12.8339,79,2018-06-15,61.93,-162.88,S2B_MSIL1C_20180615T223529_N0206_R058_T03VXJ_20180616T001417,Sentinel-2B,79,Yukon,176.175631179,38.4181244395,0.3499727845191956,"{""type"":""MultiPoint"",""coordinates"":[]}"
20180616T010651_20180616T010647_T57WWS_3,25.0,14.999999999999998,1231.0,351,956.0000000000001,753.9999999999999,686.0000000000001,650.0,456.0,450.0,304.0,367.0,69.0,0.0215,351,2018-06-16,68.75,161.3,S2A_MSIL1C_20180616T010651_N0206_R131_T57WWS_20180616T025856,Sentinel-2A,351,Kolyma,176.32459691,45.6104653162,0.9357904448340113,"{""type"":""MultiPoint"",""coordinates"":[]}"
20180616T033539_20180616T033707_T51WWQ_2,117.38632750397456,89.0030603205283,1126.9999999999998,346,804.5977233676975,561.5572415046338,457.66520155720207,433.2563465485579,347.4202948629348,339.3491873168132,267.3450798295274,285.8647564469914,83.0,8.1649,346,2018-06-16,66.76905,123.39458,S2B_MSIL1C_20180616T033539_N0206_R061_T51WWQ_20180616T071516,Sentinel-2B,346,Lena,178.529817347,43.7853356634,0.6580542677906012,"{""type"":""MultiPoint"",""coordinates"":[]}"
20180616T060631_20180616T060732_T44WPC_1,45.99999999999999,21.000000000000004,1337.0,346,952.9999999999999,647.0,495.99999999999994,439.0,341.0,315.0,237.00000000000006,254.99999999999997,80.00000000000003,3.80875735441642,346,2018-06-16,69.37340000000002,86.12130000000002,S2A_MSIL1C_20180616T060631_N0500_R134_T44WPC_20230822T092508,Sentinel-2A,346,Yenisey,176.509673575526,46.4551148222665,0.8678635060787201,"{""type"":""MultiPoint"",""coordinates"":[]}"
20180616T060631_20180616T060732_T45WVS_1,46.0,21.0,1337.0,353,952.9999999999999,646.9999999999999,495.99999999999994,439.00000000000006,341.00000000000006,313.99999999999994,237.0,254.99999999999997,80.00000000000006,0.0,353,2018-06-16,69.37340000000002,86.12130000000002,S2A_MSIL1C_20180616T060631_N0500_R134_T45WVS_20230822T092508,Sentinel-2A,353,Yenisey,177.62584655585,45.5854991263571,0.8680057525634766,"{""type"":""MultiPoint"",""coordinates"":[]}"
20180616T060631_20180616T060732_T45WVT_1,45.00000000000001,19.999999999999996,1336.9999999999998,353,951.0,648.0,496.00000000000006,439.0,340.0,311.0,238.0,255.0,80.0,3.1309,353,2018-06-16,69.37340000000002,86.12130000000002,S2A_MSIL1C_20180616T060631_N0206_R134_T45WVT_20180616T080901,Sentinel-2A,353,Yenisey,177.528487959,46.4823985857,0.8694108680354435,"{""type"":""MultiPoint"",""coordinates"":[]}"
20180617T012659_20180617T012653_T57WWS_3,41.0,25.0,1208.9999999999998,351,948.0,757.0000000000001,699.0,648.0,460.0000000000001,458.0,320.0,372.0,67.00000000000001,0.0916420317119054,351,2018-06-17,68.75,161.3,S2B_MSIL1C_20180617T012659_N0500_R074_T57WWS_20230825T080947,Sentinel-2B,351,Kolyma,182.659975614043,45.5608098448177,0.8973564058542252,"{""type"":""MultiPoint"",""coordinates"":[]}"
20180617T062629_20180617T062626_T44WPC_1,132.0,64.0,1985.0,346,1603.0,1207.0,971.0000000000001,869.0,773.0,748.0,617.0,617.0,149.0,0.495715010899101,346,2018-06-17,69.37340000000002,86.12130000000002,S2B_MSIL1C_20180617T062629_N0500_R077_T44WPC_20230715T004210,Sentinel-2B,346,Yenisey,182.757235094583,46.4116552980133,0.802093938112898,"{""type"":""MultiPoint"",""coordinates"":[]}"
20180617T062629_20180617T062626_T45WVS_1,132.00000000000003,64.0,1989.0,353,1603.0,1207.0,969.0,870.0,773.0,749.0,619.0,617.0,150.99999999999997,0.571165144345658,353,2018-06-17,69.37340000000002,86.12130000000002,S2B_MSIL1C_20180617T062629_N0500_R077_T45WVS_20230715T004210,Sentinel-2B,353,Yenisey,183.959471073178,45.5774652051589,0.8025869448338785,"{""type"":""MultiPoint"",""coordinates"":[]}"
20180617T062629_20180617T062626_T45WVT_1,130.99999999999997,63.0,1961.0,353,1584.0,1193.0,957.9999999999999,856.0,762.0,738.0,608.0,609.0,149.0,2.8246,353,2018-06-17,69.37340000000002,86.12130000000002,S2B_MSIL1C_20180617T062629_N0206_R077_T45WVT_20180617T083057,Sentinel-2B,353,Yenisey,183.770245148,46.46912745,0.8023397733164097,"{""type"":""MultiPoint"",""coordinates"":[]}"
20180617T071621_20180617T071913_T41WPP_0,103.0,66.0,1339.0,350,975.9999999999998,678.0,548.0,514.0,399.0,381.0,304.0,317.0,90.0,4.901,350,2018-06-17,66.63000000000001,66.6,S2A_MSIL1C_20180617T071621_N0206_R006_T41WPP_20180617T092848,Sentinel-2A,350,Ob,175.244915836,42.8715793857,0.7381250336766243,"{""type"":""MultiPoint"",""coordinates"":[]}"
20180617T071621_20180617T071913_T41WPQ_0,103.0,66.0,1339.0000000000002,350,975.9999999999998,678.0,548.0,514.0,398.99999999999994,381.0,303.99999999999994,317.0,90.00000000000001,18.1454,350,2018-06-17,66.63000000000001,66.6,S2A_MSIL1C_20180617T071621_N0206_R006_T41WPQ_20180617T092848,Sentinel-2A,350,Ob,175.412014152,43.7614958874,0.7381250336766243,"{""type"":""MultiPoint"",""coordinates"":[]}"
20180618T032541_20180618T032536_T51WWQ_2,41.72118707738542,25.372729737056115,1150.0000000000002,347,794.579873883342,542.4662528067627,433.4088524825753,417.59876844883195,315.36427222794373,297.13793103448273,213.56712521337485,246.0169751396342,74.99999999999999,25.1153,347,2018-06-18,66.76905,123.39458,S2A_MSIL1C_20180618T032541_N0206_R018_T51WWQ_20180618T063153,Sentinel-2A,347,Lena,175.083030328,43.7829089405,0.8532167742361171,"{""type"":""MultiPoint"",""coordinates"":[]}"
20180619T034539_20180619T034725_T51WWQ_2,101.47939444911691,76.79527559055119,1107.0,346,809.3164237123418,565.2490712597097,469.2398652862668,445.5285642696066,345.4700613700448,337.89576663109216,257.3464761643083,289.3229316116691,86.99999999999999,14.4311,346,2018-06-19,66.76905,123.39458,S2B_MSIL1C_20180619T034539_N0206_R104_T51WWQ_20180619T063653,Sentinel-2B,346,Lena,181.62015605,43.7084586377,0.7007105242122303,"{""type"":""MultiPoint"",""coordinates"":[]}"
20180620T205021_20180620T205022_T08WNV_5,37.99999999999999,24.0,1367.0,348,1178.9999999999998,1099.0,1117.0,1079.0,826.0000000000001,842.0,613.0,696.0,84.00000000000001,0.0331,348,2018-06-20,67.45,-133.74,S2A_MSIL1C_20180620T205021_N0206_R057_T08WNV_20180621T001605,Sentinel-2A,348,Mackenzie,179.905258875,43.6853736387,0.9324195532142915,"{""type"":""MultiPoint"",""coordinates"":[]}"
20180621T010649_20180621T010646_T57WWS_3,19.0,9.000000000000002,1252.9999999999998,351,979.0000000000001,794.0,727.9999999999999,669.9999999999999,444.0,429.0,276.0,343.99999999999994,59.99999999999999,0.0325870866459633,351,2018-06-21,68.75,161.3,S2B_MSIL1C_20180621T010649_N0500_R131_T57WWS_20230715T204945,Sentinel-2B,351,Kolyma,175.967655025336,45.5181687384982,0.9534597039222718,"{""type"":""MultiPoint"",""coordinates"":[]}"
20180621T033541_20180621T033832_T51WWQ_2,33.812303829252976,20.429828999291715,1120.9999999999993,351,773.4416546532117,521.3192596446889,388.04350387901405,357.51069579955106,277.4250956806998,265.3673708062276,189.5220478325859,210.864609800363,62.0,5.5311,351,2018-06-21,66.76905,123.39458,S2A_MSIL1C_20180621T033541_N0206_R061_T51WWQ_20180621T062258,Sentinel-2A,351,Lena,178.174432562,43.6928952399,0.8734237419091525,"{""type"":""MultiPoint"",""coordinates"":[]}"
20180622T012701_20180622T012655_T57WWS_3,21.0,10.0,1235.0,351,982.0,811.9999999999998,748.0,683.9999999999999,455.0,444.0,293.0,355.0,60.0,1.59309026844636,351,2018-06-22,68.75,161.3,S2A_MSIL1C_20180622T012701_N0500_R074_T57WWS_20230826T124659,Sentinel-2A,351,Kolyma,182.319058654814,45.4925628821336,0.9503184730863253,"{""type"":""MultiPoint"",""coordinates"":[]}"
20180623T032539_20180623T032752_T51WWQ_2,37.42347954858806,21.577431948812496,1197.9999999999998,351,841.5181611326483,555.3215980078569,403.3534580252284,369.20333669241955,291.27527024779647,284.147347419376,195.17681433167067,226.57472556894254,65.0,3.39132252381379,351,2018-06-23,66.76905,123.39458,S2B_MSIL1C_20180623T032539_N0500_R018_T51WWQ_20230828T104611,Sentinel-2B,351,Lena,174.716661322009,43.7658777169411,0.8726965272582985,"{""type"":""MultiPoint"",""coordinates"":[]}"
20180624T034531_20180624T034534_T51WWQ_2,61.40355443856027,34.47572226268512,1171.0,351,837.4430397660269,571.8299170153912,428.08998899299314,394.8987086759799,339.51159245888476,322.9984989249057,251.67119722382873,266.82164888457805,76.99999999999999,0.1739,351,2018-06-24,66.76905,123.39458,S2A_MSIL1C_20180624T034531_N0206_R104_T51WWQ_20180624T053910,Sentinel-2A,351,Lena,181.268915984,43.7141472523,0.8068061790147976,"{""type"":""MultiPoint"",""coordinates"":[]}"
20180624T070621_20180624T070621_T41WPP_0,41.0,29.0,1151.0,350,789.0,512.0,378.0,351.0,253.0,231.00000000000003,168.0,188.00000000000003,69.0,0.436,350,2018-06-24,66.63000000000001,66.6,S2A_MSIL1C_20180624T070621_N0206_R106_T41WPP_20180624T091746,Sentinel-2A,350,Ob,171.378056591,42.9768878567,0.8528396421327039,"{""type"":""MultiPoint"",""coordinates"":[]}"
20180624T070621_20180624T070621_T41WPQ_0,40.99999999999999,29.0,1151.0,350,789.0,512.0,378.0,351.0,253.0,231.00000000000003,168.0,188.00000000000003,69.0,0.3844,350,2018-06-24,66.63000000000001,66.6,S2A_MSIL1C_20180624T070621_N0206_R106_T41WPQ_20180624T091746,Sentinel-2A,350,Ob,171.606378521,43.8581989136,0.8528396421327039,"{""type"":""MultiPoint"",""coordinates"":[]}"
20180624T221531_20180624T221553_T03VXJ_4,42.999999999999986,20.999999999999996,1314.0,342,1046.0,902.0,851.0000000000001,807.0,584.0,581.0000000000001,406.0,475.99999999999994,99.00000000000001,47.1495,342,2018-06-24,61.93,-162.88,S2A_MSIL1C_20180624T221531_N0206_R115_T03VXJ_20180625T014624,Sentinel-2A,342,Yukon,168.142608868,38.7105527191,0.9100237042251424,"{""type"":""MultiPoint"",""coordinates"":[]}"
20180625T072619_20180625T072614_T41WPP_0,50.99999999999999,26.999999999999996,1161.0,350,815.0,543.0,400.0,361.0,279.00000000000006,263.0,196.0,210.99999999999997,64.0,3.22834363522351,350,2018-06-25,66.63000000000001,66.6,S2B_MSIL1C_20180625T072619_N0500_R049_T41WPP_20230822T050338,Sentinel-2B,350,Ob,178.019304919869,42.8168330401624,0.8293402631036976,"{""type"":""MultiPoint"",""coordinates"":[]}"
20180625T072619_20180625T072614_T41WPQ_0,50.99999999999999,26.999999999999996,1161.0,350,815.0,543.0,400.0,361.0,279.00000000000006,263.0,196.0,210.99999999999997,64.0,2.91412105467467,350,2018-06-25,66.63000000000001,66.6,S2B_MSIL1C_20180625T072619_N0500_R049_T41WPQ_20230822T050338,Sentinel-2B,350,Ob,178.142192190204,43.7104768671185,0.829325533298485,"{""type"":""MultiPoint"",""coordinates"":[]}"
20180625T223529_20180625T223530_T03VXJ_4,805.0,639.0,1634.0,46,1376.0,1193.0,1093.0,1120.0,1253.0,1349.0,1301.0,1266.0,404.0,3.4561,46,2018-06-25,61.93,-162.88,S2B_MSIL1C_20180625T223529_N0206_R058_T03VXJ_20180626T002720,Sentinel-2B,46,Yukon,175.378248948,38.4040680107,0.19792746007442474,"{""type"":""MultiPoint"",""coordinates"":[]}"
20180627T071621_20180627T071646_T41WPP_0,25.00000000000001,15.0,1076.9999999999995,350,729.0,463.99999999999994,327.0,296.0,207.99999999999997,188.00000000000003,131.0,152.0,52.00000000000001,13.0079,350,2018-06-27,66.63000000000001,66.6,S2A_MSIL1C_20180627T071621_N0206_R006_T41WPP_20180627T092840,Sentinel-2A,350,Ob,174.530129196,42.9516662579,0.8992339372634888,"{""type"":""MultiPoint"",""coordinates"":[]}"
20180627T071621_20180627T071646_T41WPQ_0,25.00000000000001,15.0,1077.0,350,729.0000000000001,463.99999999999994,327.0,296.0,207.99999999999997,188.00000000000003,131.0,152.00000000000003,51.999999999999986,0.011,350,2018-06-27,66.63000000000001,66.6,S2A_MSIL1C_20180627T071621_N0206_R006_T41WPQ_20180627T092840,Sentinel-2A,350,Ob,174.708529176,43.8402739748,0.8992745041847229,"{""type"":""MultiPoint"",""coordinates"":[]}"
20180628T032541_20180628T032537_T51WWQ_2,65.39139023227303,45.23674133137492,1118.9999999999998,351,771.2663445941179,523.6553442723507,387.64874521480215,355.276955262311,275.8495950472798,259.1103083608188,187.66783791183718,211.57812339066837,61.99999999999999,0.0,351,2018-06-28,66.76905,123.39458,S2A_MSIL1C_20180628T032541_N0206_R018_T51WWQ_20180628T051821,Sentinel-2A,351,Lena,174.387102548,43.9204093059,0.7795980301317433,"{""type"":""MultiPoint"",""coordinates"":[]}"
20180629T034539_20180629T034732_T51WWQ_2,181.45431777198962,105.57650695517773,1495.0,351,1204.524170737979,933.2932586820007,737.5116647225464,741.8424286893516,781.5530630630632,777.410530883842,669.4243867828907,685.822199488491,294.0,3.5705,351,2018-06-29,66.76905,123.39458,S2B_MSIL1C_20180629T034539_N0206_R104_T51WWQ_20180629T064611,Sentinel-2B,351,Lena,180.915465418,43.8922094628,0.6741457427523683,"{""type"":""MultiPoint"",""coordinates"":[]}"
20180629T070619_20180629T070620_T41WPP_0,33.99999999999999,19.0,1184.0,350,806.0000000000001,517.0,363.0,331.99999999999994,248.00000000000006,229.00000000000003,162.00000000000003,186.0,64.0,17.3166,350,2018-06-29,66.63000000000001,66.6,S2B_MSIL1C_20180629T070619_N0206_R106_T41WPP_20180629T091006,Sentinel-2B,350,Ob,171.041624511,43.177601518,0.8752853209713857,"{""type"":""MultiPoint"",""coordinates"":[]}"
20180629T070619_20180629T070620_T41WPQ_0,33.99999999999999,19.0,1184.0,350,806.0000000000001,517.0,363.0,331.99999999999994,248.00000000000006,229.00000000000003,162.00000000000003,186.0,64.0,4.269,350,2018-06-29,66.63000000000001,66.6,S2B_MSIL1C_20180629T070619_N0206_R106_T41WPQ_20180629T091006,Sentinel-2B,350,Ob,171.274211132,44.0579659496,0.8752853209713857,"{""type"":""MultiPoint"",""coordinates"":[]}"
20180630T072621_20180630T072927_T41WPP_0,176.0,130.0,1171.0,350,860.0,598.9999999999999,472.0,447.0,385.99999999999994,379.0,324.00000000000006,335.0,115.00000000000001,0.0515691719669145,350,2018-06-30,66.63000000000001,66.6,S2A_MSIL1C_20180630T072621_N0500_R049_T41WPP_20230827T012407,Sentinel-2A,350,Ob,177.690410404861,43.039945593997,0.5481675267219543,"{""type"":""MultiPoint"",""coordinates"":[]}"
20180630T072621_20180630T072927_T41WPQ_0,174.99999999999997,129.0,1171.0,350,861.0000000000001,600.0,473.0,448.0,387.0,379.0,320.99999999999994,335.0,115.00000000000004,11.0272,350,2018-06-30,66.63000000000001,66.6,S2A_MSIL1C_20180630T072621_N0206_R049_T41WPQ_20180630T093436,Sentinel-2A,350,Ob,177.818639333,43.9331459627,0.5479551255702972,"{""type"":""MultiPoint"",""coordinates"":[]}"
20180630T205021_20180630T205441_T08WNV_5,162.04593929450368,145.33398821218074,1504.0,301,1272.1739427012278,1172.4,1184.6666666666667,1147.0,858.0,881.4285714285714,649.125,731.7865956253505,167.0,29.7928,301,2018-06-30,67.45,-133.74,S2A_MSIL1C_20180630T205021_N0206_R057_T08WNV_20180701T002610,Sentinel-2A,301,Mackenzie,179.219905699,43.9926310849,0.7607861384093236,"{""type"":""MultiPoint"",""coordinates"":[]}"
20180701T033541_20180701T033710_T51WWQ_2,90.41598694942903,71.0,1324.0000000000002,351,930.0,652.5018273826258,484.14588760699667,442.4166666666667,386.31751976695796,378.3333333333333,302.6666666666667,296.6,122.0,27.7264,351,2018-07-01,66.76905,123.39458,S2A_MSIL1C_20180701T033541_N0206_R061_T51WWQ_20180701T062400,Sentinel-2A,351,Lena,177.497650984,44.0252889523,0.756517993573363,"{""type"":""MultiPoint"",""coordinates"":[]}"
20180701T060629_20180701T060641_T44WPC_1,32.99999999999999,14.999999999999993,1113.0,346,756.0,461.00000000000006,273.0,238.00000000000003,214.00000000000003,206.00000000000006,142.99999999999997,157.0,53.999999999999986,13.2265,346,2018-07-01,69.37340000000002,86.12130000000002,S2B_MSIL1C_20180701T060629_N0206_R134_T44WPC_20180701T080649,Sentinel-2B,346,Yenisey,175.515669073,46.7141483278,0.8660702994115631,"{""type"":""MultiPoint"",""coordinates"":[]}"
20180701T060629_20180701T060641_T45WVS_1,33.00000000000001,14.999999999999998,1113.0000000000002,353,755.9999999999999,460.99999999999994,272.99999999999994,238.00000000000006,213.99999999999994,206.0,142.99999999999997,157.0,55.00000000000001,0.3648,353,2018-07-01,69.37340000000002,86.12130000000002,S2B_MSIL1C_20180701T060629_N0206_R134_T45WVS_20180701T080649,Sentinel-2B,353,Yenisey,176.614867841,45.8398470805,0.8666529457267402,"{""type"":""MultiPoint"",""coordinates"":[]}"
20180701T060629_20180701T060641_T45WVT_1,33.00000000000001,14.999999999999998,1113.0000000000002,353,755.9999999999999,460.99999999999994,272.9999999999999,238.00000000000006,213.99999999999994,205.99999999999997,142.99999999999994,157.0,54.00000000000001,14.141,353,2018-07-01,69.37340000000002,86.12130000000002,S2B_MSIL1C_20180701T060629_N0206_R134_T45WVT_20180701T080649,Sentinel-2B,353,Yenisey,176.532129846,46.7367049414,0.8666503658695264,"{""type"":""MultiPoint"",""coordinates"":[]}"
20180702T071619_20180702T071724_T41WPP_0,34.00000000000001,19.000000000000004,1104.0,350,751.0,484.00000000000006,344.0,320.0,235.0,215.0,151.0,175.0,62.0,10.0536,350,2018-07-02,66.63000000000001,66.6,S2B_MSIL1C_20180702T071619_N0206_R006_T41WPP_20180702T092745,Sentinel-2B,350,Ob,174.207449546,43.2484862593,0.8664702028036118,"{""type"":""MultiPoint"",""coordinates"":[]}"
20180702T071619_20180702T071724_T41WPQ_0,34.00000000000001,19.000000000000004,1103.9999999999998,350,751.0,484.00000000000006,344.0,319.99999999999994,235.0,215.0,150.99999999999997,175.0,62.0,23.4386,350,2018-07-02,66.63000000000001,66.6,S2B_MSIL1C_20180702T071619_N0206_R006_T41WPQ_20180702T092745,Sentinel-2B,350,Ob,174.389889012,44.1364554103,0.8664702028036118,"{""type"":""MultiPoint"",""coordinates"":[]}"
20180702T204019_20180702T204307_T08WNV_5,63.00000000000001,43.0,1439.9999999999995,348,1177.9999999999998,1032.9999999999998,1012.0,973.0,788.0,808.9999999999999,614.0,674.0,97.0,48.4675,348,2018-07-02,67.45,-133.74,S2B_MSIL1C_20180702T204019_N0206_R014_T08WNV_20180703T000521,Sentinel-2B,348,Mackenzie,175.793279838,44.1786719867,0.8864130529382283,"{""type"":""MultiPoint"",""coordinates"":[]}"
20180704T011649_20180704T011651_T57WWS_3,55.0,23.99999999999999,1387.0,351,1079.0,883.0,747.0,653.0,470.00000000000006,456.99999999999994,330.0,362.0,85.0,5.4934,351,2018-07-04,68.75,161.3,S2B_MSIL1C_20180704T011649_N0206_R031_T57WWS_20180704T030030,Sentinel-2B,351,Kolyma,178.336086372,46.0310671172,0.8836802045504252,"{""type"":""MultiPoint"",""coordinates"":[]}"
20180704T034541_20180704T034535_T51WWQ_2,166.99999999999997,97.00000000000001,1497.0,351,1139.0,831.0,632.0,581.0,585.0,584.0000000000001,505.0,483.0,107.0,5.4209,351,2018-07-04,66.76905,123.39458,S2A_MSIL1C_20180704T034541_N0206_R104_T51WWQ_20180704T072325,Sentinel-2A,351,Lena,180.608866199,44.2405065058,0.6659232027825271,"{""type"":""MultiPoint"",""coordinates"":[]}"
20180704T070731_20180704T071042_T41WPP_0,26.000000000000004,16.0,1118.0,350,753.0000000000001,482.0,335.0,316.0,225.00000000000003,205.0,144.0,164.00000000000003,61.0,0.0,350,2018-07-04,66.63000000000001,66.6,S2A_MSIL1C_20180704T070731_N0206_R106_T41WPP_20180704T105305,Sentinel-2A,350,Ob,170.771331436,43.5455548132,0.8990682512521744,"{""type"":""MultiPoint"",""coordinates"":[]}"
20180705T223529_20180705T223530_T03VXJ_4,138.0,106.0,1266.0000000000002,342,1088.0,1043.0,1044.0,982.0,762.0,786.0,588.0,631.0,96.00000000000003,0.0,342,2018-07-05,61.93,-162.88,S2B_MSIL1C_20180705T223529_N0206_R058_T03VXJ_20180706T002516,Sentinel-2B,342,Yukon,174.717954955,39.0730944127,0.766823545636901,"{""type"":""MultiPoint"",""coordinates"":[]}"
20180706T010651_20180706T010649_T57WWS_3,81.99999999999999,34.0,1437.0,351,1145.0000000000002,941.9999999999998,788.9999999999999,725.0000000000001,572.0,559.9999999999999,424.00000000000006,462.00000000000006,151.0,0.0,351,2018-07-06,68.75,161.3,S2A_MSIL1C_20180706T010651_N0206_R131_T57WWS_20180706T025738,Sentinel-2A,351,Kolyma,175.05367464,46.2688156615,0.8404307439923286,"{""type"":""MultiPoint"",""coordinates"":[]}"
20180706T060631_20180706T060632_T44WPC_1,49.0,30.0,1114.0,346,744.9999999999999,459.0,276.0,247.99999999999997,234.00000000000006,217.00000000000003,174.0,184.0,76.00000000000001,6.8018,346,2018-07-06,69.37340000000002,86.12130000000002,S2A_MSIL1C_20180706T060631_N0206_R134_T44WPC_20180706T080835,Sentinel-2A,346,Yenisey,175.258991673,47.1395959854,0.8070069816768728,"{""type"":""MultiPoint"",""coordinates"":[]}"
20180706T060631_20180706T060632_T45WVS_1,49.0,30.0,1112.0,353,744.0,459.0,276.0,248.0,235.00000000000003,217.0,174.0,183.99999999999997,76.99999999999999,12.0386,353,2018-07-06,69.37340000000002,86.12130000000002,S2A_MSIL1C_20180706T060631_N0206_R134_T45WVS_20180706T080835,Sentinel-2A,353,Yenisey,176.350783293,46.264121965,0.8081423131431021,"{""type"":""MultiPoint"",""coordinates"":[]}"
20180706T060631_20180706T060632_T45WVT_1,49.0,30.0,1111.9999999999998,353,744.0,459.0,276.0,248.0,235.00000000000003,218.00000000000003,174.0,183.99999999999997,76.0,8.5866,353,2018-07-06,69.37340000000002,86.12130000000002,S2A_MSIL1C_20180706T060631_N0206_R134_T45WVT_20180706T080835,Sentinel-2A,353,Yenisey,176.271664616,47.1608897958,0.8081423131431021,"{""type"":""MultiPoint"",""coordinates"":[]}"
20180707T062629_20180707T062713_T44WPC_1,19.0,12.000000000000002,1067.0,346,734.0,448.0,263.0,227.00000000000003,198.99999999999997,183.99999999999997,134.00000000000003,145.0,56.99999999999999,10.8956,346,2018-07-07,69.37340000000002,86.12130000000002,S2B_MSIL1C_20180707T062629_N0206_R077_T44WPC_20180707T083218,Sentinel-2B,346,Yenisey,181.475806381,47.1962067497,0.9191282402951751,"{""type"":""MultiPoint"",""coordinates"":[]}"
20180707T062629_20180707T062713_T45WVS_1,18.999999999999993,11.0,1067.0,353,734.0,448.0,263.0,227.00000000000009,198.99999999999994,183.99999999999991,133.99999999999997,145.0,57.000000000000014,28.5654,353,2018-07-07,69.37340000000002,86.12130000000002,S2B_MSIL1C_20180707T062629_N0206_R077_T45WVS_20180707T083218,Sentinel-2B,353,Yenisey,182.650663442,46.3539167977,0.9191322022296011,"{""type"":""MultiPoint"",""coordinates"":[]}"
20180707T062629_20180707T062713_T45WVT_1,18.999999999999993,11.0,1067.0,353,733.9999999999999,448.0,263.0,227.00000000000009,198.9999999999999,184.0,134.0,145.0,57.00000000000001,6.4449,353,2018-07-07,69.37340000000002,86.12130000000002,S2B_MSIL1C_20180707T062629_N0206_R077_T45WVT_20180707T083218,Sentinel-2B,353,Yenisey,182.482523021,47.2476286312,0.9191322022296011,"{""type"":""MultiPoint"",""coordinates"":[]}"
20180709T011651_20180709T011654_T57WWS_3,596.5208823529412,554.1029023746702,1874.9999999999998,347,1626.0,1466.0,1389.0,1320.0,1198.229274611399,1238.1666666666667,1154.0,1120.475155279503,500.0,29.0925,347,2018-07-09,68.75,161.3,S2A_MSIL1C_20180709T011651_N0206_R031_T57WWS_20180709T031030,Sentinel-2A,347,Kolyma,178.091609847,46.5451762513,0.4234012764662945,"{""type"":""MultiPoint"",""coordinates"":[]}"
20180709T070619_20180709T070619_T41WPP_0,50.0,37.0,1306.0,11,901.0,571.0,399.0,363.0,283.0,268.0,189.0,217.0,67.0,48.8344,11,2018-07-09,66.63000000000001,66.6,S2B_MSIL1C_20180709T070619_N0206_R106_T41WPP_20180709T091612,Sentinel-2B,11,Ob,170.539275436,44.0782601257,0.8406503796577454,"{""type"":""MultiPoint"",""coordinates"":[]}"
20180709T070619_20180709T070619_T41WPQ_0,49.0,36.0,1306.0,36,901.0,578.0,404.0,367.0,283.0,269.0,189.0,217.0,66.0,12.8817,36,2018-07-09,66.63000000000001,66.6,S2B_MSIL1C_20180709T070619_N0206_R106_T41WPQ_20180709T091612,Sentinel-2B,36,Ob,170.774350398,44.9571506661,0.8419354557991028,"{""type"":""MultiPoint"",""coordinates"":[]}"
20180710T072621_20180710T072616_T41WPQ_0,329.0,272.0,1372.0,41,1051.0,786.0,662.0,663.0,625.0,630.0,567.0,584.0,314.0,16.6282,41,2018-07-10,66.63000000000001,66.6,S2A_MSIL1C_20180710T072621_N0206_R049_T41WPQ_20180710T085441,Sentinel-2A,41,Ob,177.279092175,44.8812443218,0.4066726863384247,"{""type"":""MultiPoint"",""coordinates"":[]}"
20180711T060629_20180711T060630_T44WPC_1,31.000000000000004,14.000000000000002,1158.9999999999998,346,789.0,486.99999999999994,290.00000000000006,250.00000000000006,218.00000000000003,203.00000000000006,143.0,159.99999999999997,54.999999999999986,5.6144,346,2018-07-11,69.37340000000002,86.12130000000002,S2B_MSIL1C_20180711T060629_N0206_R134_T44WPC_20180711T080627,Sentinel-2B,346,Yenisey,175.032833014,47.7286905923,0.8806044073873155,"{""type"":""MultiPoint"",""coordinates"":[]}"
20180711T060629_20180711T060630_T45WVS_1,30.999999999999993,14.0,1159.0,353,788.9999999999999,487.0,289.99999999999994,250.00000000000009,218.0,203.0,143.0,160.0,54.99999999999998,17.0408,353,2018-07-11,69.37340000000002,86.12130000000002,S2B_MSIL1C_20180711T060629_N0206_R134_T45WVS_20180711T080627,Sentinel-2B,353,Yenisey,176.116386479,46.8521961368,0.8806176383475789,"{""type"":""MultiPoint"",""coordinates"":[]}"
20180711T060629_20180711T060630_T45WVT_1,30.999999999999993,14.0,1159.0,353,788.9999999999999,487.0,289.99999999999994,250.00000000000009,217.99999999999997,202.99999999999997,142.99999999999997,160.00000000000006,55.0,18.3599,353,2018-07-11,69.37340000000002,86.12130000000002,S2B_MSIL1C_20180711T060629_N0206_R134_T45WVT_20180711T080627,Sentinel-2B,353,Yenisey,176.040281628,47.7488668617,0.8806176383475789,"{""type"":""MultiPoint"",""coordinates"":[]}"
20180712T012701_20180712T012656_T57WWS_3,158.0,183.99999999999997,1217.0,351,973.0,820.0,711.0,642.0,469.00000000000006,452.0000000000001,361.00000000000006,402.0,152.0,7.8556,351,2018-07-12,68.75,161.3,S2A_MSIL1C_20180712T012701_N0206_R074_T57WWS_20180712T031818,Sentinel-2A,351,Kolyma,181.128289641,46.9250721564,0.6759768128395081,"{""type"":""MultiPoint"",""coordinates"":[]}"
20180712T071619_20180712T071615_T41WPP_0,22.0,10.0,1088.0000000000002,350,736.0,477.0,334.0,312.0,226.0,209.0,140.00000000000003,163.99999999999997,46.999999999999986,9.609,350,2018-07-12,66.63000000000001,66.6,S2B_MSIL1C_20180712T071619_N0206_R006_T41WPP_20180712T092926,Sentinel-2B,350,Ob,173.741709664,44.3360774196,0.9128339963038984,"{""type"":""MultiPoint"",""coordinates"":[]}"
20180712T071619_20180712T071615_T41WPQ_0,22.0,10.0,1088.0000000000002,350,736.0,477.0,334.0,312.0,226.0,208.99999999999997,140.00000000000003,163.99999999999997,47.99999999999999,0.1545,350,2018-07-12,66.63000000000001,66.6,S2B_MSIL1C_20180712T071619_N0206_R006_T41WPQ_20180712T092926,Sentinel-2B,350,Ob,173.926874022,45.2230725752,0.9128339963038984,"{""type"":""MultiPoint"",""coordinates"":[]}"
20180714T070621_20180714T070926_T41WPP_0,144.00000000000003,149.0,1263.0,350,887.0,614.0,457.99999999999994,453.00000000000006,403.99999999999994,398.0,341.0,343.0,171.0,22.6631,350,2018-07-14,66.63000000000001,66.6,S2A_MSIL1C_20180714T070621_N0206_R106_T41WPP_20180714T091439,Sentinel-2A,350,Ob,170.405924808,44.7673084059,0.6194926898998137,"{""type"":""MultiPoint"",""coordinates"":[]}"
20180714T070621_20180714T070926_T41WPQ_0,144.00000000000003,149.0,1263.0,350,887.0,614.0,457.99999999999994,453.0,403.99999999999994,398.0,341.0,343.0,171.0,19.581,350,2018-07-14,66.63000000000001,66.6,S2A_MSIL1C_20180714T070621_N0206_R106_T41WPQ_20180714T091439,Sentinel-2A,350,Ob,170.638904961,45.6457898679,0.6206267921097556,"{""type"":""MultiPoint"",""coordinates"":[]}"
20180714T202851_20180714T202845_T08WNV_5,46.99999999999999,72.0,1389.0,348,1135.0,1017.9999999999999,1043.9999999999998,1040.0,910.9999999999998,948.0,773.0,810.0,108.0,1.5051,348,2018-07-14,67.45,-133.74,S2A_MSIL1C_20180714T202851_N0206_R114_T08WNV_20180715T001050,Sentinel-2A,348,Mackenzie,172.040124463,45.7033624673,0.9113702921278448,"{""type"":""MultiPoint"",""coordinates"":[]}"
20180715T072619_20180715T072613_T41WPP_0,68.0,43.0,1125.9999999999998,350,786.0,528.9999999999999,381.0,355.0,289.99999999999994,278.0,214.00000000000003,224.00000000000006,71.99999999999999,26.9758,350,2018-07-15,66.63000000000001,66.6,S2B_MSIL1C_20180715T072619_N0206_R049_T41WPP_20180715T093153,Sentinel-2B,350,Ob,176.947722409,44.7041431912,0.7720456719398499,"{""type"":""MultiPoint"",""coordinates"":[]}"
20180715T072619_20180715T072613_T41WPQ_0,68.0,43.0,1126.0,350,786.0,528.9999999999999,381.0,355.0,289.99999999999994,278.0,213.99999999999997,224.00000000000006,72.0,6.9754,350,2018-07-15,66.63000000000001,66.6,S2B_MSIL1C_20180715T072619_N0206_R049_T41WPQ_20180715T093153,Sentinel-2B,350,Ob,177.083305829,45.5965532297,0.7720456719398499,"{""type"":""MultiPoint"",""coordinates"":[]}"
20180715T205019_20180715T205124_T08WNV_5,45.999999999999986,25.0,1326.0,348,1097.9999999999998,992.0,1015.9999999999999,987.0,824.0000000000001,861.0,664.0,714.0,92.0,18.2022,348,2018-07-15,67.45,-133.74,S2B_MSIL1C_20180715T205019_N0206_R057_T08WNV_20180716T001614,Sentinel-2B,348,Mackenzie,178.478508173,45.7047197085,0.9110394318898519,"{""type"":""MultiPoint"",""coordinates"":[]}"
20180716T010651_20180716T010649_T57WWS_3,73.00000000000001,84.00000000000001,1609.0,286,1267.9999999999998,1015.0,794.0,690.0,527.0,501.00000000000006,381.0,414.00000000000006,138.0,39.735,286,2018-07-16,68.75,161.3,S2A_MSIL1C_20180716T010651_N0206_R131_T57WWS_20180716T025727,Sentinel-2A,286,Kolyma,174.686576885,47.5907990918,0.8654159045075144,"{""type"":""MultiPoint"",""coordinates"":[]}"
20180718T032711_20180718T032711_T51WWQ_2,103.00000000000001,101.99999999999999,1165.0,351,848.9999999999999,658.0,504.00000000000006,460.0,321.0,303.0,223.0,261.00000000000006,100.00000000000003,0.1737,351,2018-07-18,66.76905,123.39458,S2A_MSIL1C_20180718T032711_N0206_R018_T51WWQ_20180718T080443,Sentinel-2A,351,Lena,173.541037643,46.1900710734,0.7278285285872872,"{""type"":""MultiPoint"",""coordinates"":[]}"
20180719T034529_20180719T034532_T51WWQ_2,239.0,148.0,1909.0,61,1576.0,1243.0,1007.0,908.0,813.0,799.0,676.0,679.0,162.0,0.8796,61,2018-07-19,66.76905,123.39458,S2B_MSIL1C_20180719T034529_N0206_R104_T51WWQ_20180719T062950,Sentinel-2B,61,Lena,179.952514925,46.2612093763,0.6758946776390076,"{""type"":""MultiPoint"",""coordinates"":[]}"
20180720T072621_20180720T072616_T41WPP_0,50.0,52.0,1107.0,350,760.0000000000002,494.99999999999994,349.00000000000006,321.0,241.00000000000003,227.0,156.99999999999997,182.0,59.99999999999999,23.3846,350,2018-07-20,66.63000000000001,66.6,S2A_MSIL1C_20180720T072621_N0206_R049_T41WPP_20180720T085901,Sentinel-2A,350,Ob,176.857917402,45.5705742836,0.8156473725106557,"{""type"":""MultiPoint"",""coordinates"":[]}"
20180720T072621_20180720T072616_T41WPQ_0,50.0,52.0,1107.0000000000002,350,760.0000000000001,494.99999999999994,349.00000000000006,321.0,241.00000000000003,226.99999999999997,157.0,182.0,61.00000000000001,1.6294,350,2018-07-20,66.63000000000001,66.6,S2A_MSIL1C_20180720T072621_N0206_R049_T41WPQ_20180720T085901,Sentinel-2A,350,Ob,176.99266507,46.4628630298,0.8156473725106557,"{""type"":""MultiPoint"",""coordinates"":[]}"
20180721T010649_20180721T010646_T57WWS_3,17.999999999999996,8.0,1116.9999999999998,351,822.9999999999999,619.0,417.9999999999999,351.99999999999994,234.00000000000009,214.00000000000003,140.0,162.99999999999997,58.0,0.0022,351,2018-07-21,68.75,161.3,S2B_MSIL1C_20180721T010649_N0206_R131_T57WWS_20180721T023624,Sentinel-2B,351,Kolyma,174.596504286,48.4802058385,0.9431724945704142,"{""type"":""MultiPoint"",""coordinates"":[]}"
20180721T033541_20180721T033648_T51WWQ_2,146.0,149.0,1260.9999999999998,351,948.0000000000001,745.0,608.0,571.0,447.0000000000001,432.0,349.99999999999994,371.0,127.0,22.7372,351,2018-07-21,66.76905,123.39458,S2A_MSIL1C_20180721T033541_N0206_R061_T51WWQ_20180721T063538,Sentinel-2A,351,Lena,176.721991219,46.6617132257,0.672147408142553,"{""type"":""MultiPoint"",""coordinates"":[]}"
20180722T071619_20180722T072019_T41WPQ_0,216.0,118.0,1302.0,9,1031.0,760.0,567.0,519.0,483.0,465.0,398.0,546.0,173.0,29.7725,9,2018-07-22,66.63000000000001,66.6,S2B_MSIL1C_20180722T071619_N0206_R006_T41WPQ_20180722T092930,Sentinel-2B,9,Ob,173.754016085,46.9275722768,0.5506792068481445,"{""type"":""MultiPoint"",""coordinates"":[]}"
20180722T204019_20180722T204443_T08WNV_5,57.99999999999999,29.999999999999993,1351.0,348,1084.0,933.0,862.0,812.0000000000001,619.0,633.0,455.99999999999994,510.0,92.00000000000003,0.3633,348,2018-07-22,67.45,-133.74,S2B_MSIL1C_20180722T204019_N0206_R014_T08WNV_20180723T000502,Sentinel-2B,348,Mackenzie,175.148250942,47.0339417549,0.8830337183816093,"{""type"":""MultiPoint"",""coordinates"":[]}"
20180724T070621_20180724T070622_T41WPP_0,40.0,69.0,1272.0,350,882.0000000000002,579.9999999999999,403.00000000000006,375.00000000000006,304.0,283.99999999999994,214.00000000000003,225.99999999999997,68.00000000000001,2.0762,350,2018-07-24,66.63000000000001,66.6,S2A_MSIL1C_20180724T070621_N0206_R106_T41WPP_20180724T092013,Sentinel-2A,350,Ob,170.371221564,46.5887948088,0.8698480923970541,"{""type"":""MultiPoint"",""coordinates"":[]}"
20180724T070621_20180724T070622_T41WPQ_0,40.99999999999999,69.0,1272.0,350,882.0000000000002,579.9999999999999,403.00000000000006,375.00000000000006,304.0,283.99999999999994,214.00000000000003,225.99999999999997,68.00000000000001,2.4425,350,2018-07-24,66.63000000000001,66.6,S2A_MSIL1C_20180724T070621_N0206_R106_T41WPQ_20180724T092013,Sentinel-2A,350,Ob,170.59414952,47.4671468929,0.8698127865791321,"{""type"":""MultiPoint"",""coordinates"":[]}"
20180724T202851_20180724T203605_T08WNV_5,83.0,89.0,1537.9999999999998,348,1233.0,1051.0,941.0,879.9999999999999,698.9999999999999,717.0,539.0,574.0,94.0,0.0444,348,2018-07-24,67.45,-133.74,S2A_MSIL1C_20180724T202851_N0206_R114_T08WNV_20180724T235703,Sentinel-2A,348,Mackenzie,171.989171901,47.5561098496,0.8527061939239502,"{""type"":""MultiPoint"",""coordinates"":[]}"
20180725T072609_20180725T072612_T41WPP_0,638.0,497.00000000000006,1381.0,84,1066.0,821.0,669.0,668.0,719.0,770.0,761.0,788.6666666666666,287.0,16.7635,84,2018-07-25,66.63000000000001,66.6,S2B_MSIL1C_20180725T072609_N0206_R049_T41WPP_20180725T094252,Sentinel-2B,84,Ob,176.818188529,46.5806722643,0.11889488960974094,"{""type"":""MultiPoint"",""coordinates"":[]}"
20180725T072609_20180725T072612_T41WPQ_0,638.0,497.00000000000006,1381.0,84,1066.0,822.0,669.0,668.0,719.0,770.0,761.0,786.5,287.0,17.9213,84,2018-07-25,66.63000000000001,66.6,S2B_MSIL1C_20180725T072609_N0206_R049_T41WPQ_20180725T094252,Sentinel-2B,84,Ob,176.951019799,47.4729032124,0.11876427754759789,"{""type"":""MultiPoint"",""coordinates"":[]}"
20180726T033529_20180726T033532_T51WWQ_2,70.0,38.99999999999999,1235.0,351,905.9999999999999,680.0000000000001,544.0,513.0,406.0,403.0,304.0,325.99999999999994,87.00000000000001,5.4915,351,2018-07-26,66.76905,123.39458,S2B_MSIL1C_20180726T033529_N0206_R061_T51WWQ_20180726T061109,Sentinel-2B,351,Lena,176.696648372,47.6949566257,0.8121486902236938,"{""type"":""MultiPoint"",""coordinates"":[]}"
20180727T071621_20180727T071939_T41WPP_0,146.0,141.0,1696.0,170,1260.0,896.0,678.0,623.0,545.0,539.0,431.0,443.0,130.0,14.2347,170,2018-07-27,66.63000000000001,66.6,S2A_MSIL1C_20180727T071621_N0206_R006_T41WPP_20180727T092607,Sentinel-2A,170,Ob,173.638681847,47.1041738623,0.7206595540046692,"{""type"":""MultiPoint"",""coordinates"":[]}"
20180727T071621_20180727T071939_T41WPQ_0,149.75,144.625,1696.0,194,1261.230283911672,898.666231221424,680.5965770171149,625.5972104818259,550.1,541.298197492163,437.3157894736842,445.308533916849,131.0,19.9404,194,2018-07-27,66.63000000000001,66.6,S2A_MSIL1C_20180727T071621_N0206_R006_T41WPQ_20180727T092607,Sentinel-2A,194,Ob,173.813972968,47.9909230516,0.7172115699064522,"{""type"":""MultiPoint"",""coordinates"":[]}"
20180728T032541_20180728T032537_T51WWQ_2,236.0,171.99999999999997,1671.0000000000002,351,1335.9999999999998,1060.0,899.9999999999999,856.0,790.0,783.0,674.0,677.9999999999999,202.0,28.5829,351,2018-07-28,66.76905,123.39458,S2A_MSIL1C_20180728T032541_N0206_R018_T51WWQ_20180728T052022,Sentinel-2A,351,Lena,173.574149493,48.225736996,0.6350746152465909,"{""type"":""MultiPoint"",""coordinates"":[]}"
20180729T034529_20180729T034531_T51WWQ_2,71.0,51.00000000000001,1103.0000000000002,351,811.0,601.0000000000001,498.0000000000001,466.99999999999994,335.0,328.0,239.00000000000003,270.0,80.99999999999999,10.4232,351,2018-07-29,66.76905,123.39458,S2B_MSIL1C_20180729T034529_N0206_R104_T51WWQ_20180729T064539,Sentinel-2B,351,Lena,179.886700999,48.3520005837,0.7895561204095591,"{""type"":""MultiPoint"",""coordinates"":[]}"
20180730T205021_20180730T205021_T08WNV_5,166.0,142.0,1352.0000000000002,348,1119.9999999999998,995.0,883.0,794.0,559.0,569.0,431.00000000000006,472.9999999999999,142.0,11.7301,348,2018-07-30,67.45,-133.74,S2A_MSIL1C_20180730T205021_N0206_R057_T08WNV_20180731T002411,Sentinel-2A,348,Mackenzie,178.408940464,48.7707575768,0.7147344708442688,"{""type"":""MultiPoint"",""coordinates"":[]}"
20180801T012701_20180801T012655_T57WWS_3,47.0,27.000000000000004,1214.0,208,914.0,713.0,498.0,408.0,296.0,278.0,206.00000000000003,219.0,58.0,7.4397,208,2018-08-01,68.75,161.3,S2A_MSIL1C_20180801T012701_N0206_R074_T57WWS_20180801T032139,Sentinel-2A,208,Kolyma,180.849348325,50.8537229438,0.877729879393628,"{""type"":""MultiPoint"",""coordinates"":[]}"
20180802T032539_20180802T032533_T51WWQ_2,287.0,123.99999999999999,2344.0,351,1954.0000000000005,1544.0000000000002,1268.0,1183.0,1195.0,1206.0,1044.0,1012.0000000000001,215.99999999999997,2.7258,351,2018-08-02,66.76905,123.39458,S2B_MSIL1C_20180802T032539_N0206_R018_T51WWQ_20180802T060521,Sentinel-2B,351,Lena,173.696672203,49.4401078464,0.6858982128609153,"{""type"":""MultiPoint"",""coordinates"":[]}"
20180803T011649_20180803T011649_T57WWS_3,22.0,10.999999999999996,1246.0,351,990.0,866.0000000000001,738.0000000000001,631.0,361.0,355.0,223.00000000000003,270.0,52.0,13.1332,351,2018-08-03,68.75,161.3,S2B_MSIL1C_20180803T011649_N0206_R031_T57WWS_20180803T025418,Sentinel-2B,351,Kolyma,177.824785156,51.3731347823,0.9503101246463475,"{""type"":""MultiPoint"",""coordinates"":[]}"
20180803T034541_20180803T034535_T51WWQ_2,251.0,114.0,2209.0,351,1848.9999999999993,1461.0,1216.9999999999998,1135.0,1107.0,1086.0,941.9999999999999,921.0,232.0,1.3138,351,2018-08-03,66.76905,123.39458,S2A_MSIL1C_20180803T034541_N0206_R104_T51WWQ_20180803T065700,Sentinel-2A,351,Lena,179.992206358,49.594575866,0.7071088041578021,"{""type"":""MultiPoint"",""coordinates"":[]}"
20180805T010651_20180805T010648_T57WWS_3,38.99999999999999,21.999999999999996,1267.0,351,1025.0,897.0000000000001,807.0,721.0,435.99999999999994,423.0,276.0,339.0,67.99999999999999,0.04,351,2018-08-05,68.75,161.3,S2A_MSIL1C_20180805T010651_N0206_R131_T57WWS_20180805T030007,Sentinel-2A,351,Kolyma,174.878492828,51.9567802661,0.9171308712836324,"{""type"":""MultiPoint"",""coordinates"":[]}"
20180806T012649_20180806T012650_T57WWS_3,25.000000000000004,13.999999999999998,1191.0,351,941.0,789.0,675.0,584.0,355.9999999999999,343.0,218.0,265.00000000000006,54.00000000000001,5.5272,351,2018-08-06,68.75,161.3,S2B_MSIL1C_20180806T012649_N0206_R074_T57WWS_20180806T030832,Sentinel-2B,351,Kolyma,180.943928419,52.1669506249,0.9385371506214142,"{""type"":""MultiPoint"",""coordinates"":[]}"
20180807T032541_20180807T032536_T51WWQ_2,61.99999999999999,33.0,1347.0,351,965.9999999999999,687.9999999999998,520.0,477.0000000000001,391.00000000000006,375.0,287.00000000000006,306.0,85.0,0.9274,351,2018-08-07,66.76905,123.39458,S2A_MSIL1C_20180807T032541_N0206_R018_T51WWQ_20180807T052228,Sentinel-2A,351,Lena,173.93830308,50.7714369326,0.8331553101539612,"{""type"":""MultiPoint"",""coordinates"":[]}"
20180808T034529_20180808T034530_T51WWQ_2,63.0,32.0,1314.0,351,974.9999999999999,702.9999999999999,540.0,488.99999999999994,394.0,385.0000000000001,291.99999999999994,308.99999999999994,85.0,0.6733,351,2018-08-08,66.76905,123.39458,S2B_MSIL1C_20180808T034529_N0206_R104_T51WWQ_20180808T064508,Sentinel-2B,351,Lena,180.128775702,50.9560630411,0.8367347121238708,"{""type"":""MultiPoint"",""coordinates"":[]}"
20180809T205021_20180809T205020_T08WNV_5,442.66491458607095,374.67460317460313,1701.0,102,1450.0,1317.0,1199.0,1137.0,913.0,928.0,804.0,821.0,382.0,38.0457,102,2018-08-09,67.45,-133.74,S2A_MSIL1C_20180809T205021_N0206_R057_T08WNV_20180810T002845,Sentinel-2A,102,Mackenzie,178.740689645,51.452592457,0.5009779023087543,"{""type"":""MultiPoint"",""coordinates"":[]}"
20180810T010649_20180810T010643_T57WWS_3,53.00000000000002,36.99999999999999,1311.9999999999998,351,1081.0,941.0000000000001,830.9999999999999,746.9999999999999,489.0,472.99999999999994,319.99999999999994,376.0,90.0,0.3134,351,2018-08-10,68.75,161.3,S2B_MSIL1C_20180810T010649_N0206_R131_T57WWS_20180810T025918,Sentinel-2B,351,Kolyma,175.096138661,53.3555305002,0.8933815360069275,"{""type"":""MultiPoint"",""coordinates"":[]}"
20180810T033531_20180810T033534_T51WWQ_2,396.0,228.0,2481.0,351,2113.0,1717.0,1457.0,1357.0,1341.0,1332.0000000000002,1191.0000000000002,1132.0,303.0,6.7134,351,2018-08-10,66.76905,123.39458,S2A_MSIL1C_20180810T033531_N0206_R061_T51WWQ_20180810T064544,Sentinel-2A,351,Lena,177.169992778,51.5516666056,0.6241403718789419,"{""type"":""MultiPoint"",""coordinates"":[]}"
20180811T012651_20180811T012654_T57WWS_3,26.999999999999996,14.999999999999996,1220.9999999999998,351,974.9999999999998,828.0000000000001,711.0000000000001,635.0,400.00000000000006,379.00000000000006,250.0,305.0,70.0,4.5898,351,2018-08-11,68.75,161.3,S2A_MSIL1C_20180811T012651_N0206_R074_T57WWS_20180811T032117,Sentinel-2A,351,Kolyma,181.149405622,53.5938410906,0.9380022883415222,"{""type"":""MultiPoint"",""coordinates"":[]}"
20180812T032529_20180812T032614_T51WWQ_2,61.0,37.99999999999999,1308.0000000000005,351,940.0,645.9999999999999,473.99999999999994,413.00000000000006,310.0,296.99999999999994,213.00000000000003,236.99999999999991,60.00000000000001,38.6799,351,2018-08-12,66.76905,123.39458,S2B_MSIL1C_20180812T032529_N0206_R018_T51WWQ_20180812T062142,Sentinel-2B,351,Lena,174.208082756,52.2126661165,0.8282898366451263,"{""type"":""MultiPoint"",""coordinates"":[]}"
20180813T011649_20180813T011647_T57WWS_3,17.999999999999996,7.000000000000001,1260.0,351,990.9999999999999,835.0,709.0000000000001,628.0,387.0,367.0,234.0,288.99999999999994,64.0,0.0,351,2018-08-13,68.75,161.3,S2B_MSIL1C_20180813T011649_N0206_R031_T57WWS_20180813T025917,Sentinel-2B,351,Kolyma,178.245557674,54.1958464096,0.9576517962230927,"{""type"":""MultiPoint"",""coordinates"":[]}"
20180814T072609_20180814T072609_T41WPP_0,55.99999999999999,35.0,1207.9999999999998,350,853.0,593.9999999999999,482.99999999999994,453.0,324.0,307.99999999999994,217.99999999999997,244.99999999999997,62.000000000000014,6.0311,350,2018-08-14,66.63000000000001,66.6,S2B_MSIL1C_20180814T072609_N0206_R049_T41WPP_20180814T094557,Sentinel-2B,350,Ob,177.520265222,51.8671183414,0.8265564143657684,"{""type"":""MultiPoint"",""coordinates"":[]}"
20180814T072609_20180814T072609_T41WPQ_0,55.99999999999999,35.0,1208.0,350,853.0,593.9999999999999,482.99999999999994,453.0,323.99999999999994,308.00000000000006,217.99999999999997,244.99999999999997,62.0,38.2368,350,2018-08-14,66.63000000000001,66.6,S2B_MSIL1C_20180814T072609_N0206_R049_T41WPQ_20180814T094557,Sentinel-2B,350,Ob,177.632720738,52.7601822988,0.8265564143657684,"{""type"":""MultiPoint"",""coordinates"":[]}"
20180815T010651_20180815T010647_T57WWS_3,28.0,10.999999999999998,1375.0,351,1102.9999999999998,936.0,802.0,725.0,482.00000000000006,467.0,314.0,374.0,76.0,0.0,351,2018-08-15,68.75,161.3,S2A_MSIL1C_20180815T010651_N0206_R131_T57WWS_20180815T025830,Sentinel-2A,351,Kolyma,175.427362177,54.8559677567,0.9422283664301524,"{""type"":""MultiPoint"",""coordinates"":[]}"
20180817T032541_20180817T032536_T51WWQ_2,69.0,47.00000000000001,1278.0000000000002,351,911.0,655.0,478.00000000000006,424.99999999999994,326.0,307.0,238.0,251.99999999999997,70.0,1.6327,351,2018-08-17,66.76905,123.39458,S2A_MSIL1C_20180817T032541_N0206_R018_T51WWQ_20180817T052253,Sentinel-2A,351,Lena,174.593844096,53.750229934,0.8084160804748535,"{""type"":""MultiPoint"",""coordinates"":[]}"
20180818T202839_20180818T203449_T08WNV_5,605.0,620.5,1777.0,125,1484.0,1326.0,1314.75,1281.9999999999998,1030.0,1072.0,903.0,925.0,254.0,32.3559,125,2018-08-18,67.45,-133.74,S2B_MSIL1C_20180818T202839_N0206_R114_T08WNV_20180819T000809,Sentinel-2B,125,Mackenzie,173.257771327,54.3481268943,0.3781094551086426,"{""type"":""MultiPoint"",""coordinates"":[]}"
20180820T033531_20180820T033722_T51WWQ_2,89.0,65.0,1312.0,351,936.9999999999999,657.0,469.99999999999994,416.99999999999994,347.99999999999994,338.0,272.0,272.0,99.0,22.8401,351,2018-08-20,66.76905,123.39458,S2A_MSIL1C_20180820T033531_N0206_R061_T51WWQ_20180820T063538,Sentinel-2A,351,Lena,177.822875532,54.6560257286,0.7625880986452103,"{""type"":""MultiPoint"",""coordinates"":[]}"
20180821T062631_20180821T062627_T44WPC_1,29.999999999999996,14.999999999999998,1229.9999999999998,346,879.0,560.0,324.0,277.0,245.00000000000003,225.99999999999997,170.0,181.00000000000003,60.0,43.1301,346,2018-08-21,69.37340000000002,86.12130000000002,S2A_MSIL1C_20180821T062631_N0206_R077_T44WPC_20180821T075018,Sentinel-2A,346,Yenisey,181.843097519,57.671506688,0.8981667041778565,"{""type"":""MultiPoint"",""coordinates"":[]}"
20180821T062631_20180821T062627_T45WVS_1,30.000000000000004,15.0,1228.9999999999998,353,879.0,560.0000000000001,324.00000000000006,276.0,244.99999999999997,226.0,169.99999999999997,179.99999999999997,60.00000000000001,36.7206,353,2018-08-21,69.37340000000002,86.12130000000002,S2A_MSIL1C_20180821T062631_N0206_R077_T45WVS_20180821T075018,Sentinel-2A,353,Yenisey,182.917252339,56.8311936258,0.8987016084011751,"{""type"":""MultiPoint"",""coordinates"":[]}"
20180821T062631_20180821T062627_T45WVT_1,30.0,15.0,1228.9999999999995,353,879.0,560.0000000000001,324.00000000000006,276.0,245.0,226.00000000000006,170.00000000000003,179.99999999999997,61.0,43.8837,353,2018-08-21,69.37340000000002,86.12130000000002,S2A_MSIL1C_20180821T062631_N0206_R077_T45WVT_20180821T075018,Sentinel-2A,353,Yenisey,182.76895733,57.7244909918,0.8981322248776754,"{""type"":""MultiPoint"",""coordinates"":[]}"
20180821T071609_20180821T071956_T41WPP_0,162.44924406047517,106.99999999999999,1441.9999999999998,350,1054.0000000000002,751.0000000000001,589.0,570.9999999999999,518.0,518.7142857142857,444.3637660485021,433.0,178.00000000000003,22.7267,350,2018-08-21,66.63000000000001,66.6,S2B_MSIL1C_20180821T071609_N0206_R006_T41WPP_20180821T092926,Sentinel-2B,350,Ob,175.015509075,54.1672114759,0.6420007543130355,"{""type"":""MultiPoint"",""coordinates"":[]}"
20180823T061619_20180823T061622_T44WPC_1,82.00000000000001,37.0,1525.0,346,1123.0,766.9999999999999,498.0,444.00000000000006,425.99999999999994,415.00000000000006,332.00000000000006,335.0,101.00000000000001,8.3911,346,2018-08-23,69.37340000000002,86.12130000000002,S2B_MSIL1C_20180823T061619_N0206_R034_T44WPC_20180823T082124,Sentinel-2B,346,Yenisey,179.077142245,58.3342109148,0.8081969817479452,"{""type"":""MultiPoint"",""coordinates"":[]}"
20180823T061619_20180823T061622_T45WVS_1,82.0,37.0,1526.0,353,1123.0000000000005,766.9999999999999,497.9999999999999,444.00000000000006,426.0,415.0,331.0,335.0,99.99999999999997,0.1247,353,2018-08-23,69.37340000000002,86.12130000000002,S2B_MSIL1C_20180823T061619_N0206_R034_T45WVS_20180823T082124,Sentinel-2B,353,Yenisey,180.121876086,57.4776987013,0.8070588111877441,"{""type"":""MultiPoint"",""coordinates"":[]}"
20180823T061619_20180823T061622_T45WVT_1,82.0,37.0,1526.0,353,1123.0000000000005,766.9999999999999,497.9999999999999,444.00000000000006,426.0,415.0,331.0,334.99999999999994,100.99999999999999,10.4865,353,2018-08-23,69.37340000000002,86.12130000000002,S2B_MSIL1C_20180823T061619_N0206_R034_T45WVT_20180823T082124,Sentinel-2B,353,Yenisey,180.00074328,58.3738583573,0.807328850030899,"{""type"":""MultiPoint"",""coordinates"":[]}"
20180824T223529_20180824T223704_T03VXJ_4,122.0,84.0,1866.0,342,1682.0,1615.9999999999998,1637.0,1558.0000000000002,1414.0,1481.0,1229.0,1240.0,158.00000000000003,2.2082,342,2018-08-24,61.93,-162.88,S2B_MSIL1C_20180824T223529_N0206_R058_T03VXJ_20180825T001627,Sentinel-2B,342,Yukon,176.162285522,50.8931997776,0.8595881700515747,"{""type"":""MultiPoint"",""coordinates"":[]}"
20180825T033529_20180825T033526_T51WWQ_2,65.66146944178863,36.30101622684806,1302.0,351,946.4582680689194,684.5761027629666,497.5051024858264,449.65674157303374,353.5919212366581,337.3114423851732,253.3417689802055,269.8415193828728,81.99999999999999,0.0,351,2018-08-25,66.76905,123.39458,S2B_MSIL1C_20180825T033529_N0206_R061_T51WWQ_20180825T061644,Sentinel-2B,351,Lena,178.197683873,56.336637293,0.8221796544323903,"{""type"":""MultiPoint"",""coordinates"":[]}"
20180826T071621_20180826T071901_T41WPP_0,57.00000000000001,26.0,1291.0,350,917.0,630.0,471.0,462.0,380.00000000000006,361.99999999999994,279.0,304.00000000000006,114.0,0.3352,350,2018-08-26,66.63000000000001,66.6,S2A_MSIL1C_20180826T071621_N0206_R006_T41WPP_20180826T093013,Sentinel-2A,350,Ob,175.513578575,55.8563927636,0.8354978561401367,"{""type"":""MultiPoint"",""coordinates"":[]}"
20180826T071621_20180826T071901_T41WPQ_0,57.00000000000001,26.0,1291.0,350,916.9999999999999,630.0,471.0,462.0,380.00000000000006,362.0,279.0,303.00000000000006,114.00000000000001,0.2423,350,2018-08-26,66.63000000000001,66.6,S2A_MSIL1C_20180826T071621_N0206_R006_T41WPQ_20180826T093013,Sentinel-2A,350,Ob,175.638922127,56.7466707454,0.8355471673219101,"{""type"":""MultiPoint"",""coordinates"":[]}"
20180828T070609_20180828T070612_T41WPP_0,40.0,19.0,1337.9999999999995,350,934.9999999999998,623.0,444.0,409.0,320.0,304.00000000000006,222.0,241.0,61.00000000000001,0.0871,350,2018-08-28,66.63000000000001,66.6,S2B_MSIL1C_20180828T070609_N0206_R106_T41WPP_20180828T091951,Sentinel-2B,350,Ob,172.730261136,56.6523918075,0.8781397973115629,"{""type"":""MultiPoint"",""coordinates"":[]}"
20180828T070609_20180828T070612_T41WPQ_0,40.0,19.0,1337.9999999999995,350,934.9999999999997,622.9999999999999,444.0,409.0,320.0,304.0,222.0,241.0,61.00000000000001,0.0,350,2018-08-28,66.63000000000001,66.6,S2B_MSIL1C_20180828T070609_N0206_R106_T41WPQ_20180828T091951,Sentinel-2B,350,Ob,172.880553116,57.5370470288,0.8781397973115629,"{""type"":""MultiPoint"",""coordinates"":[]}"
20180829T072611_20180829T072715_T41WPP_0,137.99999999999997,66.0,1639.0000000000002,350,1284.0,961.0,752.9999999999999,753.0,742.0000000000001,723.0,614.0000000000001,627.0000000000001,256.0,39.2528,350,2018-08-29,66.63000000000001,66.6,S2A_MSIL1C_20180829T072611_N0206_R049_T41WPP_20180829T094331,Sentinel-2A,350,Ob,178.747768954,56.8586519541,0.7492028106619992,"{""type"":""MultiPoint"",""coordinates"":[]}"
20180829T072611_20180829T072715_T41WPQ_0,138.0,66.0,1639.0,350,1284.0,961.0,753.0,753.0,742.0000000000001,723.0,614.0000000000001,628.0,254.99999999999997,43.0247,350,2018-08-29,66.63000000000001,66.6,S2A_MSIL1C_20180829T072611_N0206_R049_T41WPQ_20180829T094331,Sentinel-2A,350,Ob,178.839523009,57.7528826192,0.7491723157343317,"{""type"":""MultiPoint"",""coordinates"":[]}"
20180829T205021_20180829T205019_T08WNV_5,46.0,27.0,1425.0,348,1175.0,1014.9999999999999,991.9999999999999,956.9999999999999,701.0,692.0000000000001,493.0,575.0,104.99999999999999,0.837568587131323,348,2018-08-29,67.45,-133.74,S2A_MSIL1C_20180829T205021_N0500_R057_T08WNV_20230712T005518,Sentinel-2A,348,Mackenzie,180.152928442842,57.9832017376448,0.912861151666818,"{""type"":""MultiPoint"",""coordinates"":[]}"
20180830T010639_20180830T010638_T57WWS_3,55.00000000000001,32.0,1328.9999999999995,351,1043.0,841.9999999999999,557.0,453.99999999999994,317.0,299.99999999999994,217.99999999999997,236.0,82.0,3.999,351,2018-08-30,68.75,161.3,S2B_MSIL1C_20180830T010639_N0206_R131_T57WWS_20180830T024509,Sentinel-2B,351,Kolyma,176.647452512,59.8700036315,0.8781748630783774,"{""type"":""MultiPoint"",""coordinates"":[]}"
20180831T012651_20180831T012653_T57WWS_3,89.00000000000001,49.0,1442.0000000000002,351,1143.0,936.0,655.0000000000001,577.0,468.0,438.99999999999994,356.0,378.00000000000006,148.99999999999997,13.5571,351,2018-08-31,68.75,161.3,S2A_MSIL1C_20180831T012651_N0206_R074_T57WWS_20180831T031926,Sentinel-2A,351,Kolyma,182.460756443,60.2192520343,0.8255984485149384,"{""type"":""MultiPoint"",""coordinates"":[]}"
20180831T062631_20180831T062626_T44WPC_1,513.0,457.0,1554.0,63,1175.0,853.0,690.0,679.0,691.0,677.0,670.0,615.0,331.0,1.3556,63,2018-08-31,69.37340000000002,86.12130000000002,S2A_MSIL1C_20180831T062631_N0206_R077_T44WPC_20180831T075010,Sentinel-2A,63,Yenisey,182.590477479,61.1521191538,0.26133909821510315,"{""type"":""MultiPoint"",""coordinates"":[]}"
20180831T062631_20180831T062626_T45WVS_1,642.0,614.0,1589.0,22,1234.0,932.0,752.0,765.0,762.0,769.0,753.0,727.0,376.0,0.024,22,2018-08-31,69.37340000000002,86.12130000000002,S2A_MSIL1C_20180831T062631_N0206_R077_T45WVS_20180831T075010,Sentinel-2A,22,Yenisey,183.641317414,60.3164288143,0.16946959495544434,"{""type"":""MultiPoint"",""coordinates"":[]}"
20180831T071609_20180831T071752_T41WPP_0,343.00000000000006,166.0,2028.0000000000002,350,1682.9999999999998,1352.0,1147.0,1160.0,1230.0,1239.0,1123.0,1108.0,454.0,47.4807,350,2018-08-31,66.63000000000001,66.6,S2B_MSIL1C_20180831T071609_N0206_R006_T41WPP_20180831T093029,Sentinel-2B,350,Ob,175.979001999,57.6158294719,0.5944124804158092,"{""type"":""MultiPoint"",""coordinates"":[]}"
20180905T062619_20180905T062618_T44WPC_1,41.00000000000001,29.000000000000004,1388.9999999999998,346,994.0,633.9999999999999,391.0,338.0,289.0,259.0,197.0,211.99999999999997,89.0,24.1845,346,2018-09-05,69.37340000000002,86.12130000000002,S2B_MSIL1C_20180905T062619_N0206_R077_T44WPC_20180905T083502,Sentinel-2B,346,Yenisey,182.974502336,62.9861065727,0.8796892914254645,"{""type"":""MultiPoint"",""coordinates"":[]}"
20180905T062619_20180905T062618_T45WVS_1,40.99999999999999,28.999999999999996,1389.9999999999998,353,992.9999999999999,634.0,391.0,338.0,289.0,259.0,197.0,211.99999999999997,89.0,35.5537,353,2018-09-05,69.37340000000002,86.12130000000002,S2B_MSIL1C_20180905T062619_N0206_R077_T45WVS_20180905T083502,Sentinel-2B,353,Yenisey,184.013095603,62.1528439451,0.8801084105675318,"{""type"":""MultiPoint"",""coordinates"":[]}"
20180905T062619_20180905T062618_T45WVT_1,40.99999999999999,28.999999999999996,1390.0,353,992.9999999999999,634.0,391.0,338.0,289.0,259.0,197.0,211.99999999999997,88.99999999999997,24.3859,353,2018-09-05,69.37340000000002,86.12130000000002,S2B_MSIL1C_20180905T062619_N0206_R077_T45WVT_20180905T083502,Sentinel-2B,353,Yenisey,183.865979047,63.0444261144,0.8801084105675318,"{""type"":""MultiPoint"",""coordinates"":[]}"
20180905T071611_20180905T071614_T41WPP_0,124.99999999999999,63.000000000000014,1768.0,339,1354.0,1003.0,801.0,765.0,658.0000000000001,636.0,528.0,532.0,165.0,12.8592,339,2018-09-05,66.63000000000001,66.6,S2A_MSIL1C_20180905T071611_N0206_R006_T41WPP_20180905T083131,Sentinel-2A,339,Ob,176.539227995,59.4321877823,0.7778849466187446,"{""type"":""MultiPoint"",""coordinates"":[]}"
20180905T204021_20180905T204215_T08WNV_5,41.00000000000001,25.0,1531.0000000000002,348,1236.0,1045.0,926.0,816.9999999999999,511.00000000000006,488.0,322.00000000000006,388.0,77.0,27.1175,348,2018-09-05,67.45,-133.74,S2A_MSIL1C_20180905T204021_N0206_R014_T08WNV_20180906T001453,Sentinel-2A,348,Mackenzie,177.944290339,60.5458398315,0.9237563908100128,"{""type"":""MultiPoint"",""coordinates"":[]}"
20180907T011651_20180907T011650_T57WWS_3,28.000000000000007,16.0,1327.0,351,988.0000000000001,769.0,468.99999999999994,370.0,255.00000000000003,232.99999999999997,164.0,180.99999999999997,57.00000000000001,0.0,351,2018-09-07,68.75,161.3,S2A_MSIL1C_20180907T011651_N0206_R031_T57WWS_20180907T031011,Sentinel-2A,351,Kolyma,180.263352069,62.7701899471,0.9308602333068847,"{""type"":""MultiPoint"",""coordinates"":[]}"
20180907T034529_20180907T034525_T51WWQ_2,293.63091309130914,249.99449594438005,1550.3160482789453,180,1216.0,946.189591078067,786.3333333333334,754.0185991294026,645.8574079802041,633.6291118421053,561.7101669195752,580.6666666666666,320.0,39.7278,180,2018-09-07,66.76905,123.39458,S2B_MSIL1C_20180907T034529_N0206_R104_T51WWQ_20180907T064145,Sentinel-2B,180,Lena,182.244296205,61.0305510782,0.5224343176753855,"{""type"":""MultiPoint"",""coordinates"":[]}"
20180907T221519_20180907T221612_T03VXJ_4,41.0,18.0,1505.9999999999998,342,1309.9999999999998,1221.0,1215.9999999999998,1193.9999999999998,1026.0000000000002,1038.0,827.0000000000001,896.9999999999999,147.99999999999997,0.0,342,2018-09-07,61.93,-162.88,S2B_MSIL1C_20180907T221519_N0500_R115_T03VXJ_20230707T011524,Sentinel-2B,342,Yukon,171.696342692069,56.1314178207168,0.9356711724629768,"{""type"":""MultiPoint"",""coordinates"":[]}"
20180908T223531_20180908T223732_T03VXJ_4,39.0,18.999999999999996,1447.999999999999,342,1297.0,1248.0,1273.0,1259.0,1092.0000000000002,1111.0,896.0,957.0000000000001,150.99999999999997,0.0,342,2018-09-08,61.93,-162.88,S2A_MSIL1C_20180908T223531_N0500_R058_T03VXJ_20230706T141731,Sentinel-2A,342,Yukon,177.812132948392,56.2917790947627,0.9393373250961303,"{""type"":""MultiPoint"",""coordinates"":[]}"
20180909T010639_20180909T010639_T57WWS_3,32.0,14.999999999999998,1365.0,351,1041.0,780.0,476.00000000000006,373.0,267.00000000000006,243.0,176.00000000000003,189.0,60.0,0.0488,351,2018-09-09,68.75,161.3,S2B_MSIL1C_20180909T010639_N0206_R131_T57WWS_20180909T024529,Sentinel-2B,351,Kolyma,177.647361935,63.5340297944,0.9221156201427648,"{""type"":""MultiPoint"",""coordinates"":[]}"
20180910T222529_20180910T222555_T03VXJ_4,37.99999999999999,18.0,1528.0,342,1345.0,1289.0,1298.0,1250.0,1099.0,1121.0,913.9999999999999,956.0,129.0,0.0,342,2018-09-10,61.93,-162.88,S2B_MSIL1C_20180910T222529_N0206_R015_T03VXJ_20180911T002903,Sentinel-2B,342,Yukon,175.048777623,57.1147511541,0.942969683759558,"{""type"":""MultiPoint"",""coordinates"":[]}"
20180911T032529_20180911T032527_T51WWQ_2,838.0,665.0,1962.0,7,1585.0,1238.0,1117.0,1119.0,1080.0,1101.0,1069.0,1036.0,440.0,22.3542,7,2018-09-11,66.76905,123.39458,S2B_MSIL1C_20180911T032529_N0206_R018_T51WWQ_20180911T062323,Sentinel-2B,7,Lena,177.005637031,62.5461429519,0.19825497269630432,"{""type"":""MultiPoint"",""coordinates"":[]}"
20180912T011649_20180912T011643_T57WWS_3,32.0,16.0,1362.0,351,1015.9999999999999,765.0,463.99999999999994,370.00000000000006,261.0,243.0,172.99999999999997,189.0,74.00000000000001,0.1589,351,2018-09-12,68.75,161.3,S2B_MSIL1C_20180912T011649_N0206_R031_T57WWS_20180912T031002,Sentinel-2B,351,Kolyma,180.707367654,64.6601655892,0.9192793576561222,"{""type"":""MultiPoint"",""coordinates"":[]}"
20180912T034531_20180912T034835_T51WWQ_2,41.0,30.000000000000004,1250.0,351,887.0000000000001,596.0,424.45487202514596,376.4737617924529,276.0,244.0,180.99999999999997,201.00000000000003,79.0,1.206,351,2018-09-12,66.76905,123.39458,S2A_MSIL1C_20180912T034531_N0206_R104_T51WWQ_20180912T082511,Sentinel-2A,351,Lena,182.723326318,62.9275536551,0.8705636858940125,"{""type"":""MultiPoint"",""coordinates"":[]}"
20180912T221531_20180912T221528_T03VXJ_4,574.0,565.0,2073.0,27,1707.0,1411.0,1252.0,1220.0,1129.0,1144.0,1022.0,1009.0,283.0,35.6303,27,2018-09-12,61.93,-162.88,S2A_MSIL1C_20180912T221531_N0206_R115_T03VXJ_20180912T235657,Sentinel-2A,27,Yukon,172.388396785,57.9922672227,0.4299802780151367,"{""type"":""MultiPoint"",""coordinates"":[]}"
20180913T205039_20180913T205038_T08WNV_5,46.0,24.999999999999993,1437.9999999999998,348,1150.0,957.0000000000001,832.0,738.9999999999999,458.99999999999994,422.00000000000006,278.99999999999994,343.0,93.0,0.2834,348,2018-09-13,67.45,-133.74,S2B_MSIL1C_20180913T205039_N0206_R057_T08WNV_20180914T001741,Sentinel-2B,348,Mackenzie,181.511351552,63.5672762382,0.9094850301102135,"{""type"":""MultiPoint"",""coordinates"":[]}"
20180913T223529_20180913T223523_T03VXJ_4,160.0,131.0,1248.0000000000002,342,948.9999999999999,699.9999999999999,539.0,507.0,480.0,480.0,408.0,412.0,120.00000000000001,1.4609,342,2018-09-13,61.93,-162.88,S2B_MSIL1C_20180913T223529_N0206_R058_T03VXJ_20180914T001353,Sentinel-2B,342,Yukon,178.336922718,58.186756159,0.6281559864679972,"{""type"":""MultiPoint"",""coordinates"":[]}"
20180914T060631_20180914T060708_T44WPC_1,41.0,25.000000000000004,1403.0,346,969.0,606.0,371.00000000000006,326.00000000000006,274.0,240.00000000000003,185.0,201.0,89.99999999999997,2.44869801350184,346,2018-09-14,69.37340000000002,86.12130000000002,S2A_MSIL1C_20180914T060631_N0500_R134_T44WPC_20230730T163727,Sentinel-2A,346,Yenisey,178.34337228965,66.3651948653036,0.8722741603851318,"{""type"":""MultiPoint"",""coordinates"":[]}"
20180914T060631_20180914T060708_T45WVS_1,41.0,26.000000000000004,1403.0,353,967.9999999999999,605.0,371.0,325.9999999999999,274.00000000000006,240.0,182.99999999999997,200.99999999999997,90.00000000000003,6.9684,353,2018-09-14,69.37340000000002,86.12130000000002,S2A_MSIL1C_20180914T060631_N0206_R134_T45WVS_20180914T081740,Sentinel-2A,353,Yenisey,179.328559058,65.5044791875,0.8731627587421399,"{""type"":""MultiPoint"",""coordinates"":[]}"
20180914T060631_20180914T060708_T45WVT_1,41.00000000000001,26.000000000000004,1404.0,353,969.0,605.0,370.99999999999994,326.00000000000006,274.0,239.0,186.0,200.99999999999997,89.99999999999994,1.32199141755711,353,2018-09-14,69.37340000000002,86.12130000000002,S2A_MSIL1C_20180914T060631_N0500_R134_T45WVT_20230730T163727,Sentinel-2A,353,Yenisey,179.218241568933,66.4011625542348,0.874232828617096,"{""type"":""MultiPoint"",""coordinates"":[]}"
20180915T062619_20180915T062905_T44WPC_1,29.0,18.0,1341.0,346,951.0,595.0,359.99999999999994,310.99999999999994,262.00000000000006,227.0,172.0,189.00000000000003,90.0,0.0,346,2018-09-15,69.37340000000002,86.12130000000002,S2B_MSIL1C_20180915T062619_N0500_R077_T44WPC_20230802T015701,Sentinel-2B,346,Yenisey,183.844014235776,66.7881426099839,0.9075568804669573,"{""type"":""MultiPoint"",""coordinates"":[]}"
20180915T062619_20180915T062905_T45WVS_1,29.0,17.000000000000004,1340.9999999999995,353,950.9999999999999,595.0,360.00000000000006,311.0,262.0,227.00000000000003,171.99999999999997,189.5,92.00000000000001,0.34596957850283,353,2018-09-15,69.37340000000002,86.12130000000002,S2B_MSIL1C_20180915T062619_N0500_R077_T45WVS_20230802T015701,Sentinel-2B,353,Yenisey,184.857779411422,65.9605186342046,0.9059965014457703,"{""type"":""MultiPoint"",""coordinates"":[]}"
20180915T062619_20180915T062905_T45WVT_1,29.0,17.000000000000004,1340.9999999999995,353,950.9999999999999,595.0,360.00000000000006,311.0,262.0,227.00000000000003,172.0,189.5,91.99999999999999,0.0,353,2018-09-15,69.37340000000002,86.12130000000002,S2B_MSIL1C_20180915T062619_N0500_R077_T45WVT_20230802T015701,Sentinel-2B,353,Yenisey,184.712925314403,66.8505572586046,0.9059965014457703,"{""type"":""MultiPoint"",""coordinates"":[]}"
20180917T011651_20180917T011648_T57WWS_3,33.0,22.000000000000004,1559.0,170,1153.0,849.0000000000001,534.0,425.0,298.0,265.0,189.0,211.0,81.0,37.2687,170,2018-09-17,68.75,161.3,S2A_MSIL1C_20180917T011651_N0206_R031_T57WWS_20180917T031059,Sentinel-2A,170,Kolyma,181.203368589,66.5825333073,0.9255918860435486,"{""type"":""MultiPoint"",""coordinates"":[]}"
20180917T061631_20180917T061626_T44WPC_1,151.00000000000003,121.00000000000003,1550.0,345,1110.0,735.0,507.0,469.99999999999994,425.0,403.0,351.0,351.0,189.0,14.5634,345,2018-09-17,69.37340000000002,86.12130000000002,S2A_MSIL1C_20180917T061631_N0206_R034_T44WPC_20180917T073314,Sentinel-2A,345,Yenisey,181.341875032,67.5205285401,0.6579067366463798,"{""type"":""MultiPoint"",""coordinates"":[]}"
20180917T061631_20180917T061626_T45WVT_1,151.00000000000003,120.0,1550.0,323,1109.0,735.0000000000001,507.00000000000006,469.00000000000006,425.0,402.99999999999994,351.00000000000006,351.0,188.0,13.215,323,2018-09-17,69.37340000000002,86.12130000000002,S2A_MSIL1C_20180917T061631_N0206_R034_T45WVT_20180917T073314,Sentinel-2A,323,Yenisey,182.20842421,67.5709686233,0.6589103192090988,"{""type"":""MultiPoint"",""coordinates"":[]}"
20180917T203059_20180917T203100_T08WNV_5,85.0,60.99999999999999,1601.0,348,1263.0,1016.0000000000001,826.9999999999999,727.0,462.99999999999994,427.99999999999994,303.0,357.9999999999999,143.0,2.4139,348,2018-09-17,67.45,-133.74,S2B_MSIL1C_20180917T203059_N0206_R114_T08WNV_20180917T235854,Sentinel-2B,348,Mackenzie,176.396545676,65.1356933404,0.8453767214502607,"{""type"":""MultiPoint"",""coordinates"":[]}"
20180918T205121_20180918T205119_T08WNV_5,45.00000000000001,28.000000000000004,1478.9999999999998,348,1180.0,949.9999999999997,777.0000000000001,675.9999999999999,407.0,369.00000000000006,252.00000000000003,304.99999999999994,101.00000000000001,0.0,348,2018-09-18,67.45,-133.74,S2A_MSIL1C_20180918T205121_N0500_R057_T08WNV_20230707T122724,Sentinel-2A,348,Mackenzie,181.999547615156,65.500504219797,0.9096076083873923,"{""type"":""MultiPoint"",""coordinates"":[]}"
20180919T010639_20180919T010640_T57WWS_3,23.000000000000004,14.0,1458.0,351,1064.0,732.0000000000002,427.0,342.0,252.0,220.0,155.0,176.99999999999997,73.00000000000001,7.9211,351,2018-09-19,68.75,161.3,S2B_MSIL1C_20180919T010639_N0206_R131_T57WWS_20180919T024305,Sentinel-2B,351,Kolyma,178.67204426,67.3545614772,0.9386976057838071,"{""type"":""MultiPoint"",""coordinates"":[]}"
20180920T204129_20180920T204231_T08WNV_5,38.0,21.0,1529.0000000000002,348,1209.0000000000002,978.9999999999999,790.0,671.9999999999999,400.00000000000006,363.0,236.0,289.0,80.0,0.0,348,2018-09-20,67.45,-133.74,S2B_MSIL1C_20180920T204129_N0500_R014_T08WNV_20230707T132300,Sentinel-2B,348,Mackenzie,179.447767854475,66.262284938918,0.9252654244828957,"{""type"":""MultiPoint"",""coordinates"":[]}"
20180922T061629_20180922T061822_T44WPC_1,49.0,26.0,1570.9999999999998,346,1128.0,715.0000000000001,450.0,382.0,333.0,306.99999999999994,231.0,242.00000000000006,81.00000000000001,44.26,346,2018-09-22,69.37340000000002,86.12130000000002,S2B_MSIL1C_20180922T061629_N0206_R034_T44WPC_20180922T085456,Sentinel-2B,346,Yenisey,181.788647168,69.4635659245,0.8700265288352967,"{""type"":""MultiPoint"",""coordinates"":[]}"
20180922T061629_20180922T061822_T45WVS_1,49.99999999999999,26.0,1571.0,353,1129.0,715.0,450.00000000000017,382.0,333.0,307.0,231.00000000000003,242.00000000000003,80.0,15.9888,353,2018-09-22,69.37340000000002,86.12130000000002,S2B_MSIL1C_20180922T061629_N0206_R034_T45WVS_20180922T085456,Sentinel-2B,353,Yenisey,182.77195764,68.6226751259,0.8694146399084755,"{""type"":""MultiPoint"",""coordinates"":[]}"
20180922T061629_20180922T061822_T45WVT_1,50.0,26.0,1569.0000000000002,353,1129.0,715.0,450.00000000000017,382.0,333.0,307.0,231.0,242.00000000000003,80.00000000000001,31.3181,353,2018-09-22,69.37340000000002,86.12130000000002,S2B_MSIL1C_20180922T061629_N0206_R034_T45WVT_20180922T085456,Sentinel-2B,353,Yenisey,182.644239513,69.5161273626,0.8688810666402181,"{""type"":""MultiPoint"",""coordinates"":[]}"
20180922T070621_20180922T070616_T41WPP_0,265.59803043867504,190.8,1593.0,248,1251.0,898.0,711.0,710.7727272727273,569.0,549.375,481.54545454545456,573.4165305455733,232.0,23.9207,248,2018-09-22,66.63000000000001,66.6,S2A_MSIL1C_20180922T070621_N0206_R106_T41WPP_20180922T091919,Sentinel-2A,248,Ob,175.603862127,65.9507680809,0.5402946770191193,"{""type"":""MultiPoint"",""coordinates"":[]}"
20180922T070621_20180922T070616_T41WPQ_0,276.0,202.0,1614.0,132,1243.0,901.0,713.0,702.0,573.0,550.3333333333334,484.56136488717675,552.6666666666666,255.0,9.1292,132,2018-09-22,66.63000000000001,66.6,S2A_MSIL1C_20180922T070621_N0206_R106_T41WPQ_20180922T091919,Sentinel-2A,132,Ob,175.705818312,66.8411899152,0.521276593208313,"{""type"":""MultiPoint"",""coordinates"":[]}"
20180927T203219_20180927T203214_T08WNV_5,31.0,15.0,1744.0,85,1354.0,1029.0000000000002,776.0,649.0,411.0,379.0,257.0,297.0,107.0,3.7895,85,2018-09-27,67.45,-133.74,S2B_MSIL1C_20180927T203219_N0206_R114_T08WNV_20180927T235414,Sentinel-2B,85,Mackenzie,177.44855199,69.0027129704,0.9411206245422363,"{""type"":""MultiPoint"",""coordinates"":[]}"
20180927T221529_20180927T221529_T03VXJ_4,47.00000000000001,26.999999999999996,1445.0,342,1168.0,973.9999999999998,924.0,855.0000000000001,581.9999999999999,555.0,381.0,457.0,92.99999999999999,0.0,342,2018-09-27,61.93,-162.88,S2B_MSIL1C_20180927T221529_N0500_R115_T03VXJ_20230709T225006,Sentinel-2B,342,Yukon,174.256616072023,63.7215175308582,0.9082870474102998,"{""type"":""MultiPoint"",""coordinates"":[]}"
20180930T222529_20180930T222527_T03VXJ_4,42.0,24.999999999999996,1407.0000000000002,342,1108.0,925.0000000000001,863.0,769.0,508.00000000000006,498.0,333.0,386.0,64.0,12.2764,342,2018-09-30,61.93,-162.88,S2B_MSIL1C_20180930T222529_N0206_R015_T03VXJ_20181001T000258,Sentinel-2B,342,Yukon,177.344172605,64.7937751072,0.9123904258012772,"{""type"":""MultiPoint"",""coordinates"":[]}"
20181001T032529_20181001T032531_T51WWQ_2,143.0,104.00000000000001,1762.9999999999995,351,1287.0,845.0,607.0000000000001,543.0,458.99999999999994,423.00000000000006,346.00000000000006,360.0,185.0,23.9763,351,2018-10-01,66.76905,123.39458,S2B_MSIL1C_20181001T032529_N0206_R018_T51WWQ_20181001T060044,Sentinel-2B,351,Lena,179.042458757,70.2616057968,0.7112352848052979,"{""type"":""MultiPoint"",""coordinates"":[]}"
20181004T060701_20181004T060700_T44WPC_1,671.0,651.0,2132.0,64,1613.5,1135.0,930.0,896.0,883.0,870.0,863.0,783.0,337.0,43.413,64,2018-10-04,69.37340000000002,86.12130000000002,S2A_MSIL1C_20181004T060701_N0206_R134_T44WPC_20181004T073443,Sentinel-2A,64,Yenisey,180.206500782,74.112144715,0.2651963531970978,"{""type"":""MultiPoint"",""coordinates"":[]}"
20181004T060701_20181004T060700_T45WVS_1,680.0,662.0,2143.0,31,1602.0,1125.0,948.0,909.0,900.0,907.0,911.0,767.0,342.0,37.0301,31,2018-10-04,69.37340000000002,86.12130000000002,S2A_MSIL1C_20181004T060701_N0206_R134_T45WVS_20181004T073443,Sentinel-2A,31,Yenisey,181.152827615,73.2617208342,0.23895689845085144,"{""type"":""MultiPoint"",""coordinates"":[]}"
20181008T072801_20181008T072757_T41WPP_0,37.165472831198905,24.48382352941176,1579.9999999999995,318,1154.0,766.25893599335,586.7225244831338,533.0,361.1523529411765,317.93233919430224,227.6,257.66616850364284,90.87368881118881,11.0626,318,2018-10-08,66.63000000000001,66.6,S2A_MSIL1C_20181008T072801_N0206_R049_T41WPP_20181008T094236,Sentinel-2A,318,Ob,182.381872282,72.107617226,0.9044839427325485,"{""type"":""MultiPoint"",""coordinates"":[]}"
20181008T072801_20181008T072757_T41WPQ_0,37.165472831198905,24.43694852941176,1579.9999999999998,318,1154.0,766.25893599335,586.7225244831338,533.0,361.07735294117646,317.93233919430224,227.80863636363634,257.66616850364284,90.81408550647508,39.8907,318,2018-10-08,66.63000000000001,66.6,S2A_MSIL1C_20181008T072801_N0206_R049_T41WPQ_20181008T094236,Sentinel-2A,318,Ob,182.440914425,73.0029456423,0.9044839427325485,"{""type"":""MultiPoint"",""coordinates"":[]}"
20181009T010649_20181009T010644_T57WWS_3,545.0,437.5,2221.0,120,1854.0,1472.0,1373.0,1262.0,1003.0,974.0,849.0,861.5,266.0,29.7649,120,2018-10-09,68.75,161.3,S2B_MSIL1C_20181009T010649_N0206_R131_T57WWS_20181009T025046,Sentinel-2B,120,Kolyma,180.442026005,75.0922370018,0.45824454724788666,"{""type"":""MultiPoint"",""coordinates"":[]}"
20181010T204349_20181010T204350_T08WNV_5,28.0,12.0,1974.0,22,1554.0,1159.0,858.0,707.0,471.0,425.0,278.0,332.0,105.0,6.5276,22,2018-10-10,67.45,-133.74,S2B_MSIL1C_20181010T204349_N0206_R014_T08WNV_20181010T224051,Sentinel-2B,22,Mackenzie,181.145548023,73.9917715996,0.9525021314620972,"{""type"":""MultiPoint"",""coordinates"":[]}"
20181012T070821_20181012T070821_T41WPP_0,52.43256433007985,38.45703324808184,1905.5,333,1379.4997832683139,906.7758395115569,666.1875,614.2705013602798,455.0523611450942,422.44622117488643,326.7178387650086,342.96549857935327,145.73929518757103,12.1443,333,2018-10-12,66.63000000000001,66.6,S2A_MSIL1C_20181012T070821_N0206_R106_T41WPP_20181012T082225,Sentinel-2A,333,Ob,177.474395986,73.6192546534,0.8918626683259477,"{""type"":""MultiPoint"",""coordinates"":[]}"
20181012T070821_20181012T070821_T41WPQ_0,52.43256433007985,38.45703324808184,1905.5,333,1379.5366276549632,906.7758395115569,666.1875,614.5452872623185,455.0523611450942,422.44622117488643,326.76157804459694,343.0,145.73929518757103,8.6897,333,2018-10-12,66.63000000000001,66.6,S2A_MSIL1C_20181012T070821_N0206_R106_T41WPQ_20181012T082225,Sentinel-2A,333,Ob,177.553839653,74.5122571222,0.8918626683259477,"{""type"":""MultiPoint"",""coordinates"":[]}"
20181017T070849_20181017T071037_T41WPP_0,478.0,381.0,2521.0,103,1993.0,1541.0,1468.0,1467.5,1371.0,1406.0,1290.0,1300.0,411.0,12.8399,103,2018-10-17,66.63000000000001,66.6,S2B_MSIL1C_20181017T070849_N0206_R106_T41WPP_20181017T093928,Sentinel-2B,103,Ob,177.798721379,75.4681541445,0.537956145624764,"{""type"":""MultiPoint"",""coordinates"":[]}"
20181017T070849_20181017T071037_T41WPQ_0,478.0,381.0,2520.0,105,1993.0,1541.0,1468.0,1467.5,1371.0,1406.0,1290.0,1300.0,411.0,25.4299,105,2018-10-17,66.63000000000001,66.6,S2B_MSIL1C_20181017T070849_N0206_R106_T41WPQ_20181017T093928,Sentinel-2B,105,Ob,177.87467953,76.3615092059,0.5369503756503125,"{""type"":""MultiPoint"",""coordinates"":[]}"
20181020T222539_20181020T222540_T03VXJ_4,35.0,20.0,1582.0,342,1194.0,891.0,789.9999999999999,698.9999999999999,462.0,426.0,281.0,335.00000000000006,83.0,2.3201,342,2018-10-20,61.93,-162.88,S2B_MSIL1C_20181020T222539_N0206_R015_T03VXJ_20181021T000402,Sentinel-2B,342,Yukon,178.847226343,72.2904144817,0.9245643034829931,"{""type"":""MultiPoint"",""coordinates"":[]}"
20181022T221551_20181022T221546_T03VXJ_4,608.0,552.3181818181818,2205.0,170,1795.0,1338.0,1247.0,1245.0,1207.0,1214.0,1184.3315858453475,1134.0,560.0,18.733,170,2018-10-22,61.93,-162.88,S2A_MSIL1C_20181022T221551_N0206_R115_T03VXJ_20181022T235419,Sentinel-2A,170,Yukon,176.378124246,73.0436889742,0.37378424406051636,"{""type"":""MultiPoint"",""coordinates"":[]}"
20181023T223609_20181023T223604_T03VXJ_4,113.0,68.0,1662.0,69,1303.0,986.0000000000001,903.0,827.0,594.0,549.0,391.0,446.0,121.0,3.8493,69,2018-10-23,61.93,-162.88,S2B_MSIL1C_20181023T223609_N0206_R058_T03VXJ_20181024T000848,Sentinel-2B,69,Yukon,181.519835063,73.3548095251,0.7935547868980736,"{""type"":""MultiPoint"",""coordinates"":[]}"
20181024T033809_20181024T033811_T51WWQ_2,396.0,310.0,3113.0,34,2390.0,1754.0,1613.0,1618.0,1530.0,1551.0,1395.0,1302.0,612.0,17.9391,34,2018-10-24,66.76905,123.39458,S2B_MSIL1C_20181024T033809_N0206_R061_T51WWQ_20181024T071838,Sentinel-2B,34,Lena,182.977932963,78.8586341078,0.590062141418457,"{""type"":""MultiPoint"",""coordinates"":[]}"
20181025T071951_20181025T071950_T41WPP_0,38.431315789473686,21.999999999999996,2274.0,290,1683.8678532901833,1059.0342370039127,754.7547142015321,667.0507713562055,531.9778520168275,466.83092224231467,339.8778595583847,387.33105542900535,141.0,4.3493,290,2018-10-25,66.63000000000001,66.6,S2A_MSIL1C_20181025T071951_N0206_R006_T41WPP_20181025T085220,Sentinel-2A,290,Ob,180.660433484,78.2994876706,0.9311489317503321,"{""type"":""MultiPoint"",""coordinates"":[]}"
20181025T071951_20181025T071950_T41WPQ_0,38.431315789473686,21.999999999999996,2274.153201475025,290,1684.456433281886,1059.151531507219,754.5094664371773,667.1871025326342,531.8982847547079,471.2491764001198,340.5157137447937,387.46783625730995,140.0335124072653,27.1287,290,2018-10-25,66.63000000000001,66.6,S2A_MSIL1C_20181025T071951_N0206_R006_T41WPQ_20181025T085220,Sentinel-2A,290,Ob,180.725176132,79.1947324716,0.9311822811092239,"{""type"":""MultiPoint"",""coordinates"":[]}"
20181027T221619_20181027T221621_T03VXJ_4,65.0,40.0,1799.0,46,1411.0,1029.0,894.0,809.0,572.0,498.0,348.0,436.0,138.0,3.08268386634417,46,2018-10-27,61.93,-162.88,S2B_MSIL1C_20181027T221619_N0500_R115_T03VXJ_20230706T033854,Sentinel-2B,46,Yukon,176.581758075441,74.7575348339387,0.8799592852592468,"{""type"":""MultiPoint"",""coordinates"":[]}"
20181028T205551_20181028T205551_T08WNV_5,373.0,334.0,2915.785714285714,156,2364.6666666666665,1612.75,1330.857142857143,1210.5,1083.8523111612176,1043.4896783485358,899.25,930.875,360.4375,28.5376,156,2018-10-28,67.45,-133.74,S2A_MSIL1C_20181028T205551_N0206_R057_T08WNV_20181028T222341,Sentinel-2A,156,Mackenzie,184.33157105,80.4997526305,0.62651726603508,"{""type"":""MultiPoint"",""coordinates"":[]}"
20181028T223631_20181028T223633_T03VXJ_4,109.99999999999999,70.0,1826.0,342,1438.0,1060.0000000000002,954.0,900.5,666.9999999999999,625.0000000000001,462.00000000000006,527.0000000000001,188.0,0.0,342,2018-10-28,61.93,-162.88,S2A_MSIL1C_20181028T223631_N0206_R058_T03VXJ_20181029T001445,Sentinel-2A,342,Yukon,181.624869929,75.0592236639,0.812818189462026,"{""type"":""MultiPoint"",""coordinates"":[]}"
20181030T222639_20181030T222642_T03VXJ_4,750.5714285714286,521.0,2653.0,266,2232.4,1736.4285714285713,1654.6006264682849,1560.5457244655581,1422.4,1432.2465047829287,1332.0,1270.4746600741657,340.0,43.4183,266,2018-10-30,61.93,-162.88,S2B_MSIL1C_20181030T222639_N0206_R015_T03VXJ_20181030T235849,Sentinel-2B,266,Yukon,179.156866002,75.7067187489,0.3962447567989952,"{""type"":""MultiPoint"",""coordinates"":[]}"
20190601T033549_20190601T033543_T51WWQ_2,35.99999999999999,21.999999999999993,1104.0,351,764.0,509.0,414.99999999999994,392.99999999999994,284.0,267.0,188.0,217.99999999999997,68.99999999999999,2.22063961300726,351,2019-06-01,66.76905,123.39458,S2B_MSIL1C_20190601T033549_N0500_R061_T51WWQ_20221220T194040,Sentinel-2B,351,Lena,179.541971181363,45.11659264694,0.867923903465271,"{""type"":""MultiPoint"",""coordinates"":[]}"
20190604T202849_20190604T202903_T08WNV_5,54.999999999999986,29.999999999999993,1392.9999999999998,348,1121.0,962.9999999999999,921.0,885.0000000000001,645.9999999999999,633.0,453.0,525.9999999999999,123.0,5.7204,348,2019-06-04,67.45,-133.74,S2B_MSIL1C_20190604T202849_N0207_R114_T08WNV_20190604T221118,Sentinel-2B,348,Mackenzie,174.479324834,44.7274932818,0.8909426874752288,"{""type"":""MultiPoint"",""coordinates"":[]}"
20190604T221539_20190604T221539_T03VXJ_4,95.0,57.0,1248.0,342,1004.0000000000001,868.9999999999998,861.9999999999999,847.0,691.0,704.0,538.0,588.0,114.99999999999999,3.29149870106602,342,2019-06-04,61.93,-162.88,S2B_MSIL1C_20190604T221539_N0500_R115_T03VXJ_20230604T235917,Sentinel-2B,342,Yukon,169.840527286127,39.5231412813768,0.8039830724398295,"{""type"":""MultiPoint"",""coordinates"":[]}"
20190605T205021_20190605T205023_T08WNV_5,243.0,218.5,1483.0,75,1263.0,1162.0,1189.0,1181.0,916.5,936.5,722.0,797.0,215.0,19.2703,75,2019-06-05,67.45,-133.74,S2A_MSIL1C_20190605T205021_N0207_R057_T08WNV_20190606T002331,Sentinel-2A,75,Mackenzie,180.940770679,44.5388604056,0.6562942266464233,"{""type"":""MultiPoint"",""coordinates"":[]}"
20190605T223531_20190605T223534_T03VXJ_4,126.99999999999997,90.0,1197.0,342,984.0,880.0,906.0000000000002,901.0,731.0,742.0,573.0,621.0,139.0,0.0,342,2019-06-05,61.93,-162.88,S2A_MSIL1C_20190605T223531_N0207_R058_T03VXJ_20190606T002515,Sentinel-2A,342,Yukon,176.976528032,39.1443015762,0.748664245630304,"{""type"":""MultiPoint"",""coordinates"":[]}"
20190606T033541_20190606T033537_T51WWQ_2,29.0,19.0,1140.9999999999998,351,782.0,515.0,392.9999999999999,363.0,267.0,249.99999999999997,173.0,200.0,58.0,14.0685,351,2019-06-06,66.76905,123.39458,S2A_MSIL1C_20190606T033541_N0207_R061_T51WWQ_20190606T063901,Sentinel-2A,351,Lena,179.228699048,44.5081544848,0.8937337756156921,"{""type"":""MultiPoint"",""coordinates"":[]}"
20190606T060639_20190606T060639_T44WPC_1,54.0,23.999999999999996,2268.716083916084,335,1763.1335582456836,1235.1387161580408,938.5057165899709,835.2419151616966,690.3608576072011,643.1406805485019,467.21043935092996,513.8665984489445,147.0,33.5585,335,2019-06-06,69.37340000000002,86.12130000000002,S2B_MSIL1C_20190606T060639_N0207_R134_T44WPC_20190606T094153,Sentinel-2B,335,Yenisey,177.217613597,47.1641100185,0.9183392052073032,"{""type"":""MultiPoint"",""coordinates"":[]}"
20190606T060639_20190606T060639_T45WVS_1,54.0,24.000000000000007,2266.7677734772865,342,1762.8635639145684,1234.9927878194283,938.619784431138,835.0979391960825,690.8051505654722,642.67306088407,467.4942241648454,513.9178379047736,146.52845624385446,6.374,342,2019-06-06,69.37340000000002,86.12130000000002,S2B_MSIL1C_20190606T060639_N0207_R134_T45WVS_20190606T094153,Sentinel-2B,342,Yenisey,178.337333955,46.2979732534,0.9178252536079489,"{""type"":""MultiPoint"",""coordinates"":[]}"
20190606T060639_20190606T060639_T45WVT_1,54.0,24.000000000000007,2274.50701424942,342,1762.685536597034,1234.9908289555694,938.3908187411265,835.2103749160993,690.3804459912346,642.4227270059282,466.9568525646763,513.774731968811,146.62255411664617,44.1743,342,2019-06-06,69.37340000000002,86.12130000000002,S2B_MSIL1C_20190606T060639_N0207_R134_T45WVT_20190606T094153,Sentinel-2B,342,Yenisey,178.229185146,47.1949522189,0.9178227851487171,"{""type"":""MultiPoint"",""coordinates"":[]}"
20190607T062631_20190607T062630_T44WPC_1,68.0,37.0,2236.667829119442,314,1723.143428063943,1236.6028210838901,969.1269205076819,886.1592592592593,746.0,706.650827549386,550.75,555.567239635996,184.0,8.9417,314,2019-06-07,69.37340000000002,86.12130000000002,S2A_MSIL1C_20190607T062631_N0207_R077_T44WPC_20190607T074245,Sentinel-2A,314,Yenisey,183.411600505,47.0705674959,0.9016828855577407,"{""type"":""MultiPoint"",""coordinates"":[]}"
20190607T062631_20190607T062630_T45WVS_1,68.0,37.0,2263.0,327,1724.4896233666414,1236.5922592259226,971.025148908008,886.1928374655647,761.5745712155108,707.3249503639972,548.2,562.3650899400399,194.68161568161568,3.8661,327,2019-06-07,69.37340000000002,86.12130000000002,S2A_MSIL1C_20190607T062631_N0207_R077_T45WVS_20190607T074245,Sentinel-2A,327,Yenisey,184.61470199,46.2406354661,0.9021637854589658,"{""type"":""MultiPoint"",""coordinates"":[]}"
20190607T062631_20190607T062630_T45WVT_1,67.0,38.0,2249.0,325,1722.4,1236.0,971.25,884.75,746.3333333333334,706.7522123893806,555.6679764243615,562.1666666666666,192.5,4.36104392487085,325,2019-06-07,69.37340000000002,86.12130000000002,S2A_MSIL1C_20190607T062631_N0500_R077_T45WVT_20230605T050524,Sentinel-2A,325,Yenisey,184.418522196075,47.1313954277618,0.902087969323037,"{""type"":""MultiPoint"",""coordinates"":[]}"
20190607T204029_20190607T204229_T08WNV_5,36.0,21.0,1339.0,348,1106.0,994.0,1014.0,1005.0000000000001,783.9999999999999,784.0,583.0,671.9999999999999,107.99999999999999,0.00671862402579952,348,2019-06-07,67.45,-133.74,S2B_MSIL1C_20190607T204029_N0500_R014_T08WNV_20230605T055621,Sentinel-2B,348,Mackenzie,177.567395273047,44.3509101510594,0.9298784808890597,"{""type"":""MultiPoint"",""coordinates"":[]}"
20190607T222539_20190607T222540_T03VXJ_4,574.0,421.0,1683.0,150,1298.3333333333333,1157.5,1149.5,1177.3333333333333,1105.0,1154.0,1011.0,992.0,450.0,19.9924,150,2019-06-07,61.93,-162.88,S2B_MSIL1C_20190607T222539_N0207_R015_T03VXJ_20190607T235828,Sentinel-2B,150,Yukon,173.224451657,39.0481106646,0.341588746338959,"{""type"":""MultiPoint"",""coordinates"":[]}"
20190608T032549_20190608T032544_T51WWQ_2,55.0,34.99999999999999,1173.0,351,823.0,543.0,418.00000000000006,396.0000000000001,305.0,290.0,209.99999999999997,240.00000000000003,84.0,6.536,351,2019-06-08,66.76905,123.39458,S2B_MSIL1C_20190608T032549_N0207_R018_T51WWQ_20190608T062328,Sentinel-2B,351,Lena,175.848215417,44.3538345567,0.8162441409152488,"{""type"":""MultiPoint"",""coordinates"":[]}"
20190609T011659_20190609T011700_T57WWS_3,29.999999999999993,15.0,1256.0,351,981.0,817.0,802.9999999999999,762.0,515.0,492.0,329.00000000000006,404.0,86.0,0.270745617964108,351,2019-06-09,68.75,161.3,S2B_MSIL1C_20190609T011659_N0500_R031_T57WWS_20230722T021321,Sentinel-2B,351,Kolyma,180.046287268696,46.0223198058011,0.9291014249825078,"{""type"":""MultiPoint"",""coordinates"":[]}"
20190609T202851_20190609T202846_T08WNV_5,757.0,737.0,1948.0,19,1587.0,1412.0,1424.0,1458.0,1404.0,1474.0,1367.0,1260.0,589.0,29.0332,19,2019-06-09,67.45,-133.74,S2A_MSIL1C_20190609T202851_N0207_R114_T08WNV_20190610T001204,Sentinel-2A,19,Mackenzie,174.113454014,44.2504886719,0.2921615242958069,"{""type"":""MultiPoint"",""coordinates"":[]}"
20190609T221531_20190609T221534_T03VXJ_4,189.0,128.99999999999997,1319.0,342,1057.0,907.9999999999999,860.0000000000001,862.9999999999999,766.0,794.0,657.0,684.0,226.0,12.8059,342,2019-06-09,61.93,-162.88,S2A_MSIL1C_20190609T221531_N0207_R115_T03VXJ_20190609T235703,Sentinel-2A,342,Yukon,169.396686884,39.0622472875,0.654374227192275,"{""type"":""MultiPoint"",""coordinates"":[]}"
20190610T223539_20190610T223539_T03VXJ_4,161.0,122.0,1211.9999999999998,342,991.0000000000001,892.9999999999999,903.0,874.0,688.0,697.0000000000001,535.0,570.0,129.00000000000003,0.0,342,2019-06-10,61.93,-162.88,S2B_MSIL1C_20190610T223539_N0500_R058_T03VXJ_20230706T222147,Sentinel-2B,342,Yukon,176.640421863289,38.6990609112742,0.6945906768855077,"{""type"":""MultiPoint"",""coordinates"":[]}"
20190611T010651_20190611T010651_T57WWS_3,32.0,22.0,1243.9999999999998,351,954.9999999999998,780.0,746.0,697.0,456.0,440.0,289.0,356.99999999999994,73.00000000000001,0.723877744772094,351,2019-06-11,68.75,161.3,S2A_MSIL1C_20190611T010651_N0500_R131_T57WWS_20230603T225254,Sentinel-2A,351,Kolyma,176.696084027917,45.8907447106319,0.9213219116761856,"{""type"":""MultiPoint"",""coordinates"":[]}"
20190612T012659_20190612T012702_T57WWS_3,45.00000000000001,28.999999999999996,1180.0,351,931.0,771.0,745.0,693.0,462.00000000000006,447.0,302.0,367.0,77.0,19.0555,351,2019-06-12,68.75,161.3,S2B_MSIL1C_20190612T012659_N0207_R074_T57WWS_20190612T031424,Sentinel-2B,351,Kolyma,183.048372082,45.8164701281,0.890727584859239,"{""type"":""MultiPoint"",""coordinates"":[]}"
20190612T222541_20190612T222536_T03VXJ_4,46.99999999999999,21.999999999999996,1222.9999999999998,342,964.0000000000001,846.0,812.0000000000001,784.0000000000001,592.0,600.0,420.0,486.00000000000006,97.0,10.5359,342,2019-06-12,61.93,-162.88,S2A_MSIL1C_20190612T222541_N0207_R015_T03VXJ_20190613T001333,Sentinel-2A,342,Yukon,172.793118838,38.6803760423,0.8946646149844341,"{""type"":""MultiPoint"",""coordinates"":[]}"
20190614T034539_20190614T034541_T51WWQ_2,62.00000000000001,45.00000000000001,1082.0000000000002,351,769.0000000000001,525.0,426.0,411.99999999999994,315.99999999999994,306.0,224.99999999999997,259.0,97.0,25.5546,351,2019-06-14,66.76905,123.39458,S2B_MSIL1C_20190614T034539_N0207_R104_T51WWQ_20190614T062744,Sentinel-2B,351,Lena,182.031282903,43.8874494433,0.7878110643004027,"{""type"":""MultiPoint"",""coordinates"":[]}"
20190614T221539_20190614T221538_T03VXJ_4,656.0,366.0,1541.0,73,1288.5,1186.0,1151.0,1154.0,1222.0,1359.0,1241.6666666666667,1107.0,312.0,5.3526,73,2019-06-14,61.93,-162.88,S2B_MSIL1C_20190614T221539_N0207_R115_T03VXJ_20190614T234913,Sentinel-2B,73,Yukon,169.004088457,38.7683590935,0.2957379324805169,"{""type"":""MultiPoint"",""coordinates"":[]}"
20190616T010659_20190616T010655_T57WWS_3,29.000000000000004,13.999999999999998,1248.0,351,942.9999999999999,732.0,624.0,552.0000000000001,354.99999999999994,336.00000000000006,218.99999999999994,266.99999999999994,72.0,0.0,351,2019-06-16,68.75,161.3,S2B_MSIL1C_20190616T010659_N0500_R131_T57WWS_20230608T175807,Sentinel-2B,351,Kolyma,176.379405975082,45.6178048600639,0.9241971573585238,"{""type"":""MultiPoint"",""coordinates"":[]}"
20190616T033541_20190616T033835_T51WWQ_2,63.00000000000001,45.0,1112.9999999999998,351,779.0,530.0,410.0,384.0,300.00000000000006,287.0,218.0,235.0,71.00000000000001,0.0775777120845651,351,2019-06-16,66.76905,123.39458,S2A_MSIL1C_20190616T033541_N0500_R061_T51WWQ_20230706T011919,Sentinel-2A,351,Lena,178.568439219974,43.79325629443,0.7857423002219902,"{""type"":""MultiPoint"",""coordinates"":[]}"
20190616T060639_20190616T060831_T44WPC_1,43.99999999999999,26.999999999999996,1420.9999999999998,346,1005.0,645.0,467.00000000000017,408.99999999999994,301.99999999999994,271.99999999999994,193.00000000000003,227.00000000000003,76.00000000000001,3.1392,346,2019-06-16,69.37340000000002,86.12130000000002,S2B_MSIL1C_20190616T060639_N0207_R134_T44WPC_20190616T080755,Sentinel-2B,346,Yenisey,176.563256053,46.462039424,0.8717337648073832,"{""type"":""MultiPoint"",""coordinates"":[]}"
20190616T060639_20190616T060831_T45WVS_1,44.00000000000001,26.999999999999996,1422.9999999999998,353,1005.0000000000001,645.0000000000001,467.00000000000006,409.0,301.9999999999999,271.99999999999994,192.0,226.99999999999997,74.99999999999999,41.2616,353,2019-06-16,69.37340000000002,86.12130000000002,S2B_MSIL1C_20190616T060639_N0207_R134_T45WVS_20190616T080755,Sentinel-2B,353,Yenisey,177.680148216,45.5926839926,0.8719022639930019,"{""type"":""MultiPoint"",""coordinates"":[]}"
20190616T060639_20190616T060831_T45WVT_1,44.00000000000001,26.999999999999996,1422.0,353,1004.9999999999999,645.0000000000001,466.99999999999994,408.99999999999994,302.00000000000006,272.0,193.00000000000006,227.00000000000006,75.0,15.8889,353,2019-06-16,69.37340000000002,86.12130000000002,S2B_MSIL1C_20190616T060639_N0207_R134_T45WVT_20190616T080755,Sentinel-2B,353,Yenisey,177.581586112,46.4897106485,0.8711859583854675,"{""type"":""MultiPoint"",""coordinates"":[]}"
20190617T012701_20190617T012658_T57WWS_3,133.99999999999997,97.00000000000001,1323.0,351,1041.0,832.0000000000001,714.0,653.0,502.0000000000001,488.99999999999994,393.0,421.0,168.0,44.719,351,2019-06-17,68.75,161.3,S2A_MSIL1C_20190617T012701_N0207_R074_T57WWS_20190617T032421,Sentinel-2A,351,Kolyma,182.697747452,45.5679252013,0.7228360777081599,"{""type"":""MultiPoint"",""coordinates"":[]}"
20190617T222539_20190617T222540_T03VXJ_4,106.00000000000001,51.0,1409.0000000000002,342,1130.0,973.0,887.0,875.0,840.0000000000001,872.0,674.9999999999999,727.0,166.99999999999997,33.4889,342,2019-06-17,61.93,-162.88,S2B_MSIL1C_20190617T222539_N0207_R015_T03VXJ_20190620T150002,Sentinel-2B,342,Yukon,172.410486304,38.4821914878,0.8040681779384613,"{""type"":""MultiPoint"",""coordinates"":[]}"
20190618T032549_20190618T032649_T51WWQ_2,67.0,42.0,1130.0,351,783.9999999999999,512.0,381.0,361.0,287.0,278.99999999999994,203.99999999999997,233.0,92.99999999999999,0.0,351,2019-06-18,66.76905,123.39458,S2B_MSIL1C_20190618T032549_N0500_R018_T51WWQ_20230521T104543,Sentinel-2B,351,Lena,175.141521402667,43.7866036976778,0.770224466919899,"{""type"":""MultiPoint"",""coordinates"":[]}"
20190619T011659_20190619T011700_T57WWS_3,298.0,221.0,1514.0,351,1211.0,984.0,849.0,796.0,722.9999999999999,735.0,657.0,660.0,296.00000000000006,45.7381,351,2019-06-19,68.75,161.3,S2B_MSIL1C_20190619T011659_N0207_R031_T57WWS_20190619T031415,Sentinel-2B,351,Kolyma,179.377824148,45.5017940938,0.5347770677138207,"{""type"":""MultiPoint"",""coordinates"":[]}"
20190619T034541_20190619T034538_T51WWQ_2,32.0,18.999999999999993,1063.9999999999998,351,738.9999999999999,485.0,361.99999999999994,336.99999999999994,258.99999999999994,243.00000000000003,172.0,197.00000000000006,62.99999999999998,1.84763293001573,351,2019-06-19,66.76905,123.39458,S2A_MSIL1C_20190619T034541_N0500_R104_T51WWQ_20230606T043443,Sentinel-2A,351,Lena,181.662618304772,43.712392421512,0.8758473691373768,"{""type"":""MultiPoint"",""coordinates"":[]}"
20190619T202851_20190619T202848_T08WNV_5,64.0,37.0,1400.0000000000002,348,1134.0,979.9999999999999,909.0000000000002,865.9999999999999,627.0,624.0000000000001,443.99999999999994,508.0,98.0,0.0880871820235842,348,2019-06-19,67.45,-133.74,S2A_MSIL1C_20190619T202851_N0500_R114_T08WNV_20230606T044858,Sentinel-2A,348,Mackenzie,173.398939861529,43.80637638465,0.8766448862991728,"{""type"":""MultiPoint"",""coordinates"":[]}"
20190620T205029_20190620T205539_T08WNV_5,823.0,628.0,2086.0,135,1824.0,1617.0,1520.0,1570.0,1641.0,1704.0000000000002,1664.0,1604.0,835.0,30.7613,135,2019-06-20,67.45,-133.74,S2B_MSIL1C_20190620T205029_N0207_R057_T08WNV_20190620T224403,Sentinel-2B,135,Mackenzie,179.964048011,43.6860769712,0.32624943057696026,"{""type"":""MultiPoint"",""coordinates"":[]}"
20190621T010651_20190621T010652_T57WWS_3,36.99999999999999,19.0,1297.9999999999998,351,965.0,748.0,591.0,510.00000000000006,352.00000000000006,328.0,235.99999999999991,265.00000000000006,80.00000000000003,6.3419,351,2019-06-21,68.75,161.3,S2A_MSIL1C_20190621T010651_N0207_R131_T57WWS_20190621T031708,Sentinel-2A,351,Kolyma,176.009691382,45.5177190654,0.9061656983931546,"{""type"":""MultiPoint"",""coordinates"":[]}"
20190621T033549_20190621T033543_T51WWQ_2,43.99999999999999,20.999999999999996,1223.9999999999998,351,865.0,588.9999999999999,444.00000000000006,408.00000000000006,340.0,335.0,247.0,264.0,74.99999999999999,0.0,351,2019-06-21,66.76905,123.39458,S2B_MSIL1C_20190621T033549_N0500_R061_T51WWQ_20221215T063107,Sentinel-2B,351,Lena,178.234352440019,43.6927443784685,0.860579702589247,"{""type"":""MultiPoint"",""coordinates"":[]}"
20190621T060641_20190621T060824_T44WPC_1,379.0,257.0,1483.0,100,1193.5,850.0,697.0,652.0,566.0,523.0,442.0,570.0,177.0,44.8741,100,2019-06-21,69.37340000000002,86.12130000000002,S2A_MSIL1C_20190621T060641_N0207_R134_T44WPC_20190621T080801,Sentinel-2A,100,Yenisey,176.200086397,46.3686264331,0.3971588570496131,"{""type"":""MultiPoint"",""coordinates"":[]}"
20190622T012709_20190622T012703_T57WWS_3,50.00000000000001,29.0,1291.0,351,998.0000000000001,799.0000000000001,642.0,542.0000000000001,369.99999999999994,357.0,259.0,283.00000000000006,77.00000000000001,15.7797,351,2019-06-22,68.75,161.3,S2B_MSIL1C_20190622T012709_N0207_R074_T57WWS_20190622T024300,Sentinel-2B,351,Kolyma,182.376514747,45.4919389057,0.8829724788665771,"{""type"":""MultiPoint"",""coordinates"":[]}"
20190622T062639_20190622T062643_T45WVS_1,29.000000000000004,23.999999999999996,1237.9999999999998,172,856.0,520.0,319.0,268.0,223.99999999999997,202.0,151.0,162.0,66.0,40.7669,172,2019-06-22,69.37340000000002,86.12130000000002,S2B_MSIL1C_20190622T062639_N0207_R077_T45WVS_20190622T083437,Sentinel-2B,172,Yenisey,183.676929712,45.5136638096,0.8954022001475096,"{""type"":""MultiPoint"",""coordinates"":[]}"
20190622T071621_20190622T071621_T41WPP_0,46.0,30.999999999999996,1189.0,335,832.9999999999999,555.0,433.0,401.0,274.0,252.0,177.00000000000003,206.99999999999997,70.0,11.0245,335,2019-06-22,66.63000000000001,66.6,S2A_MSIL1C_20190622T071621_N0207_R006_T41WPP_20190622T083827,Sentinel-2A,335,Ob,174.91509645,42.8227819951,0.8472701425323943,"{""type"":""MultiPoint"",""coordinates"":[]}"
20190622T204021_20190622T204141_T08WNV_5,40.0,25.0,1269.9999999999998,348,1035.0000000000002,917.0,854.0,781.0000000000001,494.0000000000001,489.00000000000006,321.0,392.0,75.0,0.278688524590164,348,2019-06-22,67.45,-133.74,S2A_MSIL1C_20190622T204021_N0500_R014_T08WNV_20221221T140114,Sentinel-2A,348,Mackenzie,176.491593285875,43.7204119341186,0.9163004046884076,"{""type"":""MultiPoint"",""coordinates"":[]}"
20190624T011701_20190624T011657_T57WWS_3,32.0,14.999999999999996,1231.0,351,909.0000000000002,697.9999999999999,524.9999999999999,442.0,304.00000000000006,282.0,198.0000000000001,223.00000000000003,65.99999999999999,3.9949,351,2019-06-24,68.75,161.3,S2A_MSIL1C_20190624T011701_N0207_R031_T57WWS_20190624T031320,Sentinel-2A,351,Kolyma,179.011189822,45.499789243,0.9123972239138273,"{""type"":""MultiPoint"",""coordinates"":[]}"
20190624T034539_20190624T034632_T51WWQ_2,201.0,101.00000000000001,1921.0,162,1551.0,1186.0,939.0,893.9999999999999,938.0,948.0,807.0,794.0000000000001,210.0,31.1453,162,2019-06-24,66.76905,123.39458,S2B_MSIL1C_20190624T034539_N0207_R104_T51WWQ_20190624T072455,Sentinel-2B,162,Lena,181.327407006,43.709881402,0.7101153124522767,"{""type"":""MultiPoint"",""coordinates"":[]}"
20190624T061631_20190624T061634_T44WPC_1,31.0,19.0,1127.0,346,767.0,495.0,345.0,297.0,216.00000000000003,195.0,143.0,160.00000000000006,60.0,0.188688823195676,346,2019-06-24,69.37340000000002,86.12130000000002,S2A_MSIL1C_20190624T061631_N0500_R034_T44WPC_20230508T033734,Sentinel-2A,346,Yenisey,179.160799999458,46.3589398712992,0.8810436725616455,"{""type"":""MultiPoint"",""coordinates"":[]}"
20190624T061631_20190624T061634_T45WVS_1,30.999999999999993,19.0,1128.0000000000002,353,766.9999999999999,494.99999999999994,345.0,295.99999999999994,216.0,195.00000000000003,143.00000000000003,160.0,60.00000000000001,2.2263,353,2019-06-24,69.37340000000002,86.12130000000002,S2A_MSIL1C_20190624T061631_N0207_R034_T45WVS_20190624T074030,Sentinel-2A,353,Yenisey,180.313560723,45.5030281012,0.8812260627746582,"{""type"":""MultiPoint"",""coordinates"":[]}"
20190624T061631_20190624T061634_T45WVT_1,30.999999999999993,18.999999999999996,1126.0,353,766.0000000000001,495.0,345.0,297.0,216.0,195.00000000000009,143.0,160.0,59.99999999999999,1.79160321299531,353,2019-06-24,69.37340000000002,86.12130000000002,S2A_MSIL1C_20190624T061631_N0500_R034_T45WVT_20230508T033734,Sentinel-2A,353,Yenisey,180.177718842929,46.3992275859311,0.8819047808647156,"{""type"":""MultiPoint"",""coordinates"":[]}"
20190626T010659_20190626T010656_T57WWS_3,29.999999999999993,17.0,1175.9999999999998,351,860.0000000000001,643.0,448.0,377.99999999999994,257.0,235.99999999999994,157.99999999999997,187.0,68.0,35.0592,351,2019-06-26,68.75,161.3,S2B_MSIL1C_20190626T010659_N0207_R131_T57WWS_20190626T030459,Sentinel-2B,351,Kolyma,175.690619782,45.5892855451,0.9113409519195557,"{""type"":""MultiPoint"",""coordinates"":[]}"
20190626T033541_20190626T033539_T51WWQ_2,118.0,68.0,1442.0000000000002,351,1075.0,786.0000000000001,611.0,579.0000000000001,550.0000000000001,543.0,447.00000000000006,451.00000000000006,118.99999999999999,37.2396,351,2019-06-26,66.76905,123.39458,S2A_MSIL1C_20190626T033541_N0207_R061_T51WWQ_20190626T063724,Sentinel-2A,351,Lena,177.858708739,43.7650702255,0.7375412881374359,"{""type"":""MultiPoint"",""coordinates"":[]}"
20190627T012701_20190627T012659_T57WWS_3,252.0,162.0,1420.0,351,1128.0,902.9999999999999,694.9999999999999,663.0,681.0,683.9999999999999,617.0,621.0,278.0,43.4934,351,2019-06-27,68.75,161.3,S2A_MSIL1C_20190627T012701_N0207_R074_T57WWS_20190629T171013,Sentinel-2A,351,Kolyma,182.011939353,45.5879324549,0.5646160960197448,"{""type"":""MultiPoint"",""coordinates"":[]}"
20190627T071629_20190627T071951_T41WPP_0,42.0,22.999999999999996,1201.0000000000002,350,833.0,549.0,399.0,364.0,267.0,248.99999999999997,174.0,199.99999999999997,70.0,19.6819,350,2019-06-27,66.63000000000001,66.6,S2B_MSIL1C_20190627T071629_N0207_R006_T41WPP_20190627T100038,Sentinel-2B,350,Ob,174.586473361,42.940188249,0.8558020831611364,"{""type"":""MultiPoint"",""coordinates"":[]}"
20190627T204029_20190627T204229_T08WNV_5,133.0,59.0,1718.0,348,1413.0,1210.0,1119.0,1126.0,1041.0,1058.5,848.0,910.0,235.0,30.9685,348,2019-06-27,67.45,-133.74,S2B_MSIL1C_20190627T204029_N0207_R014_T08WNV_20190627T221946,Sentinel-2B,348,Mackenzie,176.167274318,43.8540961337,0.8018990755081177,"{""type"":""MultiPoint"",""coordinates"":[]}"
20190627T222539_20190627T222541_T03VXJ_4,45.07806557377051,29.493031939721277,1200.506955260755,328,944.6093532684281,834.5202801283922,798.2877508910148,729.3845930513888,508.8514634146341,525.0598958333334,357.13940913721495,411.1019227345557,64.5411235257604,3.57042611006599,328,2019-06-27,61.93,-162.88,S2B_MSIL1C_20190627T222539_N0500_R015_T03VXJ_20230508T103834,Sentinel-2B,328,Yukon,171.639250826602,38.6049582030597,0.8965372884915751,"{""type"":""MultiPoint"",""coordinates"":[]}"
20190628T032549_20190628T032545_T51WWQ_2,125.51468785471056,80.43639633747547,1320.9999999999998,349,968.4622792937402,680.6224017338193,522.5375295204844,484.5818959569476,433.35295847547354,433.9458604223002,349.1387546967257,361.3332516690146,110.0,17.1235,349,2019-06-28,66.76905,123.39458,S2B_MSIL1C_20190628T032549_N0207_R018_T51WWQ_20190628T060039,Sentinel-2B,349,Lena,174.441574055,43.9075919812,0.6854304378437436,"{""type"":""MultiPoint"",""coordinates"":[]}"
20190629T011659_20190629T011701_T57WWS_3,158.0,113.00000000000001,1338.0,349,1010.9999999999999,768.0,559.0000000000001,512.0,465.99999999999994,459.0,390.99999999999994,409.0,208.0,25.9584,349,2019-06-29,68.75,161.3,S2B_MSIL1C_20190629T011659_N0207_R031_T57WWS_20190701T043217,Sentinel-2B,349,Kolyma,178.698287428,45.6697256885,0.6586171335036601,"{""type"":""MultiPoint"",""coordinates"":[]}"
20190629T034541_20190629T034539_T51WWQ_2,229.3607765712405,170.62672055931836,1213.0,350,912.5734381464626,676.5238512802528,561.4062922868741,533.5581060401474,489.1951028622541,489.23244470608023,429.45205879489924,429.5221974206349,149.0,33.3007,350,2019-06-29,66.76905,123.39458,S2A_MSIL1C_20190629T034541_N0207_R104_T51WWQ_20190630T142206,Sentinel-2A,350,Lena,180.957523752,43.8795007169,0.49122727226611923,"{""type"":""MultiPoint"",""coordinates"":[]}"
20190629T070631_20190629T070626_T41WPP_0,37.0,20.999999999999996,1197.0,350,824.0,548.0,399.0,373.0,272.99999999999994,249.99999999999994,184.0,201.0,64.99999999999999,8.0136,350,2019-06-29,66.63000000000001,66.6,S2A_MSIL1C_20190629T070631_N0207_R106_T41WPP_20190629T090548,Sentinel-2A,350,Ob,171.082508798,43.162518291,0.8757039478846959,"{""type"":""MultiPoint"",""coordinates"":[]}"
20190629T070631_20190629T070626_T41WPQ_0,37.0,22.000000000000004,1198.0000000000005,350,825.0000000000001,548.0,399.0,373.0,273.0,250.0,183.99999999999997,201.0,65.0,4.56878973351072,350,2019-06-29,66.63000000000001,66.6,S2A_MSIL1C_20190629T070631_N0500_R106_T41WPQ_20230507T180525,Sentinel-2A,350,Ob,171.315416855291,44.0430585667055,0.8753135301250075,"{""type"":""MultiPoint"",""coordinates"":[]}"
20190701T060641_20190701T060636_T44WPC_1,231.0,169.0,1324.0,35,920.0,642.0,489.0,474.0,445.0,437.0,410.0,374.0,267.0,46.6774,35,2019-07-01,69.37340000000002,86.12130000000002,S2A_MSIL1C_20190701T060641_N0207_R134_T44WPC_20190701T080548,Sentinel-2A,35,Yenisey,175.553275676,46.6970331332,0.4783625602722168,"{""type"":""MultiPoint"",""coordinates"":[]}"
20190701T060641_20190701T060636_T45WVS_1,230.0,201.0,1340.0,5,918.0,665.0,503.0,488.0,455.0,451.0,438.0,386.0,290.0,2.2302,5,2019-07-01,69.37340000000002,86.12130000000002,S2A_MSIL1C_20190701T060641_N0207_R134_T45WVS_20190701T080548,Sentinel-2A,5,Yenisey,176.653160951,45.822905048,0.48603352904319763,"{""type"":""MultiPoint"",""coordinates"":[]}"
20190702T062639_20190702T062752_T44WPC_1,34.999999999999986,20.0,1120.0000000000002,346,792.9999999999999,520.0,341.99999999999994,292.0,242.9999999999999,226.00000000000003,171.00000000000006,178.99999999999997,55.0,0.0,346,2019-07-02,69.37340000000002,86.12130000000002,S2B_MSIL1C_20190702T062639_N0500_R077_T44WPC_20230721T193100,Sentinel-2B,346,Yenisey,181.81869441329,46.7278424956191,0.875254495331905,"{""type"":""MultiPoint"",""coordinates"":[]}"
20190702T062639_20190702T062752_T45WVS_1,34.999999999999986,20.0,1121.0000000000002,353,794.0,519.9999999999999,342.00000000000006,291.99999999999994,243.00000000000003,226.99999999999994,171.00000000000006,178.99999999999994,55.0,0.875958781540836,353,2019-07-02,69.37340000000002,86.12130000000002,S2B_MSIL1C_20190702T062639_N0500_R077_T45WVS_20230721T193100,Sentinel-2B,353,Yenisey,183.003826259904,45.8876870556983,0.875121997070803,"{""type"":""MultiPoint"",""coordinates"":[]}"
20190702T062639_20190702T062752_T45WVT_1,34.999999999999986,20.0,1121.0,353,793.9999999999998,519.9999999999999,342.00000000000006,291.99999999999994,243.00000000000003,225.99999999999997,171.00000000000003,178.99999999999994,55.0,0.0,353,2019-07-02,69.37340000000002,86.12130000000002,S2B_MSIL1C_20190702T062639_N0500_R077_T45WVT_20230721T193100,Sentinel-2B,353,Yenisey,182.829310633827,46.7809210459821,0.875121997070803,"{""type"":""MultiPoint"",""coordinates"":[]}"
20190702T071621_20190702T071622_T41WPP_0,44.0,23.999999999999996,1171.0,350,819.9999999999999,552.0,409.0,374.99999999999994,285.0,270.0,196.0,212.00000000000003,57.99999999999999,1.64119561647108,350,2019-07-02,66.63000000000001,66.6,S2A_MSIL1C_20190702T071621_N0500_R006_T41WPP_20230603T133818,Sentinel-2A,350,Ob,174.247039108038,43.2293754401608,0.8517481982707977,"{""type"":""MultiPoint"",""coordinates"":[]}"
20190702T071621_20190702T071622_T41WPQ_0,44.0,24.0,1171.0,350,820.0,551.9999999999999,408.99999999999994,373.99999999999994,284.0,270.0,195.00000000000003,210.99999999999997,58.00000000000002,15.2304,350,2019-07-02,66.63000000000001,66.6,S2A_MSIL1C_20190702T071621_N0207_R006_T41WPQ_20190702T082425,Sentinel-2A,350,Ob,174.427963951,44.1173560161,0.852262686745227,"{""type"":""MultiPoint"",""coordinates"":[]}"
20190706T010659_20190706T010657_T57WWS_3,40.00000000000001,18.0,1242.0000000000002,351,901.9999999999998,649.0,419.00000000000006,355.99999999999994,302.99999999999994,289.0,216.0,227.99999999999991,84.0,31.9738,351,2019-07-06,68.75,161.3,S2B_MSIL1C_20190706T010659_N0207_R131_T57WWS_20190706T024653,Sentinel-2B,351,Kolyma,175.096814681,46.2438293782,0.8836220172087028,"{""type"":""MultiPoint"",""coordinates"":[]}"
20190706T060639_20190706T060640_T44WPC_1,88.0,64.0,1210.0,346,860.0,576.0,402.0,364.0,322.0,310.0,245.00000000000003,258.0,93.0,0.0455427795160187,346,2019-07-06,69.37340000000002,86.12130000000002,S2B_MSIL1C_20190706T060639_N0500_R134_T44WPC_20230603T200606,Sentinel-2B,346,Yenisey,175.302346620867,47.1144579560969,0.7351933866739273,"{""type"":""MultiPoint"",""coordinates"":[]}"
20190706T060639_20190706T060640_T45WVS_1,87.0,64.0,1210.0,353,859.9999999999999,576.0,402.0,363.0,320.99999999999994,308.99999999999994,244.0,258.0,93.00000000000003,0.10812815560421,353,2019-07-06,69.37340000000002,86.12130000000002,S2B_MSIL1C_20190706T060639_N0500_R134_T45WVS_20230603T200606,Sentinel-2B,353,Yenisey,176.394928828725,46.2391811283687,0.7359635829925537,"{""type"":""MultiPoint"",""coordinates"":[]}"
20190706T060639_20190706T060640_T45WVT_1,87.0,64.0,1210.0,353,859.9999999999999,576.0,402.0,363.0,321.00000000000006,309.0,244.0,258.0,93.00000000000001,0.0379864228215306,353,2019-07-06,69.37340000000002,86.12130000000002,S2B_MSIL1C_20190706T060639_N0500_R134_T45WVT_20230603T200606,Sentinel-2B,353,Yenisey,176.315228121677,47.1359640000583,0.7365630567073822,"{""type"":""MultiPoint"",""coordinates"":[]}"
20190707T012701_20190707T012700_T57WWS_3,75.0,45.999999999999986,1269.0,351,956.0000000000001,722.0000000000001,504.00000000000006,435.0,372.0,355.00000000000006,277.99999999999994,293.99999999999994,88.00000000000006,25.2647,351,2019-07-07,68.75,161.3,S2A_MSIL1C_20190707T012701_N0207_R074_T57WWS_20190707T032337,Sentinel-2A,351,Kolyma,181.392604953,46.29177017,0.8117133201120941,"{""type"":""MultiPoint"",""coordinates"":[]}"
20190707T062631_20190707T062633_T45WVS_1,171.0,125.99999999999997,1216.0,353,906.0,633.0,475.99999999999994,448.0,425.0,414.0,359.0,351.0,137.0,6.8711,353,2019-07-07,69.37340000000002,86.12130000000002,S2A_MSIL1C_20190707T062631_N0207_R077_T45WVS_20190707T074205,Sentinel-2A,353,Yenisey,182.686404272,46.3285269638,0.5744383931159973,"{""type"":""MultiPoint"",""coordinates"":[]}"
20190707T062631_20190707T062633_T45WVT_1,171.0,125.99999999999997,1216.0,353,906.0,633.0,475.99999999999994,448.0,425.99999999999994,414.0,360.0,351.0,136.00000000000003,43.8006,353,2019-07-07,69.37340000000002,86.12130000000002,S2A_MSIL1C_20190707T062631_N0207_R077_T45WVT_20190707T074205,Sentinel-2A,353,Yenisey,182.517675507,47.2221915837,0.5744383931159973,"{""type"":""MultiPoint"",""coordinates"":[]}"
20190707T222539_20190707T222541_T03VXJ_4,36.000000000000014,16.0,1340.0,342,1154.0,1124.0,1108.0,1043.0,804.0,834.5,592.0000000000001,676.0,88.0,0.0,342,2019-07-07,61.93,-162.88,S2B_MSIL1C_20190707T222539_N0500_R015_T03VXJ_20230624T072852,Sentinel-2B,342,Yukon,171.054838087209,39.4033895853613,0.9373709996589275,"{""type"":""MultiPoint"",""coordinates"":[]}"
20190709T011659_20190709T011701_T57WWS_3,188.0,148.5,1315.0,300,970.6657929226736,730.2959537572256,497.0,443.0,421.23880597014926,424.0,362.5,372.3333333333333,122.20146137787057,9.98,300,2019-07-09,68.75,161.3,S2B_MSIL1C_20190709T011659_N0208_R031_T57WWS_20190709T025934,Sentinel-2B,300,Kolyma,178.133477428,46.5161564423,0.5955163548842831,"{""type"":""MultiPoint"",""coordinates"":[]}"
20190709T034541_20190709T034540_T51WWQ_2,140.0,87.0,1336.9999999999998,351,1012.0,743.0000000000001,585.0,531.0,476.0,468.00000000000006,388.0,388.0,83.0,0.558715045077709,351,2019-07-09,66.76905,123.39458,S2A_MSIL1C_20190709T034541_N0500_R104_T51WWQ_20230624T093814,Sentinel-2A,351,Lena,180.359536124793,44.7265780822225,0.6828289330005646,"{""type"":""MultiPoint"",""coordinates"":[]}"
20190709T202851_20190709T203204_T08WNV_5,291.99999999999994,207.0,1567.0,348,1293.0,1128.0,1060.0,1060.9999999999998,952.0,989.0,837.0000000000001,862.9999999999999,311.0,39.1806,348,2019-07-09,67.45,-133.74,S2A_MSIL1C_20190709T202851_N0208_R114_T08WNV_20190710T000944,Sentinel-2A,348,Mackenzie,172.210741318,44.9672126664,0.5871828368731907,"{""type"":""MultiPoint"",""coordinates"":[]}"
20190710T223539_20190710T223541_T03VXJ_4,240.0,102.0,1949.0000000000005,342,1694.0,1519.0,1383.0000000000002,1359.0,1573.0,1731.0,1506.0,1437.0,248.00000000000006,0.0,342,2019-07-10,61.93,-162.88,S2B_MSIL1C_20190710T223539_N0500_R058_T03VXJ_20230630T065824,Sentinel-2B,342,Yukon,174.540968564738,39.6209853258518,0.7269351184368134,"{""type"":""MultiPoint"",""coordinates"":[]}"
20190711T010651_20190711T010653_T57WWS_3,49.99999999999999,22.0,1360.0,351,1001.0,748.9999999999999,464.99999999999994,397.00000000000006,370.0,349.99999999999994,277.0,283.00000000000006,75.0,5.4303,351,2019-07-11,68.75,161.3,S2A_MSIL1C_20190711T010651_N0208_R131_T57WWS_20190711T025821,Sentinel-2A,351,Kolyma,174.858067611,46.8190584711,0.8751157546878618,"{""type"":""MultiPoint"",""coordinates"":[]}"
20190711T060641_20190711T060637_T44WPC_1,32.99999999999999,16.0,1191.9999999999995,346,813.0,520.9999999999999,320.0,283.99999999999994,266.99999999999994,244.99999999999994,182.0,198.0,75.0,8.387,346,2019-07-11,69.37340000000002,86.12130000000002,S2A_MSIL1C_20190711T060641_N0208_R134_T44WPC_20190711T080747,Sentinel-2A,346,Yenisey,175.066495609,47.6958524567,0.8795620203018188,"{""type"":""MultiPoint"",""coordinates"":[]}"
20190711T060641_20190711T060637_T45WVS_1,32.99999999999999,16.0,1192.0000000000007,353,812.0,521.0,320.00000000000006,284.0,266.99999999999994,245.00000000000006,182.0,198.0,75.0,1.95019243925301,353,2019-07-11,69.37340000000002,86.12130000000002,S2A_MSIL1C_20190711T060641_N0500_R134_T45WVS_20230624T142024,Sentinel-2A,353,Yenisey,176.151745442847,46.8196037079707,0.8796555074389841,"{""type"":""MultiPoint"",""coordinates"":[]}"
20190711T060641_20190711T060637_T45WVT_1,33.0,16.0,1192.000000000001,353,812.0000000000001,520.9999999999999,320.00000000000006,284.0,267.0,245.00000000000003,182.0,198.0,75.0,10.528,353,2019-07-11,69.37340000000002,86.12130000000002,S2A_MSIL1C_20190711T060641_N0208_R134_T45WVT_20190711T080747,Sentinel-2A,353,Yenisey,176.074233841,47.7161936637,0.8800088167190552,"{""type"":""MultiPoint"",""coordinates"":[]}"
20190712T012709_20190712T012704_T57WWS_3,157.00000000000003,98.99999999999999,1415.0,351,1099.0000000000002,832.0,559.0,509.0,541.0000000000001,545.0,467.0,467.99999999999994,171.0,8.5154,351,2019-07-12,68.75,161.3,S2B_MSIL1C_20190712T012709_N0208_R074_T57WWS_20190712T031306,Sentinel-2B,351,Kolyma,181.170814833,46.8920722969,0.6794388790925344,"{""type"":""MultiPoint"",""coordinates"":[]}"
20190712T204021_20190712T204132_T08WNV_5,48.0,28.0,1320.0,348,1078.0,951.0,893.0,835.9999999999998,572.0,567.0,390.99999999999994,462.0000000000001,95.0,12.8264,348,2019-07-12,67.45,-133.74,S2A_MSIL1C_20190712T204021_N0208_R014_T08WNV_20190713T001634,Sentinel-2A,348,Mackenzie,175.363328383,45.2625714377,0.9035022094061501,"{""type"":""MultiPoint"",""coordinates"":[]}"
20190714T034549_20190714T034543_T51WWQ_2,171.00000000000003,124.0,1230.0,351,924.0,694.0,541.0,490.0,432.0,438.99999999999994,371.99999999999994,370.0,130.0,11.2352,351,2019-07-14,66.76905,123.39458,S2B_MSIL1C_20190714T034549_N0208_R104_T51WWQ_20190714T062804,Sentinel-2B,351,Lena,180.161577659,45.3946899103,0.606052863987247,"{""type"":""MultiPoint"",""coordinates"":[]}"
20190714T070629_20190714T070630_T41WPP_0,699.0,538.0,2133.0,25,1745.0,1392.0,1241.0,1159.0,1113.0,1186.0,1072.0,987.0,174.0,19.7248,25,2019-07-14,66.63000000000001,66.6,S2B_MSIL1C_20190714T070629_N0208_R106_T41WPP_20190714T091912,Sentinel-2B,25,Ob,170.446598379,44.7285212777,0.3172019422054291,"{""type"":""MultiPoint"",""coordinates"":[]}"
20190715T223541_20190715T223537_T03VXJ_4,65.0,32.0,1336.0,82,1073.0,900.0,773.0,741.0,702.2686567164179,727.0,562.0,582.0,107.0,16.1472,82,2019-07-15,61.93,-162.88,S2A_MSIL1C_20190715T223541_N0208_R058_T03VXJ_20190716T002326,Sentinel-2A,82,Yukon,174.361805596,40.3519178337,0.8645136654376984,"{""type"":""MultiPoint"",""coordinates"":[]}"
20190717T062631_20190717T062633_T44WPC_1,89.99999999999997,64.0,1118.0,346,809.0,536.0,355.99999999999994,320.0,307.0,296.0,247.99999999999997,245.0,84.99999999999997,0.0,346,2019-07-17,69.37340000000002,86.12130000000002,S2A_MSIL1C_20190717T062631_N0500_R077_T44WPC_20230624T190217,Sentinel-2A,346,Yenisey,181.101762685157,48.5419272778083,0.7104691333674075,"{""type"":""MultiPoint"",""coordinates"":[]}"
20190717T062631_20190717T062633_T45WVS_1,91.0,64.0,1117.9999999999998,353,808.0,536.0,355.99999999999994,321.0,307.0,296.0,247.99999999999994,246.0,84.99999999999999,0.395462929630069,353,2019-07-17,69.37340000000002,86.12130000000002,S2A_MSIL1C_20190717T062631_N0500_R077_T45WVS_20230624T190217,Sentinel-2A,353,Yenisey,182.256470208996,47.6973204598066,0.7094605784371214,"{""type"":""MultiPoint"",""coordinates"":[]}"
20190717T062631_20190717T062633_T45WVT_1,91.0,64.0,1117.9999999999998,353,808.0,536.0,355.99999999999994,321.0,306.99999999999994,296.0,247.99999999999997,246.0,84.99999999999999,0.0,353,2019-07-17,69.37340000000002,86.12130000000002,S2A_MSIL1C_20190717T062631_N0500_R077_T45WVT_20230624T190217,Sentinel-2A,353,Yenisey,182.097030107616,48.5915217276677,0.7094432411115031,"{""type"":""MultiPoint"",""coordinates"":[]}"
20190718T032549_20190718T032853_T51WWQ_2,446.42079207920796,321.42642140468223,1742.0,170,1387.0,1195.0,1094.5,1108.0,1040.0,1049.7708333333333,906.5,861.0,347.0,11.0172,170,2019-07-18,66.76905,123.39458,S2B_MSIL1C_20190718T032549_N0208_R018_T51WWQ_20190718T070339,Sentinel-2B,170,Lena,173.583024272,46.1462657303,0.46619522651749346,"{""type"":""MultiPoint"",""coordinates"":[]}"
20190719T011659_20190719T011701_T57WWS_3,74.99999999999999,46.0,1220.9999999999998,351,902.0,684.0000000000001,420.0,369.00000000000006,343.0,333.0,262.0,276.0,115.00000000000001,19.1278,351,2019-07-19,68.75,161.3,S2B_MSIL1C_20190719T011659_N0208_R031_T57WWS_20190719T031245,Sentinel-2B,351,Kolyma,177.806691723,48.004340031,0.8025700675042985,"{""type"":""MultiPoint"",""coordinates"":[]}"
20190719T034541_20190719T034540_T51WWQ_2,197.4817866140124,141.36562911003946,1323.9999999999998,351,1050.558722204823,864.6421768707486,737.4897760467381,718.5953957742037,601.4935933147635,593.3715922107674,481.8018677042801,517.4099761526232,169.99999999999997,0.326716962365385,351,2019-07-19,66.76905,123.39458,S2A_MSIL1C_20190719T034541_N0500_R104_T51WWQ_20230722T232644,Sentinel-2A,351,Lena,179.995209629659,46.2174862556731,0.6307169706650888,"{""type"":""MultiPoint"",""coordinates"":[]}"
20190719T061639_20190719T061918_T44WPC_1,58.0,35.0,1188.9999999999998,346,830.0,558.0,357.00000000000006,323.00000000000006,302.0,294.99999999999994,226.0,238.00000000000003,87.0,0.0,346,2019-07-19,69.37340000000002,86.12130000000002,S2B_MSIL1C_20190719T061639_N0500_R034_T44WPC_20230701T100128,Sentinel-2B,346,Yenisey,177.97794327522,48.8961547850534,0.8111955642700195,"{""type"":""MultiPoint"",""coordinates"":[]}"
20190719T061639_20190719T061918_T45WVS_1,58.00000000000001,35.0,1189.0,353,830.0,557.9999999999999,358.0,323.0,302.0,295.0,225.0,237.0,88.0,0.0,353,2019-07-19,69.37340000000002,86.12130000000002,S2B_MSIL1C_20190719T061639_N0500_R034_T45WVS_20230701T100128,Sentinel-2B,353,Yenisey,179.089616303264,48.0339340215265,0.8110104278685191,"{""type"":""MultiPoint"",""coordinates"":[]}"
20190719T061639_20190719T061918_T45WVT_1,58.00000000000001,35.0,1189.0,353,830.0,557.9999999999999,358.0,323.0,302.0,295.0,225.0,237.0,87.00000000000001,0.0,353,2019-07-19,69.37340000000002,86.12130000000002,S2B_MSIL1C_20190719T061639_N0500_R034_T45WVT_20230701T100128,Sentinel-2B,353,Yenisey,178.973065797556,48.9306514712845,0.8110104278685191,"{""type"":""MultiPoint"",""coordinates"":[]}"
20190721T033549_20190721T033543_T51WWQ_2,77.00000000000001,49.00000000000001,1197.0,351,863.9999999999999,649.0,482.0,439.0,345.00000000000006,338.0,258.99999999999994,271.0,98.0,16.7915,351,2019-07-21,66.76905,123.39458,S2B_MSIL1C_20190721T033549_N0208_R061_T51WWQ_20190721T061408,Sentinel-2B,351,Lena,176.764414467,46.6142378096,0.7872997965060824,"{""type"":""MultiPoint"",""coordinates"":[]}"
20190721T060641_20190721T060637_T44WPC_1,43.0,19.0,1246.9999999999998,346,862.9999999999999,572.0,353.0,322.99999999999994,322.00000000000006,306.0,238.00000000000006,253.9999999999999,92.0,0.0,346,2019-07-21,69.37340000000002,86.12130000000002,S2A_MSIL1C_20190721T060641_N0500_R134_T44WPC_20230806T082257,Sentinel-2A,346,Yenisey,174.84736455898,49.3215304492254,0.8596368857792446,"{""type"":""MultiPoint"",""coordinates"":[]}"
20190721T060641_20190721T060637_T45WVS_1,42.99999999999999,19.0,1246.0,353,863.0,572.0000000000002,354.0,322.99999999999994,321.99999999999994,305.0,238.00000000000003,253.99999999999997,92.0,0.0,353,2019-07-21,69.37340000000002,86.12130000000002,S2A_MSIL1C_20190721T060641_N0500_R134_T45WVS_20230806T082257,Sentinel-2A,353,Yenisey,175.915671452867,48.4441932763492,0.859981551383086,"{""type"":""MultiPoint"",""coordinates"":[]}"
20190721T060641_20190721T060637_T45WVT_1,42.99999999999999,19.0,1246.0,353,863.0,572.0000000000001,354.0,322.99999999999994,322.0000000000001,305.0,238.0,253.99999999999997,92.00000000000001,0.0,353,2019-07-21,69.37340000000002,86.12130000000002,S2A_MSIL1C_20190721T060641_N0500_R134_T45WVT_20230806T082257,Sentinel-2A,353,Yenisey,175.841023240648,49.3407658140394,0.859981551383086,"{""type"":""MultiPoint"",""coordinates"":[]}"
20190722T062639_20190722T062636_T44WPC_1,118.0,82.99999999999999,1260.0,346,923.0,641.9999999999999,430.0,404.99999999999994,440.00000000000006,437.00000000000006,382.00000000000006,378.99999999999994,182.0,33.3614,346,2019-07-22,69.37340000000002,86.12130000000002,S2B_MSIL1C_20190722T062639_N0208_R077_T44WPC_20190722T083431,Sentinel-2B,346,Yenisey,181.012798756,49.4563770739,0.6891232788503229,"{""type"":""MultiPoint"",""coordinates"":[]}"
20190722T062639_20190722T062636_T45WVS_1,118.00000000000003,83.0,1260.0,353,923.0,642.0,430.00000000000006,404.99999999999994,439.9999999999999,437.0,382.0,379.0,181.00000000000003,6.9099,353,2019-07-22,69.37340000000002,86.12130000000002,S2B_MSIL1C_20190722T062639_N0208_R077_T45WVS_20190722T083431,Sentinel-2B,353,Yenisey,182.156512383,48.6112078502,0.6888688840714108,"{""type"":""MultiPoint"",""coordinates"":[]}"
20190722T062639_20190722T062636_T45WVT_1,118.00000000000003,83.0,1260.0,353,923.0,642.0,430.00000000000006,404.99999999999994,439.9999999999999,437.0,382.0,379.0,181.00000000000003,25.4389,353,2019-07-22,69.37340000000002,86.12130000000002,S2B_MSIL1C_20190722T062639_N0208_R077_T45WVT_20190722T083431,Sentinel-2B,353,Yenisey,182.000412897,49.5055241828,0.6888586311455233,"{""type"":""MultiPoint"",""coordinates"":[]}"
20190722T204021_20190722T204113_T08WNV_5,78.0,40.99999999999999,1420.0,348,1149.0,985.0,835.9999999999999,748.0,545.0,546.9999999999999,411.0,441.0,95.99999999999999,0.176923766012721,348,2019-07-22,67.45,-133.74,S2A_MSIL1C_20190722T204021_N0500_R014_T08WNV_20230614T000801,Sentinel-2A,348,Mackenzie,175.18823263044,46.9836800800921,0.8530184107618032,"{""type"":""MultiPoint"",""coordinates"":[]}"
20190723T032541_20190723T032542_T51WWQ_2,95.0,52.00000000000001,1494.0,351,1122.0000000000002,850.0,626.4407109812514,576.3015612161053,496.5282865282865,470.48364134154684,380.0,405.0,150.0,1.44110006270716,351,2019-07-23,66.76905,123.39458,S2A_MSIL1C_20190723T032541_N0500_R018_T51WWQ_20230508T172022,Sentinel-2A,351,Lena,173.535975630067,47.0893694450564,0.8000824332237244,"{""type"":""MultiPoint"",""coordinates"":[]}"
20190724T034549_20190724T034543_T51WWQ_2,231.0,129.0,1971.0,14,1675.0,1383.0,1202.0,1147.0,1033.0,1047.0,856.0,893.0,228.0,5.5875,14,2019-07-24,66.76905,123.39458,S2B_MSIL1C_20190724T034549_N0208_R104_T51WWQ_20190724T064558,Sentinel-2B,14,Lena,179.93887512,47.1868761899,0.7135772109031677,"{""type"":""MultiPoint"",""coordinates"":[]}"
20190724T070629_20190724T070629_T41WPP_0,49.0,24.999999999999996,1244.0000000000005,350,872.0000000000001,600.9999999999999,451.0,448.0,365.99999999999994,349.99999999999994,260.0,292.0,104.0,0.0,350,2019-07-24,66.63000000000001,66.6,S2B_MSIL1C_20190724T070629_N0500_R106_T41WPP_20230625T171201,Sentinel-2B,350,Ob,170.408691163896,46.5356956535145,0.8497518504023228,"{""type"":""MultiPoint"",""coordinates"":[]}"
20190724T070629_20190724T070629_T41WPQ_0,49.0,24.999999999999996,1244.0000000000005,350,872.0,601.0,451.0,448.0,365.99999999999994,349.99999999999994,260.0,292.0,104.0,0.0,350,2019-07-24,66.63000000000001,66.6,S2B_MSIL1C_20190724T070629_N0500_R106_T41WPQ_20230625T171201,Sentinel-2B,350,Ob,170.631389291643,47.4141611288035,0.8497518504023228,"{""type"":""MultiPoint"",""coordinates"":[]}"
20190724T202849_20190724T202957_T08WNV_5,135.0,56.0,1781.0,348,1441.9999999999998,1197.0,979.0,905.9999999999999,803.0,828.9999999999997,669.0,679.0,151.0,4.71380406645246,348,2019-07-24,67.45,-133.74,S2B_MSIL1C_20190724T202849_N0500_R114_T08WNV_20230508T235307,Sentinel-2B,348,Mackenzie,172.026546922683,47.5025330103345,0.7971123806067876,"{""type"":""MultiPoint"",""coordinates"":[]}"
20190725T072621_20190725T072620_T41WPP_0,57.0,31.0,1183.0,350,842.0,585.0,446.0,435.0,364.99999999999994,360.0,272.0,296.0,96.00000000000004,5.4547,350,2019-07-25,66.63000000000001,66.6,S2A_MSIL1C_20190725T072621_N0208_R049_T41WPP_20190725T092633,Sentinel-2A,350,Ob,176.856928526,46.5275555614,0.8239890038967133,"{""type"":""MultiPoint"",""coordinates"":[]}"
20190725T072621_20190725T072620_T41WPQ_0,57.0,31.0,1183.0,350,842.0,585.0,446.0,435.0,365.0,360.00000000000006,272.0,296.0,96.00000000000001,8.506,350,2019-07-25,66.63000000000001,66.6,S2A_MSIL1C_20190725T072621_N0208_R049_T41WPQ_20190725T092633,Sentinel-2A,350,Ob,176.989289853,47.4198380332,0.8239890038967133,"{""type"":""MultiPoint"",""coordinates"":[]}"
20190725T205031_20190725T205026_T08WNV_5,77.0,43.0,1398.0,348,1154.0,1001.9999999999999,854.0,776.0,552.9999999999999,552.9999999999999,410.0,456.99999999999994,119.00000000000001,41.4014,348,2019-07-25,67.45,-133.74,S2A_MSIL1C_20190725T205031_N0208_R057_T08WNV_20190726T002844,Sentinel-2A,348,Mackenzie,178.376437384,47.5585492602,0.8566485973196365,"{""type"":""MultiPoint"",""coordinates"":[]}"
20190726T010659_20190726T010656_T57WWS_3,91.0,54.0,1288.0,351,978.0000000000001,773.0,513.0,451.0,376.0,363.0,287.0,293.0,121.0,16.3045,351,2019-07-26,68.75,161.3,S2B_MSIL1C_20190726T010659_N0208_R131_T57WWS_20190726T025913,Sentinel-2B,351,Kolyma,174.656565019,49.4554429389,0.7895134488741556,"{""type"":""MultiPoint"",""coordinates"":[]}"
20190726T060639_20190726T060640_T44WPC_1,125.99999999999997,90.0,1278.0,346,926.0,637.9999999999999,445.0,422.00000000000006,413.9999999999999,405.0,332.99999999999994,346.99999999999994,138.0,0.608047144843923,346,2019-07-26,69.37340000000002,86.12130000000002,S2B_MSIL1C_20190726T060639_N0500_R134_T44WPC_20230509T042650,Sentinel-2B,346,Yenisey,174.868249370788,50.3502318036388,0.6682800849278768,"{""type"":""MultiPoint"",""coordinates"":[]}"
20190726T060639_20190726T060640_T45WVS_1,127.00000000000001,90.0,1264.0,353,914.9999999999999,631.0000000000001,440.00000000000006,417.0000000000001,409.0,400.00000000000006,327.99999999999994,344.00000000000006,136.0,18.8994,353,2019-07-26,69.37340000000002,86.12130000000002,S2B_MSIL1C_20190726T060639_N0208_R134_T45WVS_20190726T080448,Sentinel-2B,353,Yenisey,175.92811687,49.4728811375,0.6657881240049998,"{""type"":""MultiPoint"",""coordinates"":[]}"
20190726T060639_20190726T060640_T45WVT_1,127.00000000000001,90.00000000000001,1278.0,353,926.0000000000003,638.0,446.00000000000006,421.99999999999994,413.9999999999999,405.0,332.99999999999994,347.00000000000006,138.00000000000003,0.0844459025387523,353,2019-07-26,69.37340000000002,86.12130000000002,S2B_MSIL1C_20190726T060639_N0500_R134_T45WVT_20230509T042650,Sentinel-2B,353,Yenisey,175.853295898534,50.3695475073819,0.6679841876029968,"{""type"":""MultiPoint"",""coordinates"":[]}"
20190727T012701_20190727T012700_T57WWS_3,148.0,88.0,1712.0,17,1385.0,1109.0,811.0,734.0,647.0,620.0,505.0,558.0,230.0,31.9486,17,2019-07-27,68.75,161.3,S2A_MSIL1C_20190727T012701_N0208_R074_T57WWS_20190727T030353,Sentinel-2A,17,Kolyma,180.825375031,49.6091101125,0.7637669444084167,"{""type"":""MultiPoint"",""coordinates"":[]}"
20190727T204029_20190727T204507_T08WNV_5,85.0,41.0,1528.0,348,1241.9999999999998,1049.0000000000002,878.9999999999998,810.0,602.0,593.0,441.99999999999994,492.00000000000006,149.00000000000003,1.2025,348,2019-07-27,67.45,-133.74,S2B_MSIL1C_20190727T204029_N0208_R014_T08WNV_20190727T223625,Sentinel-2B,348,Mackenzie,175.237023213,48.0561516349,0.8499762568853598,"{""type"":""MultiPoint"",""coordinates"":[]}"
20190729T011659_20190729T011701_T57WWS_3,149.0,94.99999999999999,1442.0,351,1159.0000000000002,984.0,718.0000000000001,646.9999999999999,556.0,550.0,450.99999999999994,467.0,174.99999999999997,31.1184,351,2019-07-29,68.75,161.3,S2B_MSIL1C_20190729T011659_N0208_R031_T57WWS_20190729T024529,Sentinel-2B,351,Kolyma,177.772479987,50.0766193931,0.7360272407531738,"{""type"":""MultiPoint"",""coordinates"":[]}"
20190729T061639_20190729T061837_T45WVS_1,96.0,51.0,1361.0,282,1040.0,712.0,466.0,424.0,434.37905844155847,432.6,350.6,452.14285714285717,127.0,34.0948,282,2019-07-29,69.37340000000002,86.12130000000002,S2B_MSIL1C_20190729T061639_N0208_R034_T45WVS_20190729T082151,Sentinel-2B,282,Yenisey,179.037465488,50.117403235,0.7550051131545691,"{""type"":""MultiPoint"",""coordinates"":[]}"
20190729T202851_20190729T203243_T08WNV_5,292.0,129.0,2279.0,348,1948.0,1644.0000000000002,1446.9999999999998,1443.0,1432.0,1456.0,1248.9999999999998,1256.9999999999998,391.99999999999994,21.9153,348,2019-07-29,67.45,-133.74,S2A_MSIL1C_20190729T202851_N0208_R114_T08WNV_20190729T235853,Sentinel-2A,348,Mackenzie,172.105290756,48.6277341549,0.6978912364751444,"{""type"":""MultiPoint"",""coordinates"":[]}"
20190730T072629_20190730T072623_T41WPP_0,540.2805280528054,358.0,2571.0,94,2181.0,1766.0,1520.0,1378.0,1342.5,1370.6666666666667,1211.0,1131.0,243.0,30.4194,94,2019-07-30,66.63000000000001,66.6,S2B_MSIL1C_20190730T072629_N0208_R049_T41WPP_20190730T092638,Sentinel-2B,94,Ob,176.930156458,47.6653235294,0.5360870063304901,"{""type"":""MultiPoint"",""coordinates"":[]}"
20190731T033549_20190731T033843_T51WWQ_2,204.0,101.0,1937.0,13,1589.0,1306.0,1150.0,1143.0,1005.0,1031.0,789.0,855.0,297.0,0.00486726984980143,13,2019-07-31,66.76905,123.39458,S2B_MSIL1C_20190731T033549_N0500_R061_T51WWQ_20230710T213543,Sentinel-2B,13,Lena,176.820340467103,48.8004156423521,0.7296222448348999,"{""type"":""MultiPoint"",""coordinates"":[]}"
20190731T060641_20190731T060636_T44WPC_1,50.0,21.999999999999996,1266.0000000000002,346,874.9999999999998,568.0000000000001,352.00000000000006,326.0,345.0,332.9999999999999,263.00000000000006,273.99999999999994,96.99999999999996,10.8511,346,2019-07-31,69.37340000000002,86.12130000000002,S2A_MSIL1C_20190731T060641_N0208_R134_T44WPC_20190731T091346,Sentinel-2A,346,Yenisey,174.930778838,51.5125502426,0.8376623392105101,"{""type"":""MultiPoint"",""coordinates"":[]}"
20190731T060641_20190731T060636_T45WVS_1,49.99999999999999,22.000000000000004,1266.0,353,876.0,569.0000000000001,352.0,326.00000000000006,344.99999999999994,332.0,262.0,273.99999999999994,97.00000000000001,0.736336389780813,353,2019-07-31,69.37340000000002,86.12130000000002,S2A_MSIL1C_20190731T060641_N0500_R134_T45WVS_20230710T180529,Sentinel-2A,353,Yenisey,175.984467426965,50.6356440300459,0.8384491205215454,"{""type"":""MultiPoint"",""coordinates"":[]}"
20190731T060641_20190731T060636_T45WVT_1,50.0,22.000000000000004,1267.0000000000002,353,876.0,568.0000000000001,352.0000000000001,326.0,345.00000000000006,333.00000000000006,262.0,274.0,97.00000000000003,13.8764,353,2019-07-31,69.37340000000002,86.12130000000002,S2A_MSIL1C_20190731T060641_N0208_R134_T45WVT_20190731T091346,Sentinel-2A,353,Yenisey,175.906406548,51.5321472696,0.8381876945495605,"{""type"":""MultiPoint"",""coordinates"":[]}"
20190803T034539_20190803T034546_T51WWQ_2,381.0,180.0,2556.0,306,2226.0,1804.0,1501.0,1448.0000000000002,1490.0,1466.0,1300.0,1292.0,505.99999999999994,14.2884,306,2019-08-03,66.76905,123.39458,S2B_MSIL1C_20190803T034539_N0208_R104_T51WWQ_20190803T064330,Sentinel-2B,306,Lena,180.01854468,49.5320376014,0.6510330561684211,"{""type"":""MultiPoint"",""coordinates"":[]}"
20190808T011659_20190808T011700_T57WWS_3,91.0,39.0,1535.0,351,1212.0000000000002,988.0,734.0,660.0,556.9999999999999,555.0,440.3675352877307,446.0,131.0,6.789,351,2019-08-08,68.75,161.3,S2B_MSIL1C_20190808T011659_N0208_R031_T57WWS_20190808T025958,Sentinel-2B,351,Kolyma,178.043489553,52.6622074228,0.8316488262491917,"{""type"":""MultiPoint"",""coordinates"":[]}"
20190808T202851_20190808T202848_T08WNV_5,90.0,42.99999999999999,1610.9999999999998,237,1300.0,1104.0,1026.0,1040.0,913.0,933.0000000000001,734.0,788.0000000000001,185.99999999999997,7.6331,237,2019-08-08,67.45,-133.74,S2A_MSIL1C_20190808T202851_N0208_R114_T08WNV_20190809T002033,Sentinel-2A,237,Mackenzie,172.548186081,51.2394943064,0.8489667118078301,"{""type"":""MultiPoint"",""coordinates"":[]}"
20190810T010651_20190810T010652_T57WWS_3,103.0,40.0,1612.0,351,1287.0000000000002,1034.0000000000002,753.0,677.0,593.0,577.0000000000001,477.99999999999994,480.0,132.0,1.53125035734297,351,2019-08-10,68.75,161.3,S2A_MSIL1C_20190810T010651_N0500_R131_T57WWS_20230505T063452,Sentinel-2A,351,Kolyma,175.121879586434,53.2849622999634,0.8202018398357968,"{""type"":""MultiPoint"",""coordinates"":[]}"
20190810T033539_20190810T033734_T51WWQ_2,157.12306507508663,77.36764416453454,1832.0,331,1441.0,1112.5309749211096,838.5566991017964,784.3489051094891,757.2215655182355,753.6433333333334,629.3789884589273,621.4072981938813,167.99999999999997,0.249335602735226,331,2019-08-10,66.76905,123.39458,S2B_MSIL1C_20190810T033539_N0500_R061_T51WWQ_20230512T090818,Sentinel-2B,331,Lena,177.190822165441,51.4813718860937,0.7517525460746877,"{""type"":""MultiPoint"",""coordinates"":[]}"
20190810T060641_20190810T060635_T44WPC_1,158.00000000000003,106.99999999999999,1463.0,126,1053.0,724.0,493.0,466.0,503.99999999999994,490.0,434.99999999999994,430.0,193.0,16.2249,126,2019-08-10,69.37340000000002,86.12130000000002,S2A_MSIL1C_20190810T060641_N0208_R134_T44WPC_20190810T080756,Sentinel-2A,126,Yenisey,175.323671443,54.1953781896,0.6424514949321747,"{""type"":""MultiPoint"",""coordinates"":[]}"
20190810T060641_20190810T060635_T45WVT_1,152.0,107.0,1459.0,5,1062.0,732.0,481.0,456.0,490.0,480.0,430.0,435.0,193.0,18.6977,5,2019-08-10,69.37340000000002,86.12130000000002,S2A_MSIL1C_20190810T060641_N0208_R134_T45WVT_20190810T080756,Sentinel-2A,5,Yenisey,176.278557966,54.2168415826,0.6529680490493774,"{""type"":""MultiPoint"",""coordinates"":[]}"
20190811T012659_20190811T012702_T57WWS_3,105.99999999999999,45.0,1664.0,351,1361.0,1117.9999999999998,834.0000000000001,734.0000000000001,630.0,624.0,509.0,512.9999999999999,135.99999999999997,20.2082,351,2019-08-11,68.75,161.3,S2B_MSIL1C_20190811T012659_N0208_R074_T57WWS_20190811T031113,Sentinel-2B,351,Kolyma,181.171364205,53.5228887099,0.827282877030349,"{""type"":""MultiPoint"",""coordinates"":[]}"
20190811T071621_20190811T071620_T41WPP_0,621.0,604.0,1605.0,11,1249.0,956.0,827.0,858.0,868.0,893.0,861.0,834.0,352.0,15.0024,11,2019-08-11,66.63000000000001,66.6,S2A_MSIL1C_20190811T071621_N0208_R006_T41WPP_20190811T091907,Sentinel-2A,11,Ob,174.273948487,50.9609672677,0.20891720056533813,"{""type"":""MultiPoint"",""coordinates"":[]}"
20190812T032541_20190812T032540_T51WWQ_2,326.57692307692304,170.0,2381.0,279,1970.9999999999998,1576.0,1276.0,1203.0,1224.0,1203.0,1070.5430107526881,1024.0,262.0,2.29690346083789,279,2019-08-12,66.76905,123.39458,S2A_MSIL1C_20190812T032541_N0500_R018_T51WWQ_20230506T234224,Sentinel-2A,279,Lena,174.234621937022,52.1396017770695,0.6559375694819859,"{""type"":""MultiPoint"",""coordinates"":[]}"
20190813T011701_20190813T011656_T57WWS_3,98.99999999999999,65.0,1373.0,351,1083.0,893.0,631.9999999999999,552.0,436.99999999999994,418.99999999999994,336.0,351.00000000000006,119.0,31.7295,351,2019-08-13,68.75,161.3,S2A_MSIL1C_20190813T011701_N0208_R031_T57WWS_20190813T031349,Sentinel-2A,351,Kolyma,178.273842142,54.12230337,0.799797773361206,"{""type"":""MultiPoint"",""coordinates"":[]}"
20190813T034539_20190813T034541_T51WWQ_2,288.0,140.0,2305.000000000001,267,1945.0,1554.0000000000002,1243.0,1170.0,1201.0,1202.0,1052.0,1016.0,264.0,0.128872545052943,267,2019-08-13,66.76905,123.39458,S2B_MSIL1C_20190813T034539_N0500_R104_T51WWQ_20230512T091815,Sentinel-2B,267,Lena,180.401656120367,52.3530971678035,0.6863242785135905,"{""type"":""MultiPoint"",""coordinates"":[]}"
20190813T070629_20190813T070627_T41WPP_0,81.81504539559013,53.26321839080461,1398.0,350,1004.3363395225465,730.361658561556,621.5035663338089,625.4550099977782,469.35595169637725,453.891419725785,337.10188776829585,377.4691513472677,147.0,8.7031,350,2019-08-13,66.63000000000001,66.6,S2B_MSIL1C_20190813T070629_N0208_R106_T41WPP_20190813T091621,Sentinel-2B,350,Ob,171.350284364,51.6784824637,0.7946167417934963,"{""type"":""MultiPoint"",""coordinates"":[]}"
20190813T070629_20190813T070627_T41WPQ_0,81.81504539559013,53.26321839080461,1398.0,350,1004.3363395225465,730.361658561556,621.4515997554514,625.4550099977782,469.35595169637725,453.94781070322864,337.10188776829585,377.333423035522,147.0,2.3465,350,2019-08-13,66.63000000000001,66.6,S2B_MSIL1C_20190813T070629_N0208_R106_T41WPQ_20190813T091621,Sentinel-2B,350,Ob,171.53505857,52.5596076326,0.7946167417934963,"{""type"":""MultiPoint"",""coordinates"":[]}"
20190815T010659_20190815T010654_T57WWS_3,71.99999999999999,32.99999999999999,1474.0,351,1154.0000000000002,922.0000000000003,652.0000000000001,596.0,490.0,466.00000000000006,364.0,393.99999999999994,152.0,0.0974196368819538,351,2019-08-15,68.75,161.3,S2B_MSIL1C_20190815T010659_N0500_R131_T57WWS_20230504T204608,Sentinel-2B,351,Kolyma,175.445953393298,54.7801073399335,0.8552764058113098,"{""type"":""MultiPoint"",""coordinates"":[]}"
20190815T033541_20190815T033538_T51WWQ_2,531.0,270.00000000000006,2848.0,127,2487.0,2079.0,1809.0,1758.0,1835.0,1838.0,1673.0000000000002,1602.0,497.0,0.0,127,2019-08-15,66.76905,123.39458,S2A_MSIL1C_20190815T033541_N0500_R061_T51WWQ_20230504T193836,Sentinel-2A,127,Lena,177.469693258723,52.9820333749009,0.5926101097176152,"{""type"":""MultiPoint"",""coordinates"":[]}"
20190815T060639_20190815T060638_T44WPC_1,72.00000000000001,30.000000000000004,1410.9999999999995,346,1009.9999999999999,671.0,427.0,389.9999999999999,414.99999999999994,414.99999999999983,334.0,343.0,111.0,0.4683176836802,346,2019-08-15,69.37340000000002,86.12130000000002,S2B_MSIL1C_20190815T060639_N0500_R134_T44WPC_20230504T190148,Sentinel-2B,346,Yenisey,175.643463615784,55.6953126208668,0.8068592211115443,"{""type"":""MultiPoint"",""coordinates"":[]}"
20190815T060639_20190815T060638_T45WVS_1,72.0,30.00000000000001,1395.0000000000002,353,999.0000000000002,664.0000000000002,422.00000000000006,384.99999999999994,409.99999999999994,409.99999999999994,330.0,338.99999999999994,109.0,30.466,353,2019-08-15,69.37340000000002,86.12130000000002,S2B_MSIL1C_20190815T060639_N0208_R134_T45WVS_20190815T084717,Sentinel-2B,353,Yenisey,176.674285309,54.8213829024,0.8037890290327501,"{""type"":""MultiPoint"",""coordinates"":[]}"
20190815T060639_20190815T060638_T45WVT_1,72.0,31.000000000000007,1411.0000000000005,353,1009.9999999999999,671.0,427.00000000000006,389.99999999999994,415.00000000000006,415.0,334.00000000000006,343.00000000000006,111.0,1.78383400433571,353,2019-08-15,69.37340000000002,86.12130000000002,S2B_MSIL1C_20190815T060639_N0500_R134_T45WVT_20230504T190148,Sentinel-2B,353,Yenisey,176.587336436563,55.7183090719914,0.8067151677494233,"{""type"":""MultiPoint"",""coordinates"":[]}"
20190816T012701_20190816T012658_T57WWS_3,52.0,25.0,1375.0,351,1090.9999999999998,889.9999999999999,658.9999999999998,591.0,442.0,417.0,320.0,350.0,124.0,0.0,351,2019-08-16,68.75,161.3,S2A_MSIL1C_20190816T012701_N0500_R074_T57WWS_20230504T213742,Sentinel-2A,351,Kolyma,181.406268282914,55.0469068658975,0.889091273520294,"{""type"":""MultiPoint"",""coordinates"":[]}"
20190818T011659_20190818T011658_T57WWS_3,112.99999999999996,56.0,1644.0000000000005,351,1323.9999999999998,1083.0,877.0,799.0,643.0,636.0,500.0,520.0,141.0,13.3357,351,2019-08-18,68.75,161.3,S2B_MSIL1C_20190818T011659_N0208_R031_T57WWS_20190818T031253,Sentinel-2B,351,Kolyma,178.598931098,55.6797085983,0.8113037250893189,"{""type"":""MultiPoint"",""coordinates"":[]}"
20190818T061639_20190818T061636_T44WPC_1,288.0,208.0,1781.9999999999995,346,1352.0,992.0,755.0,709.0000000000001,736.0,749.0,684.0,643.0,287.99999999999994,41.0162,346,2019-08-18,69.37340000000002,86.12130000000002,S2B_MSIL1C_20190818T061639_N0208_R034_T44WPC_20190818T082145,Sentinel-2B,346,Yenisey,178.763611612,56.601984674,0.5496171116828918,"{""type"":""MultiPoint"",""coordinates"":[]}"
20190818T061639_20190818T061636_T45WVS_1,289.0,206.99999999999997,1782.0,353,1352.0,992.0,754.0,708.0,734.0,749.0,684.0000000000001,643.0,289.0,47.0178,353,2019-08-18,69.37340000000002,86.12130000000002,S2B_MSIL1C_20190818T061639_N0208_R034_T45WVS_20190818T082145,Sentinel-2B,353,Yenisey,179.818733496,55.7437938947,0.5495297610759735,"{""type"":""MultiPoint"",""coordinates"":[]}"
20190818T221531_20190818T221534_T03VXJ_4,638.9999999999999,449.99999999999994,2268.9999999999995,342,1984.9999999999998,1782.9999999999995,1671.9999999999998,1751.9999999999998,2074.0,2216.0,2179.0,2059.0,804.9999999999999,28.3819,342,2019-08-18,61.93,-162.88,S2A_MSIL1C_20190818T221531_N0208_R115_T03VXJ_20190818T235258,Sentinel-2A,342,Yukon,169.201169423,49.1256637178,0.4722452461719513,"{""type"":""MultiPoint"",""coordinates"":[]}"
20190819T072619_20190819T072621_T41WPP_0,46.00000000000001,18.000000000000004,1231.0,350,871.0,606.0,472.0,463.0,371.0,363.99999999999994,273.0,289.99999999999994,91.0,5.9649,350,2019-08-19,66.63000000000001,66.6,S2B_MSIL1C_20190819T072619_N0208_R049_T41WPP_20190819T094221,Sentinel-2B,350,Ob,177.914467662,53.3704922022,0.8581432920412507,"{""type"":""MultiPoint"",""coordinates"":[]}"
20190819T072619_20190819T072621_T41WPQ_0,46.00000000000001,18.000000000000004,1231.0,350,871.0,606.0,472.0,463.0,370.99999999999994,364.0,273.0,289.99999999999994,90.99999999999999,7.5088,350,2019-08-19,66.63000000000001,66.6,S2B_MSIL1C_20190819T072619_N0208_R049_T41WPQ_20190819T094221,Sentinel-2B,350,Ob,178.019813387,54.2639741775,0.8581742172379758,"{""type"":""MultiPoint"",""coordinates"":[]}"
20190820T010651_20190820T010651_T57WWS_3,267.0,183.0,1681.0,20,1403.0,1233.0,1109.0,1057.0,890.0,900.0,749.0,778.0,278.0,46.9224,20,2019-08-20,68.75,161.3,S2A_MSIL1C_20190820T010651_N0208_R131_T57WWS_20190820T030314,Sentinel-2A,20,Kolyma,175.79856194,56.3685118372,0.644946813583374,"{""type"":""MultiPoint"",""coordinates"":[]}"
20190821T012659_20190821T012700_T57WWS_3,250.99999999999997,163.0,1552.0,351,1295.9999999999998,1139.0,1030.0000000000002,981.0,802.0,807.0,653.0,703.0,189.0,39.3652,351,2019-08-21,68.75,161.3,S2B_MSIL1C_20190821T012659_N0208_R074_T57WWS_20190821T024935,Sentinel-2B,351,Kolyma,181.726214052,56.6633832413,0.639582310263459,"{""type"":""MultiPoint"",""coordinates"":[]}"
20190821T062639_20190821T062745_T44WPC_1,63.00000000000001,32.0,1402.0,346,1032.0,703.0,452.0,405.00000000000006,418.0,409.00000000000006,341.00000000000006,332.0,104.0,8.5849,346,2019-08-21,69.37340000000002,86.12130000000002,S2B_MSIL1C_20190821T062639_N0208_R077_T44WPC_20190821T092642,Sentinel-2B,346,Yenisey,181.860126336,57.5900813845,0.8363636136054993,"{""type"":""MultiPoint"",""coordinates"":[]}"
20190821T062639_20190821T062745_T45WVS_1,61.99999999999999,32.0,1402.0000000000002,353,1033.0,703.0,452.00000000000006,406.0,418.0,408.9999999999998,341.0,332.00000000000006,103.99999999999999,24.119,353,2019-08-21,69.37340000000002,86.12130000000002,S2B_MSIL1C_20190821T062639_N0208_R077_T45WVS_20190821T092642,Sentinel-2B,353,Yenisey,182.935128202,56.7498758122,0.8371316478387365,"{""type"":""MultiPoint"",""coordinates"":[]}"
20190821T062639_20190821T062745_T45WVT_1,63.00000000000001,32.0,1417.9999999999998,353,1044.0000000000002,711.0,457.0,410.00000000000006,423.0,414.0,345.0,334.9999999999999,105.99999999999999,0.0229627638926215,353,2019-08-21,69.37340000000002,86.12130000000002,S2B_MSIL1C_20190821T062639_N0500_R077_T45WVT_20230718T200207,Sentinel-2B,353,Yenisey,182.787238451925,57.6432540262368,0.8385761160454992,"{""type"":""MultiPoint"",""coordinates"":[]}"
20190821T071621_20190821T071619_T41WPP_0,44.0,21.999999999999996,1266.0,350,887.0,598.0,445.0,432.0,344.0,327.0000000000001,239.0,263.99999999999994,84.00000000000001,17.9652,350,2019-08-21,66.63000000000001,66.6,S2A_MSIL1C_20190821T071621_N0208_R006_T41WPP_20190821T083642,Sentinel-2A,350,Ob,175.044746034,54.0847099471,0.8625963824614078,"{""type"":""MultiPoint"",""coordinates"":[]}"
20190821T071621_20190821T071619_T41WPQ_0,44.0,21.999999999999996,1266.0,350,887.0,598.0,445.0,432.0,344.00000000000006,326.99999999999994,240.0,263.99999999999994,83.0,15.8786,350,2019-08-21,66.63000000000001,66.6,S2A_MSIL1C_20190821T071621_N0208_R006_T41WPQ_20190821T083642,Sentinel-2A,350,Ob,175.179634039,54.9741863557,0.8625963824614078,"{""type"":""MultiPoint"",""coordinates"":[]}"
20190821T222541_20190821T222535_T03VXJ_4,79.0,34.0,1536.9999999999998,342,1319.0,1241.0000000000002,1220.0,1219.9999999999998,1166.0,1205.0,1007.0000000000001,1041.0,193.99999999999997,7.8686,342,2019-08-21,61.93,-162.88,S2A_MSIL1C_20190821T222541_N0208_R015_T03VXJ_20190822T001342,Sentinel-2A,342,Yukon,172.718236586,49.913723407,0.8800032838338365,"{""type"":""MultiPoint"",""coordinates"":[]}"
20190823T011701_20190823T011655_T57WWS_3,56.00000000000001,29.999999999999996,1506.9999999999998,351,1224.0,1063.0,959.9999999999998,875.9999999999998,623.9999999999999,609.0,426.99999999999994,486.0,102.0,33.015,351,2019-08-23,68.75,161.3,S2A_MSIL1C_20190823T011701_N0208_R031_T57WWS_20190823T031901,Sentinel-2A,351,Kolyma,178.946561315,57.3248650309,0.9007612174307859,"{""type"":""MultiPoint"",""coordinates"":[]}"
20190823T061631_20190823T061755_T44WPC_1,799.0,486.0,2106.0,9,1688.0,1401.0,1171.0,1135.0,1212.0,1253.0,1132.0,1209.0,384.0,29.1242,9,2019-08-23,69.37340000000002,86.12130000000002,S2A_MSIL1C_20190823T061631_N0208_R034_T44WPC_20190823T081730,Sentinel-2A,9,Yenisey,179.107471555,58.2509471675,0.2762836217880249,"{""type"":""MultiPoint"",""coordinates"":[]}"
20190823T202849_20190823T202911_T08WNV_5,78.0,35.99999999999999,1588.0000000000002,348,1279.9999999999998,1075.9999999999998,1015.0,1003.0,815.0,813.0,621.0,685.0,164.0,5.4719,348,2019-08-23,67.45,-133.74,S2B_MSIL1C_20190823T202849_N0208_R114_T08WNV_20190823T221347,Sentinel-2B,348,Mackenzie,173.753224654,55.9125405893,0.8640522349275939,"{""type"":""MultiPoint"",""coordinates"":[]}"
20190824T223531_20190824T223534_T03VXJ_4,62.99999999999999,29.0,1510.9999999999998,342,1352.9999999999998,1305.0,1333.0000000000002,1308.0,1163.0,1191.9999999999998,963.0,1015.0000000000001,155.0,0.613357482780891,342,2019-08-24,61.93,-162.88,S2A_MSIL1C_20190824T223531_N0500_R058_T03VXJ_20230503T093729,Sentinel-2A,342,Yukon,176.192701687397,50.8081877661796,0.9075342218081156,"{""type"":""MultiPoint"",""coordinates"":[]}"
20190826T204019_20190826T204435_T08WNV_5,80.0,43.0,1578.0,348,1314.0000000000002,1158.0,1142.0,1100.0,839.9999999999999,842.9999999999999,626.0,698.4748603351956,131.0,13.1669,348,2019-08-26,67.45,-133.74,S2B_MSIL1C_20190826T204019_N0208_R014_T08WNV_20190826T224022,Sentinel-2B,348,Mackenzie,176.973827334,56.8627610075,0.8701771553691353,"{""type"":""MultiPoint"",""coordinates"":[]}"
20190827T032539_20190827T032541_T51WWQ_2,120.99239904988124,69.27180966113913,1474.0,236,1090.4131561892418,776.7272727272727,549.625,501.0,449.5549301242235,445.19884432358936,357.0676901605024,364.97685656154636,108.05008278145695,25.927,236,2019-08-27,66.76905,123.39458,S2B_MSIL1C_20190827T032539_N0208_R018_T51WWQ_20190827T060256,Sentinel-2B,236,Lena,175.4865095,56.9926673881,0.7322588562965393,"{""type"":""MultiPoint"",""coordinates"":[]}"
20190829T223539_20190829T223536_T03VXJ_4,86.0,34.0,1591.9999999999998,342,1399.0,1329.0000000000002,1332.0,1314.0,1291.0,1345.0,1174.0,1160.0,185.99999999999994,0.0,342,2019-08-29,61.93,-162.88,S2B_MSIL1C_20190829T223539_N0500_R058_T03VXJ_20230523T082219,Sentinel-2B,342,Yukon,176.719424499261,52.5471445470596,0.8785024384657542,"{""type"":""MultiPoint"",""coordinates"":[]}"
20190831T062629_20190831T062631_T44WPC_1,54.0,35.0,1240.9999999999998,346,888.0,587.0,360.99999999999994,328.00000000000006,316.00000000000006,301.0,246.0,247.00000000000003,100.00000000000001,13.7749,346,2019-08-31,69.37340000000002,86.12130000000002,S2B_MSIL1C_20190831T062629_N0208_R077_T44WPC_20190831T101120,Sentinel-2B,346,Yenisey,182.593446658,61.0650067034,0.8315132856369019,"{""type"":""MultiPoint"",""coordinates"":[]}"
20190831T062629_20190831T062631_T45WVS_1,54.00000000000001,34.99999999999999,1240.9999999999995,353,888.0000000000001,587.0,361.0000000000001,327.99999999999994,315.0000000000001,301.0,246.00000000000003,246.00000000000003,100.0,42.0387,353,2019-08-31,69.37340000000002,86.12130000000002,S2B_MSIL1C_20190831T062629_N0208_R077_T45WVS_20190831T101120,Sentinel-2B,353,Yenisey,183.645029319,60.2293373861,0.8307872414588928,"{""type"":""MultiPoint"",""coordinates"":[]}"
20190831T062629_20190831T062631_T45WVT_1,54.00000000000001,34.99999999999999,1240.9999999999998,353,887.0,587.0,361.0000000000001,327.99999999999994,315.00000000000006,301.0,246.0,246.00000000000003,100.99999999999999,11.0639,353,2019-08-31,69.37340000000002,86.12130000000002,S2B_MSIL1C_20190831T062629_N0208_R077_T45WVT_20190831T101120,Sentinel-2B,353,Yenisey,183.49689277,61.1215323454,0.8307872414588928,"{""type"":""MultiPoint"",""coordinates"":[]}"
20190901T032541_20190901T032602_T51WWQ_2,121.42350794891841,81.90790899241603,1510.5128422840162,247,1106.5492138703426,794.7033870437356,561.9981696156193,513.0090256032419,465.8239292997961,441.37273050907794,373.5616740088106,373.4143522833178,128.0,8.622,247,2019-09-01,66.76905,123.39458,S2A_MSIL1C_20190901T032541_N0208_R018_T51WWQ_20190901T063143,Sentinel-2A,247,Lena,175.966349735,58.7603651927,0.732619432683261,"{""type"":""MultiPoint"",""coordinates"":[]}"
20190902T011651_20190902T011653_T57WWS_3,46.0,24.0,1553.0,130,1243.0,1057.0,779.0,645.0,418.0,386.0,283.0,312.0,121.0,13.4099,130,2019-09-02,68.75,161.3,S2A_MSIL1C_20190902T011651_N0208_R031_T57WWS_20190902T030613,Sentinel-2A,130,Kolyma,179.787327901,60.8362254825,0.9163602590560913,"{""type"":""MultiPoint"",""coordinates"":[]}"
20190902T070629_20190902T070950_T41WPQ_0,153.0,103.0,1495.0,51,1027.0,731.0,567.0,545.0,490.0,486.0,413.0,357.0,180.0,42.4493,51,2019-09-02,66.63000000000001,66.6,S2B_MSIL1C_20190902T070629_N0208_R106_T41WPQ_20190902T093809,Sentinel-2B,51,Ob,173.455663178,59.2228793284,0.6621924042701721,"{""type"":""MultiPoint"",""coordinates"":[]}"
20190902T202929_20190902T203500_T08WNV_5,56.000000000000014,28.0,1550.0,348,1240.0000000000002,1037.0,930.0,864.0,583.0,562.0000000000001,398.0,462.0,132.0,20.0027,348,2019-09-02,67.45,-133.74,S2B_MSIL1C_20190902T202929_N0208_R114_T08WNV_20190902T235240,Sentinel-2B,348,Mackenzie,174.768254671,59.4165151347,0.8976789198000968,"{""type"":""MultiPoint"",""coordinates"":[]}"
20190904T010649_20190904T010651_T57WWS_3,50.0,20.0,1435.0000000000002,351,1138.0,918.0000000000001,620.0,526.9999999999999,369.0,339.99999999999994,258.0,284.00000000000006,122.0,0.127055140209042,351,2019-09-04,68.75,161.3,S2B_MSIL1C_20190904T010649_N0500_R131_T57WWS_20230501T112700,Sentinel-2B,351,Kolyma,177.169017261695,61.5876955206315,0.896642883524107,"{""type"":""MultiPoint"",""coordinates"":[]}"
20190905T012701_20190905T012655_T57WWS_3,251.0,174.99999999999997,1602.0,286,1302.0,1060.0,801.0,737.0,624.0,604.0,546.0,558.0,306.00000000000006,4.3433,286,2019-09-05,68.75,161.3,S2A_MSIL1C_20190905T012701_N0208_R074_T57WWS_20190905T032112,Sentinel-2A,286,Kolyma,182.86427084,61.9621561912,0.6148359775543213,"{""type"":""MultiPoint"",""coordinates"":[]}"
20190907T061629_20190907T061632_T44WPC_1,195.0,147.0,1575.0,218,1165.0,800.0,566.0000000000001,514.0,481.0,476.0,410.0,414.0,202.0,29.8249,218,2019-09-07,69.37340000000002,86.12130000000002,S2B_MSIL1C_20190907T061629_N0208_R034_T44WPC_20190907T090429,Sentinel-2B,218,Yenisey,180.406884279,63.6148947579,0.6087388396263123,"{""type"":""MultiPoint"",""coordinates"":[]}"
20190907T061629_20190907T061632_T45WVT_1,194.0,145.99999999999997,1577.0,273,1160.0,797.0,563.0,512.0,479.0,474.0,408.00000000000006,410.0,201.0,24.388,273,2019-09-07,69.37340000000002,86.12130000000002,S2B_MSIL1C_20190907T061629_N0208_R034_T45WVT_20190907T090429,Sentinel-2B,273,Yenisey,181.296504193,63.6608861363,0.6096039034597127,"{""type"":""MultiPoint"",""coordinates"":[]}"
20190907T070621_20190907T070808_T41WPP_0,55.00000000000001,30.000000000000004,1394.0,350,977.0,657.0000000000001,485.0,458.0,351.99999999999994,328.0,248.0,263.0,75.0,1.5126,350,2019-09-07,66.63000000000001,66.6,S2A_MSIL1C_20190907T070621_N0208_R106_T41WPP_20190907T090928,Sentinel-2A,350,Ob,173.872511159,60.1632563212,0.8468558341264725,"{""type"":""MultiPoint"",""coordinates"":[]}"
20190907T070621_20190907T070808_T41WPQ_0,55.00000000000001,30.000000000000004,1394.0,350,977.0,657.0000000000001,485.0,458.0,352.0,328.0,248.0,263.0,75.0,5.0014,350,2019-09-07,66.63000000000001,66.6,S2A_MSIL1C_20190907T070621_N0208_R106_T41WPQ_20190907T090928,Sentinel-2A,350,Ob,174.00135531,61.0504638779,0.8468025624752045,"{""type"":""MultiPoint"",""coordinates"":[]}"
20190912T011651_20190912T011651_T57WWS_3,643.0,544.0,2047.0,24,1784.0,1473.0,1228.0,1165.0,1081.0,1081.0,1023.0,994.0,423.0,41.125,24,2019-09-12,68.75,161.3,S2A_MSIL1C_20190912T011651_N0208_R031_T57WWS_20190912T031649,Sentinel-2A,24,Kolyma,180.719018012,64.5675026429,0.3919999897480011,"{""type"":""MultiPoint"",""coordinates"":[]}"
20190912T034539_20190912T034535_T51WWQ_2,109.53435672514621,73.22480260102184,1390.3547688978206,260,1036.5527984560242,740.7928488146133,537.0598360655738,473.17911335911936,389.43882213572516,372.5,305.3211586901763,310.0232770424464,110.51970108695653,3.27655202226499,260,2019-09-12,66.76905,123.39458,S2B_MSIL1C_20190912T034539_N0500_R104_T51WWQ_20230429T081239,Sentinel-2B,260,Lena,182.72215355615,62.8348493595543,0.7444901393807453,"{""type"":""MultiPoint"",""coordinates"":[]}"
20190912T203029_20190912T203028_T08WNV_5,443.0,335.0,2173.0,38,1694.0,1319.0,1165.0,1127.0,1043.0,1036.0,909.0,806.0,363.0,25.044,38,2019-09-12,67.45,-133.74,S2B_MSIL1C_20190912T203029_N0208_R114_T08WNV_20190912T222920,Sentinel-2B,38,Mackenzie,175.861726707,63.1310608884,0.4951567053794861,"{""type"":""MultiPoint"",""coordinates"":[]}"
20190913T223531_20190913T223531_T03VXJ_4,149.3973447131342,93.4538685658789,1650.5,300,1454.3949093713848,1372.5237815619496,1392.3527496382055,1318.564424173318,1009.5867997781473,1029.3552338530067,777.8558875219684,841.2721112696148,145.0,9.8171,300,2019-09-13,61.93,-162.88,S2A_MSIL1C_20190913T223531_N0208_R058_T03VXJ_20190914T002454,Sentinel-2A,300,Yukon,178.350621682,58.0928610525,0.8023095575310071,"{""type"":""MultiPoint"",""coordinates"":[]}"
20190914T010649_20190914T010648_T57WWS_3,106.99999999999999,74.0,1546.9999999999998,351,1205.0,930.9999999999998,628.9999999999998,535.0,401.00000000000006,372.0,300.0,317.00000000000006,182.99999999999997,31.5791,351,2019-09-14,68.75,161.3,S2B_MSIL1C_20190914T010649_N0208_R131_T57WWS_20190914T025011,Sentinel-2B,351,Kolyma,178.179311433,65.3366052192,0.7950472159971269,"{""type"":""MultiPoint"",""coordinates"":[]}"
20190914T033531_20190914T033534_T51WWQ_2,81.59893822393822,65.15901680461499,1354.276595744681,259,974.5291326127076,688.12752293578,489.4170073589534,433.4822134387352,337.897326554043,313.2604712041885,245.0681522748375,261.418284789644,125.6092381205203,11.2581,259,2019-09-14,66.76905,123.39458,S2A_MSIL1C_20190914T033531_N0208_R061_T51WWQ_20190914T063300,Sentinel-2A,259,Lena,180.118310325,63.5736738427,0.7832856263433184,"{""type"":""MultiPoint"",""coordinates"":[]}"
20190915T012651_20190915T012654_T57WWS_3,54.000000000000014,32.0,1551.0,351,1233.0,962.9999999999999,662.0000000000001,522.0,356.99999999999994,325.99999999999994,242.0,264.0,78.0,48.6482,351,2019-09-15,68.75,161.3,S2A_MSIL1C_20190915T012651_N0208_R074_T57WWS_20190915T032308,Sentinel-2A,351,Kolyma,183.738836663,65.7560143779,0.8936644871017231,"{""type"":""MultiPoint"",""coordinates"":[]}"
20190915T062631_20190915T062627_T44WPC_1,96.0,55.0,1608.0,101,1215.0,807.0,562.0,517.0,460.0,429.0,359.0,368.0,172.0,16.966,101,2019-09-15,69.37340000000002,86.12130000000002,S2A_MSIL1C_20190915T062631_N0208_R077_T44WPC_20190915T075112,Sentinel-2A,101,Yenisey,183.861249107,66.6940184428,0.7864293456077576,"{""type"":""MultiPoint"",""coordinates"":[]}"
20190915T062631_20190915T062627_T45WVS_1,94.0,55.0,1611.0,177,1214.0,807.0,561.0,513.0,459.99999999999994,428.0,357.0,365.0,179.0,34.2507,177,2019-09-15,69.37340000000002,86.12130000000002,S2A_MSIL1C_20190915T062631_N0208_R077_T45WVS_20190915T075112,Sentinel-2A,177,Yenisey,184.875892675,65.8665131175,0.7905286848545074,"{""type"":""MultiPoint"",""coordinates"":[]}"
20190915T062631_20190915T062627_T45WVT_1,94.0,55.0,1611.0,177,1214.0,807.0,561.0,513.0,459.99999999999994,428.0,357.0,365.0,179.00000000000003,18.1638,177,2019-09-15,69.37340000000002,86.12130000000002,S2A_MSIL1C_20190915T062631_N0208_R077_T45WVT_20190915T075112,Sentinel-2A,177,Yenisey,184.730670083,66.7565160915,0.7905286848545074,"{""type"":""MultiPoint"",""coordinates"":[]}"
20190917T070621_20190917T070747_T41WPP_0,57.0,27.000000000000004,1451.0,350,1026.0,691.0000000000001,509.00000000000006,496.00000000000006,387.99999999999994,360.0,283.0,301.0,121.0,0.0,350,2019-09-17,66.63000000000001,66.6,S2A_MSIL1C_20190917T070621_N0500_R106_T41WPP_20230627T045428,Sentinel-2A,350,Ob,175.038370987309,63.9322272676161,0.8473258214852034,"{""type"":""MultiPoint"",""coordinates"":[]}"
20190917T070621_20190917T070747_T41WPQ_0,56.00000000000001,26.0,1451.0,350,1027.0,691.0,508.00000000000006,495.99999999999994,388.0,360.0,282.0,301.0,121.0,14.1775,350,2019-09-17,66.63000000000001,66.6,S2A_MSIL1C_20190917T070621_N0208_R106_T41WPQ_20190917T091957,Sentinel-2A,350,Ob,175.147791593,64.8216412311,0.8503338595231374,"{""type"":""MultiPoint"",""coordinates"":[]}"
20190918T223529_20190918T223531_T03VXJ_4,51.0,25.999999999999996,1388.9999999999998,342,1179.0,1071.0,1037.0,973.0,676.0,653.0000000000001,453.9999999999999,540.0,121.0,0.19014293731225,342,2019-09-18,61.93,-162.88,S2B_MSIL1C_20190918T223529_N0500_R058_T03VXJ_20230430T205910,Sentinel-2B,342,Yukon,178.89978775306,60.0137457902686,0.9080462405480534,"{""type"":""MultiPoint"",""coordinates"":[]}"
20190919T010651_20190919T010648_T57WWS_3,50.99999999999999,25.0,1617.0,351,1255.0000000000002,958.0000000000002,677.0,572.0,383.99999999999994,342.00000000000006,250.0,287.0,117.00000000000001,0.0455932597121411,351,2019-09-19,68.75,161.3,S2A_MSIL1C_20190919T010651_N0500_R131_T57WWS_20230430T174405,Sentinel-2A,351,Kolyma,178.686917419102,67.2587367957015,0.8986315106993671,"{""type"":""MultiPoint"",""coordinates"":[]}"
20190919T060631_20190919T060732_T44WPC_1,60.00000000000001,26.0,1561.0000000000002,346,1112.0,715.9999999999999,462.9999999999999,417.00000000000006,375.00000000000006,339.99999999999994,279.0,290.00000000000006,130.0,5.9473,346,2019-09-19,69.37340000000002,86.12130000000002,S2A_MSIL1C_20190919T060631_N0208_R134_T44WPC_20190919T091451,Sentinel-2A,346,Yenisey,178.840498027,68.1947914182,0.8453651666641235,"{""type"":""MultiPoint"",""coordinates"":[]}"
20190919T060631_20190919T060732_T45WVS_1,59.00000000000001,26.999999999999996,1561.0,353,1112.0000000000002,716.0000000000001,464.0,415.99999999999994,375.99999999999994,339.00000000000006,278.0,290.00000000000006,130.99999999999997,25.854,353,2019-09-19,69.37340000000002,86.12130000000002,S2A_MSIL1C_20190919T060631_N0208_R134_T45WVS_20190919T091451,Sentinel-2A,353,Yenisey,179.816990039,67.3368106187,0.8460510966138289,"{""type"":""MultiPoint"",""coordinates"":[]}"
20190919T060631_20190919T060732_T45WVT_1,59.00000000000001,26.999999999999996,1560.9999999999998,353,1112.0000000000002,716.0000000000001,464.0,415.99999999999994,375.0,338.99999999999994,279.0,290.00000000000006,130.99999999999997,18.8671,353,2019-09-19,69.37340000000002,86.12130000000002,S2A_MSIL1C_20190919T060631_N0208_R134_T45WVT_20190919T091451,Sentinel-2A,353,Yenisey,179.704793461,68.233145238,0.8460510966138289,"{""type"":""MultiPoint"",""coordinates"":[]}"
20190920T062629_20190920T062627_T44WPC_1,755.0,584.0,2340.0,19,1922.0,1465.0,1280.0,1223.0,1203.0,1232.0,1186.0,1086.0,414.0,41.0841,19,2019-09-20,69.37340000000002,86.12130000000002,S2B_MSIL1C_20190920T062629_N0208_R077_T44WPC_20190920T092439,Sentinel-2B,19,Yenisey,184.294156544,68.6359119237,0.32097649574279785,"{""type"":""MultiPoint"",""coordinates"":[]}"
20190920T062629_20190920T062627_T45WVT_1,781.0,599.0,2340.0,25,1953.0,1502.0,1321.0,1260.0,1238.0,1235.0,1185.0,1121.0,409.0,31.8524,25,2019-09-20,69.37340000000002,86.12130000000002,S2B_MSIL1C_20190920T062629_N0208_R077_T45WVT_20190920T092439,Sentinel-2B,25,Yenisey,185.152583544,68.7004438702,0.3251184821128845,"{""type"":""MultiPoint"",""coordinates"":[]}"
20190920T071621_20190920T071617_T41WPP_0,117.00000000000001,75.0,1547.0,350,1138.0,794.0,614.7142857142857,590.5142857142857,490.4132901134521,462.5649153278333,378.6,396.77507598784194,165.0,40.827,350,2019-09-20,66.63000000000001,66.6,S2A_MSIL1C_20190920T071621_N0208_R006_T41WPP_20190920T083632,Sentinel-2A,350,Ob,178.131528299,65.0293054459,0.7512619801210445,"{""type"":""MultiPoint"",""coordinates"":[]}"
20190920T071621_20190920T071617_T41WPQ_0,117.00000000000001,75.0,1547.0,350,1138.0,794.0,614.7142857142857,590.5142857142857,490.4873547505126,462.6756404689535,378.7033158813264,396.649267982177,163.99999999999997,28.4373,350,2019-09-20,66.63000000000001,66.6,S2A_MSIL1C_20190920T071621_N0208_R006_T41WPQ_20190920T083632,Sentinel-2A,350,Ob,178.218284185,65.9229914488,0.7512791514396667,"{""type"":""MultiPoint"",""coordinates"":[]}"
20190921T032541_20190921T032602_T51WWQ_2,100.66541026384459,73.9044954299571,1480.5521077283372,263,1060.0,726.4924460431654,512.6714944042133,453.24447334200266,361.6381156316916,329.669274016133,265.583060824068,280.3333333333333,122.52097683155917,2.13434261996476,263,2019-09-21,66.76905,123.39458,S2A_MSIL1C_20190921T032541_N0500_R018_T51WWQ_20230719T075044,Sentinel-2A,263,Lena,178.083012377684,66.2852691315288,0.7557321856402206,"{""type"":""MultiPoint"",""coordinates"":[]}"
20190925T204209_20190925T204208_T08WNV_5,115.00000000000001,83.0,1696.0,348,1339.0,1047.0,856.0,748.0,517.0,483.0,360.99999999999994,404.0,138.0,28.2481,348,2019-09-25,67.45,-133.74,S2B_MSIL1C_20190925T204209_N0208_R014_T08WNV_20190925T222254,Sentinel-2B,348,Mackenzie,179.941668039,68.110717137,0.8013554612795512,"{""type"":""MultiPoint"",""coordinates"":[]}"
20190925T222529_20190925T222532_T03VXJ_4,67.0,28.999999999999996,1663.0,342,1299.0,1052.5,989.0,950.5,769.0,750.0,568.3333333333334,581.0,161.0,24.1176,342,2019-09-25,61.93,-162.88,S2B_MSIL1C_20190925T222529_N0208_R015_T03VXJ_20190926T000235,Sentinel-2B,342,Yukon,176.824437712,62.7649360415,0.8743359495836551,"{""type"":""MultiPoint"",""coordinates"":[]}"
20190927T011649_20190927T011652_T57WWS_3,49.99999999999999,24.0,1638.0,351,1257.0,924.0,586.0000000000001,479.99999999999994,356.0,328.99999999999994,247.0,267.0,121.99999999999997,1.55552569500433,351,2019-09-27,68.75,161.3,S2B_MSIL1C_20190927T011649_N0500_R031_T57WWS_20230702T013341,Sentinel-2B,351,Kolyma,182.108320470662,70.380448265484,0.8982030293140013,"{""type"":""MultiPoint"",""coordinates"":[]}"
20191007T011659_20191007T011653_T57WWS_3,48.99999999999999,23.999999999999996,1979.0000000000007,351,1528.9999999999998,1075.0,708.0000000000001,599.9999999999999,467.0,425.9999999999999,317.0,351.00000000000006,167.0,14.1305,351,2019-10-07,68.75,161.3,S2B_MSIL1C_20191007T011659_N0208_R031_T57WWS_20191007T025838,Sentinel-2B,351,Kolyma,182.882434684,74.2634906487,0.9123491540659335,"{""type"":""MultiPoint"",""coordinates"":[]}"
20191007T070751_20191007T070751_T41WPP_0,70.0,37.0,1849.0000000000005,256,1353.0,908.0,745.0,704.2554956449607,528.0,482.49967341606794,356.99999999999994,396.50461741424795,142.0,4.98637611123433,256,2019-10-07,66.63000000000001,66.6,S2A_MSIL1C_20191007T070751_N0500_R106_T41WPP_20230708T145649,Sentinel-2A,256,Ob,177.090834574595,71.6370838176547,0.8552642964068197,"{""type"":""MultiPoint"",""coordinates"":[]}"
20191007T070751_20191007T070751_T41WPQ_0,69.0,36.00000000000001,1845.0000000000002,212,1350.0,906.0,739.0,697.0000000000001,523.0,475.0,353.0,391.99999999999994,141.0,38.4334,212,2019-10-07,66.63000000000001,66.6,S2A_MSIL1C_20191007T070751_N0208_R106_T41WPQ_20191007T090955,Sentinel-2A,212,Ob,177.174004447,72.5295847411,0.8566511467376107,"{""type"":""MultiPoint"",""coordinates"":[]}"
20191008T223539_20191008T223533_T03VXJ_4,126.00000000000003,74.0,1722.0,342,1420.0000000000002,1163.0,1101.0,1025.0000000000002,782.0,759.0,574.0,630.0000000000001,157.0,8.9469,342,2019-10-08,61.93,-162.88,S2B_MSIL1C_20191008T223539_N0208_R058_T03VXJ_20191009T001136,Sentinel-2B,342,Yukon,180.74991656,67.7578934738,0.8052938980067841,"{""type"":""MultiPoint"",""coordinates"":[]}"
20191009T033639_20191009T033832_T51WWQ_2,77.89474855362705,46.46909032671364,2092.377218934911,315,1595.4796110414054,1116.1073703366696,875.7119411431805,778.4832511036095,615.8311026131294,583.7503944914647,426.95482866043614,475.42957154858584,173.21901558073654,0.291976469885634,315,2019-10-09,66.76905,123.39458,S2B_MSIL1C_20191009T033639_N0500_R061_T51WWQ_20230709T051158,Sentinel-2B,315,Lena,182.287846907718,73.2627515262694,0.8723718537028228,"{""type"":""MultiPoint"",""coordinates"":[]}"
20191009T060741_20191009T060739_T45WVS_1,56.0,24.0,2012.0,5,1475.0,933.0,631.0,536.0,471.0,406.5,289.0,346.0,162.0,49.1364,5,2019-10-09,69.37340000000002,86.12130000000002,S2A_MSIL1C_20191009T060741_N0208_R134_T45WVS_20191009T091640,Sentinel-2A,5,Yenisey,181.522959092,75.0879831547,0.8864097595214844,"{""type"":""MultiPoint"",""coordinates"":[]}"
20191009T060741_20191009T060739_T45WVT_1,56.0,26.0,2027.0,5,1469.0,950.0,632.0,556.0,466.0,404.0,309.0,346.0,163.0,41.6485,5,2019-10-09,69.37340000000002,86.12130000000002,S2A_MSIL1C_20191009T060741_N0208_R134_T45WVT_20191009T091640,Sentinel-2A,5,Yenisey,181.408901997,75.9829250283,0.8886680006980896,"{""type"":""MultiPoint"",""coordinates"":[]}"
20191010T012659_20191010T012656_T57WWS_3,46.0,22.0,2187.0,351,1715.0000000000002,1191.9999999999998,800.0000000000002,681.0,550.0,506.00000000000006,381.0,415.00000000000006,192.00000000000003,3.1374,351,2019-10-10,68.75,161.3,S2B_MSIL1C_20191010T012659_N0208_R074_T57WWS_20191010T030939,Sentinel-2B,351,Kolyma,185.636709638,75.481524302,0.9255868970026435,"{""type"":""MultiPoint"",""coordinates"":[]}"
20191010T062759_20191010T062859_T44WPC_1,72.0,36.0,1881.0000000000002,231,1417.0,936.9999999999999,657.0,587.0,517.0,463.0,374.0,394.99999999999994,202.00000000000003,0.793,231,2019-10-10,69.37340000000002,86.12130000000002,S2B_MSIL1C_20191010T062759_N0208_R077_T44WPC_20191010T092247,Sentinel-2B,231,Yenisey,185.747944151,76.4175025958,0.8576465163912091,"{""type"":""MultiPoint"",""coordinates"":[]}"
20191010T062759_20191010T062859_T45WVS_1,72.0,35.0,1881.9999999999998,282,1417.0,936.9999999999999,656.0,587.0,515.0000000000001,463.0,374.00000000000006,396.0,202.0,1.8006,282,2019-10-10,69.37340000000002,86.12130000000002,S2B_MSIL1C_20191010T062759_N0208_R077_T45WVS_20191010T092247,Sentinel-2B,282,Yenisey,186.69628576,75.6028289681,0.8571428656578064,"{""type"":""MultiPoint"",""coordinates"":[]}"
20191010T062759_20191010T062859_T45WVT_1,73.0,36.0,1904.0,244,1433.0,948.0,663.5,592.0,522.0000000000001,469.00000000000006,378.00000000000006,400.0,204.00000000000003,1.99426677416465,244,2019-10-10,69.37340000000002,86.12130000000002,S2B_MSIL1C_20191010T062759_N0500_R077_T45WVT_20230709T013715,Sentinel-2B,244,Yenisey,186.565854933734,76.4889273586278,0.8576357990014749,"{""type"":""MultiPoint"",""coordinates"":[]}"
20191010T222541_20191010T222535_T03VXJ_4,332.33730158730157,246.6037542662116,2330.0,342,1942.3333333333333,1582.4285714285713,1502.6666666666667,1425.0,1182.6666666666667,1160.5,980.5141129032259,1008.25,339.00000000000006,42.2957,342,2019-10-10,61.93,-162.88,S2A_MSIL1C_20191010T222541_N0208_R015_T03VXJ_20191011T000245,Sentinel-2A,342,Yukon,178.24099276,68.5236749255,0.6491230557093749,"{""type"":""MultiPoint"",""coordinates"":[]}"
20191012T221529_20191012T221532_T03VXJ_4,59.00000000000001,32.0,1637.0,342,1295.0,998.0000000000001,914.9999999999998,851.0,598.0,548.0,393.0000000000001,466.00000000000006,140.99999999999997,0.0,342,2019-10-12,61.93,-162.88,S2B_MSIL1C_20191012T221529_N0500_R115_T03VXJ_20230615T013518,Sentinel-2B,342,Yukon,175.741621722262,69.3322767336356,0.8884151574294293,"{""type"":""MultiPoint"",""coordinates"":[]}"
20191013T223541_20191013T223535_T03VXJ_4,73.99999999999999,36.99999999999999,1612.0,342,1285.0000000000002,1001.9999999999999,932.0,878.9999999999999,627.9999999999999,588.9999999999999,427.0,498.0,169.99999999999994,0.0,342,2019-10-13,61.93,-162.88,S2A_MSIL1C_20191013T223541_N0500_R058_T03VXJ_20230613T163032,Sentinel-2A,342,Yukon,181.090736371611,69.6449940250375,0.8626167674859365,"{""type"":""MultiPoint"",""coordinates"":[]}"
20191017T061839_20191017T061836_T44WPC_1,137.0,94.0,2188.0,346,1664.0,1085.0,803.0,735.0,637.0,610.0,481.99999999999994,511.0,247.99999999999991,1.02995013287945,346,2019-10-17,69.37340000000002,86.12130000000002,S2B_MSIL1C_20191017T061839_N0500_R034_T44WPC_20230526T200459,Sentinel-2B,346,Yenisey,183.573390671636,78.9657846686322,0.7757038921117783,"{""type"":""MultiPoint"",""coordinates"":[]}"
20191017T061839_20191017T061836_T45WVS_1,138.0,94.0,2160.0,343,1646.0,1075.0000000000002,794.0,725.0,631.0,603.0,474.0,506.0,245.0,20.9583,343,2019-10-17,69.37340000000002,86.12130000000002,S2B_MSIL1C_20191017T061839_N0208_R034_T45WVS_20191017T082250,Sentinel-2B,343,Yenisey,184.497467202,78.1360270083,0.7711969553107056,"{""type"":""MultiPoint"",""coordinates"":[]}"
20191017T061839_20191017T061836_T45WVT_1,138.0,94.0,2161.0,353,1646.0,1075.0,793.9999999999999,725.0,630.0,603.0,473.99999999999994,506.0,245.00000000000009,0.6481,353,2019-10-17,69.37340000000002,86.12130000000002,S2B_MSIL1C_20191017T061839_N0208_R034_T45WVT_20191017T082250,Sentinel-2B,353,Yenisey,184.378545454,79.0266845845,0.7713527539487701,"{""type"":""MultiPoint"",""coordinates"":[]}"
20191018T223539_20191018T223535_T03VXJ_4,133.0,84.99999999999999,1633.0,342,1259.9999999999995,930.0,836.0,765.0,570.0,533.0,413.0,447.0,205.00000000000003,4.9368,342,2019-10-18,61.93,-162.88,S2B_MSIL1C_20191018T223539_N0208_R058_T03VXJ_20191019T001002,Sentinel-2B,342,Yukon,181.345749067,71.4861729856,0.7503981902180606,"{""type"":""MultiPoint"",""coordinates"":[]}"
20191025T071959_20191025T071953_T41WPP_0,118.0,67.0,2526.0,33,1922.0,1325.0,1178.0,1148.0,974.0,917.0,722.0,787.0,301.0,30.2465,33,2019-10-25,66.63000000000001,66.6,S2B_MSIL1C_20191025T071959_N0208_R006_T41WPP_20191025T092728,Sentinel-2B,33,Ob,180.675358402,78.2145485672,0.8359972238540649,"{""type"":""MultiPoint"",""coordinates"":[]}"
20191028T223639_20191028T223637_T03VXJ_4,696.0,450.0,2545.0,151,2048.5009823182713,1476.5,1342.6134723336004,1282.5,1252.5,1282.257056451613,1245.6070878274268,1150.0,389.0,38.4373,151,2019-10-28,61.93,-162.88,S2B_MSIL1C_20191028T223639_N0208_R058_T03VXJ_20191029T001049,Sentinel-2B,151,Yukon,181.641199187,74.9782938636,0.3564700186252594,"{""type"":""MultiPoint"",""coordinates"":[]}"
20191030T222651_20191030T222647_T03VXJ_4,87.0,55.0,1897.0,63,1459.0,1059.0,940.0,873.0,639.0,587.0,431.0,493.0,171.0,0.0202155931798501,63,2019-10-30,61.93,-162.88,S2A_MSIL1C_20191030T222651_N0500_R015_T03VXJ_20230610T211052,Sentinel-2A,63,Yukon,179.178224942068,75.6276360939991,0.8475021719932556,"{""type"":""MultiPoint"",""coordinates"":[]}"
20200601T204019_20200601T204020_T08WNV_5,66.0,45.0,1334.9999999999998,348,1095.0,964.0,1010.9999999999999,1022.0,882.0,896.0,738.0,796.0,143.0,4.9386,348,2020-06-01,67.45,-133.74,S2B_MSIL1C_20200601T204019_N0209_R014_T08WNV_20200601T223827,Sentinel-2B,348,Mackenzie,177.848702247116,44.9308778016252,0.8718139082193375,"{""type"":""MultiPoint"",""coordinates"":[]}"
20200601T222539_20200601T222534_T03VXJ_4,797.0,573.0,1549.0,18,1381.0,1202.0,1167.0,1180.0,1177.0,1189.0,1031.0,1249.0,404.0,32.6486,18,2020-06-01,61.93,-162.88,S2B_MSIL1C_20200601T222539_N0209_R015_T03VXJ_20200602T000641,Sentinel-2B,18,Yukon,173.57635482567,39.6166521183407,0.22138173878192902,"{""type"":""MultiPoint"",""coordinates"":[]}"
20200602T032539_20200602T032538_T51WWQ_2,40.000000000000014,19.0,1239.0,351,884.0000000000001,595.9999999999999,482.0,460.0,353.0,336.99999999999994,244.00000000000006,277.0,76.00000000000001,25.1461,351,2020-06-02,66.76905,123.39458,S2B_MSIL1C_20200602T032539_N0209_R018_T51WWQ_20200602T062539,Sentinel-2B,351,Lena,176.143528073177,44.9215094732899,0.873857518059409,"{""type"":""MultiPoint"",""coordinates"":[]}"
20200603T011659_20200603T011654_T57WWS_3,36.00000000000001,24.0,1163.0,351,853.0000000000001,643.0,567.0,509.0,326.99999999999994,308.99999999999994,209.99999999999997,246.99999999999997,66.0,3.1514,351,2020-06-03,68.75,161.3,S2B_MSIL1C_20200603T011659_N0209_R031_T57WWS_20200603T030651,Sentinel-2B,351,Kolyma,180.31749904412,46.5646868206608,0.8936484456062317,"{""type"":""MultiPoint"",""coordinates"":[]}"
20200603T034541_20200603T034541_T51WWQ_2,79.0,52.0,1220.0000000000002,351,891.0,622.0,521.0,498.0,391.00000000000006,375.0,286.0,316.0,95.0,26.3418,351,2020-06-03,66.76905,123.39458,S2A_MSIL1C_20200603T034541_N0209_R104_T51WWQ_20200603T053829,Sentinel-2A,351,Lena,182.653948731482,44.776169706987,0.773631733782748,"{""type"":""MultiPoint"",""coordinates"":[]}"
20200603T070631_20200603T070627_T41WPQ_0,112.52415210688594,88.54779216173081,1310.0,339,914.0000000000001,604.394299287411,450.625,420.49014896684287,326.34955448937626,308.789603960396,246.595665961945,262.45654273297924,110.0,18.1446,339,2020-06-03,66.63000000000001,66.6,S2A_MSIL1C_20200603T070631_N0209_R106_T41WPQ_20200603T094540,Sentinel-2A,339,Ob,173.093532115047,44.8297460460133,0.681554296967301,"{""type"":""MultiPoint"",""coordinates"":[]}"
20200603T202851_20200603T203234_T08WNV_5,44.0,26.0,1352.9999999999998,348,1100.0,962.0,992.0,1004.0,805.9999999999999,818.0000000000001,623.0,707.0000000000001,125.99999999999999,0.11920150353649,348,2020-06-03,67.45,-133.74,S2A_MSIL1C_20200603T202851_N0500_R114_T08WNV_20230325T071952,Sentinel-2A,348,Mackenzie,174.487479573511,44.7541986729274,0.9138017036049346,"{""type"":""MultiPoint"",""coordinates"":[]}"
20200604T072619_20200604T072617_T41WPP_0,41.0,24.0,1111.0,350,762.0000000000001,481.0,337.0,303.0,239.99999999999994,221.0,161.99999999999997,178.99999999999997,64.0,1.40001194422049,350,2020-06-04,66.63000000000001,66.6,S2B_MSIL1C_20200604T072619_N0500_R049_T41WPP_20230326T190854,Sentinel-2B,350,Ob,179.465163281278,43.6947523580902,0.8426257754869505,"{""type"":""MultiPoint"",""coordinates"":[]}"
20200604T072619_20200604T072617_T41WPQ_0,41.0,24.0,1111.0,350,762.0000000000001,482.0,337.0,303.0,239.99999999999994,221.0,161.99999999999997,178.99999999999997,64.0,3.31852249992535,350,2020-06-04,66.63000000000001,66.6,S2B_MSIL1C_20200604T072619_N0500_R049_T41WPQ_20230326T190854,Sentinel-2B,350,Ob,179.563193323351,44.5895634386439,0.842594897502089,"{""type"":""MultiPoint"",""coordinates"":[]}"
20200604T205029_20200604T205023_T08WNV_5,39.0,18.0,1284.0,348,1057.0,943.9999999999999,992.9999999999999,991.0000000000002,792.0,791.9999999999999,602.0,685.0,114.0,3.7478,348,2020-06-04,67.45,-133.74,S2B_MSIL1C_20200604T205029_N0209_R057_T08WNV_20200604T223311,Sentinel-2B,348,Mackenzie,180.956461994755,44.5644650264252,0.9220757726814602,"{""type"":""MultiPoint"",""coordinates"":[]}"
20200605T010651_20200605T010654_T57WWS_3,32.0,17.999999999999996,1206.0,351,886.0,676.0,593.0000000000001,535.0,337.0,313.0,209.99999999999997,252.99999999999991,66.0,4.382133947027,351,2020-06-05,68.75,161.3,S2A_MSIL1C_20200605T010651_N0500_R131_T57WWS_20230402T055024,Sentinel-2A,351,Kolyma,177.051940071611,46.3582840336676,0.9108891067493692,"{""type"":""MultiPoint"",""coordinates"":[]}"
20200606T071621_20200606T071623_T41WPP_0,64.0,38.00000000000001,1205.9999999999998,350,842.0000000000001,541.9999999999999,381.0,350.99999999999994,293.9999999999999,272.99999999999994,211.99999999999997,227.00000000000003,76.99999999999999,1.6441,350,2020-06-06,66.63000000000001,66.6,S2A_MSIL1C_20200606T071621_N0209_R006_T41WPP_20200606T083614,Sentinel-2A,350,Ob,176.029363136066,43.5242347362462,0.7887546160752311,"{""type"":""MultiPoint"",""coordinates"":[]}"
20200606T071621_20200606T071623_T41WPQ_0,64.0,38.00000000000001,1206.0000000000002,350,842.0000000000001,542.0,381.0,350.99999999999994,293.9999999999999,272.99999999999994,210.99999999999997,227.00000000000003,77.0,3.2478,350,2020-06-06,66.63000000000001,66.6,S2A_MSIL1C_20200606T071621_N0209_R006_T41WPQ_20200606T083614,Sentinel-2A,350,Ob,176.18156376011,44.4154295125274,0.7887546160752311,"{""type"":""MultiPoint"",""coordinates"":[]}"
20200607T032541_20200607T032543_T51WWQ_2,32.999999999999986,17.000000000000004,1161.9999999999998,351,797.0000000000001,535.0000000000001,413.0,386.0,289.99999999999994,269.0,190.99999999999997,220.0,67.0,1.5072,351,2020-06-07,66.76905,123.39458,S2A_MSIL1C_20200607T032541_N0209_R018_T51WWQ_20200607T063134,Sentinel-2A,351,Lena,175.860458169933,44.3757705709196,0.883185863494873,"{""type"":""MultiPoint"",""coordinates"":[]}"
20200608T011701_20200608T011659_T57WWS_3,34.00000000000001,16.0,1242.0,351,940.0000000000001,747.0,664.0,600.0,393.99999999999994,373.99999999999994,251.0,296.0,72.99999999999996,0.034,351,2020-06-08,68.75,161.3,S2A_MSIL1C_20200608T011701_N0209_R031_T57WWS_20200608T032341,Sentinel-2A,351,Kolyma,180.057675374617,46.043049169092,0.9134083390235901,"{""type"":""MultiPoint"",""coordinates"":[]}"
20200608T034539_20200608T034536_T51WWQ_2,28.999999999999996,17.0,1095.0,351,774.0000000000001,516.9999999999999,400.0000000000001,370.99999999999994,276.00000000000006,263.0,184.0,209.0,63.0,8.7504,351,2020-06-08,66.76905,123.39458,S2B_MSIL1C_20200608T034539_N0209_R104_T51WWQ_20200608T063037,Sentinel-2B,351,Lena,182.350072596099,44.2542521496134,0.8937094089936237,"{""type"":""MultiPoint"",""coordinates"":[]}"
20200608T061641_20200608T061636_T44WPC_1,85.99999999999999,62.00000000000001,1150.0,346,800.9999999999999,529.0000000000001,381.0,343.0,284.0,267.0,215.0,230.0,100.99999999999999,1.01236226820747,346,2020-06-08,69.37340000000002,86.12130000000002,S2A_MSIL1C_20200608T061641_N0500_R034_T44WPC_20230325T105310,Sentinel-2A,346,Yenisey,180.193616550004,46.8811495971777,0.7192870133862822,"{""type"":""MultiPoint"",""coordinates"":[]}"
20200608T061641_20200608T061636_T45WVS_1,87.00000000000001,61.0,1150.0,353,802.0,530.0,380.99999999999994,343.0,283.99999999999994,266.99999999999994,215.0,231.0,100.0,0.00839081489444295,353,2020-06-08,69.37340000000002,86.12130000000002,S2A_MSIL1C_20200608T061641_N0500_R034_T45WVS_20230325T105310,Sentinel-2A,353,Yenisey,181.356412244824,46.0311973158529,0.7192489783899441,"{""type"":""MultiPoint"",""coordinates"":[]}"
20200608T061641_20200608T061636_T45WVT_1,87.00000000000001,62.00000000000001,1151.9999999999998,353,802.0,530.0,380.99999999999994,343.0,284.99999999999994,267.0,214.99999999999997,231.0,100.0,0.0,353,2020-06-08,69.37340000000002,86.12130000000002,S2A_MSIL1C_20200608T061641_N0500_R034_T45WVT_20230325T105310,Sentinel-2A,353,Yenisey,181.20501633085,46.9264192359776,0.7192489783899441,"{""type"":""MultiPoint"",""coordinates"":[]}"
20200608T221539_20200608T221533_T03VXJ_4,397.0,389.0,1582.0,15,1239.0,1131.0,1157.0,1189.0,1021.0,1105.0,997.0,739.0,327.0,12.4378,15,2020-06-08,61.93,-162.88,S2B_MSIL1C_20200608T221539_N0209_R115_T03VXJ_20200608T235308,Sentinel-2B,15,Yukon,169.420576432264,39.0803378250697,0.4773188829421997,"{""type"":""MultiPoint"",""coordinates"":[]}"
20200610T010649_20200610T010650_T57WWS_3,100.00000000000001,61.000000000000014,1445.0,351,1143.9999999999998,935.0,844.0,774.0,553.0,541.0,393.0,443.0,129.0,35.7563,351,2020-06-10,68.75,161.3,S2B_MSIL1C_20200610T010649_N0209_R131_T57WWS_20200610T025206,Sentinel-2B,351,Kolyma,176.714310255749,45.9080228500904,0.8046199083328247,"{""type"":""MultiPoint"",""coordinates"":[]}"
20200610T033541_20200610T033838_T51WWQ_2,167.0,130.0,1251.0,351,921.9999999999999,673.0,572.0,548.0,458.0,451.0,372.99999999999994,389.0,128.99999999999997,18.9878,351,2020-06-10,66.76905,123.39458,S2A_MSIL1C_20200610T033541_N0209_R061_T51WWQ_20200610T063037,Sentinel-2A,351,Lena,178.953388174376,44.0828040048454,0.602359916482653,"{""type"":""MultiPoint"",""coordinates"":[]}"
20200611T204019_20200611T204020_T08WNV_5,49.0,27.0,1326.0,348,1087.0,966.0,973.0,949.0,763.9999999999999,776.0,595.0,656.0,92.99999999999999,4.5439,348,2020-06-11,67.45,-133.74,S2B_MSIL1C_20200611T204019_N0209_R014_T08WNV_20200611T222204,Sentinel-2B,348,Mackenzie,177.220779741913,43.983792584537,0.9049995203023926,"{""type"":""MultiPoint"",""coordinates"":[]}"
20200613T011659_20200613T011655_T57WWS_3,30.0,16.0,1263.9999999999998,351,996.0,855.9999999999998,801.0,705.9999999999999,434.0,417.00000000000006,273.0,325.0,66.0,30.6832,351,2020-06-13,68.75,161.3,S2B_MSIL1C_20200613T011659_N0209_R031_T57WWS_20200613T032148,Sentinel-2B,351,Kolyma,179.714154155996,45.6889230782203,0.9314716184226267,"{""type"":""MultiPoint"",""coordinates"":[]}"
20200613T061629_20200613T061914_T44WPC_1,69.0,45.0,1179.0,346,828.0,542.0,367.0,333.99999999999994,289.0,275.0,211.0,227.00000000000003,93.00000000000001,0.0,346,2020-06-13,69.37340000000002,86.12130000000002,S2B_MSIL1C_20200613T061629_N0500_R034_T44WPC_20230326T144116,Sentinel-2B,346,Yenisey,179.854216512748,46.5338783973809,0.7749227434744321,"{""type"":""MultiPoint"",""coordinates"":[]}"
20200613T061629_20200613T061914_T45WVS_1,68.0,44.00000000000001,1166.0,353,818.0,535.0000000000001,363.0,330.0,284.0,272.0,208.0,223.99999999999997,93.0,1.1177,353,2020-06-13,69.37340000000002,86.12130000000002,S2B_MSIL1C_20200613T061629_N0209_R034_T45WVS_20200613T082023,Sentinel-2B,353,Yenisey,181.014487910331,45.6818548837799,0.7738541089009728,"{""type"":""MultiPoint"",""coordinates"":[]}"
20200613T061629_20200613T061914_T45WVT_1,68.99999999999999,44.99999999999999,1180.0000000000002,353,828.0000000000001,541.9999999999999,367.0,334.0,288.0,275.00000000000006,211.0,227.0,95.00000000000001,0.0,353,2020-06-13,69.37340000000002,86.12130000000002,S2B_MSIL1C_20200613T061629_N0500_R034_T45WVT_20230326T144116,Sentinel-2B,353,Yenisey,180.869028415694,46.5775162861819,0.7749423271059679,"{""type"":""MultiPoint"",""coordinates"":[]}"
20200613T202851_20200613T202854_T08WNV_5,69.0,40.99999999999999,1424.9999999999998,348,1155.9999999999998,1004.0,1002.0,993.0,880.0,911.9999999999999,751.0,782.0,116.99999999999999,4.2784,348,2020-06-13,67.45,-133.74,S2A_MSIL1C_20200613T202851_N0209_R114_T08WNV_20200614T002500,Sentinel-2A,348,Mackenzie,173.798456998788,43.9523997902811,0.8703562608618642,"{""type"":""MultiPoint"",""coordinates"":[]}"
20200614T205029_20200614T205023_T08WNV_5,64.0,39.0,1281.0000000000002,348,1056.9999999999998,942.0,965.0,958.0,825.0,847.0,683.0000000000001,731.0,115.99999999999996,0.7942,348,2020-06-14,67.45,-133.74,S2B_MSIL1C_20200614T205029_N0209_R057_T08WNV_20200614T225007,Sentinel-2B,348,Mackenzie,180.312554526409,43.8086002234962,0.8738104403018951,"{""type"":""MultiPoint"",""coordinates"":[]}"
20200615T010651_20200615T010654_T57WWS_3,25.000000000000004,11.999999999999998,1244.0,351,964.9999999999999,823.0,737.0,641.0000000000001,369.99999999999994,350.99999999999994,226.00000000000003,275.0,60.00000000000002,0.643758751201918,351,2020-06-15,68.75,161.3,S2A_MSIL1C_20200615T010651_N0500_R131_T57WWS_20230402T060712,Sentinel-2A,351,Kolyma,176.394410585931,45.6266685473778,0.9410179180071574,"{""type"":""MultiPoint"",""coordinates"":[]}"
20200615T060641_20200615T060638_T44WPC_1,95.0,70.0,1170.0000000000002,346,819.0,538.0,371.99999999999994,338.0,295.0,272.0,228.0,238.99999999999997,93.99999999999999,9.0019,346,2020-06-15,69.37340000000002,86.12130000000002,S2A_MSIL1C_20200615T060641_N0209_R134_T44WPC_20200615T080720,Sentinel-2A,346,Yenisey,176.57720570376,46.4705699225687,0.6990158027244143,"{""type"":""MultiPoint"",""coordinates"":[]}"
20200615T060641_20200615T060638_T45WVS_1,95.00000000000001,70.0,1170.0,353,818.9999999999999,538.0,373.0,339.00000000000006,295.0,272.00000000000006,226.99999999999997,238.0,95.0,11.1128,353,2020-06-15,69.37340000000002,86.12130000000002,S2A_MSIL1C_20200615T060641_N0209_R134_T45WVS_20200615T080720,Sentinel-2A,353,Yenisey,177.694200235307,45.6012823517087,0.6994444887209598,"{""type"":""MultiPoint"",""coordinates"":[]}"
20200615T060641_20200615T060638_T45WVT_1,95.00000000000001,70.0,1170.0,353,818.9999999999999,538.0,373.00000000000006,339.00000000000006,295.0,271.99999999999994,228.0,238.0,93.99999999999994,6.4691,353,2020-06-15,69.37340000000002,86.12130000000002,S2A_MSIL1C_20200615T060641_N0209_R134_T45WVT_20200615T080720,Sentinel-2A,353,Yenisey,177.595451050659,46.4983089027458,0.6994444887209598,"{""type"":""MultiPoint"",""coordinates"":[]}"
20200616T012659_20200616T012657_T57WWS_3,22.999999999999996,10.0,1226.0,351,981.9999999999999,858.9999999999999,772.0,660.0,381.00000000000006,371.0,236.00000000000006,287.0,60.0,2.46286840455075,351,2020-06-16,68.75,161.3,S2B_MSIL1C_20200616T012659_N0500_R074_T57WWS_20230403T092022,Sentinel-2B,351,Kolyma,182.714031306692,45.575572129778,0.9475888650433548,"{""type"":""MultiPoint"",""coordinates"":[]}"
20200616T204021_20200616T204024_T08WNV_5,812.0,613.0,1763.0,23,1419.0,1209.0,1119.0,1152.0,1229.0,1294.0,1222.0,1235.0,521.0,19.1335,23,2020-06-16,67.45,-133.74,S2A_MSIL1C_20200616T204021_N0209_R014_T08WNV_20200617T002215,Sentinel-2A,23,Mackenzie,176.882438920303,43.7641292381119,0.18525519967079163,"{""type"":""MultiPoint"",""coordinates"":[]}"
20200616T222541_20200616T222648_T03VXJ_4,666.0,426.0,1512.0,23,1280.0,1173.0,1106.0,1132.0,1233.0,1309.0,1161.0,1199.0,434.0,12.3214,23,2020-06-16,61.93,-162.88,S2A_MSIL1C_20200616T222541_N0209_R015_T03VXJ_20200616T235700,Sentinel-2A,23,Yukon,172.424229980157,38.487428940237,0.28312569856643677,"{""type"":""MultiPoint"",""coordinates"":[]}"
20200618T011701_20200618T011659_T57WWS_3,40.0,19.0,1332.9999999999995,351,1055.0,907.0,777.9999999999999,668.0,427.99999999999994,412.0,282.99999999999994,323.00000000000006,79.99999999999999,2.2996,351,2020-06-18,68.75,161.3,S2A_MSIL1C_20200618T011701_N0209_R031_T57WWS_20200618T030245,Sentinel-2A,351,Kolyma,179.387564212527,45.5056173638374,0.9156531482412104,"{""type"":""MultiPoint"",""coordinates"":[]}"
20200618T034539_20200618T034537_T51WWQ_2,46.656898656898655,32.285714285714285,1087.9999999999998,351,772.4280109489052,522.3853221288515,394.40948942753994,364.53938165230613,282.4624429223744,274.4421709727761,201.1990092879257,221.53255835074015,68.99999999999999,1.911,351,2020-06-18,66.76905,123.39458,S2B_MSIL1C_20200618T034539_N0209_R104_T51WWQ_20200618T063953,Sentinel-2B,351,Lena,181.674198356365,43.716041168991,0.8337458949783192,"{""type"":""MultiPoint"",""coordinates"":[]}"
20200618T061641_20200618T061636_T45WVS_1,32.0,19.999999999999993,1271.0000000000002,353,861.9999999999999,550.0,348.0,301.00000000000006,245.9999999999999,219.0,162.0,181.99999999999994,80.0,39.5003,353,2020-06-18,69.37340000000002,86.12130000000002,S2A_MSIL1C_20200618T061641_N0209_R034_T45WVS_20200618T082119,Sentinel-2A,353,Yenisey,180.689438601469,45.5036730219872,0.890495668001899,"{""type"":""MultiPoint"",""coordinates"":[]}"
20200618T202849_20200618T203548_T08WNV_5,183.0,128.0,1482.9999999999995,348,1221.0,1073.0,1046.0,1020.0,902.0,945.0,782.0,804.0,181.0,15.1554,348,2020-06-18,67.45,-133.74,S2B_MSIL1C_20200618T202849_N0209_R114_T08WNV_20200618T222358,Sentinel-2B,348,Mackenzie,173.409847703381,43.8085356168066,0.7077454924583435,"{""type"":""MultiPoint"",""coordinates"":[]}"
20200618T221539_20200618T221533_T03VXJ_4,44.99999999999999,24.999999999999996,1214.9999999999998,342,988.0000000000002,871.9999999999998,840.0,801.9999999999999,590.0,596.0,418.00000000000006,491.0,90.99999999999999,15.3539,342,2020-06-18,61.93,-162.88,S2B_MSIL1C_20200618T221539_N0209_R115_T03VXJ_20200618T235422,Sentinel-2B,342,Yukon,168.581315487018,38.6513919217955,0.9012861918789781,"{""type"":""MultiPoint"",""coordinates"":[]}"
20200619T072621_20200619T073019_T41WPP_0,32.0,18.0,1070.0,350,735.0,470.0,340.0,320.0,242.99999999999997,221.00000000000003,159.0,180.00000000000003,70.0,4.9461,350,2020-06-19,66.63000000000001,66.6,S2A_MSIL1C_20200619T072621_N0209_R049_T41WPP_20200619T093031,Sentinel-2A,350,Ob,178.455521503962,42.7679698739399,0.8715671968674633,"{""type"":""MultiPoint"",""coordinates"":[]}"
20200619T072621_20200619T073019_T41WPQ_0,32.0,18.0,1070.0,350,735.0,470.0,340.0,320.0,242.99999999999997,220.99999999999997,159.0,180.00000000000003,69.0,10.5979,350,2020-06-19,66.63000000000001,66.6,S2A_MSIL1C_20200619T072621_N0209_R049_T41WPQ_20200619T093031,Sentinel-2A,350,Ob,178.571364794117,43.6620238781906,0.8715376779192463,"{""type"":""MultiPoint"",""coordinates"":[]}"
20200619T223541_20200619T223538_T03VXJ_4,249.6,188.5056179775281,1484.3076923076924,241,1266.5146467547386,1172.4213991769548,1184.4444444444443,1130.4922847187656,934.1656920077972,970.1545725646123,769.25,794.9241461477362,142.0,35.0479,241,2020-06-19,61.93,-162.88,S2A_MSIL1C_20200619T223541_N0209_R058_T03VXJ_20200620T002711,Sentinel-2A,241,Yukon,175.849233216003,38.3238973662328,0.6498255774621132,"{""type"":""MultiPoint"",""coordinates"":[]}"
20200620T010649_20200620T010650_T57WWS_3,130.0,67.99999999999999,1708.0000000000002,351,1383.0000000000002,1140.0,944.9999999999999,837.0,677.9999999999999,684.9999999999999,543.9999999999999,561.0000000000001,155.0,29.1346,351,2020-06-20,68.75,161.3,S2B_MSIL1C_20200620T010649_N0209_R131_T57WWS_20200620T031107,Sentinel-2B,351,Kolyma,176.019501904802,45.517917740601,0.7944980286868163,"{""type"":""MultiPoint"",""coordinates"":[]}"
20200620T033541_20200620T033838_T51WWQ_2,40.0,23.000000000000004,1145.9999999999998,351,796.0000000000002,537.0,392.0,355.99999999999994,289.00000000000006,273.0,199.99999999999997,217.00000000000003,68.00000000000001,4.233,351,2020-06-20,66.76905,123.39458,S2A_MSIL1C_20200620T033541_N0209_R061_T51WWQ_20200620T065032,Sentinel-2A,351,Lena,178.239856308215,43.6927846546697,0.8596557719366891,"{""type"":""MultiPoint"",""coordinates"":[]}"
20200621T012701_20200621T012701_T57WWS_3,186.0,71.0,2019.0,351,1711.9999999999998,1410.0,1181.0,1092.0,1054.0000000000002,1052.0,897.0,894.0,260.0,25.7469,351,2020-06-21,68.75,161.3,S2A_MSIL1C_20200621T012701_N0209_R074_T57WWS_20200621T031317,Sentinel-2A,351,Kolyma,182.38138464024,45.4906355943858,0.7677716258143591,"{""type"":""MultiPoint"",""coordinates"":[]}"
20200622T032539_20200622T032539_T51WWQ_2,69.0,35.0,1335.9999999999998,351,970.0000000000001,672.0,497.0,457.00000000000006,398.00000000000006,395.0,299.0,317.99999999999994,91.99999999999999,36.6944,351,2020-06-22,66.76905,123.39458,S2B_MSIL1C_20200622T032539_N0209_R018_T51WWQ_20200622T060902,Sentinel-2B,351,Lena,174.767796593602,43.7581805806564,0.8126241952086102,"{""type"":""MultiPoint"",""coordinates"":[]}"
20200623T011659_20200623T011655_T57WWS_3,154.0,118.99999999999997,1273.0,351,1036.0,917.0,787.0000000000002,681.0,446.00000000000006,432.00000000000006,328.0,367.99999999999994,119.00000000000004,0.9772,351,2020-06-23,68.75,161.3,S2B_MSIL1C_20200623T011659_N0209_R031_T57WWS_20200623T025328,Sentinel-2B,351,Kolyma,179.016963430922,45.4949884506554,0.713221110727476,"{""type"":""MultiPoint"",""coordinates"":[]}"
20200623T034541_20200623T034540_T51WWQ_2,119.99999999999999,86.0,1178.9999999999998,351,846.9999999999999,595.0,459.99999999999994,435.99999999999994,386.00000000000006,378.0,309.00000000000006,316.0,144.0,4.62704724737917,351,2020-06-23,66.76905,123.39458,S2A_MSIL1C_20200623T034541_N0500_R104_T51WWQ_20230330T125327,Sentinel-2A,351,Lena,181.330713937888,43.7050835998709,0.6636108947164231,"{""type"":""MultiPoint"",""coordinates"":[]}"
20200623T061629_20200623T061853_T45WVS_1,137.99934661875204,101.21052631578948,1358.5,343,969.2801353013531,649.3117418728772,453.1531671858775,405.8742968941061,361.0279747832939,353.4488636363636,290.3447940317872,289.8407643312102,113.0,44.3064,343,2020-06-23,69.37340000000002,86.12130000000002,S2B_MSIL1C_20200623T061629_N0209_R034_T45WVS_20200623T082127,Sentinel-2B,343,Yenisey,180.319125039349,45.4979150814525,0.6511606659208026,"{""type"":""MultiPoint"",""coordinates"":[]}"
20200625T033539_20200625T033537_T51WWQ_2,82.0,33.99999999999999,1440.0,351,1075.0,782.0,588.9999999999999,543.0,510.99999999999994,509.0,403.0,410.0,111.00000000000001,6.4795,351,2020-06-25,66.76905,123.39458,S2B_MSIL1C_20200625T033539_N0209_R061_T51WWQ_20200625T063823,Sentinel-2B,351,Lena,177.862163176324,43.7567090759426,0.8103033044500817,"{""type"":""MultiPoint"",""coordinates"":[]}"
20200625T060641_20200625T060709_T44WPC_1,45.0,27.0,1246.0,346,855.0,543.0000000000001,343.99999999999994,303.0,270.99999999999994,249.00000000000003,190.0,205.00000000000003,75.0,19.2515,346,2020-06-25,69.37340000000002,86.12130000000002,S2A_MSIL1C_20200625T060641_N0209_R134_T44WPC_20200625T080733,Sentinel-2A,346,Yenisey,175.884321996085,46.4383840879348,0.8450153470039368,"{""type"":""MultiPoint"",""coordinates"":[]}"
20200625T060641_20200625T060709_T45WVS_1,46.0,26.0,1245.0,353,855.9999999999999,543.9999999999999,344.0,303.00000000000006,271.0,249.00000000000003,188.0,205.0,74.99999999999999,23.0172,353,2020-06-25,69.37340000000002,86.12130000000002,S2A_MSIL1C_20200625T060641_N0209_R134_T45WVS_20200625T080733,Sentinel-2A,353,Yenisey,176.9913945721,45.5657936736764,0.8433656692504883,"{""type"":""MultiPoint"",""coordinates"":[]}"
20200625T060641_20200625T060709_T45WVT_1,46.0,26.0,1245.0,353,855.9999999999999,543.9999999999999,344.0,303.00000000000006,271.0,249.00000000000003,189.0,205.0,75.00000000000001,25.1885,353,2020-06-25,69.37340000000002,86.12130000000002,S2A_MSIL1C_20200625T060641_N0209_R134_T45WVT_20200625T080733,Sentinel-2A,353,Yenisey,176.903181906253,46.4627457317153,0.8433893620967865,"{""type"":""MultiPoint"",""coordinates"":[]}"
20200626T062629_20200626T062630_T45WVS_1,169.0,141.0,1515.0,294,1057.0,743.0,536.3333333333334,512.0,562.4903846153846,581.1619393139841,536.6666666666666,406.6666666666667,221.0,30.1343,294,2020-06-26,69.37340000000002,86.12130000000002,S2B_MSIL1C_20200626T062629_N0209_R077_T45WVS_20200626T082236,Sentinel-2B,294,Yenisey,183.314379620574,45.6044038555592,0.6300678275147891,"{""type"":""MultiPoint"",""coordinates"":[]}"
20200626T062629_20200626T062630_T45WVT_1,184.0,150.0,1520.0,251,1064.0,751.9999999999999,554.9870967741936,533.0,584.5120481927711,600.0,550.8,418.37993920972644,226.0,41.6492,251,2020-06-26,69.37340000000002,86.12130000000002,S2B_MSIL1C_20200626T062629_N0209_R077_T45WVT_20200626T082236,Sentinel-2B,251,Yenisey,183.134470395047,46.4971906952417,0.619731731911361,"{""type"":""MultiPoint"",""coordinates"":[]}"
20200626T204021_20200626T204024_T08WNV_5,214.25123152709358,164.0,1535.0,348,1272.0,1146.0,1188.0,1214.6796482412062,1252.5,1328.0,1292.2383177570093,1204.3333333333333,248.00000000000003,36.3047,348,2020-06-26,67.45,-133.74,S2A_MSIL1C_20200626T204021_N0209_R014_T08WNV_20200627T001703,Sentinel-2A,348,Mackenzie,176.163723967913,43.842982673512,0.6808507343133291,"{""type"":""MultiPoint"",""coordinates"":[]}"
20200627T032541_20200627T032542_T51WWQ_2,141.0,60.0,1781.0,351,1371.0,1031.0,783.0,737.0,775.0,769.0,648.9999999999999,642.0,168.0,15.0908,351,2020-06-27,66.76905,123.39458,S2A_MSIL1C_20200627T032541_N0209_R018_T51WWQ_20200627T051724,Sentinel-2A,351,Lena,174.437485833177,43.8960532771614,0.7599629656308228,"{""type"":""MultiPoint"",""coordinates"":[]}"
20200628T034539_20200628T034537_T51WWQ_2,67.0,32.99999999999999,1335.0,351,995.0,713.0000000000001,529.0000000000002,486.00000000000006,446.0,442.0,344.99999999999994,356.00000000000006,104.0,1.6472,351,2020-06-28,66.76905,123.39458,S2B_MSIL1C_20200628T034539_N0209_R104_T51WWQ_20200628T064722,Sentinel-2B,351,Lena,180.958997253915,43.8661971239554,0.8288204067163337,"{""type"":""MultiPoint"",""coordinates"":[]}"
20200628T061641_20200628T061635_T44WPC_1,91.00000000000001,55.0,1313.0,346,934.0,636.0,429.00000000000006,387.0,388.0,375.0,307.0,310.00000000000006,94.00000000000001,1.3555,346,2020-06-28,69.37340000000002,86.12130000000002,S2A_MSIL1C_20200628T061641_N0209_R034_T44WPC_20200628T081710,Sentinel-2A,346,Yenisey,178.847688346252,46.5221885426167,0.7487664399920282,"{""type"":""MultiPoint"",""coordinates"":[]}"
20200628T061641_20200628T061635_T45WVS_1,90.99999999999999,55.00000000000001,1313.9999999999998,353,935.0000000000001,635.9999999999999,429.0,386.99999999999994,388.0,374.99999999999994,307.0,311.0,95.00000000000003,3.5029,353,2020-06-28,69.37340000000002,86.12130000000002,S2A_MSIL1C_20200628T061641_N0209_R034_T45WVS_20200628T081710,Sentinel-2A,353,Yenisey,179.995087502615,45.6646666633632,0.7489738147762871,"{""type"":""MultiPoint"",""coordinates"":[]}"
20200628T061641_20200628T061635_T45WVT_1,90.99999999999999,55.00000000000001,1313.9999999999998,353,935.0000000000002,635.9999999999999,429.0,387.0,388.0,375.0,307.0,311.0,94.99999999999999,2.1906,353,2020-06-28,69.37340000000002,86.12130000000002,S2A_MSIL1C_20200628T061641_N0209_R034_T45WVT_20200628T081710,Sentinel-2A,353,Yenisey,179.863313073896,46.5609560701558,0.7489738147762871,"{""type"":""MultiPoint"",""coordinates"":[]}"
20200628T202849_20200628T203016_T08WNV_5,48.0,23.999999999999996,1446.9999999999998,348,1198.0,1082.0,1143.0,1175.0,1159.0,1224.0,1162.0000000000002,1139.0,236.0,10.2082,348,2020-06-28,67.45,-133.74,S2B_MSIL1C_20200628T202849_N0209_R114_T08WNV_20200628T222847,Sentinel-2B,348,Mackenzie,172.718026388859,44.0363634406965,0.9142672079829854,"{""type"":""MultiPoint"",""coordinates"":[]}"
20200629T205031_20200629T205026_T08WNV_5,92.38911951059646,54.00000000000001,1440.0,348,1214.54816285998,1108.534255599473,1165.8218842634362,1197.530078777751,1209.4187578062904,1281.1714727085478,1205.431946584489,1157.1734520356108,210.99999999999997,7.1207,348,2020-06-29,67.45,-133.74,S2A_MSIL1C_20200629T205031_N0209_R057_T08WNV_20200630T003100,Sentinel-2A,348,Mackenzie,179.266242621953,43.9606723900517,0.8468132699763509,"{""type"":""MultiPoint"",""coordinates"":[]}"
20200630T010649_20200630T010650_T57WWS_3,79.99999999999999,58.0,1305.0000000000002,351,1029.0,860.0000000000001,638.0,545.9999999999999,363.99999999999994,345.0,251.0,284.0,102.00000000000003,1.1471,351,2020-06-30,68.75,161.3,S2B_MSIL1C_20200630T010649_N0209_R131_T57WWS_20200630T025718,Sentinel-2B,351,Kolyma,175.352806311598,45.8165819780664,0.8303009559510762,"{""type"":""MultiPoint"",""coordinates"":[]}"
20200630T033541_20200630T033540_T51WWQ_2,82.60064102564101,40.29177765938553,1581.9999999999998,351,1189.0000000000002,868.0000000000001,652.0000000000002,601.0,556.0000000000001,539.0,428.99999999999994,438.0,129.0,0.0,351,2020-06-30,66.76905,123.39458,S2A_MSIL1C_20200630T033541_N0209_R061_T51WWQ_20200630T064058,Sentinel-2A,351,Lena,177.542883965793,43.9920314918943,0.8251430297090481,"{""type"":""MultiPoint"",""coordinates"":[]}"
20200703T061629_20200703T061856_T44WPC_1,62.0,37.00000000000001,1128.0,346,778.9999999999998,501.00000000000006,309.00000000000006,273.0,262.0,257.0,194.99999999999997,209.99999999999991,86.0,30.3773,346,2020-07-03,69.37340000000002,86.12130000000002,S2B_MSIL1C_20200703T061629_N0209_R034_T44WPC_20200703T082117,Sentinel-2B,346,Yenisey,178.532034276135,46.8611326954318,0.7796041745448781,"{""type"":""MultiPoint"",""coordinates"":[]}"
20200703T061629_20200703T061856_T45WVS_1,62.00000000000001,37.000000000000014,1127.9999999999998,353,779.0,501.00000000000006,309.0000000000001,273.0,261.0,258.00000000000006,195.00000000000003,209.99999999999994,86.0,18.6816,353,2020-07-03,69.37340000000002,86.12130000000002,S2B_MSIL1C_20200703T061629_N0209_R034_T45WVS_20200703T082117,Sentinel-2B,353,Yenisey,179.671322038207,46.0018928662588,0.7795670168712807,"{""type"":""MultiPoint"",""coordinates"":[]}"
20200703T061629_20200703T061856_T45WVT_1,62.00000000000001,37.000000000000014,1127.9999999999998,353,779.0,501.00000000000006,309.0000000000001,273.0,262.00000000000006,258.0,195.0,209.99999999999994,85.99999999999999,24.4451,353,2020-07-03,69.37340000000002,86.12130000000002,S2B_MSIL1C_20200703T061629_N0209_R034_T45WVT_20200703T082117,Sentinel-2B,353,Yenisey,179.544771031216,46.8983626183347,0.7795670168712807,"{""type"":""MultiPoint"",""coordinates"":[]}"
20200703T070631_20200703T071039_T41WPP_0,37.0,19.999999999999996,1234.0000000000002,350,845.0,545.9999999999999,385.0,361.0,293.99999999999994,273.00000000000006,203.00000000000006,219.99999999999997,71.00000000000001,13.5348,350,2020-07-03,66.63000000000001,66.6,S2A_MSIL1C_20200703T070631_N0209_R106_T41WPP_20200703T090855,Sentinel-2A,350,Ob,170.808752161161,43.5009339562576,0.873380281685432,"{""type"":""MultiPoint"",""coordinates"":[]}"
20200703T070631_20200703T071039_T41WPQ_0,37.0,19.999999999999996,1234.0000000000002,350,845.0,545.9999999999999,385.0,361.0,293.99999999999994,273.00000000000006,203.00000000000006,219.99999999999997,71.00000000000001,13.7623,350,2020-07-03,66.63000000000001,66.6,S2A_MSIL1C_20200703T070631_N0209_R106_T41WPQ_20200703T090855,Sentinel-2A,350,Ob,171.043051161761,44.3806265994799,0.873380281685432,"{""type"":""MultiPoint"",""coordinates"":[]}"
20200705T033539_20200705T033537_T51WWQ_2,256.21259379137854,188.44322132097335,1577.0,182,1220.0,929.0,798.0,751.9999999999999,648.5937977724395,656.4399238227146,538.3683183769022,553.0,148.0,48.3621,182,2020-07-05,66.76905,123.39458,S2B_MSIL1C_20200705T033539_N0209_R061_T51WWQ_20200705T060301,Sentinel-2B,182,Lena,177.235679701753,44.3964289630778,0.5696089193224907,"{""type"":""MultiPoint"",""coordinates"":[]}"
20200706T071621_20200706T072026_T41WPP_0,38.99999999999999,21.000000000000007,1256.0000000000002,348,880.0000000000001,574.0,407.0000000000001,370.0,302.0,288.00000000000006,213.0,228.00000000000003,65.00000000000001,16.6939,348,2020-07-06,66.63000000000001,66.6,S2A_MSIL1C_20200706T071621_N0209_R006_T41WPP_20200706T091828,Sentinel-2A,348,Ob,173.990211452255,43.6578035786332,0.8737430247578142,"{""type"":""MultiPoint"",""coordinates"":[]}"
20200706T071621_20200706T072026_T41WPQ_0,38.99999999999999,21.000000000000004,1256.0000000000002,347,880.0000000000001,574.0,407.0000000000001,371.0,302.0,288.0,213.00000000000006,228.00000000000006,64.0,37.3218,347,2020-07-06,66.63000000000001,66.6,S2A_MSIL1C_20200706T071621_N0209_R006_T41WPQ_20200706T091828,Sentinel-2A,347,Ob,174.174386232182,44.5453262019541,0.8737430247578142,"{""type"":""MultiPoint"",""coordinates"":[]}"
20200708T011701_20200708T011657_T57WWS_3,201.0,129.0,1331.0,336,1014.3333333333334,806.5,553.4,489.5,422.5,397.3333333333333,325.25,360.6666666666667,127.0,29.4321,336,2020-07-08,68.75,161.3,S2A_MSIL1C_20200708T011701_N0209_R031_T57WWS_20200708T032326,Sentinel-2A,336,Kolyma,178.125109322164,46.4870858943341,0.6196783185005188,"{""type"":""MultiPoint"",""coordinates"":[]}"
20200708T034539_20200708T034536_T51WWQ_2,104.99999999999999,61.00000000000001,1399.0000000000002,351,1057.0,766.0,590.0,555.0,509.00000000000006,502.0000000000001,403.0,417.0,116.99999999999999,1.0879,351,2020-07-08,66.76905,123.39458,S2B_MSIL1C_20200708T034539_N0209_R104_T51WWQ_20200708T062919,Sentinel-2B,351,Lena,180.358611530994,44.6971471470828,0.7575063556432724,"{""type"":""MultiPoint"",""coordinates"":[]}"
20200708T202849_20200708T203356_T08WNV_5,39.0,21.999999999999996,1387.0,348,1131.0,1000.0,983.0000000000001,962.0,762.0000000000001,776.0,575.9999999999999,652.0,101.0,20.4507,348,2020-07-08,67.45,-133.74,S2B_MSIL1C_20200708T202849_N0209_R114_T08WNV_20200708T223344,Sentinel-2B,348,Mackenzie,172.207727247306,44.9368538672548,0.9241334132661476,"{""type"":""MultiPoint"",""coordinates"":[]}"
20200710T033541_20200710T033836_T51WWQ_2,126.0,59.00000000000001,1744.0,351,1344.0,1005.0,769.0,718.0,701.0000000000001,687.0000000000001,569.0000000000001,564.9999999999999,158.0,2.231,351,2020-07-10,66.76905,123.39458,S2A_MSIL1C_20200710T033541_N0209_R061_T51WWQ_20200710T063507,Sentinel-2A,351,Lena,177.010187041721,44.9642893607735,0.7774223772278667,"{""type"":""MultiPoint"",""coordinates"":[]}"
20200710T060639_20200710T060633_T44WPC_1,193.0,109.0,1777.9999999999998,346,1374.9999999999998,998.0,733.0000000000001,692.0,760.9999999999999,770.0,661.0,653.0,200.0,1.25127940217721,346,2020-07-10,69.37340000000002,86.12130000000002,S2B_MSIL1C_20200710T060639_N0500_R134_T44WPC_20230325T143217,Sentinel-2B,346,Yenisey,175.064771810924,47.6633286289237,0.6753466576337814,"{""type"":""MultiPoint"",""coordinates"":[]}"
20200710T060639_20200710T060633_T45WVS_1,193.00000000000003,108.99999999999999,1778.0000000000002,353,1375.0,998.0,733.0,693.0000000000001,760.9999999999999,770.0000000000001,661.0000000000001,653.0,200.0,0.166535403557156,353,2020-07-10,69.37340000000002,86.12130000000002,S2B_MSIL1C_20200710T060639_N0500_R134_T45WVS_20230325T143217,Sentinel-2B,353,Yenisey,176.149330259377,46.7869771603134,0.6753575117605114,"{""type"":""MultiPoint"",""coordinates"":[]}"
20200710T060639_20200710T060633_T45WVT_1,193.00000000000003,109.00000000000001,1758.9999999999998,353,1359.0,986.9999999999999,724.9999999999999,685.0,751.9999999999999,761.0000000000001,654.0,646.0,198.0,0.901,353,2020-07-10,69.37340000000002,86.12130000000002,S2B_MSIL1C_20200710T060639_N0209_R134_T45WVT_20200710T080325,Sentinel-2B,353,Yenisey,176.071371929267,47.6835745485309,0.6723184723385497,"{""type"":""MultiPoint"",""coordinates"":[]}"
20200711T012701_20200711T012659_T57WWS_3,93.0,69.0,1160.0,351,873.0,663.0000000000001,417.00000000000006,349.99999999999994,298.0,280.0,227.00000000000003,238.0,71.99999999999999,1.8905,351,2020-07-11,68.75,161.3,S2A_MSIL1C_20200711T012701_N0209_R074_T57WWS_20200711T033000,Sentinel-2A,351,Kolyma,181.161810555748,46.8580718050472,0.7530538201332092,"{""type"":""MultiPoint"",""coordinates"":[]}"
20200711T222539_20200711T222534_T03VXJ_4,73.0,42.0,1256.0000000000002,342,1043.0,956.0,951.0,904.0,706.0,720.0,523.0,595.0,97.99999999999997,3.6731,342,2020-07-11,61.93,-162.88,S2B_MSIL1C_20200711T222539_N0209_R015_T03VXJ_20200712T000139,Sentinel-2B,342,Yukon,170.847718031725,40.0103986492381,0.8576526805592516,"{""type"":""MultiPoint"",""coordinates"":[]}"
20200714T223539_20200714T223558_T03VXJ_4,409.5260115606937,308.5,1333.0,342,1119.0,1047.0,1050.0,1040.0,989.0727272727272,1065.25,941.1570247933885,910.0,272.5,13.6522,342,2020-07-14,61.93,-162.88,S2B_MSIL1C_20200714T223539_N0209_R058_T03VXJ_20200715T002853,Sentinel-2B,342,Yukon,174.348469014833,40.3124522936469,0.4347645687550652,"{""type"":""MultiPoint"",""coordinates"":[]}"
20200715T033539_20200715T033536_T51WWQ_2,66.00000000000001,40.0,1150.0,351,818.0000000000001,582.0,435.0,387.0,297.0,294.0,217.0,232.0,61.99999999999999,1.3833,351,2020-07-15,66.76905,123.39458,S2B_MSIL1C_20200715T033539_N0209_R061_T51WWQ_20200715T061909,Sentinel-2B,351,Lena,176.82441058597,45.6906481030074,0.7962012796655414,"{""type"":""MultiPoint"",""coordinates"":[]}"
20200716T071621_20200716T071621_T41WPP_0,42.99999999999999,27.0,1146.9999999999998,350,795.0,527.0,392.0,370.99999999999994,285.0,269.0,194.0,217.99999999999997,72.0,36.962,350,2020-07-16,66.63000000000001,66.6,S2A_MSIL1C_20200716T071621_N0209_R006_T41WPP_20200716T084650,Sentinel-2A,350,Ob,173.658135770817,45.0307086084118,0.8488576412200928,"{""type"":""MultiPoint"",""coordinates"":[]}"
20200716T071621_20200716T071621_T41WPQ_0,42.99999999999999,27.0,1147.0,350,795.0,527.0,392.0,371.0,285.0,269.99999999999994,194.0,217.99999999999997,71.0,32.0844,350,2020-07-16,66.63000000000001,66.6,S2A_MSIL1C_20200716T071621_N0209_R006_T41WPQ_20200716T084650,Sentinel-2A,350,Ob,173.841683956218,45.9175160176392,0.8488576412200928,"{""type"":""MultiPoint"",""coordinates"":[]}"
20200720T010649_20200720T010650_T57WWS_3,24.000000000000004,14.0,1293.9999999999998,351,1048.0,928.0,804.9999999999999,701.0,395.0,375.0,232.00000000000003,298.99999999999994,68.99999999999999,0.0,351,2020-07-20,68.75,161.3,S2B_MSIL1C_20200720T010649_N0500_R131_T57WWS_20230323T182233,Sentinel-2B,351,Kolyma,174.619121165907,48.3862026049899,0.9498080809911092,"{""type"":""MultiPoint"",""coordinates"":[]}"
20200721T012701_20200721T012700_T57WWS_3,45.0,22.0,1368.0,351,1128.9999999999998,996.0000000000001,881.9999999999999,786.0,499.0,477.00000000000006,325.99999999999994,389.0,85.00000000000001,0.0,351,2020-07-21,68.75,161.3,S2A_MSIL1C_20200721T012701_N0209_R074_T57WWS_20200721T030843,Sentinel-2A,351,Kolyma,180.865453444009,48.5101862076219,0.9137428262425942,"{""type"":""MultiPoint"",""coordinates"":[]}"
20200723T011659_20200723T011654_T57WWS_3,231.0,135.0,1664.0,133,1393.0,1193.0,1016.0,968.0,901.0,915.9999999999999,789.0,789.0,287.0,7.3404,133,2020-07-23,68.75,161.3,S2B_MSIL1C_20200723T011659_N0209_R031_T57WWS_20200723T030112,Sentinel-2B,133,Kolyma,177.715657626111,48.921277687499,0.6768377423286438,"{""type"":""MultiPoint"",""coordinates"":[]}"
20200723T034541_20200723T034540_T51WWQ_2,480.54699886749717,422.0,1330.0000000000002,344,1016.0000000000002,769.0,610.4437381893144,600.4698354661792,656.4772137828826,686.5604395604397,668.3606789250354,622.3127299484916,243.0,28.4842,344,2020-07-23,66.76905,123.39458,S2A_MSIL1C_20200723T034541_N0209_R104_T51WWQ_20200723T053900,Sentinel-2A,344,Lena,179.920552960437,47.136086578548,0.23282237762837432,"{""type"":""MultiPoint"",""coordinates"":[]}"
20200723T061629_20200723T061632_T44WPC_1,97.0,73.00000000000001,1233.0,346,879.0,598.0,390.0,338.0,292.0,285.0,218.0,235.0,86.0,0.882618173131476,346,2020-07-23,69.37340000000002,86.12130000000002,S2B_MSIL1C_20200723T061629_N0500_R034_T44WPC_20230324T164719,Sentinel-2B,346,Yenisey,177.889567493553,49.8186744294135,0.7222318456886889,"{""type"":""MultiPoint"",""coordinates"":[]}"
20200723T061629_20200723T061632_T45WVS_1,96.0,73.0,1219.0000000000002,353,869.0,590.0000000000001,385.00000000000006,334.0,289.0,281.0,216.0,231.0,83.99999999999999,5.4598,353,2020-07-23,69.37340000000002,86.12130000000002,S2B_MSIL1C_20200723T061629_N0209_R034_T45WVS_20200723T081410,Sentinel-2B,353,Yenisey,178.990263060607,48.9558738998563,0.7191974258668012,"{""type"":""MultiPoint"",""coordinates"":[]}"
20200723T061629_20200723T061632_T45WVT_1,96.0,72.99999999999999,1220.0,353,869.0,590.0000000000001,385.00000000000006,334.0,289.0,281.0,216.0,231.0,84.00000000000001,16.655,353,2020-07-23,69.37340000000002,86.12130000000002,S2B_MSIL1C_20200723T061629_N0209_R034_T45WVT_20200723T081410,Sentinel-2B,353,Yenisey,178.87558371505,49.8526230790069,0.7192183747411581,"{""type"":""MultiPoint"",""coordinates"":[]}"
20200723T070631_20200723T070644_T41WPP_0,150.00000000000003,104.99999999999997,1269.0,350,895.0000000000001,615.0,462.0,461.0,425.0,424.0,371.0,370.0,178.0,11.5232,350,2020-07-23,66.63000000000001,66.6,S2A_MSIL1C_20200723T070631_N0209_R106_T41WPP_20200723T092041,Sentinel-2A,350,Ob,170.38420281226,46.4857844028935,0.6073300546875455,"{""type"":""MultiPoint"",""coordinates"":[]}"
20200723T221541_20200723T221537_T03VXJ_4,40.0,24.000000000000004,1369.0,342,1149.9999999999998,1062.0,1040.0,995.9999999999999,743.0000000000001,757.0,530.9999999999999,621.0,106.0,10.4854,342,2020-07-23,61.93,-162.88,S2A_MSIL1C_20200723T221541_N0209_R115_T03VXJ_20200723T235114,Sentinel-2A,342,Yukon,167.342293737305,42.3586752659323,0.9275861211342387,"{""type"":""MultiPoint"",""coordinates"":[]}"
20200725T060641_20200725T060637_T44WPC_1,58.0,34.0,1248.0,35,873.0,589.0,375.0,327.0,298.0,278.0,215.0,233.0,80.0,5.5542,35,2020-07-25,69.37340000000002,86.12130000000002,S2A_MSIL1C_20200725T060641_N0209_R134_T44WPC_20200725T081333,Sentinel-2A,35,Yenisey,174.846695183943,50.297224047039,0.8207109570503235,"{""type"":""MultiPoint"",""coordinates"":[]}"
20200725T060641_20200725T060637_T45WVS_1,57.0,38.0,1247.0,5,869.0,594.0,373.0,330.0,296.0,275.0,207.0,234.0,82.0,14.5578,5,2020-07-25,69.37340000000002,86.12130000000002,S2A_MSIL1C_20200725T060641_N0209_R134_T45WVS_20200725T081333,Sentinel-2A,5,Yenisey,175.907490636307,49.4198721533039,0.8248847723007202,"{""type"":""MultiPoint"",""coordinates"":[]}"
20200725T060641_20200725T060637_T45WVT_1,57.0,38.0,1247.0,5,869.0,594.0,373.0,330.0,297.0,274.0,206.0,234.0,80.0,6.001,5,2020-07-25,69.37340000000002,86.12130000000002,S2A_MSIL1C_20200725T060641_N0209_R134_T45WVT_20200725T081333,Sentinel-2A,5,Yenisey,175.83219805904,50.3164353152132,0.8248847723007202,"{""type"":""MultiPoint"",""coordinates"":[]}"
20200726T062629_20200726T062630_T45WVS_1,147.99999999999997,134.0,1233.0,353,906.9999999999999,639.0,450.99999999999994,404.99999999999994,371.00000000000006,360.99999999999994,312.0,302.0,109.99999999999996,22.1851,353,2020-07-26,69.37340000000002,86.12130000000002,S2B_MSIL1C_20200726T062629_N0209_R077_T45WVS_20200726T083628,Sentinel-2B,353,Yenisey,182.07493205843,49.6124749456608,0.6235126455624899,"{""type"":""MultiPoint"",""coordinates"":[]}"
20200726T222541_20200726T222759_T03VXJ_4,46.0,22.0,1298.0,342,1091.0,1022.0,998.0,956.0,763.0,783.0,569.0,638.0,95.0,6.3492,342,2020-07-26,61.93,-162.88,S2A_MSIL1C_20200726T222541_N0209_R015_T03VXJ_20200727T002127,Sentinel-2A,342,Yukon,170.889566666304,42.7919553571113,0.9144829362630844,"{""type"":""MultiPoint"",""coordinates"":[]}"
20200728T011701_20200728T011658_T57WWS_3,833.0,871.0,1663.0,34,1321.0,1133.0,988.0,972.0,932.0,972.0,956.0,909.0,422.0,22.6763,34,2020-07-28,68.75,161.3,S2A_MSIL1C_20200728T011701_N0209_R031_T57WWS_20200728T030720,Sentinel-2A,34,Kolyma,177.752756456514,50.0199274668321,0.15065822005271912,"{""type"":""MultiPoint"",""coordinates"":[]}"
20200730T033541_20200730T033541_T51WWQ_2,117.66513936617031,96.35181236673772,1178.666569809676,277,882.2276785714286,708.7319034852546,581.4562558795861,537.015625,377.55763427881715,373.48990825688077,277.750229147571,305.2718363868768,98.42609540779137,0.0,277,2020-07-30,66.76905,123.39458,S2A_MSIL1C_20200730T033541_N0500_R061_T51WWQ_20230324T174900,Sentinel-2A,277,Lena,176.800989554473,48.7412066692533,0.7050653774754182,"{""type"":""MultiPoint"",""coordinates"":[]}"
20200731T071619_20200731T071746_T41WPP_0,31.0,14.0,1203.0000000000002,350,826.0,541.0,383.0,363.0,286.00000000000006,271.0,198.0,216.00000000000003,70.0,6.4308,350,2020-07-31,66.63000000000001,66.6,S2B_MSIL1C_20200731T071619_N0209_R006_T41WPP_20200731T093100,Sentinel-2B,350,Ob,173.760306013133,48.1757069809328,0.8908763912073367,"{""type"":""MultiPoint"",""coordinates"":[]}"
20200731T071619_20200731T071746_T41WPQ_0,30.999999999999996,14.0,1202.9999999999998,350,826.0,541.0,383.0,363.0,286.0,271.0,198.0,216.00000000000003,70.0,14.9696,350,2020-07-31,66.63000000000001,66.6,S2B_MSIL1C_20200731T071619_N0209_R006_T41WPQ_20200731T093100,Sentinel-2B,350,Ob,173.929752165956,49.0627088923389,0.8908568974903653,"{""type"":""MultiPoint"",""coordinates"":[]}"
20200731T204019_20200731T204021_T08WNV_5,128.63888888888889,56.48924471881933,1694.0000000000002,348,1391.0,1189.0,1076.5656420826238,1042.0,940.5830475257227,976.2646041506534,782.4730744125327,806.5965098957224,150.00000000000006,0.0,348,2020-07-31,67.45,-133.74,S2B_MSIL1C_20200731T204019_N0500_R014_T08WNV_20230329T203346,Sentinel-2B,348,Mackenzie,175.315163650092,49.1977986329456,0.8038208265088181,"{""type"":""MultiPoint"",""coordinates"":[]}"
20200801T032539_20200801T032539_T51WWQ_2,57.88195222097798,37.115921008590874,1228.6756412974348,311,882.3321861439473,637.1453744493392,445.5592279855247,393.37282361847076,285.69199717428603,274.7275377340157,187.88210044355418,221.7568214456678,70.54303393962121,0.0,311,2020-08-01,66.76905,123.39458,S2B_MSIL1C_20200801T032539_N0500_R018_T51WWQ_20230319T172851,Sentinel-2B,311,Lena,173.707001340419,49.3162649957822,0.8305102953749889,"{""type"":""MultiPoint"",""coordinates"":[]}"
20200802T034541_20200802T034540_T51WWQ_2,101.33192962755008,81.62156412220237,1109.28287187535,340,818.4481628832202,622.6321269211701,469.39080007863186,425.98688155922036,313.71196557468073,297.21079308288614,225.46746596727866,249.52889604580426,85.46575420913986,0.0,340,2020-08-02,66.76905,123.39458,S2A_MSIL1C_20200802T034541_N0500_R104_T51WWQ_20230319T200452,Sentinel-2A,340,Lena,180.004160606618,49.4688563992,0.7169365362667115,"{""type"":""MultiPoint"",""coordinates"":[]}"
20200802T070631_20200802T070627_T41WPP_0,41.99999999999999,21.999999999999996,1316.0,350,913.0000000000001,600.0,422.00000000000006,401.99999999999994,327.0,311.0,237.0,251.0,71.99999999999999,0.960700242900734,350,2020-08-02,66.63000000000001,66.6,S2A_MSIL1C_20200802T070631_N0500_R106_T41WPP_20230315T165742,Sentinel-2A,350,Ob,170.694195073715,48.8154414045023,0.8699526389439901,"{""type"":""MultiPoint"",""coordinates"":[]}"
20200802T070631_20200802T070627_T41WPQ_0,42.0,21.999999999999996,1317.0000000000002,350,913.0000000000001,600.0,421.99999999999994,401.99999999999994,328.00000000000006,311.00000000000006,237.0,249.99999999999997,72.00000000000001,13.947,350,2020-08-02,66.63000000000001,66.6,S2A_MSIL1C_20200802T070631_N0209_R106_T41WPQ_20200802T081737,Sentinel-2A,350,Ob,170.899341979864,49.6947137464393,0.8692945241928101,"{""type"":""MultiPoint"",""coordinates"":[]}"
20200802T221541_20200802T221613_T03VXJ_4,68.0,30.999999999999996,1598.0,278,1385.0,1288.0,1260.0,1208.0,1044.0,1084.0,840.0000000000001,889.0,123.0,33.4525,278,2020-08-02,61.93,-162.88,S2A_MSIL1C_20200802T221541_N0209_R115_T03VXJ_20200802T234836,Sentinel-2A,278,Yukon,167.827559609958,44.7085711724331,0.9001096678992448,"{""type"":""MultiPoint"",""coordinates"":[]}"
20200803T205029_20200803T205024_T08WNV_5,39.00000000000001,18.999999999999996,1283.0,348,1052.0,940.0,902.0,831.0000000000001,582.0000000000001,592.0,406.0,468.0,70.99999999999999,7.6907,348,2020-08-03,67.45,-133.74,S2B_MSIL1C_20200803T205029_N0209_R057_T08WNV_20200803T223207,Sentinel-2B,348,Mackenzie,178.531848916815,49.9244161134315,0.9201985001564026,"{""type"":""MultiPoint"",""coordinates"":[]}"
20200804T033539_20200804T033538_T51WWQ_2,202.0,115.0,1779.0,344,1417.9999999999998,1127.0,891.9999999999999,831.9999999999999,760.9999999999999,756.0,633.9999999999999,633.0,163.0,0.0294425035086148,344,2020-08-04,66.76905,123.39458,S2B_MSIL1C_20200804T033539_N0500_R061_T51WWQ_20230316T140904,Sentinel-2B,344,Lena,176.93642572855,50.0187761765855,0.6954631512680798,"{""type"":""MultiPoint"",""coordinates"":[]}"
20200805T071621_20200805T071623_T41WPP_0,55.99999999999999,36.99999999999999,1289.0,153,902.0000000000001,594.0,427.0,401.99999999999994,327.99999999999994,309.0,231.99999999999997,251.0,78.0,31.8111,153,2020-08-05,66.63000000000001,66.6,S2A_MSIL1C_20200805T071621_N0209_R006_T41WPP_20200805T083902,Sentinel-2A,153,Ob,173.986791165263,49.4763517712066,0.8264827346234502,"{""type"":""MultiPoint"",""coordinates"":[]}"
20200806T032541_20200806T032543_T51WWQ_2,74.59431673789997,38.529390052597584,1512.0,351,1135.0,868.0,649.0,589.0,484.99999999999994,465.0,358.4469203805709,380.0,86.99999999999999,1.93469497446923,351,2020-08-06,66.76905,123.39458,S2A_MSIL1C_20200806T032541_N0500_R018_T51WWQ_20230316T050407,Sentinel-2A,351,Lena,173.941515988109,50.6363110644725,0.840759055161303,"{""type"":""MultiPoint"",""coordinates"":[]}"
20200807T061641_20200807T061636_T45WVS_1,68.0,44.0,1372.0,73,951.0,623.0,390.0,337.0,323.0,306.0,242.0,252.0,71.0,18.1818,73,2020-08-07,69.37340000000002,86.12130000000002,S2A_MSIL1C_20200807T061641_N0209_R034_T45WVS_20200807T074801,Sentinel-2A,73,Yenisey,179.274383406281,52.6451227307507,0.8008784651756287,"{""type"":""MultiPoint"",""coordinates"":[]}"
20200807T070629_20200807T070801_T41WPP_0,838.0,649.0,1733.0,10,1359.0,1060.0,885.0,879.0,951.0,1001.0,988.0,1017.0,419.0,10.2188,10,2020-08-07,66.63000000000001,66.6,S2B_MSIL1C_20200807T070629_N0209_R106_T41WPP_20200807T081929,Sentinel-2B,10,Ob,170.960463362489,50.1579636148137,0.11835876107215881,"{""type"":""MultiPoint"",""coordinates"":[]}"
20200807T070629_20200807T070801_T41WPQ_0,838.0,649.0,1733.0,10,1359.0,1060.0,885.0,879.0,951.0,1001.0,988.0,1017.0,419.0,37.3386,10,2020-08-07,66.63000000000001,66.6,S2B_MSIL1C_20200807T070629_N0209_R106_T41WPQ_20200807T081929,Sentinel-2B,10,Ob,171.156966748596,51.0380083132056,0.11835876107215881,"{""type"":""MultiPoint"",""coordinates"":[]}"
20200812T070631_20200812T071047_T41WPP_0,35.99999999999999,25.0,1322.0,350,916.0,612.0000000000001,448.00000000000006,431.0,301.0,279.99999999999994,198.0,223.99999999999997,75.00000000000001,7.4033,350,2020-08-12,66.63000000000001,66.6,S2A_MSIL1C_20200812T070631_N0209_R106_T41WPP_20200812T092017,Sentinel-2A,350,Ob,171.329787162342,51.6046933818131,0.8878584320576776,"{""type"":""MultiPoint"",""coordinates"":[]}"
20200812T070631_20200812T071047_T41WPQ_0,35.99999999999999,25.0,1322.0,350,916.0,612.0000000000001,448.00000000000006,431.0,301.0,279.99999999999994,198.0,223.99999999999997,75.00000000000001,7.3026,350,2020-08-12,66.63000000000001,66.6,S2A_MSIL1C_20200812T070631_N0209_R106_T41WPQ_20200812T092017,Sentinel-2A,350,Ob,171.515090285605,52.4857644672302,0.8878584320576776,"{""type"":""MultiPoint"",""coordinates"":[]}"
20200812T221541_20200812T221624_T03VXJ_4,66.0,29.999999999999996,1584.0,342,1360.9999999999998,1261.0,1228.0,1221.0,1097.0,1127.0,879.0000000000001,946.0000000000001,177.0,2.5279,342,2020-08-12,61.93,-162.88,S2A_MSIL1C_20200812T221541_N0209_R115_T03VXJ_20200812T234849,Sentinel-2A,342,Yukon,168.665459508681,47.504764803158,0.8995732068626184,"{""type"":""MultiPoint"",""coordinates"":[]}"
20200813T223539_20200813T223535_T03VXJ_4,68.00000000000001,24.999999999999993,1482.9999999999995,342,1285.0,1202.0,1181.0,1167.0,1051.0,1086.0,846.0,905.0,154.00000000000003,2.2138,342,2020-08-13,61.93,-162.88,S2B_MSIL1C_20200813T223539_N0209_R058_T03VXJ_20200813T230042,Sentinel-2B,342,Yukon,175.272092497737,47.4831615316303,0.8928901384393854,"{""type"":""MultiPoint"",""coordinates"":[]}"
20200814T033539_20200814T033538_T51WWQ_2,116.40618204411308,88.62769699812382,1269.0,351,942.7507360157017,724.480783914482,588.2731655061597,544.354246692275,394.65975103734445,382.4817774936061,289.76577693040997,317.5065176908753,94.00000000000003,2.17005583923079,351,2020-08-14,66.76905,123.39458,S2B_MSIL1C_20200814T033539_N0500_R061_T51WWQ_20230317T005607,Sentinel-2B,351,Lena,177.456175707984,52.9060557485509,0.721737760006103,"{""type"":""MultiPoint"",""coordinates"":[]}"
20200814T060641_20200814T060638_T44WPC_1,88.0,42.0,1561.0,346,1138.0,775.9999999999999,514.0,469.0,481.0,462.99999999999994,387.00000000000006,387.00000000000006,97.99999999999999,12.4705,346,2020-08-14,69.37340000000002,86.12130000000002,S2A_MSIL1C_20200814T060641_N0209_R134_T44WPC_20200814T073500,Sentinel-2A,346,Yenisey,175.624976373188,55.6193612087133,0.7963557499714374,"{""type"":""MultiPoint"",""coordinates"":[]}"
20200814T060641_20200814T060638_T45WVS_1,88.00000000000001,42.0,1561.0000000000002,353,1138.0,775.9999999999999,515.0000000000001,468.99999999999994,481.00000000000006,463.0,386.0,388.0,97.99999999999997,24.7812,353,2020-08-14,69.37340000000002,86.12130000000002,S2A_MSIL1C_20200814T060641_N0209_R134_T45WVS_20200814T073500,Sentinel-2A,353,Yenisey,176.656878931804,54.7454382633585,0.7955941667301315,"{""type"":""MultiPoint"",""coordinates"":[]}"
20200814T060641_20200814T060638_T45WVT_1,88.0,42.0,1561.0000000000002,353,1138.0,775.9999999999998,515.0000000000001,468.99999999999994,481.0,462.9999999999999,386.00000000000006,388.0,99.00000000000001,7.9776,353,2020-08-14,69.37340000000002,86.12130000000002,S2A_MSIL1C_20200814T060641_N0209_R134_T45WVT_20200814T073500,Sentinel-2A,353,Yenisey,176.569400728068,55.6422687556112,0.7955774294754828,"{""type"":""MultiPoint"",""coordinates"":[]}"
20200816T032541_20200816T032542_T51WWQ_2,81.50269179004039,61.41283613316104,1324.0,351,970.3656755346897,738.5618556701031,596.5321100917431,552.25,381.1728818206745,357.57987753966046,257.41264437689966,301.1986076986077,92.99999999999999,9.2299,351,2020-08-16,66.76905,123.39458,S2A_MSIL1C_20200816T032541_N0209_R018_T51WWQ_20200816T052406,Sentinel-2A,351,Lena,174.589280784777,53.5950083863862,0.7985008095907132,"{""type"":""MultiPoint"",""coordinates"":[]}"
20200817T011701_20200817T011658_T57WWS_3,33.0,14.999999999999998,1520.9999999999998,351,1165.0000000000002,920.0000000000001,566.9999999999999,465.0,325.0,291.0,212.0,236.0,90.00000000000001,42.1574,351,2020-08-17,68.75,161.3,S2A_MSIL1C_20200817T011701_N0209_R031_T57WWS_20200817T031406,Sentinel-2A,351,Kolyma,178.580440629349,55.6016972939056,0.9307775026309989,"{""type"":""MultiPoint"",""coordinates"":[]}"
20200817T202849_20200817T203014_T08WNV_5,61.0,31.0,1562.0,39,1269.0,1093.0,1020.0,970.0,728.0,739.0,527.0,603.0,115.0,4.8192,39,2020-08-17,67.45,-133.74,S2B_MSIL1C_20200817T202849_N0209_R114_T08WNV_20200817T210551,Sentinel-2B,39,Mackenzie,173.266337879665,54.1895930230023,0.895368754863739,"{""type"":""MultiPoint"",""coordinates"":[]}"
20200817T221539_20200817T221534_T03VXJ_4,78.0,31.0,1554.9999999999998,342,1331.0,1211.0,1143.0,1107.0,965.0000000000001,1003.0,780.0,833.9999999999999,141.0,0.0,342,2020-08-17,61.93,-162.88,S2B_MSIL1C_20200817T221539_N0500_R115_T03VXJ_20230322T163123,Sentinel-2B,342,Yukon,169.177108614188,49.048335371525,0.8792514034679958,"{""type"":""MultiPoint"",""coordinates"":[]}"
20200818T223541_20200818T223538_T03VXJ_4,63.00000000000001,28.0,1415.9999999999998,342,1239.0000000000002,1167.0,1137.0,1093.0,909.0000000000001,934.0,708.0000000000001,766.0,114.00000000000001,0.0,342,2020-08-18,61.93,-162.88,S2A_MSIL1C_20200818T223541_N0209_R058_T03VXJ_20200818T225913,Sentinel-2A,342,Yukon,175.707737627013,49.062845799256,0.8973361909820893,"{""type"":""MultiPoint"",""coordinates"":[]}"
20200819T060639_20200819T060932_T44WPC_1,37.999999999999986,18.000000000000004,1343.0000000000002,346,941.0,590.0000000000001,360.0,316.0,293.99999999999994,280.99999999999994,202.0,224.0,76.0,0.0,346,2020-08-19,69.37340000000002,86.12130000000002,S2B_MSIL1C_20200819T060639_N0209_R134_T44WPC_20200819T071601,Sentinel-2B,346,Yenisey,175.973026487255,57.2089106548436,0.8785942196846008,"{""type"":""MultiPoint"",""coordinates"":[]}"
20200819T060639_20200819T060932_T45WVS_1,38.0,18.000000000000004,1343.0000000000005,353,940.0000000000001,589.9999999999999,359.99999999999994,315.99999999999994,294.00000000000006,280.99999999999994,201.99999999999997,223.99999999999997,74.99999999999999,0.2611,353,2020-08-19,69.37340000000002,86.12130000000002,S2B_MSIL1C_20200819T060639_N0209_R134_T45WVS_20200819T071601,Sentinel-2B,353,Yenisey,176.9977853256,56.3365818189126,0.8786772027050354,"{""type"":""MultiPoint"",""coordinates"":[]}"
20200819T060639_20200819T060932_T45WVT_1,38.00000000000001,18.000000000000004,1343.0000000000005,353,940.0,589.9999999999999,359.99999999999994,315.99999999999994,294.0,280.99999999999994,202.0,223.99999999999997,76.00000000000007,0.0,353,2020-08-19,69.37340000000002,86.12130000000002,S2B_MSIL1C_20200819T060639_N0209_R134_T45WVT_20200819T071601,Sentinel-2B,353,Yenisey,176.906179106158,57.2334878098776,0.8786838229593614,"{""type"":""MultiPoint"",""coordinates"":[]}"
20200821T032539_20200821T032540_T51WWQ_2,61.000000000000014,40.999999999999986,1230.9999999999998,351,881.0000000000001,623.0000000000001,473.0,435.0,307.0,288.0,204.00000000000003,237.00000000000003,78.99999999999999,0.0,351,2020-08-21,66.76905,123.39458,S2B_MSIL1C_20200821T032539_N0209_R018_T51WWQ_20200821T053746,Sentinel-2B,351,Lena,174.991453969527,55.2135555204645,0.8221006318926811,"{""type"":""MultiPoint"",""coordinates"":[]}"
20200822T034541_20200822T034547_T51WWQ_2,118.0,91.0,1183.0,351,869.0,642.0,513.0,472.99999999999994,357.0,336.0,265.0,289.0,97.00000000000001,0.0,351,2020-08-22,66.76905,123.39458,S2A_MSIL1C_20200822T034541_N0209_R104_T51WWQ_20200822T055906,Sentinel-2A,351,Lena,181.014391974295,55.48545466929,0.6887004217300539,"{""type"":""MultiPoint"",""coordinates"":[]}"
20200822T061639_20200822T061633_T44WPC_1,92.0,65.0,1264.0,40,887.0,572.0,356.0,315.0,279.0,274.0,215.0,241.0,78.0,6.0479,40,2020-08-22,69.37340000000002,86.12130000000002,S2B_MSIL1C_20200822T061639_N0209_R034_T44WPC_20200822T063618,Sentinel-2B,40,Yenisey,179.090521746987,58.1698803320588,0.7207890748977661,"{""type"":""MultiPoint"",""coordinates"":[]}"
20200822T202851_20200822T203117_T08WNV_5,47.99999999999999,25.000000000000004,1588.9999999999998,348,1334.9999999999998,1205.0,1230.0000000000002,1198.0,1069.0,1130.0,943.0,949.0,99.99999999999999,3.34208657235758,348,2020-08-22,67.45,-133.74,S2A_MSIL1C_20200822T202851_N0500_R114_T08WNV_20230319T092457,Sentinel-2A,348,Mackenzie,173.729167881741,55.8317884699705,0.9232455366971541,"{""type"":""MultiPoint"",""coordinates"":[]}"
20200823T205029_20200823T205433_T08WNV_5,636.6671018276762,610.0,1626.0,347,1299.0,1101.0,1003.0,1022.6,1064.4975369458127,1140.75,1065.4950884086445,981.5,277.0,15.9355,347,2020-08-23,67.45,-133.74,S2B_MSIL1C_20200823T205029_N0209_R057_T08WNV_20200823T225149,Sentinel-2B,347,Mackenzie,179.708704028665,56.0651819121612,0.2641579035431781,"{""type"":""MultiPoint"",""coordinates"":[]}"
20200824T033539_20200824T033538_T51WWQ_2,49.0,33.0,1177.0000000000002,351,833.4462736241533,597.5314136125654,465.65622326775025,420.4113573407202,285.37857475005814,273.58380372212594,193.7107014290389,217.11447638603696,71.0,5.8862,351,2020-08-24,66.76905,123.39458,S2B_MSIL1C_20200824T033539_N0209_R061_T51WWQ_20200824T054702,Sentinel-2B,351,Lena,178.209019730236,56.169902997087,0.8472915298316063,"{""type"":""MultiPoint"",""coordinates"":[]}"
20200826T032541_20200826T032643_T51WWQ_2,34.0,23.0,1232.0,351,847.0000000000001,573.0,410.99999999999994,371.0,266.00000000000006,239.0,168.0,200.00000000000003,75.99999999999999,0.0,351,2020-08-26,66.76905,123.39458,S2A_MSIL1C_20200826T032541_N0209_R018_T51WWQ_20200826T062908,Sentinel-2A,351,Lena,175.462675545212,56.9097426303196,0.8874886576519456,"{""type"":""MultiPoint"",""coordinates"":[]}"
20200827T061641_20200827T061635_T44WPC_1,215.0,99.0,2163.0,208,1728.0,1296.0,980.9999999999999,929.0,954.0,940.0,832.0,804.1666666666666,223.0,45.6816,208,2020-08-27,69.37340000000002,86.12130000000002,S2A_MSIL1C_20200827T061641_N0209_R034_T44WPC_20200827T063306,Sentinel-2A,208,Yenisey,179.501444226724,59.8925638498124,0.7156272615013967,"{""type"":""MultiPoint"",""coordinates"":[]}"
20200827T061641_20200827T061635_T45WVS_1,211.0,98.0,2163.0,48,1717.0,1291.0,976.0,922.0,943.0,928.0,821.0,794.0,220.0,9.0191,48,2020-08-27,69.37340000000002,86.12130000000002,S2A_MSIL1C_20200827T061641_N0209_R034_T45WVS_20200827T063306,Sentinel-2A,48,Yenisey,180.538158143013,59.0383780962519,0.7217044234275818,"{""type"":""MultiPoint"",""coordinates"":[]}"
20200828T205031_20200828T205026_T08WNV_5,49.0,34.0,1452.9999999999998,348,1208.0,1060.0,1065.0000000000005,1048.9999999999998,837.0,845.9999999999998,641.0,720.0,108.99999999999997,26.6297,348,2020-08-28,67.45,-133.74,S2A_MSIL1C_20200828T205031_N0209_R057_T08WNV_20200829T003008,Sentinel-2A,348,Mackenzie,180.13803681684,57.8112282569454,0.9114836028644017,"{""type"":""MultiPoint"",""coordinates"":[]}"
20200829T060639_20200829T060635_T44WPC_1,134.0,57.00000000000001,1878.0000000000002,346,1444.9999999999998,1013.0,722.9999999999999,665.0,657.0,642.0,544.0,537.0000000000001,149.99999999999994,19.5407,346,2020-08-29,69.37340000000002,86.12130000000002,S2B_MSIL1C_20200829T060639_N0209_R134_T44WPC_20200829T062532,Sentinel-2B,346,Yenisey,176.835876575731,60.6244916973264,0.7659785581773587,"{""type"":""MultiPoint"",""coordinates"":[]}"
20200829T060639_20200829T060635_T45WVS_1,134.0,56.99999999999999,1878.0000000000005,353,1444.9999999999998,1012.0,722.9999999999999,665.0,657.0,642.0,545.0,537.0,150.00000000000006,17.4607,353,2020-08-29,69.37340000000002,86.12130000000002,S2B_MSIL1C_20200829T060639_N0209_R134_T45WVS_20200829T062532,Sentinel-2B,353,Yenisey,177.846128609705,59.7562570823189,0.765281343460083,"{""type"":""MultiPoint"",""coordinates"":[]}"
20200829T060639_20200829T060635_T45WVT_1,134.0,57.0,1878.0000000000002,282,1445.9999999999998,1013.0,724.0000000000001,664.0,656.0000000000001,641.0,545.0,536.0,150.0,22.568,282,2020-08-29,69.37340000000002,86.12130000000002,S2B_MSIL1C_20200829T060639_N0209_R134_T45WVT_20200829T062532,Sentinel-2B,282,Yenisey,177.746074430009,60.6532165615651,0.7660042833709391,"{""type"":""MultiPoint"",""coordinates"":[]}"
20200901T011659_20200901T011655_T57WWS_3,33.0,17.0,1499.0,351,1149.0,914.0,800.4,692.0,417.00000000000006,390.99999999999994,258.0,307.99999999999994,75.99999999999999,25.9975,351,2020-09-01,68.75,161.3,S2B_MSIL1C_20200901T011659_N0209_R031_T57WWS_20200901T030141,Sentinel-2B,351,Kolyma,179.776894545429,60.7485443018809,0.9297505815823873,"{""type"":""MultiPoint"",""coordinates"":[]}"
20200902T072619_20200902T072618_T41WPP_0,50.0,31.0,1291.0,54,906.0,620.0,431.0,411.0,291.0,269.0,191.0,215.0,73.0,25.4649,54,2020-09-02,66.63000000000001,66.6,S2B_MSIL1C_20200902T072619_N0209_R049_T41WPP_20200902T074832,Sentinel-2B,54,Ob,179.194390586312,58.4855766699832,0.8502994179725647,"{""type"":""MultiPoint"",""coordinates"":[]}"
20200902T072619_20200902T072618_T41WPQ_0,50.0,29.0,1290.0,153,907.9999999999999,623.0,434.3636363636364,410.2,294.78167808219183,270.4461206896552,194.60098522167488,218.430832057172,71.0,30.4872,153,2020-09-02,66.63000000000001,66.6,S2B_MSIL1C_20200902T072619_N0209_R049_T41WPQ_20200902T074832,Sentinel-2B,153,Ob,179.280208541822,59.3801327586454,0.8556282833550579,"{""type"":""MultiPoint"",""coordinates"":[]}"
20200903T010651_20200903T010653_T57WWS_3,29.999999999999986,13.999999999999998,1372.0,351,1032.0,805.0,659.0,555.0,330.0,295.0,197.99999999999997,238.0,72.0,4.3489,351,2020-09-03,68.75,161.3,S2A_MSIL1C_20200903T010651_N0209_R131_T57WWS_20200903T030230,Sentinel-2A,351,Kolyma,177.15283762478,61.4987337158176,0.928820808728536,"{""type"":""MultiPoint"",""coordinates"":[]}"
20200904T203941_20200904T203940_T08WNV_5,565.3298565840939,589.5,1749.0,201,1390.5,1214.7039337474118,1256.4265881363065,1287.0,1263.0,1337.3333333333333,1266.0,1133.0,373.0,39.4818,201,2020-09-04,67.45,-133.74,S2A_MSIL1C_20200904T203941_N0209_R014_T08WNV_20200905T001926,Sentinel-2A,201,Mackenzie,177.925137900492,60.3662999202784,0.3579837679862976,"{""type"":""MultiPoint"",""coordinates"":[]}"
20200906T011701_20200906T011657_T57WWS_3,25.000000000000004,13.0,1351.0,351,1023.0,815.0,634.0,523.0,311.0,277.00000000000006,183.0,219.99999999999997,70.0,0.0167,351,2020-09-06,68.75,161.3,S2A_MSIL1C_20200906T011701_N0209_R031_T57WWS_20200906T031724,Sentinel-2A,351,Kolyma,180.248005222932,62.5891618240207,0.9396445155143738,"{""type"":""MultiPoint"",""coordinates"":[]}"
20200906T061631_20200906T061634_T44WPC_1,103.0,54.00000000000001,1541.0,346,1121.9999999999998,770.0,522.9999999999999,466.99999999999994,419.0,391.99999999999994,326.9999999999999,331.99999999999994,132.00000000000003,0.0,346,2020-09-06,69.37340000000002,86.12130000000002,S2A_MSIL1C_20200906T061631_N0500_R034_T44WPC_20230310T104721,Sentinel-2A,346,Yenisey,180.39711025872,63.523880149946,0.7643026560544968,"{""type"":""MultiPoint"",""coordinates"":[]}"
20200906T061631_20200906T061634_T45WVS_1,103.0,54.0,1542.0000000000002,353,1122.0,770.0000000000001,523.0,466.99999999999994,419.00000000000006,392.00000000000006,327.0,331.0,132.00000000000003,0.0,353,2020-09-06,69.37340000000002,86.12130000000002,S2A_MSIL1C_20200906T061631_N0500_R034_T45WVS_20230310T104721,Sentinel-2A,353,Yenisey,181.414106541793,62.6747476562117,0.7643553614616394,"{""type"":""MultiPoint"",""coordinates"":[]}"
20200906T061631_20200906T061634_T45WVT_1,103.0,54.0,1542.0000000000002,353,1122.0,770.0000000000001,523.0,466.99999999999994,419.00000000000006,392.00000000000006,327.00000000000006,331.0,132.0,0.0072262533966377,353,2020-09-06,69.37340000000002,86.12130000000002,S2A_MSIL1C_20200906T061631_N0500_R034_T45WVT_20230310T104721,Sentinel-2A,353,Yenisey,181.287279104124,63.569825698855,0.7643553614616394,"{""type"":""MultiPoint"",""coordinates"":[]}"
20200906T070629_20200906T070624_T41WPP_0,42.0,23.0,1336.0000000000002,350,930.0,620.5960624575696,408.496282527881,384.91419224962254,284.96439426834564,265.0294230769231,188.9853864007565,213.51409253209752,71.0,0.0,350,2020-09-06,66.63000000000001,66.6,S2B_MSIL1C_20200906T070629_N0209_R106_T41WPP_20200906T081444,Sentinel-2B,350,Ob,173.862181070237,60.0724699953441,0.8758742008882233,"{""type"":""MultiPoint"",""coordinates"":[]}"
20200906T070629_20200906T070624_T41WPQ_0,42.0,23.0,1336.0000000000002,350,930.0,620.5135908440631,408.496282527881,384.91419224962254,284.96439426834564,265.0294230769231,188.96561506060348,213.49472004862113,71.0,0.0,350,2020-09-06,66.63000000000001,66.6,S2B_MSIL1C_20200906T070629_N0209_R106_T41WPQ_20200906T081444,Sentinel-2B,350,Ob,173.991383365592,60.9596557308259,0.8758837325864883,"{""type"":""MultiPoint"",""coordinates"":[]}"
20200906T203019_20200906T203017_T08WNV_5,32.0,16.0,1528.9999999999998,348,1204.0,986.9999999999999,980.0000000000001,985.9999999999999,835.0000000000001,845.9999999999999,672.9999999999999,737.9999999999999,129.0,1.5944,348,2020-09-06,67.45,-133.74,S2B_MSIL1C_20200906T203019_N0209_R114_T08WNV_20200906T210956,Sentinel-2B,348,Mackenzie,175.289029118402,61.1622061377009,0.9381727278232574,"{""type"":""MultiPoint"",""coordinates"":[]}"
20200908T033541_20200908T033539_T51WWQ_2,69.2892623916069,53.43897581792319,1320.7727364933396,270,940.6052002390913,657.3503597122302,485.31969026548677,429.4670674333508,318.0896674584323,289.64077085215297,218.6437838608497,237.27190435525188,86.53471607436448,0.7292,270,2020-09-08,66.76905,123.39458,S2A_MSIL1C_20200908T033541_N0209_R061_T51WWQ_20200908T055716,Sentinel-2A,270,Lena,179.622887130558,61.5816829435519,0.8067095073554619,"{""type"":""MultiPoint"",""coordinates"":[]}"
20200909T222539_20200909T222600_T03VXJ_4,62.0,43.0,1571.0,7,1346.0,1226.0,1198.0,1143.0,886.0,902.0,642.0,744.0,106.0,22.6301,7,2020-09-09,61.93,-162.88,S2B_MSIL1C_20200909T222539_N0209_R015_T03VXJ_20200910T000531,Sentinel-2B,7,Yukon,175.046643594489,56.9300687893438,0.906836986541748,"{""type"":""MultiPoint"",""coordinates"":[]}"
20200910T032539_20200910T032539_T51WWQ_2,117.28174603174602,85.11032388663966,1392.8210070810385,275,1004.5082470272346,682.5604212860309,497.65055234620456,449.0713487852555,357.8294029850747,333.26197318007667,265.6798319327731,285.13956526903434,130.63852575208693,17.5875,275,2020-09-10,66.76905,123.39458,S2B_MSIL1C_20200910T032539_N0209_R018_T51WWQ_20200910T053747,Sentinel-2B,275,Lena,177.007850317264,62.361312270506,0.7009840694869437,"{""type"":""MultiPoint"",""coordinates"":[]}"
20200911T221541_20200911T221535_T03VXJ_4,753.0,677.0,2011.0000000000002,341,1719.0,1554.0000000000002,1528.2251655629138,1564.7434607645876,1482.6666666666667,1557.654939106901,1434.0238095238094,1412.6666666666667,487.0,44.0485,341,2020-09-11,61.93,-162.88,S2A_MSIL1C_20200911T221541_N0209_R115_T03VXJ_20200911T235953,Sentinel-2A,341,Yukon,172.361204914973,57.8072915787695,0.3447882862779618,"{""type"":""MultiPoint"",""coordinates"":[]}"
20200912T223539_20200912T223603_T03VXJ_4,44.99999999999999,18.0,1405.0,342,1199.0,1099.9999999999998,1080.0,1029.0,774.9999999999999,763.0,546.0,632.0000000000001,103.0,0.0,342,2020-09-12,61.93,-162.88,S2B_MSIL1C_20200912T223539_N0500_R058_T03VXJ_20230311T070225,Sentinel-2B,342,Yukon,178.340569575471,58.0000799853611,0.9218854010105133,"{""type"":""MultiPoint"",""coordinates"":[]}"
20200913T060641_20200913T060752_T44WPC_1,116.58800287356321,78.49556650246306,1632.0,346,1186.9999999999998,796.0,549.0,493.0,457.0,427.0,368.66840052015607,362.0,165.0,18.2954,346,2020-09-13,69.37340000000002,86.12130000000002,S2A_MSIL1C_20200913T060641_N0209_R134_T44WPC_20200913T073606,Sentinel-2A,346,Yenisey,178.331000144039,66.1783931367471,0.7432345104343302,"{""type"":""MultiPoint"",""coordinates"":[]}"
20200913T060641_20200913T060752_T45WVS_1,118.44537554314093,78.54978439827518,1633.0,353,1187.0,796.0,549.0,494.0,456.0,427.0,368.4806786050896,362.0,164.0,15.7925,353,2020-09-13,69.37340000000002,86.12130000000002,S2A_MSIL1C_20200913T060641_N0209_R134_T45WVS_20200913T073606,Sentinel-2A,353,Yenisey,179.317030633188,65.3177106476009,0.7429049563701583,"{""type"":""MultiPoint"",""coordinates"":[]}"
20200913T060641_20200913T060752_T45WVT_1,118.44537554314093,78.54978439827518,1633.0,353,1187.0,796.0,549.0,494.0,456.0,427.0,368.4806786050896,362.0,164.0,17.0541,353,2020-09-13,69.37340000000002,86.12130000000002,S2A_MSIL1C_20200913T060641_N0209_R134_T45WVT_20200913T073606,Sentinel-2A,353,Yenisey,179.206949112462,66.2143034236699,0.7429049563701583,"{""type"":""MultiPoint"",""coordinates"":[]}"
20200914T012659_20200914T012657_T57WWS_3,57.00000000000001,26.0,1601.0,351,1263.0,982.0,694.0,563.0,408.0,380.0000000000001,286.0,306.0,99.00000000000004,32.8718,351,2020-09-14,68.75,161.3,S2B_MSIL1C_20200914T012659_N0209_R074_T57WWS_20200914T025028,Sentinel-2B,351,Kolyma,183.729524041822,65.6628670111985,0.8928016283757937,"{""type"":""MultiPoint"",""coordinates"":[]}"
20200916T034539_20200916T034536_T51WWQ_2,162.0,122.0,1633.0,157,1214.9926380368097,850.0,629.2675921493538,561.0,469.0,455.0,363.14285714285717,364.1111111111111,135.0,4.80775846926482,157,2020-09-16,66.76905,123.39458,S2B_MSIL1C_20200916T034539_N0500_R104_T51WWQ_20230313T012519,Sentinel-2B,157,Lena,183.156057613589,64.6679022953166,0.6853490471839905,"{""type"":""MultiPoint"",""coordinates"":[]}"
20200916T061631_20200916T061634_T44WPC_1,78.0,37.0,1666.9999999999995,346,1224.0,834.9999999999999,561.0,496.0,454.0,418.0,350.00000000000006,353.0,141.0,41.6454,346,2020-09-16,69.37340000000002,86.12130000000002,S2A_MSIL1C_20200916T061631_N0209_R034_T44WPC_20200916T063308,Sentinel-2A,346,Yenisey,181.336518617758,67.3324954770485,0.829290088182821,"{""type"":""MultiPoint"",""coordinates"":[]}"
20200916T061631_20200916T061634_T45WVS_1,77.99999999999997,37.0,1664.9999999999998,353,1224.0,835.0000000000002,559.9999999999999,495.99999999999994,454.0,419.0,351.00000000000006,353.0,141.0,0.0,353,2020-09-16,69.37340000000002,86.12130000000002,S2A_MSIL1C_20200916T061631_N0500_R034_T45WVS_20230314T175444,Sentinel-2A,353,Yenisey,182.333664189577,66.4889752212789,0.8308453195318678,"{""type"":""MultiPoint"",""coordinates"":[]}"
20200916T061631_20200916T061634_T45WVT_1,78.0,37.0,1665.0,353,1223.9999999999998,835.0000000000001,559.9999999999999,495.99999999999994,453.9999999999999,419.0,350.00000000000006,353.00000000000006,141.0,42.9151,353,2020-09-16,69.37340000000002,86.12130000000002,S2A_MSIL1C_20200916T061631_N0209_R034_T45WVT_20200916T063308,Sentinel-2A,353,Yenisey,182.204124819712,67.3829122814755,0.828826516866684,"{""type"":""MultiPoint"",""coordinates"":[]}"
20200916T070619_20200916T070622_T41WPQ_0,162.0,89.0,1697.0,10,1287.0,948.0,769.0,724.0,585.0,580.0,453.0,469.0,128.0,1.0498,10,2020-09-16,66.63000000000001,66.6,S2B_MSIL1C_20200916T070619_N0209_R106_T41WPQ_20200916T080635,Sentinel-2B,10,Ob,175.127645346246,64.7294438224483,0.7108674049377441,"{""type"":""MultiPoint"",""coordinates"":[]}"
20200917T205131_20200917T205346_T08WNV_5,39.0,23.999999999999996,1492.0000000000002,348,1210.9999999999998,1011.0,936.9999999999999,863.9999999999999,594.0,575.0,394.0000000000001,466.00000000000006,89.00000000000001,0.26372858983212,348,2020-09-17,67.45,-133.74,S2A_MSIL1C_20200917T205131_N0500_R057_T08WNV_20230313T084113,Sentinel-2A,348,Mackenzie,181.99843696228,65.3121612800074,0.9255013894351342,"{""type"":""MultiPoint"",""coordinates"":[]}"
20200918T033541_20200918T033540_T51WWQ_2,93.7439777025682,65.3780647576268,1536.985761226725,247,1122.4509340777324,784.4989130434782,565.2164167568403,497.53768299295143,409.2538952211649,377.9609564164649,309.54260467073425,317.66556776556774,128.80769230769232,0.0,247,2020-09-18,66.76905,123.39458,S2A_MSIL1C_20200918T033541_N0209_R061_T51WWQ_20200918T054947,Sentinel-2A,247,Lena,180.607393897947,65.4092469229223,0.7829117500989665,"{""type"":""MultiPoint"",""coordinates"":[]}"
20200919T071619_20200919T071643_T41WPQ_0,586.0,434.0,1804.0,29,1429.0,1168.0,1121.0,1179.0,1183.0,1258.0,1227.0,1155.0,413.0,35.1203,29,2020-09-19,66.63000000000001,66.6,S2B_MSIL1C_20200919T071619_N0209_R006_T41WPQ_20200919T083059,Sentinel-2B,29,Ob,178.196399219073,65.8308625795083,0.3453318476676941,"{""type"":""MultiPoint"",""coordinates"":[]}"
20200920T032539_20200920T032538_T51WWQ_2,338.0,198.0,2161.0,9,1716.0,1345.0,1188.0,1142.0,997.0,974.0,822.0,818.0,431.0,0.0,9,2020-09-20,66.76905,123.39458,S2B_MSIL1C_20200920T032539_N0500_R018_T51WWQ_20230314T004819,Sentinel-2B,9,Lena,178.0612441282,66.1932535500941,0.5898058414459229,"{""type"":""MultiPoint"",""coordinates"":[]}"
20200921T034541_20200921T034546_T51WWQ_2,334.0,203.0,2120.0,8,1746.0,1383.0,1237.0,1179.5,1005.5,985.0,834.5,835.0,306.0,0.0,8,2020-09-21,66.76905,123.39458,S2A_MSIL1C_20200921T034541_N0209_R104_T51WWQ_20200921T055957,Sentinel-2A,8,Lena,183.607646174733,66.6161356884316,0.6109461188316345,"{""type"":""MultiPoint"",""coordinates"":[]}"
20200922T072619_20200922T072619_T41WPP_0,41.80293286856181,20.510803440318856,1437.0,334,1032.0,700.3692655832135,490.44434763668045,461.25007689941555,337.28045192420853,301.41852978000355,218.62531716943894,245.110847513089,94.0,7.2204,334,2020-09-22,66.63000000000001,66.6,S2B_MSIL1C_20200922T072619_N0209_R049_T41WPP_20200922T074618,Sentinel-2B,334,Ob,181.144642062235,66.0989911032758,0.8845601420606886,"{""type"":""MultiPoint"",""coordinates"":[]}"
20200922T072619_20200922T072619_T41WPQ_0,41.759033203125,20.510803440318856,1437.0000000000002,334,1032.0,700.4258635214828,490.4735864630623,461.25007689941555,337.2238437095446,301.62968515742125,218.65674806258227,245.10405759162305,94.31808731808734,19.5279,334,2020-09-22,66.63000000000001,66.6,S2B_MSIL1C_20200922T072619_N0209_R049_T41WPQ_20200922T074618,Sentinel-2B,334,Ob,181.210760126556,66.9943441212676,0.8846437224471179,"{""type"":""MultiPoint"",""coordinates"":[]}"
20200922T223539_20200922T223534_T03VXJ_4,93.16385212231859,49.29546915167095,1563.0,324,1299.0,1085.5649867374007,1007.0,934.0,711.0,677.3333333333334,501.0,590.1114982578398,145.0,11.0546,324,2020-09-22,61.93,-162.88,S2B_MSIL1C_20200922T223539_N0209_R058_T03VXJ_20200922T230143,Sentinel-2B,324,Yukon,179.405648500184,61.8608861018942,0.8301340468972361,"{""type"":""MultiPoint"",""coordinates"":[]}"
20200923T033539_20200923T033903_T51WWQ_2,89.37285764253234,53.32927631578947,1465.0,246,1048.2348668280872,709.2038571643815,501.39063794531904,433.78278278278276,353.515976331361,329.10816358755727,251.2004698512138,269.28796907714604,116.88745878098077,5.5045,246,2020-09-23,66.76905,123.39458,S2B_MSIL1C_20200923T033539_N0209_R061_T51WWQ_20200923T063745,Sentinel-2B,246,Lena,181.066780584316,67.3548392077141,0.7756741347963987,"{""type"":""MultiPoint"",""coordinates"":[]}"
20200925T032541_20200925T032542_T51WWQ_2,157.0532178217822,97.27838427947597,1872.0000000000002,220,1419.9999999999998,1004.2870005627461,761.1369684320375,689.5714285714286,601.6305761040126,557.5599309695639,465.16090187035616,477.7894736842106,197.0,0.0,220,2020-09-25,66.76905,123.39458,S2A_MSIL1C_20200925T032541_N0500_R018_T51WWQ_20230423T143509,Sentinel-2A,220,Lena,178.57596872839,68.1339703311067,0.7327866118435928,"{""type"":""MultiPoint"",""coordinates"":[]}"
20200926T070639_20200926T070640_T41WPP_0,566.0,294.0,1999.0,42,1598.0,1263.0,1107.0,1169.0,1163.0,1226.0,1213.0,1169.0,253.0,46.1021,42,2020-09-26,66.63000000000001,66.6,S2B_MSIL1C_20200926T070639_N0209_R106_T41WPP_20200926T090936,Sentinel-2B,42,Ob,176.118110848489,67.696087291363,0.39883166551589966,"{""type"":""MultiPoint"",""coordinates"":[]}"
20200926T070639_20200926T070640_T41WPQ_0,567.0,294.0,1999.0,42,1598.0,1263.0,1107.0,1169.0,1163.0,1226.0,1213.0,1169.0,253.0,17.3673,42,2020-09-26,66.63000000000001,66.6,S2B_MSIL1C_20200926T070639_N0209_R106_T41WPQ_20200926T090936,Sentinel-2B,42,Ob,176.213511610644,68.587311377471,0.3980891704559326,"{""type"":""MultiPoint"",""coordinates"":[]}"
20200929T012701_20200929T012701_T57WWS_3,510.3333333333333,396.70539419087135,2316.0,321,1966.0,1568.0,1288.0,1157.0,1049.0,1012.5349650349651,912.5,888.5532081377152,328.0,33.4489,321,2020-09-29,68.75,161.3,S2A_MSIL1C_20200929T012701_N0209_R074_T57WWS_20200929T032526,Sentinel-2A,321,Kolyma,184.982444517213,71.5186466352424,0.5089402496814728,"{""type"":""MultiPoint"",""coordinates"":[]}"
20201001T070721_20201001T070717_T41WPP_0,225.27818820394813,150.57142857142858,1864.0,346,1411.0,1006.320823646629,792.5653409090909,749.7180974477959,637.0556340016944,617.5,541.1875993640699,529.4028968371268,192.0,6.4712,346,2020-10-01,66.63000000000001,66.6,S2A_MSIL1C_20201001T070721_N0209_R106_T41WPP_20201001T072553,Sentinel-2A,346,Ob,176.631247452397,69.6269012743741,0.6345715388866197,"{""type"":""MultiPoint"",""coordinates"":[]}"
20201001T070721_20201001T070717_T41WPQ_0,225.31859070464765,150.625,1864.0,346,1411.0,1006.4882047181128,792.5653409090909,749.8167053364269,636.9836204462016,617.5,541.1875993640699,529.4028968371268,192.0,13.6454,346,2020-10-01,66.63000000000001,66.6,S2A_MSIL1C_20201001T070721_N0209_R106_T41WPQ_20201001T072553,Sentinel-2A,346,Ob,176.720469557355,70.5188553397747,0.6344464735227101,"{""type"":""MultiPoint"",""coordinates"":[]}"
20201004T062719_20201004T062720_T44WPC_1,150.0,127.0,1863.0,285,1391.0,910.0000000000001,669.0,604.0,542.0,508.0,431.0,429.0,212.0,34.2716,285,2020-10-04,69.37340000000002,86.12130000000002,S2B_MSIL1C_20201004T062719_N0209_R077_T44WPC_20201004T073538,Sentinel-2B,285,Yenisey,185.439778017747,74.402829521657,0.7192679719469893,"{""type"":""MultiPoint"",""coordinates"":[]}"
20201004T062719_20201004T062720_T45WVS_1,149.00000000000003,125.0,1865.0,171,1389.0000000000002,910.0000000000001,667.9999999999999,600.9999999999999,540.0,508.0,429.0,427.0,210.0,18.2814,171,2020-10-04,69.37340000000002,86.12130000000002,S2B_MSIL1C_20201004T062719_N0209_R077_T45WVS_20201004T073538,Sentinel-2B,171,Yenisey,186.402328363437,73.586013123441,0.7174814641475677,"{""type"":""MultiPoint"",""coordinates"":[]}"
20201004T062719_20201004T062720_T45WVT_1,151.0,130.0,1862.0,210,1389.0000000000002,911.0,672.0,609.0,545.0,509.0,432.0,430.0,213.0,20.4428,210,2020-10-04,69.37340000000002,86.12130000000002,S2B_MSIL1C_20201004T062719_N0209_R077_T45WVT_20201004T073538,Sentinel-2B,210,Yenisey,186.267300969207,74.4727226041203,0.7133423835039139,"{""type"":""MultiPoint"",""coordinates"":[]}"
20201006T070749_20201006T070750_T41WPP_0,627.0,536.0,2016.0,41,1585.0,1194.0,1115.0,1150.0,1051.0,1093.0,1006.0,990.0,433.0,18.9169,41,2020-10-06,66.63000000000001,66.6,S2B_MSIL1C_20201006T070749_N0209_R106_T41WPP_20201006T080607,Sentinel-2B,41,Ob,177.074553643447,71.5445547809587,0.3123644292354584,"{""type"":""MultiPoint"",""coordinates"":[]}"
20201006T070749_20201006T070750_T41WPQ_0,627.0,536.0,2016.0,41,1585.0,1194.0,1115.0,1150.0,1051.0,1093.0,1006.0,990.0,433.0,14.61,41,2020-10-06,66.63000000000001,66.6,S2B_MSIL1C_20201006T070749_N0209_R106_T41WPQ_20201006T080607,Sentinel-2B,41,Ob,177.158588107375,72.4370840014135,0.3123644292354584,"{""type"":""MultiPoint"",""coordinates"":[]}"
20201009T222539_20201009T222536_T03VXJ_4,401.0,294.0,1623.0,342,1272.0,983.0,897.9999999999999,849.0,682.0,689.0,609.0,612.0,181.0,3.477,342,2020-10-09,61.93,-162.88,S2B_MSIL1C_20201009T222539_N0209_R015_T03VXJ_20201009T224712,Sentinel-2B,342,Yukon,178.226523575033,68.4322799769024,0.41841232031583786,"{""type"":""MultiPoint"",""coordinates"":[]}"
20201011T203411_20201011T203407_T08WNV_5,531.0,440.6666666666667,2384.0,108,1917.0,1430.0,1278.0,1248.0,1047.0,1026.0,912.0,920.0,378.0,45.8175,108,2020-10-11,67.45,-133.74,S2A_MSIL1C_20201011T203411_N0209_R114_T08WNV_20201011T211234,Sentinel-2A,108,Mackenzie,178.717364413677,74.5603101012546,0.4632274309794108,"{""type"":""MultiPoint"",""coordinates"":[]}"
20201012T223539_20201012T223535_T03VXJ_4,60.99999999999999,32.99999999999999,1527.0,342,1212.0,957.0000000000001,870.0,793.0000000000001,540.0,503.0,348.0,411.00000000000006,118.00000000000004,2.33574605389378,342,2020-10-12,61.93,-162.88,S2B_MSIL1C_20201012T223539_N0500_R058_T03VXJ_20230309T060936,Sentinel-2B,342,Yukon,181.078098621507,69.5550791149839,0.8801150579785191,"{""type"":""MultiPoint"",""coordinates"":[]}"
20201013T010651_20201013T010654_T57WWS_3,65.99999999999999,27.0,2169.0,167,1671.9999999999995,1173.0,859.0,732.9999999999999,564.0,497.0,387.0,419.0,157.0,0.497061595330684,167,2020-10-13,68.75,161.3,S2A_MSIL1C_20201013T010651_N0500_R131_T57WWS_20230309T064558,Sentinel-2A,167,Kolyma,180.777345978293,76.7952640935553,0.8937197327613831,"{""type"":""MultiPoint"",""coordinates"":[]}"
20201015T032721_20201015T032722_T51WWQ_2,462.0,380.0,2709.0,23,1944.0,1460.0,1289.0,1206.0,1156.0,1142.0,1072.0,1043.0,744.0,2.6129,23,2020-10-15,66.76905,123.39458,S2A_MSIL1C_20201015T032721_N0209_R018_T51WWQ_20201015T054324,Sentinel-2A,23,Lena,180.153736552576,75.7786770656047,0.49699944257736206,"{""type"":""MultiPoint"",""coordinates"":[]}"
20201017T205501_20201017T205455_T08WNV_5,46.0,25.0,2033.9999999999995,348,1592.0,1125.0,933.0,847.0,595.0,538.0000000000001,372.0,450.0,173.0,0.00674085602879694,348,2020-10-17,67.45,-133.74,S2A_MSIL1C_20201017T205501_N0500_R057_T08WNV_20230305T203141,Sentinel-2A,348,Mackenzie,184.123265038754,76.8347470191709,0.9206080521856036,"{""type"":""MultiPoint"",""coordinates"":[]}"
20201019T071929_20201019T071923_T41WPP_0,56.0,28.0,2227.1,203,1667.5114100408357,1092.5,803.2307692307693,724.9375,566.0,517.7407407407408,373.24555833689476,427.94736842105266,156.9212909599868,11.222,203,2020-10-19,66.63000000000001,66.6,S2B_MSIL1C_20201019T071929_N0209_R006_T41WPP_20201019T080212,Sentinel-2B,203,Ob,180.492170019003,76.3671176406408,0.9051010012626648,"{""type"":""MultiPoint"",""coordinates"":[]}"
20201019T071929_20201019T071923_T41WPQ_0,56.0,28.000000000000004,2227.6249449743214,314,1667.3257432922408,1092.0782259222046,803.3294454675671,725.3030978381994,566.4961133973479,519.1732934008056,373.4166702805847,428.34258256632376,157.22944012858295,29.3874,314,2020-10-19,66.63000000000001,66.6,S2B_MSIL1C_20201019T071929_N0209_R006_T41WPQ_20201019T080212,Sentinel-2B,314,Ob,180.558076921379,77.2623108996693,0.9051241981287073,"{""type"":""MultiPoint"",""coordinates"":[]}"
20201021T203511_20201021T203512_T08WNV_5,38.0,27.0,2331.0,22,1787.0,1228.0,988.0,896.0,654.0,597.0,413.0,479.0,159.0,3.00121207290525,22,2020-10-21,67.45,-133.74,S2A_MSIL1C_20201021T203511_N0500_R114_T08WNV_20230305T214508,Sentinel-2A,22,Mackenzie,179.254230212749,78.2081371626081,0.9392486214637756,"{""type"":""MultiPoint"",""coordinates"":[]}"
20201021T221551_20201021T221554_T03VXJ_4,48.0,25.999999999999996,1774.0,342,1384.0,1028.9999999999998,884.0000000000001,798.0,548.0,491.0,349.0,410.0,140.0,0.124996267431097,342,2020-10-21,61.93,-162.88,S2A_MSIL1C_20201021T221551_N0500_R115_T03VXJ_20230307T105857,Sentinel-2A,342,Yukon,176.390880225128,72.8733450979229,0.9098159769776324,"{""type"":""MultiPoint"",""coordinates"":[]}"
20201022T072949_20201022T072946_T41WPP_0,516.0,436.0,2836.619767755874,255,2321.5,1705.777711204314,1577.8796068796069,1538.3319080705505,1411.4810163551401,1395.7746440306682,1275.976653696498,1267.0238095238096,632.0000000000001,41.8518,255,2020-10-22,66.63000000000001,66.6,S2B_MSIL1C_20201022T072949_N0209_R049_T41WPP_20201022T074958,Sentinel-2B,255,Ob,183.11365399441,77.4704967906879,0.5393646856149038,"{""type"":""MultiPoint"",""coordinates"":[]}"
20201022T223609_20201022T223607_T03VXJ_4,70.0,45.00000000000001,1707.0000000000002,342,1340.0,1004.0,869.0,802.0,583.0,531.0,380.0,435.0,142.0,2.41372827910573,342,2020-10-22,61.93,-162.88,S2B_MSIL1C_20201022T223609_N0500_R058_T03VXJ_20230306T020531,Sentinel-2B,342,Yukon,181.531347698433,73.1866761369557,0.869883721652587,"{""type"":""MultiPoint"",""coordinates"":[]}"
20201023T060921_20201023T060919_T45WVS_1,300.0,260.0,2869.0,346,2229.0,1456.0,1223.0,1181.9999999999998,1109.0,1060.415137614679,940.4,958.0,419.99999999999994,39.8535,346,2020-10-23,69.37340000000002,86.12130000000002,S2A_MSIL1C_20201023T060921_N0209_R134_T45WVS_20201023T061733,Sentinel-2A,346,Yenisey,182.251725174202,80.5086649895944,0.6569133400917053,"{""type"":""MultiPoint"",""coordinates"":[]}"
20201024T012729_20201024T012726_T57WWS_3,125.99999999999999,92.99999999999999,2478.0,351,2002.5,1358.0,1076.339378238342,978.0000000000001,886.6626984126984,852.0,721.2743644067796,726.0,269.0,5.4381,351,2020-10-24,68.75,161.3,S2B_MSIL1C_20201024T012729_N0209_R074_T57WWS_20201024T030451,Sentinel-2B,351,Kolyma,186.192211014524,80.891929471502,0.8296635031700135,"{""type"":""MultiPoint"",""coordinates"":[]}"
20201024T072001_20201024T071957_T41WPP_0,466.64180569185476,376.6666666666667,2842.667441522592,181,2293.6763959390864,1625.3103448275863,1444.4088397790056,1394.1842244573847,1306.8628826530614,1276.0770547945208,1178.99609375,1154.9456112008618,489.00000000000006,7.4734,181,2020-10-24,66.63000000000001,66.6,S2A_MSIL1C_20201024T072001_N0209_R006_T41WPP_20201024T073048,Sentinel-2A,181,Ob,180.68097291167,78.1335398535027,0.5550188459455967,"{""type"":""MultiPoint"",""coordinates"":[]}"
20201024T072001_20201024T071957_T41WPQ_0,466.64180569185476,374.0,2842.0,180,2293.6763959390864,1625.3103448275863,1444.1132596685081,1394.7336927223716,1307.697202413604,1277.019406392694,1179.32421875,1155.0285406569737,488.3130799161928,29.9279,180,2020-10-24,66.63000000000001,66.6,S2A_MSIL1C_20201024T072001_N0209_R006_T41WPQ_20201024T073048,Sentinel-2A,180,Ob,180.745698062718,79.0287900709336,0.5550188459455967,"{""type"":""MultiPoint"",""coordinates"":[]}"
20201027T073021_20201027T073018_T41WPP_0,502.0,390.0,2841.0,49,2283.0,1577.0,1383.0,1318.0,1215.0,1173.0,1055.0,1067.0,473.0,9.4083,49,2020-10-27,66.63000000000001,66.6,S2A_MSIL1C_20201027T073021_N0209_R049_T41WPP_20201027T073953,Sentinel-2A,49,Ob,183.226188031622,79.1946553445994,0.5192118287086487,"{""type"":""MultiPoint"",""coordinates"":[]}"
20201027T073021_20201027T073018_T41WPQ_0,502.0,390.0,2839.0,51,2283.0,1577.0,1383.0,1319.0,1215.0,1171.0,1056.0,1066.0,470.0,21.9283,51,2020-10-27,66.63000000000001,66.6,S2A_MSIL1C_20201027T073021_N0209_R049_T41WPQ_20201027T073953,Sentinel-2A,51,Ob,183.284228972644,80.0897323111079,0.5192118287086487,"{""type"":""MultiPoint"",""coordinates"":[]}"
20201027T205601_20201027T205558_T08WNV_5,360.0,299.0,3836.0,36,2466.0,1882.0,1787.0,1878.0,1836.0,1781.0,1477.0,1431.0,1034.0,11.5419,36,2020-10-27,67.45,-133.74,S2A_MSIL1C_20201027T205601_N0209_R057_T08WNV_20201027T220058,Sentinel-2A,36,Mackenzie,184.36139701873,80.3404973328429,0.697730541229248,"{""type"":""MultiPoint"",""coordinates"":[]}"
20201027T223641_20201027T223641_T03VXJ_4,480.5,349.0,2319.9999999999995,258,1914.0,1484.11865569273,1395.2077922077922,1324.1319052987599,1138.4056720098645,1099.5629820051415,1006.0,986.75,373.0,31.9781,258,2020-10-27,61.93,-162.88,S2A_MSIL1C_20201027T223641_N0209_R058_T03VXJ_20201027T230446,Sentinel-2A,258,Yukon,181.652738711642,74.8996307594889,0.5193021098772684,"{""type"":""MultiPoint"",""coordinates"":[]}"
20201029T204609_20201029T204603_T08WNV_5,222.0,172.0,3748.0,20,2723.0,2085.0,2123.0,2377.0,2196.0,2184.0,2013.0,1685.0,926.0,2.8164,20,2020-10-29,67.45,-133.74,S2B_MSIL1C_20201029T204609_N0209_R014_T08WNV_20201029T214518,Sentinel-2B,20,Mackenzie,181.915352646757,80.947087421744,0.8037940263748169,"{""type"":""MultiPoint"",""coordinates"":[]}"
20210601T012659_20210601T012656_T57WWS_3,25.0,13.0,1132.0,351,833.0000000000001,625.0,594.9999999999999,568.0,384.0,366.00000000000006,240.0,298.0,67.00000000000003,0.442384066409866,351,2021-06-01,68.75,161.3,S2B_MSIL1C_20210601T012659_N0500_R074_T57WWS_20230319T111034,Sentinel-2B,351,Kolyma,183.597781247579,46.8828921969004,0.9223602414131165,"{""type"":""MultiPoint"",""coordinates"":[]}"
20210603T034539_20210603T034535_T51WWQ_2,59.0,37.0,1177.0,351,849.9999999999999,583.0000000000001,456.0,425.00000000000006,342.0,329.0,247.0,269.0,74.0,22.6634,351,2021-06-03,66.76905,123.39458,S2B_MSIL1C_20210603T034539_N0300_R104_T51WWQ_20210603T055437,Sentinel-2B,351,Lena,182.644093383157,44.8054094488332,0.8181818127632142,"{""type"":""MultiPoint"",""coordinates"":[]}"
20210604T223531_20210604T223533_T03VXJ_4,154.99999999999997,121.0,1209.0,342,954.0000000000001,800.0,809.0,805.0,620.0,616.0,477.0,517.0,153.0,0.0,342,2021-06-04,61.93,-162.88,S2A_MSIL1C_20210604T223531_N0500_R058_T03VXJ_20230129T155049,Sentinel-2A,342,Yukon,177.013227725227,39.1953978283625,0.6740852277567277,"{""type"":""MultiPoint"",""coordinates"":[]}"
20210606T012701_20210606T012656_T57WWS_3,118.0,88.0,1219.9999999999998,351,964.0,785.0,767.0,738.0,536.0,525.0,386.99999999999994,453.00000000000006,108.99999999999999,0.274388605213652,351,2021-06-06,68.75,161.3,S2A_MSIL1C_20210606T012701_N0500_R074_T57WWS_20230322T112641,Sentinel-2A,351,Kolyma,183.349366758959,46.2830578131963,0.7389140327771505,"{""type"":""MultiPoint"",""coordinates"":[]}"
20210606T204019_20210606T204033_T08WNV_5,53.99999999999999,35.0,1300.9999999999998,348,1050.0,913.0000000000001,917.5,902.0,688.0,673.0000000000001,496.00000000000006,578.0,108.00000000000001,0.397533518468751,348,2021-06-06,67.45,-133.74,S2B_MSIL1C_20210606T204019_N0500_R014_T08WNV_20230129T221909,Sentinel-2B,348,Mackenzie,177.569441794805,44.3964265119289,0.8878956039746603,"{""type"":""MultiPoint"",""coordinates"":[]}"
20210608T034541_20210608T034705_T51WWQ_2,32.0,19.999999999999996,1073.0,351,747.9999999999999,492.00000000000006,385.0,374.0,281.0,265.0,189.0,218.00000000000003,75.0,45.977,351,2021-06-08,66.76905,123.39458,S2A_MSIL1C_20210608T034541_N0300_R104_T51WWQ_20210608T053714,Sentinel-2A,351,Lena,182.360244222178,44.2750256490272,0.8764478564262389,"{""type"":""MultiPoint"",""coordinates"":[]}"
20210610T033539_20210610T033536_T51WWQ_2,28.000000000000007,14.0,1125.0,351,780.0,528.0,424.99999999999994,410.0,304.0,294.0,201.00000000000003,236.0,69.99999999999999,0.0363104302905432,351,2021-06-10,66.76905,123.39458,S2B_MSIL1C_20210610T033539_N0500_R061_T51WWQ_20230218T210444,Sentinel-2B,351,Lena,178.943012453439,44.1001668002039,0.8987937210579848,"{""type"":""MultiPoint"",""coordinates"":[]}"
20210613T011651_20210613T011653_T57WWS_3,21.000000000000004,10.999999999999996,1240.0,351,1000.0,894.0,865.0000000000001,802.0,486.0,467.0,292.0,373.0,73.00000000000001,9.8647,351,2021-06-13,68.75,161.3,S2A_MSIL1C_20210613T011651_N0300_R031_T57WWS_20210613T030424,Sentinel-2A,351,Kolyma,179.719705160332,45.7011030629196,0.9542049974172869,"{""type"":""MultiPoint"",""coordinates"":[]}"
20210613T061631_20210613T061631_T44WPC_1,21.000000000000004,10.0,1275.9999999999998,346,874.0,564.9999999999999,390.99999999999994,333.00000000000006,246.99999999999997,222.0,162.00000000000006,177.0,61.0,29.011,346,2021-06-13,69.37340000000002,86.12130000000002,S2A_MSIL1C_20210613T061631_N0300_R034_T44WPC_20210613T062945,Sentinel-2A,346,Yenisey,179.857977533396,46.5455913036834,0.9281600646907546,"{""type"":""MultiPoint"",""coordinates"":[]}"
20210613T061631_20210613T061631_T45WVS_1,21.999999999999996,10.000000000000002,1277.0,353,873.0,564.9999999999998,390.9999999999999,333.0,247.0,221.0,161.0,177.0,60.0,4.6607,353,2021-06-13,69.37340000000002,86.12130000000002,S2A_MSIL1C_20210613T061631_N0300_R034_T45WVS_20210613T062945,Sentinel-2A,353,Yenisey,181.019724518002,45.6937146209502,0.9259259104728699,"{""type"":""MultiPoint"",""coordinates"":[]}"
20210613T061631_20210613T061631_T45WVT_1,21.0,10.000000000000004,1275.0,353,872.9999999999998,564.9999999999998,391.0,333.0,246.99999999999997,222.0,161.0,177.0,61.0,8.8727,353,2021-06-13,69.37340000000002,86.12130000000002,S2A_MSIL1C_20210613T061631_N0300_R034_T45WVT_20210613T062945,Sentinel-2A,353,Yenisey,180.872683467251,46.5892471698509,0.928205132484436,"{""type"":""MultiPoint"",""coordinates"":[]}"
20210614T072621_20210614T072616_T41WPP_0,51.99999999999999,33.0,1209.0,350,873.9999999999999,621.0,489.0,458.0,319.0,300.0,217.99999999999997,242.99999999999997,69.0,29.0801,350,2021-06-14,66.63000000000001,66.6,S2A_MSIL1C_20210614T072621_N0300_R049_T41WPP_20210614T074622,Sentinel-2A,350,Ob,178.808767629688,42.9163100538251,0.8464930827513395,"{""type"":""MultiPoint"",""coordinates"":[]}"
20210614T072621_20210614T072616_T41WPQ_0,51.99999999999999,33.0,1209.0000000000002,350,874.0000000000001,621.0,488.99999999999994,458.0,319.0,300.0,218.0,242.99999999999997,69.99999999999999,19.0102,350,2021-06-14,66.63000000000001,66.6,S2A_MSIL1C_20210614T072621_N0300_R049_T41WPQ_20210614T074622,Sentinel-2A,350,Ob,178.91855152052,43.8106599470622,0.8464930827513395,"{""type"":""MultiPoint"",""coordinates"":[]}"
20210614T205021_20210614T205202_T08WNV_5,36.0,24.0,1259.0,348,1023.0,893.0,877.9999999999999,850.0,648.0,646.0,470.0,538.0,78.0,3.4418,348,2021-06-14,67.45,-133.74,S2A_MSIL1C_20210614T205021_N0300_R057_T08WNV_20210614T225739,Sentinel-2A,348,Mackenzie,180.316875230104,43.8177175910408,0.9221458194327913,"{""type"":""MultiPoint"",""coordinates"":[]}"
20210615T033541_20210615T033817_T51WWQ_2,50.0,34.0,1111.0,351,769.0,523.9999999999999,414.0,398.00000000000006,309.00000000000006,297.0,220.0,242.0,83.99999999999997,12.085,351,2021-06-15,66.76905,123.39458,S2A_MSIL1C_20210615T033541_N0300_R061_T51WWQ_20210615T052640,Sentinel-2A,351,Lena,178.588308349226,43.8105706510255,0.8249141812324524,"{""type"":""MultiPoint"",""coordinates"":[]}"
20210616T071619_20210616T071708_T41WPP_0,607.0,467.0,1812.0,350,1516.0,1270.0,1149.0,1194.0000000000002,1240.0,1277.0,1253.0,1238.0,734.0,49.1836,350,2021-06-16,66.63000000000001,66.6,S2B_MSIL1C_20210616T071619_N0300_R006_T41WPP_20210616T092249,Sentinel-2B,350,Ob,175.303499477184,42.8901200433004,0.352132252420819,"{""type"":""MultiPoint"",""coordinates"":[]}"
20210616T222539_20210616T222808_T03VXJ_4,49.0,26.999999999999993,1291.0,342,1041.0,914.0000000000001,869.9999999999999,819.0000000000001,621.0,622.0,441.0,502.0,83.99999999999999,17.5632,342,2021-06-16,61.93,-162.88,S2B_MSIL1C_20210616T222539_N0300_R015_T03VXJ_20210617T000902,Sentinel-2B,342,Yukon,172.410919741998,38.4936866413344,0.8980832420862638,"{""type"":""MultiPoint"",""coordinates"":[]}"
20210617T032539_20210617T032537_T51WWQ_2,46.00000000000001,24.0,1219.0000000000002,351,864.0,582.0,444.00000000000006,422.00000000000006,335.0,327.0,232.0,266.0,77.0,0.145779211084237,351,2021-06-17,66.76905,123.39458,S2B_MSIL1C_20210617T032539_N0500_R018_T51WWQ_20230317T043522,Sentinel-2B,351,Lena,175.141056226078,43.7974099447074,0.8527082800865173,"{""type"":""MultiPoint"",""coordinates"":[]}"
20210618T034541_20210618T034535_T51WWQ_2,30.000000000000004,17.0,1077.9999999999998,351,756.0,515.0,413.0,388.00000000000006,285.0,272.0,186.0,218.0,62.99999999999999,1.46773400191931,351,2021-06-18,66.76905,123.39458,S2A_MSIL1C_20210618T034541_N0500_R104_T51WWQ_20230317T050627,Sentinel-2A,351,Lena,181.678890100261,43.7198906838136,0.8889199245199225,"{""type"":""MultiPoint"",""coordinates"":[]}"
20210618T202841_20210618T202844_T08WNV_5,105.0,64.0,1477.0000000000002,348,1204.0,1057.0,1055.9999999999998,1059.0,982.0,1029.0,873.0,887.0000000000001,150.00000000000003,45.2347,348,2021-06-18,67.45,-133.74,S2A_MSIL1C_20210618T202841_N0300_R114_T08WNV_20210618T223213,Sentinel-2A,348,Mackenzie,173.41460288532,43.8109237480737,0.8188323129792842,"{""type"":""MultiPoint"",""coordinates"":[]}"
20210619T072619_20210619T072616_T41WPP_0,33.0,17.0,1139.0,350,807.0000000000001,581.0,456.99999999999994,440.00000000000006,283.0,261.0,176.99999999999994,210.0,67.99999999999999,12.5795,350,2021-06-19,66.63000000000001,66.6,S2B_MSIL1C_20210619T072619_N0300_R049_T41WPP_20210619T074404,Sentinel-2B,350,Ob,178.443785358378,42.7698815266947,0.8918675330114412,"{""type"":""MultiPoint"",""coordinates"":[]}"
20210619T072619_20210619T072616_T41WPQ_0,33.0,17.0,1138.0000000000002,350,807.0000000000001,581.0,456.99999999999994,440.00000000000006,283.00000000000006,261.00000000000006,176.0,210.0,69.0,43.3952,350,2021-06-19,66.63000000000001,66.6,S2B_MSIL1C_20210619T072619_N0300_R049_T41WPQ_20210619T074404,Sentinel-2B,350,Ob,178.559784534502,43.6639257438742,0.8918827169100549,"{""type"":""MultiPoint"",""coordinates"":[]}"
20210619T205019_20210619T205021_T08WNV_5,43.0,19.000000000000004,1338.0000000000002,348,1106.0,998.0000000000001,1036.0,1033.9999999999998,934.9999999999998,977.0,822.0,848.0,117.99999999999997,0.0,348,2021-06-19,67.45,-133.74,S2B_MSIL1C_20210619T205019_N0500_R057_T08WNV_20230128T172534,Sentinel-2B,348,Mackenzie,179.960834651145,43.6876405366844,0.9164264798164368,"{""type"":""MultiPoint"",""coordinates"":[]}"
20210620T033539_20210620T033536_T51WWQ_2,38.0,19.0,1202.0,351,844.9999999999999,584.0,452.0000000000001,407.00000000000006,310.0,308.0,217.0,236.0,54.0,3.7029,351,2021-06-20,66.76905,123.39458,S2B_MSIL1C_20210620T033539_N0300_R061_T51WWQ_20210620T054224,Sentinel-2B,351,Lena,178.228835155299,43.6933571127544,0.8792149419758978,"{""type"":""MultiPoint"",""coordinates"":[]}"
20210621T204021_20210621T204019_T08WNV_5,89.0,64.0,1381.0,348,1142.0,1016.9999999999999,1026.0,1007.0,842.0,864.0,677.0,731.0,110.00000000000001,20.8749,348,2021-06-21,67.45,-133.74,S2A_MSIL1C_20210621T204021_N0300_R014_T08WNV_20210622T002455,Sentinel-2A,348,Mackenzie,176.507355973556,43.7152033606129,0.8384627669544542,"{""type"":""MultiPoint"",""coordinates"":[]}"
20210622T032541_20210622T032537_T51WWQ_2,57.0,29.0,1364.0,351,977.0000000000001,691.0000000000001,528.0,489.0,421.00000000000006,406.00000000000006,311.0,331.00000000000006,90.00000000000001,2.9993,351,2021-06-22,66.76905,123.39458,S2A_MSIL1C_20210622T032541_N0300_R018_T51WWQ_20210622T052942,Sentinel-2A,351,Lena,174.77752268461,43.7552271051042,0.8473878363574204,"{""type"":""MultiPoint"",""coordinates"":[]}"
20210623T070619_20210623T070722_T41WPP_0,43.0,26.0,1147.0,350,803.0000000000001,572.0,442.0,433.0,286.0,266.0,184.00000000000006,219.00000000000003,75.00000000000001,7.6687,350,2021-06-23,66.63000000000001,66.6,S2B_MSIL1C_20210623T070619_N0300_R106_T41WPP_20210623T082356,Sentinel-2B,350,Ob,171.428754845048,42.9599890554768,0.862996781676112,"{""type"":""MultiPoint"",""coordinates"":[]}"
20210623T070619_20210623T070722_T41WPQ_0,43.0,26.000000000000004,1160.0,350,812.0,579.0,447.0,438.0,289.00000000000006,269.00000000000006,187.0,222.00000000000003,76.0,0.088537491192277,350,2021-06-23,66.63000000000001,66.6,S2B_MSIL1C_20210623T070619_N0500_R106_T41WPQ_20230317T152313,Sentinel-2B,350,Ob,171.657327006646,43.8414968699084,0.8645259357903646,"{""type"":""MultiPoint"",""coordinates"":[]}"
20210623T202849_20210623T202844_T08WNV_5,37.99999999999999,19.0,1392.0,348,1137.0,1004.0,977.0,938.0000000000002,726.9999999999999,743.0000000000001,545.9999999999999,612.0000000000001,83.00000000000001,0.0,348,2021-06-23,67.45,-133.74,S2B_MSIL1C_20210623T202849_N0500_R114_T08WNV_20230201T114402,Sentinel-2B,348,Mackenzie,173.059877878431,43.8308109321132,0.9264401251352147,"{""type"":""MultiPoint"",""coordinates"":[]}"
20210624T072621_20210624T072616_T41WPP_0,32.0,20.999999999999996,1088.0,350,764.0,534.0,404.0,390.0,262.00000000000006,237.99999999999997,164.00000000000006,192.99999999999997,58.00000000000002,14.5487,350,2021-06-24,66.63000000000001,66.6,S2A_MSIL1C_20210624T072621_N0300_R049_T41WPP_20210624T074235,Sentinel-2A,350,Ob,178.082602687017,42.7964775824956,0.8876811861991882,"{""type"":""MultiPoint"",""coordinates"":[]}"
20210624T072621_20210624T072616_T41WPQ_0,32.0,21.0,1088.0000000000002,350,763.0,534.0,402.99999999999994,389.0,260.99999999999994,238.00000000000006,164.0,192.0,58.00000000000001,2.48478604915047,350,2021-06-24,66.63000000000001,66.6,S2A_MSIL1C_20210624T072621_N0500_R049_T41WPQ_20230201T121543,Sentinel-2A,350,Ob,178.205438735725,43.6902656888833,0.8868589639663697,"{""type"":""MultiPoint"",""coordinates"":[]}"
20210625T033541_20210625T033854_T51WWQ_2,61.0,30.999999999999996,1321.9999999999995,351,958.0,678.0,515.0000000000001,468.99999999999994,415.0,405.99999999999994,315.0,322.0,79.99999999999999,3.1127,351,2021-06-25,66.76905,123.39458,S2A_MSIL1C_20210625T033541_N0300_R061_T51WWQ_20210625T062956,Sentinel-2A,351,Lena,177.877122179578,43.7490400188123,0.8348210801680883,"{""type"":""MultiPoint"",""coordinates"":[]}"
20210625T060629_20210625T060632_T44WPC_1,74.00000000000001,53.99999999999999,1159.9999999999998,346,811.0,518.0,356.00000000000006,313.99999999999994,248.99999999999997,232.99999999999997,179.0,199.99999999999997,79.00000000000004,0.242007952732909,346,2021-06-25,69.37340000000002,86.12130000000002,S2B_MSIL1C_20210625T060629_N0500_R134_T44WPC_20230219T182820,Sentinel-2B,346,Yenisey,175.879021831781,46.4309260458439,0.7500759964952102,"{""type"":""MultiPoint"",""coordinates"":[]}"
20210625T060629_20210625T060632_T45WVS_1,73.99999999999999,54.00000000000001,1146.0000000000002,353,802.0,512.0,352.0,310.99999999999994,246.0,230.0,176.00000000000003,198.0,78.99999999999999,11.5262,353,2021-06-25,69.37340000000002,86.12130000000002,S2B_MSIL1C_20210625T060629_N0300_R134_T45WVS_20210625T062100,Sentinel-2B,353,Yenisey,176.985194449955,45.5582070360617,0.7482755184173584,"{""type"":""MultiPoint"",""coordinates"":[]}"
20210625T060629_20210625T060632_T45WVT_1,74.0,54.000000000000014,1160.0,353,811.0,518.0,355.99999999999994,315.0,248.99999999999997,232.99999999999997,179.0,199.99999999999997,79.00000000000001,0.271457487239934,353,2021-06-25,69.37340000000002,86.12130000000002,S2B_MSIL1C_20210625T060629_N0500_R134_T45WVT_20230219T182820,Sentinel-2B,353,Yenisey,176.897949122925,46.4552621491682,0.750119652066912,"{""type"":""MultiPoint"",""coordinates"":[]}"
20210626T012701_20210626T012656_T57WWS_3,21.0,12.0,1136.0,351,877.0000000000001,734.0,565.0,467.99999999999994,280.0,256.0,172.0,205.0,60.0,0.0,351,2021-06-26,68.75,161.3,S2A_MSIL1C_20210626T012701_N0500_R074_T57WWS_20230322T020747,Sentinel-2A,351,Kolyma,182.031993699076,45.5693815736719,0.9427756601251848,"{""type"":""MultiPoint"",""coordinates"":[]}"
20210626T062631_20210626T062629_T44WPC_1,201.0,160.0,1160.0,346,866.0,603.0,479.00000000000006,444.0,377.0,368.0,326.0,315.0,135.0,1.93968168652393,346,2021-06-26,69.37340000000002,86.12130000000002,S2A_MSIL1C_20210626T062631_N0500_R077_T44WPC_20230201T213251,Sentinel-2A,346,Yenisey,182.138610918544,46.4335981440827,0.5003319382667542,"{""type"":""MultiPoint"",""coordinates"":[]}"
20210626T062631_20210626T062629_T45WVS_1,201.0,160.0,1161.0,353,866.9999999999999,602.9999999999999,479.99999999999994,444.0,377.0,366.99999999999994,326.0,314.99999999999994,135.00000000000003,26.7297,353,2021-06-26,69.37340000000002,86.12130000000002,S2A_MSIL1C_20210626T062631_N0300_R077_T45WVS_20210626T064042,Sentinel-2A,353,Yenisey,183.330995781082,45.5953327353321,0.5015972898131988,"{""type"":""MultiPoint"",""coordinates"":[]}"
20210626T062631_20210626T062629_T45WVT_1,201.0,160.0,1161.0,353,866.9999999999999,602.9999999999999,479.99999999999994,444.0,377.0,366.99999999999994,326.0,314.99999999999994,134.99999999999997,13.3094,353,2021-06-26,69.37340000000002,86.12130000000002,S2A_MSIL1C_20210626T062631_N0300_R077_T45WVT_20210626T064042,Sentinel-2A,353,Yenisey,183.150746219248,46.488093896845,0.5016226465565391,"{""type"":""MultiPoint"",""coordinates"":[]}"
20210626T071619_20210626T071617_T41WPP_0,66.0,42.0,1198.0,350,852.0,624.0,484.0,472.00000000000006,319.0,305.99999999999994,221.0,247.00000000000003,76.99999999999999,46.2903,350,2021-06-26,66.63000000000001,66.6,S2B_MSIL1C_20210626T071619_N0300_R006_T41WPP_20210626T073334,Sentinel-2B,350,Ob,174.578452508463,42.9207552019034,0.8079533576965332,"{""type"":""MultiPoint"",""coordinates"":[]}"
20210626T071619_20210626T071617_T41WPQ_0,66.0,42.0,1198.0,350,852.0,624.0,484.0,472.00000000000006,318.99999999999994,307.0,221.0,247.00000000000003,76.00000000000001,17.0975,350,2021-06-26,66.63000000000001,66.6,S2B_MSIL1C_20210626T071619_N0300_R006_T41WPQ_20210626T073334,Sentinel-2B,350,Ob,174.756217910099,43.8094550966018,0.8079533576965332,"{""type"":""MultiPoint"",""coordinates"":[]}"
20210628T202851_20210628T202936_T08WNV_5,66.0,44.0,1410.0,348,1157.0,1030.0,1034.0,1021.0000000000001,879.0,917.0,736.0000000000001,773.9999999999999,105.00000000000003,10.8977,348,2021-06-28,67.45,-133.74,S2A_MSIL1C_20210628T202851_N0300_R114_T08WNV_20210628T223919,Sentinel-2A,348,Mackenzie,172.736025619887,44.02198768349,0.879148468375206,"{""type"":""MultiPoint"",""coordinates"":[]}"
20210701T012659_20210701T012656_T57WWS_3,142.99999999999997,119.0,1188.0,351,952.0000000000001,812.0,655.0,577.0,390.0,374.99999999999994,291.0,327.0,114.99999999999997,0.0,351,2021-07-01,68.75,161.3,S2B_MSIL1C_20210701T012659_N0500_R074_T57WWS_20230131T033323,Sentinel-2B,351,Kolyma,181.702748991481,45.8204142618855,0.6994416117668152,"{""type"":""MultiPoint"",""coordinates"":[]}"
20210701T204021_20210701T204251_T08WNV_5,65.0,40.0,1398.0,348,1152.9999999999998,1028.0,1047.9999999999998,1030.9999999999998,904.0,945.0,771.0,797.9999999999999,105.0,12.6802,348,2021-07-01,67.45,-133.74,S2A_MSIL1C_20210701T204021_N0301_R014_T08WNV_20210701T224934,Sentinel-2A,348,Mackenzie,175.850679085264,44.1204591644015,0.8816273212432861,"{""type"":""MultiPoint"",""coordinates"":[]}"
20210702T032541_20210702T032539_T51WWQ_2,184.0,84.0,1957.0,51,1571.0,1213.0,946.0,889.0,912.0,902.0,773.0,762.0,253.0,0.403923676431067,51,2021-07-02,66.76905,123.39458,S2A_MSIL1C_20210702T032541_N0500_R018_T51WWQ_20230128T192541,Sentinel-2A,51,Lena,174.133367944217,44.1852947658306,0.7355021238327026,"{""type"":""MultiPoint"",""coordinates"":[]}"
20210703T011701_20210703T011655_T57WWS_3,19.0,11.0,1102.0000000000002,351,802.0,624.0,417.0,343.0,223.00000000000003,202.00000000000003,132.99999999999997,160.0,59.999999999999986,0.0,351,2021-07-03,68.75,161.3,S2A_MSIL1C_20210703T011701_N0500_R031_T57WWS_20230131T164512,Sentinel-2A,351,Kolyma,178.393311514162,45.9679683423994,0.9406464797643235,"{""type"":""MultiPoint"",""coordinates"":[]}"
20210703T070619_20210703T070622_T41WPP_0,34.99999999999999,20.000000000000004,1172.9999999999998,350,823.0000000000002,590.0,448.99999999999994,431.0,291.0,275.0,187.0,220.0,63.00000000000001,40.7475,350,2021-07-03,66.63000000000001,66.6,S2B_MSIL1C_20210703T070619_N0301_R106_T41WPP_20210703T081320,Sentinel-2B,350,Ob,170.808332828636,43.4797052435643,0.888066103151556,"{""type"":""MultiPoint"",""coordinates"":[]}"
20210703T070619_20210703T070622_T41WPQ_0,34.99999999999999,20.000000000000004,1172.9999999999998,350,823.0000000000001,590.0,449.00000000000006,431.0,291.0,275.0,186.99999999999997,220.0,63.00000000000001,33.0417,350,2021-07-03,66.63000000000001,66.6,S2B_MSIL1C_20210703T070619_N0301_R106_T41WPQ_20210703T081320,Sentinel-2B,350,Ob,171.042832465512,44.3593940587066,0.888066103151556,"{""type"":""MultiPoint"",""coordinates"":[]}"
20210704T072621_20210704T072618_T41WPP_0,55.0,36.0,1115.9999999999998,350,804.0,589.0,478.99999999999994,472.99999999999994,316.00000000000006,294.0,210.99999999999997,246.0,78.0,2.4821583206426,350,2021-07-04,66.63000000000001,66.6,S2A_MSIL1C_20210704T072621_N0500_R049_T41WPP_20230125T052245,Sentinel-2A,350,Ob,177.437967429805,43.3625778754782,0.8298410779978019,"{""type"":""MultiPoint"",""coordinates"":[]}"
20210704T072621_20210704T072618_T41WPQ_0,55.0,36.0,1117.0,350,804.0,589.0,478.0,472.0,316.0,292.99999999999994,211.00000000000003,246.00000000000003,77.99999999999997,20.9836,350,2021-07-04,66.63000000000001,66.6,S2A_MSIL1C_20210704T072621_N0301_R049_T41WPQ_20210704T074151,Sentinel-2A,350,Ob,177.568287173989,44.2555173855232,0.8309151515574521,"{""type"":""MultiPoint"",""coordinates"":[]}"
20210704T205021_20210704T205045_T08WNV_5,85.0,46.0,1562.9999999999998,348,1300.9999999999998,1149.0000000000002,1131.0,1110.0,958.0000000000002,994.0,770.9999999999999,826.9999999999999,132.0,34.2286,348,2021-07-04,67.45,-133.74,S2A_MSIL1C_20210704T205021_N0301_R057_T08WNV_20210704T230200,Sentinel-2A,348,Mackenzie,178.968636506325,44.3291279771412,0.8607628451777505,"{""type"":""MultiPoint"",""coordinates"":[]}"
20210705T010649_20210705T010703_T57WWS_3,251.0,94.0,2205.0,37,1830.0,1461.0,1132.0,1102.0,1187.0,1199.0,1052.0,1034.0,325.0,0.0,37,2021-07-05,68.75,161.3,S2B_MSIL1C_20210705T010649_N0500_R131_T57WWS_20230127T223121,Sentinel-2B,37,Kolyma,175.090548940238,46.1956571887483,0.7064327597618103,"{""type"":""MultiPoint"",""coordinates"":[]}"
20210705T033541_20210705T033700_T51WWQ_2,52.0,33.0,1389.9999999999995,351,1001.9999999999999,713.0000000000001,531.0,467.0000000000001,383.0,369.0,278.0,295.9999999999999,84.0,29.886,351,2021-07-05,66.76905,123.39458,S2A_MSIL1C_20210705T033541_N0301_R061_T51WWQ_20210705T062229,Sentinel-2A,351,Lena,177.254716095346,44.3719331748579,0.8635308214800846,"{""type"":""MultiPoint"",""coordinates"":[]}"
20210706T012701_20210706T012657_T57WWS_3,393.00000000000006,148.0,2768.0,120,2478.0,2077.0000000000005,1738.0,1690.9999999999998,1826.0,1816.9999999999998,1631.0,1593.0,588.0,8.3441,120,2021-07-06,68.75,161.3,S2A_MSIL1C_20210706T012701_N0301_R074_T57WWS_20210706T031416,Sentinel-2A,120,Kolyma,181.412620278769,46.2402937555768,0.6819101572036743,"{""type"":""MultiPoint"",""coordinates"":[]}"
20210706T062631_20210706T062724_T44WPC_1,102.0,84.00000000000001,1063.0000000000002,346,761.9999999999999,496.99999999999994,341.0,310.0,272.99999999999994,261.00000000000006,216.00000000000003,216.0,101.0,0.0674848457702529,346,2021-07-06,69.37340000000002,86.12130000000002,S2A_MSIL1C_20210706T062631_N0500_R077_T44WPC_20230202T030219,Sentinel-2A,346,Yenisey,181.531179016154,47.1185921123689,0.6557235949424678,"{""type"":""MultiPoint"",""coordinates"":[]}"
20210706T062631_20210706T062724_T45WVS_1,103.0,82.99999999999999,1064.0,353,762.0000000000001,497.9999999999999,341.0,310.0,272.99999999999994,259.99999999999994,215.0,215.99999999999997,100.99999999999999,1.29231546567982,353,2021-07-06,69.37340000000002,86.12130000000002,S2A_MSIL1C_20210706T062631_N0500_R077_T45WVS_20230202T030219,Sentinel-2A,353,Yenisey,182.707727890135,46.2766451467143,0.6559263233807688,"{""type"":""MultiPoint"",""coordinates"":[]}"
20210706T062631_20210706T062724_T45WVT_1,103.0,82.99999999999999,1064.0,353,762.0,497.9999999999999,341.0,310.0,273.0,260.0,215.00000000000003,215.99999999999997,100.0,1.7285675893577,353,2021-07-06,69.37340000000002,86.12130000000002,S2A_MSIL1C_20210706T062631_N0500_R077_T45WVT_20230202T030219,Sentinel-2A,353,Yenisey,182.538551972778,47.1702818305032,0.6559263233807688,"{""type"":""MultiPoint"",""coordinates"":[]}"
20210706T071619_20210706T071618_T41WPP_0,38.99999999999999,24.000000000000004,1086.9999999999998,350,757.0,543.9999999999999,416.0,406.0,270.00000000000006,255.00000000000003,172.00000000000003,204.00000000000003,67.0,3.8277,350,2021-07-06,66.63000000000001,66.6,S2B_MSIL1C_20210706T071619_N0301_R006_T41WPP_20210706T073409,Sentinel-2B,350,Ob,173.989569063037,43.631740995212,0.8649349808692932,"{""type"":""MultiPoint"",""coordinates"":[]}"
20210706T071619_20210706T071618_T41WPQ_0,38.99999999999999,24.000000000000004,1086.9999999999998,350,757.0,543.9999999999999,416.0,406.0,270.00000000000006,255.00000000000003,173.0,204.00000000000003,67.0,3.6844,350,2021-07-06,66.63000000000001,66.6,S2B_MSIL1C_20210706T071619_N0301_R006_T41WPQ_20210706T073409,Sentinel-2B,350,Ob,174.173842194223,44.5192632509608,0.8649349808692932,"{""type"":""MultiPoint"",""coordinates"":[]}"
20210708T061629_20210708T061632_T45WVS_1,127.00000000000001,96.99999999999999,1280.0000000000002,353,912.0000000000001,612.0,423.00000000000006,380.0,330.0,319.0,251.99999999999997,269.0,92.0,14.1463,353,2021-07-08,69.37340000000002,86.12130000000002,S2B_MSIL1C_20210708T061629_N0301_R034_T45WVS_20210708T063204,Sentinel-2B,353,Yenisey,179.419579695484,46.4763392102167,0.6554717183113098,"{""type"":""MultiPoint"",""coordinates"":[]}"
20210708T070621_20210708T070624_T41WPP_0,194.00000000000003,128.99999999999997,1354.0,350,1004.0,756.9999999999999,588.9999999999999,597.0,527.0,534.0,463.0,479.0,191.0,10.1186,350,2021-07-08,66.63000000000001,66.6,S2A_MSIL1C_20210708T070621_N0301_R106_T41WPP_20210708T083722,Sentinel-2A,350,Ob,170.584494978308,43.9881147452537,0.5915598273277283,"{""type"":""MultiPoint"",""coordinates"":[]}"
20210708T070621_20210708T070624_T41WPQ_0,194.00000000000003,128.99999999999997,1354.0,350,1004.0,756.9999999999999,588.9999999999999,597.0,527.0,533.0000000000001,463.0,479.0,191.0,16.4004,350,2021-07-08,66.63000000000001,66.6,S2A_MSIL1C_20210708T070621_N0301_R106_T41WPQ_20210708T083722,Sentinel-2A,350,Ob,170.819426775278,44.8671400596114,0.5915598273277283,"{""type"":""MultiPoint"",""coordinates"":[]}"
20210711T012659_20210711T012657_T57WWS_3,121.00000000000001,51.00000000000002,1658.9999999999998,351,1322.0,1047.0,724.0,640.9999999999998,650.0,650.0,546.0,532.0,122.00000000000001,27.9326,351,2021-07-11,68.75,161.3,S2B_MSIL1C_20210711T012659_N0301_R074_T57WWS_20210711T024246,Sentinel-2B,351,Kolyma,181.159592866393,46.8248063134514,0.792885810136795,"{""type"":""MultiPoint"",""coordinates"":[]}"
20210711T062629_20210711T062749_T44WPC_1,30.83920330337624,20.33851203501094,1021.0,346,710.0,455.00000000000006,272.60541381016316,240.45120809140286,216.68085866201093,196.2659210935073,146.70749669749006,160.33226859245883,68.00000000000001,3.0474,346,2021-07-11,69.37340000000002,86.12130000000002,S2B_MSIL1C_20210711T062629_N0301_R077_T44WPC_20210711T074040,Sentinel-2B,346,Yenisey,181.282598984354,47.7096823552998,0.872346187550826,"{""type"":""MultiPoint"",""coordinates"":[]}"
20210711T062629_20210711T062749_T45WVS_1,30.748421597377952,20.451737014824033,1020.9999999999999,353,709.9999999999999,455.0,273.0,242.56630496858932,216.84752482450085,196.19630299377133,146.72500704027033,160.43240073136232,68.0,11.5931,353,2021-07-11,69.37340000000002,86.12130000000002,S2B_MSIL1C_20210711T062629_N0301_R077_T45WVS_20210711T074040,Sentinel-2B,353,Yenisey,182.448950550834,46.8661961891035,0.8722376527451841,"{""type"":""MultiPoint"",""coordinates"":[]}"
20210711T062629_20210711T062749_T45WVT_1,30.759635479118845,18.573396115361977,1032.9999999999998,353,718.0,460.0,276.0,244.46903740036782,218.66423774197798,198.3878000979912,148.3100260131006,162.24219371347553,67.99999999999999,1.46274896234584,353,2021-07-11,69.37340000000002,86.12130000000002,S2B_MSIL1C_20210711T062629_N0500_R077_T45WVT_20230204T225408,Sentinel-2B,353,Yenisey,182.285707168649,47.7602792550831,0.8765125098170304,"{""type"":""MultiPoint"",""coordinates"":[]}"
20210711T071621_20210711T071620_T41WPQ_0,868.0,780.0,1695.0,11,1469.0,1254.0,1145.0,1133.0,1093.0,1107.0,1022.0,1064.0,323.0,38.1862,11,2021-07-11,66.63000000000001,66.6,S2A_MSIL1C_20210711T071621_N0301_R006_T41WPQ_20210711T073415,Sentinel-2A,11,Ob,173.970794211426,45.1200574037278,0.1772214025259018,"{""type"":""MultiPoint"",""coordinates"":[]}"
20210711T204021_20210711T204021_T08WNV_5,107.0,68.0,1424.0,348,1063.9999999999998,756.0,559.0,520.9999999999999,478.0,463.0,376.00000000000006,399.0,152.0,37.0184,348,2021-07-11,67.45,-133.74,S2A_MSIL1C_20210711T204021_N0301_R014_T08WNV_20210711T224849,Sentinel-2A,348,Mackenzie,175.371958461312,45.1926986783731,0.7553688685099283,"{""type"":""MultiPoint"",""coordinates"":[]}"
20210713T034539_20210713T034536_T51WWQ_2,164.5,80.0,1342.0,74,1045.0,777.0,604.0,547.0,466.0,450.51,364.4654088050314,426.0,102.0,12.6611,74,2021-07-13,66.76905,123.39458,S2B_MSIL1C_20210713T034539_N0301_R104_T51WWQ_20210713T055229,Sentinel-2B,74,Lena,180.14544682854,45.3211810681382,0.656024694442749,"{""type"":""MultiPoint"",""coordinates"":[]}"
20210713T070629_20210713T070623_T41WPP_0,38.0,21.0,1278.0,350,898.9999999999999,635.0,475.0,463.0,314.00000000000006,297.0,207.99999999999997,241.00000000000003,76.00000000000001,25.4736,350,2021-07-13,66.63000000000001,66.6,S2B_MSIL1C_20210713T070629_N0301_R106_T41WPP_20210713T080516,Sentinel-2B,350,Ob,170.422326919803,44.6556651387779,0.888011865126781,"{""type"":""MultiPoint"",""coordinates"":[]}"
20210713T070629_20210713T070623_T41WPQ_0,38.0,21.0,1278.0,350,898.9999999999999,635.0,474.99999999999994,463.0,314.00000000000006,297.0,207.99999999999997,241.00000000000003,76.00000000000001,38.8048,350,2021-07-13,66.63000000000001,66.6,S2B_MSIL1C_20210713T070629_N0301_R106_T41WPQ_20210713T080516,Sentinel-2B,350,Ob,170.655724065801,45.5341976236902,0.888011865126781,"{""type"":""MultiPoint"",""coordinates"":[]}"
20210714T072621_20210714T072618_T41WPP_0,63.00000000000001,41.99999999999999,1107.0,350,784.9999999999999,566.0,433.0,424.99999999999994,307.00000000000006,289.99999999999994,215.00000000000003,244.0,90.0,15.7425,350,2021-07-14,66.63000000000001,66.6,S2A_MSIL1C_20210714T072621_N0301_R049_T41WPP_20210714T084403,Sentinel-2A,350,Ob,176.991551571082,44.5884079791002,0.7985168894872408,"{""type"":""MultiPoint"",""coordinates"":[]}"
20210714T072621_20210714T072618_T41WPQ_0,64.0,42.0,1108.0,350,785.0,566.0,433.0,425.00000000000006,308.0,290.0,215.0,244.00000000000003,92.0,1.46077816596494,350,2021-07-14,66.63000000000001,66.6,S2A_MSIL1C_20210714T072621_N0500_R049_T41WPQ_20230206T075135,Sentinel-2A,350,Ob,177.127501055127,45.4809450506826,0.7976628541946411,"{""type"":""MultiPoint"",""coordinates"":[]}"
20210715T010649_20210715T010704_T57WWS_3,31.000000000000007,17.0,1209.0000000000002,351,877.9999999999999,635.0,369.99999999999994,308.0,251.99999999999997,235.99999999999997,173.99999999999997,184.99999999999994,68.0,0.769748980057451,351,2021-07-15,68.75,161.3,S2B_MSIL1C_20210715T010649_N0500_R131_T57WWS_20230202T160451,Sentinel-2B,351,Kolyma,174.70560922111,47.4720698150621,0.9066265225410461,"{""type"":""MultiPoint"",""coordinates"":[]}"
20210715T033541_20210715T033820_T51WWQ_2,64.0,50.00000000000001,1108.0000000000002,351,784.0,572.0,436.0,400.0,289.0,274.99999999999994,201.0,228.0,85.0,0.0,351,2021-07-15,66.76905,123.39458,S2A_MSIL1C_20210715T033541_N0500_R061_T51WWQ_20230129T072208,Sentinel-2A,351,Lena,176.839250900751,45.6513647021958,0.7975754243701928,"{""type"":""MultiPoint"",""coordinates"":[]}"
20210715T060639_20210715T060634_T44WPC_1,42.0,23.000000000000004,1145.9999999999998,346,789.0000000000001,496.0,301.0,272.99999999999994,244.0,230.99999999999994,166.0,191.99999999999997,78.0,7.6093,346,2021-07-15,69.37340000000002,86.12130000000002,S2B_MSIL1C_20210715T060639_N0301_R134_T44WPC_20210715T062303,Sentinel-2B,346,Yenisey,174.915405889437,48.3543425984967,0.8440694964331228,"{""type"":""MultiPoint"",""coordinates"":[]}"
20210715T060639_20210715T060634_T45WVS_1,42.0,24.0,1145.9999999999998,353,787.9999999999999,495.0,301.0000000000001,272.99999999999994,243.99999999999997,230.99999999999997,166.99999999999997,192.0,79.00000000000001,11.6404,353,2021-07-15,69.37340000000002,86.12130000000002,S2B_MSIL1C_20210715T060639_N0301_R134_T45WVS_20210715T062303,Sentinel-2B,353,Yenisey,175.992235824262,47.4773188781436,0.844012737455339,"{""type"":""MultiPoint"",""coordinates"":[]}"
20210715T060639_20210715T060634_T45WVT_1,42.0,24.0,1145.9999999999998,353,787.9999999999999,495.0,301.0000000000001,272.99999999999994,244.0,231.0,166.99999999999997,192.0,78.99999999999999,4.9606,353,2021-07-15,69.37340000000002,86.12130000000002,S2B_MSIL1C_20210715T060639_N0301_R134_T45WVT_20210715T062303,Sentinel-2B,353,Yenisey,175.917368939345,48.3739314657455,0.844012737455339,"{""type"":""MultiPoint"",""coordinates"":[]}"
20210718T221531_20210718T221534_T03VXJ_4,95.0,55.99999999999999,1492.0,342,1279.0,1161.0,1073.0,1011.0,948.0,997.0,820.9999999999999,818.0,113.0,28.0079,342,2021-07-18,61.93,-162.88,S2A_MSIL1C_20210718T221531_N0301_R115_T03VXJ_20210718T235913,Sentinel-2A,342,Yukon,167.238145785947,41.3305015029513,0.8475512813785255,"{""type"":""MultiPoint"",""coordinates"":[]}"
20210719T205029_20210719T205023_T08WNV_5,301.0,191.0,1588.0,348,1316.0,1167.0000000000002,1115.0,1106.0,1045.0000000000002,1102.0,938.0,942.0,272.0,37.28,348,2021-07-19,67.45,-133.74,S2B_MSIL1C_20210719T205029_N0301_R057_T08WNV_20210719T224247,Sentinel-2B,348,Mackenzie,178.398372512738,46.4479003425953,0.5895695288976034,"{""type"":""MultiPoint"",""coordinates"":[]}"
20210721T062629_20210721T062630_T44WPC_1,23.0,12.0,1064.0,346,737.0000000000001,466.99999999999994,276.0,245.0,232.99999999999994,211.9999999999999,161.0,171.0,75.0,0.0,346,2021-07-21,69.37340000000002,86.12130000000002,S2B_MSIL1C_20210721T062629_N0500_R077_T44WPC_20230207T053724,Sentinel-2B,346,Yenisey,180.985779198475,49.3601122774013,0.9056086738904318,"{""type"":""MultiPoint"",""coordinates"":[]}"
20210721T062629_20210721T062630_T45WVS_1,23.0,12.0,1063.0,353,738.0,466.99999999999994,277.0,245.00000000000003,234.00000000000003,212.00000000000003,160.00000000000003,170.99999999999997,76.0,0.0,353,2021-07-21,69.37340000000002,86.12130000000002,S2B_MSIL1C_20210721T062629_N0500_R077_T45WVS_20230207T053724,Sentinel-2B,353,Yenisey,182.130158725853,48.5147831823243,0.9055762787659963,"{""type"":""MultiPoint"",""coordinates"":[]}"
20210721T062629_20210721T062630_T45WVT_1,23.0,12.0,1063.0,353,738.0,466.99999999999994,277.0,245.00000000000003,232.99999999999997,212.00000000000003,161.0,170.99999999999997,75.0,0.0,353,2021-07-21,69.37340000000002,86.12130000000002,S2B_MSIL1C_20210721T062629_N0500_R077_T45WVT_20230207T053724,Sentinel-2B,353,Yenisey,181.974214797753,49.4091314469582,0.9055762787659963,"{""type"":""MultiPoint"",""coordinates"":[]}"
20210721T204021_20210721T204021_T08WNV_5,186.0,105.78707482993198,1735.0,159,1400.6655737704918,1200.1666666666667,1104.5,1084.2019002375296,997.2222222222222,1041.5714285714287,854.3333333333334,828.9653130287649,195.0,35.6155,159,2021-07-21,67.45,-133.74,S2A_MSIL1C_20210721T204021_N0301_R014_T08WNV_20210722T001757,Sentinel-2A,159,Mackenzie,175.177982858103,46.8860933269175,0.729840874671936,"{""type"":""MultiPoint"",""coordinates"":[]}"
20210723T061631_20210723T061633_T44WPC_1,24.0,14.0,1109.0000000000002,346,741.0000000000001,468.00000000000006,276.9999999999999,241.99999999999997,222.0,198.99999999999997,150.0,162.99999999999986,65.0,0.0391471826569918,346,2021-07-23,69.37340000000002,86.12130000000002,S2A_MSIL1C_20210723T061631_N0500_R034_T44WPC_20230129T144245,Sentinel-2A,346,Yenisey,177.899182490543,49.7678986449852,0.9022070864836375,"{""type"":""MultiPoint"",""coordinates"":[]}"
20210723T061631_20210723T061633_T45WVS_1,24.0,13.999999999999998,1108.0,353,740.9999999999999,468.00000000000006,275.99999999999994,241.99999999999997,222.0,199.0,151.0,163.00000000000006,65.0,2.408014571949,353,2021-07-23,69.37340000000002,86.12130000000002,S2A_MSIL1C_20210723T061631_N0500_R034_T45WVS_20230129T144245,Sentinel-2A,353,Yenisey,179.001828056628,48.9052492113963,0.9021405875682831,"{""type"":""MultiPoint"",""coordinates"":[]}"
20210723T061631_20210723T061633_T45WVT_1,24.0,13.999999999999998,1108.0,353,740.9999999999999,468.00000000000006,275.99999999999994,241.99999999999997,222.99999999999994,199.00000000000003,151.0,163.00000000000006,65.0,0.0310848338260324,353,2021-07-23,69.37340000000002,86.12130000000002,S2A_MSIL1C_20210723T061631_N0500_R034_T45WVT_20230129T144245,Sentinel-2A,353,Yenisey,178.887003558917,49.8019944783711,0.9021405875682831,"{""type"":""MultiPoint"",""coordinates"":[]}"
20210723T202849_20210723T202846_T08WNV_5,528.0,373.0,1707.0,142,1394.0,1229.8076225045372,1154.7166666666667,1142.0,1074.0,1125.0,979.5,1017.75,312.0,40.3984,142,2021-07-23,67.45,-133.74,S2B_MSIL1C_20210723T202849_N0301_R114_T08WNV_20210723T222148,Sentinel-2B,142,Mackenzie,171.985500396305,47.4009434214893,0.3921683132648468,"{""type"":""MultiPoint"",""coordinates"":[]}"
20210724T072621_20210724T072619_T41WPP_0,49.000000000000014,30.0,1161.0,350,842.9999999999999,630.0000000000001,514.0,498.0,349.99999999999994,334.0,242.0,273.00000000000006,75.00000000000001,0.932813759742005,350,2021-07-24,66.63000000000001,66.6,S2A_MSIL1C_20210724T072621_N0500_R049_T41WPP_20230127T142824,Sentinel-2A,350,Ob,176.847382744847,46.4233585412918,0.8542559595097231,"{""type"":""MultiPoint"",""coordinates"":[]}"
20210724T072621_20210724T072619_T41WPQ_0,49.00000000000001,30.000000000000004,1161.0,350,843.0,630.0000000000001,515.0,498.00000000000006,349.99999999999994,334.0,242.00000000000003,273.00000000000006,74.99999999999999,11.2059,350,2021-07-24,66.63000000000001,66.6,S2A_MSIL1C_20210724T072621_N0301_R049_T41WPQ_20210724T074640,Sentinel-2A,350,Ob,176.979395809678,47.3155635977846,0.8542071561333766,"{""type"":""MultiPoint"",""coordinates"":[]}"
20210725T033541_20210725T033856_T51WWQ_2,176.87353116908983,136.57142857142858,1292.0,310,980.1619047619047,772.3538390379279,612.6580645161291,581.6062992125984,481.44221735045414,481.56614173228337,397.77403245942565,414.4578475336323,140.0,44.0104,310,2021-07-25,66.76905,123.39458,S2A_MSIL1C_20210725T033541_N0301_R061_T51WWQ_20210725T062113,Sentinel-2A,310,Lena,176.723116194653,47.5342687896352,0.6267917125764555,"{""type"":""MultiPoint"",""coordinates"":[]}"
20210725T060639_20210725T060633_T44WPC_1,43.0,19.999999999999996,1246.0,346,869.0000000000001,551.9999999999999,335.99999999999994,301.0,304.0,296.0,226.99999999999997,238.0,78.00000000000001,6.5172,346,2021-07-25,69.37340000000002,86.12130000000002,S2B_MSIL1C_20210725T060639_N0301_R134_T44WPC_20210725T063055,Sentinel-2B,346,Yenisey,174.83095517406,50.2440526997318,0.8563312857834249,"{""type"":""MultiPoint"",""coordinates"":[]}"
20210725T060639_20210725T060633_T45WVT_1,43.0,20.000000000000004,1245.0,353,869.0,552.0,335.99999999999994,301.0,304.00000000000006,296.0,226.99999999999994,238.0,77.99999999999999,5.8856,353,2021-07-25,69.37340000000002,86.12130000000002,S2B_MSIL1C_20210725T060639_N0301_R134_T45WVT_20210725T063055,Sentinel-2B,353,Yenisey,175.816886696838,50.2631885413103,0.8568183524623545,"{""type"":""MultiPoint"",""coordinates"":[]}"
20210726T012701_20210726T012658_T57WWS_3,84.99999999999999,63.0,1178.0000000000002,351,882.0000000000001,662.0,397.0,350.0,316.00000000000006,294.0,234.00000000000003,252.99999999999997,100.99999999999999,0.00644987906476754,351,2021-07-26,68.75,161.3,S2A_MSIL1C_20210726T012701_N0500_R074_T57WWS_20230219T234640,Sentinel-2A,351,Kolyma,180.819038357999,49.5000744890556,0.7747778002459971,"{""type"":""MultiPoint"",""coordinates"":[]}"
20210728T034541_20210728T034733_T51WWQ_2,100.97039523882191,74.44397641112047,1174.9999999999998,348,884.0000000000001,688.611217641419,529.4566076393971,501.0602678571429,377.59995884350246,369.5319876838864,285.6042511122096,309.6856534468991,94.16303189600059,0.934751263556957,348,2021-07-28,66.76905,123.39458,S2A_MSIL1C_20210728T034541_N0500_R104_T51WWQ_20230220T125235,Sentinel-2A,348,Lena,179.913358546619,48.1803646754521,0.743973674084793,"{""type"":""MultiPoint"",""coordinates"":[]}"
20210730T033539_20210730T033722_T51WWQ_2,51.0,24.000000000000004,1283.9999999999995,351,929.0,684.0,498.0,461.99999999999994,352.0,341.00000000000006,250.0,269.0,81.0,0.0,351,2021-07-30,66.76905,123.39458,S2B_MSIL1C_20210730T033539_N0500_R061_T51WWQ_20230126T181105,Sentinel-2B,351,Lena,176.779584175282,48.6813096274654,0.8614600747823715,"{""type"":""MultiPoint"",""coordinates"":[]}"
20210802T034539_20210802T034536_T51WWQ_2,318.0,144.0,2176.0000000000005,351,1891.0,1567.0000000000002,1310.0,1261.0000000000002,1306.0,1316.0,1167.0,1137.0,343.0,0.0,351,2021-08-02,66.76905,123.39458,S2B_MSIL1C_20210802T034539_N0500_R104_T51WWQ_20230129T190203,Sentinel-2B,351,Lena,179.979219481792,49.4050542116367,0.6629492044448853,"{""type"":""MultiPoint"",""coordinates"":[]}"
20210802T061631_20210802T061633_T45WVS_1,42.0,21.999999999999996,1297.0,353,886.0000000000001,565.0,336.00000000000006,287.0,267.0,249.00000000000009,191.99999999999994,199.99999999999997,67.99999999999997,22.84,353,2021-08-02,69.37340000000002,86.12130000000002,S2A_MSIL1C_20210802T061631_N0301_R034_T45WVS_20210802T062853,Sentinel-2A,353,Yenisey,179.092881311487,51.2295786958988,0.8628392174957947,"{""type"":""MultiPoint"",""coordinates"":[]}"
20210803T072621_20210803T072618_T41WPP_0,34.99999999999999,19.0,1171.0000000000002,350,832.0,592.0,450.0,426.0,301.99999999999994,282.99999999999994,202.00000000000006,227.0,69.99999999999999,12.778,350,2021-08-03,66.63000000000001,66.6,S2A_MSIL1C_20210803T072621_N0301_R049_T41WPP_20210803T074247,Sentinel-2A,350,Ob,177.028065002441,48.7997550465151,0.8875457039227345,"{""type"":""MultiPoint"",""coordinates"":[]}"
20210803T072621_20210803T072618_T41WPQ_0,34.99999999999999,19.0,1171.0,350,832.0,592.0,450.0,426.0,302.0,283.00000000000006,201.99999999999997,227.0,70.0,6.4303,350,2021-08-03,66.63000000000001,66.6,S2A_MSIL1C_20210803T072621_N0301_R049_T41WPQ_20210803T074247,Sentinel-2A,350,Ob,177.152850557331,49.6922444515961,0.8875457039227345,"{""type"":""MultiPoint"",""coordinates"":[]}"
20210803T205021_20210803T205024_T08WNV_5,46.999999999999986,27.999999999999996,1313.9999999999995,348,1069.9999999999995,936.0,827.0,787.0000000000001,527.9999999999999,521.0,356.0,425.0,101.99999999999999,14.3934,348,2021-08-03,67.45,-133.74,S2A_MSIL1C_20210803T205021_N0301_R057_T08WNV_20210803T225923,Sentinel-2A,348,Mackenzie,178.52680570179,49.8588744312257,0.9045685430083145,"{""type"":""MultiPoint"",""coordinates"":[]}"
20210804T060639_20210804T060800_T44WPC_1,388.0,170.0,2502.0,271,2143.0,1716.0,1417.0,1293.0,1354.0,1385.0,1235.0,1165.0,232.99999999999997,0.0,271,2021-08-04,69.37340000000002,86.12130000000002,S2B_MSIL1C_20210804T060639_N0500_R134_T44WPC_20230210T045819,Sentinel-2B,271,Yenisey,175.060030005672,52.6664534765936,0.6304141183694204,"{""type"":""MultiPoint"",""coordinates"":[]}"
20210804T060639_20210804T060800_T45WVS_1,388.00000000000006,168.99999999999997,2500.9999999999995,271,2141.0,1715.0,1417.0,1292.0000000000002,1352.0,1386.0000000000002,1234.0000000000002,1165.0,232.99999999999994,0.0333858010009171,271,2021-08-04,69.37340000000002,86.12130000000002,S2B_MSIL1C_20210804T060639_N0500_R134_T45WVS_20230210T045819,Sentinel-2B,271,Yenisey,176.106131862808,51.7900141419289,0.6306835313638052,"{""type"":""MultiPoint"",""coordinates"":[]}"
20210804T060639_20210804T060800_T45WVT_1,387.00000000000006,169.0,2500.9999999999995,284,2141.0,1715.0,1417.0,1292.0000000000002,1352.0,1386.0000000000002,1233.0,1165.0,232.99999999999997,0.0,284,2021-08-04,69.37340000000002,86.12130000000002,S2B_MSIL1C_20210804T060639_N0500_R134_T45WVT_20230210T045819,Sentinel-2B,284,Yenisey,176.026561871012,52.6866589994733,0.6309375393035288,"{""type"":""MultiPoint"",""coordinates"":[]}"
20210805T071619_20210805T071618_T41WPP_0,33.00000000000001,15.000000000000002,1190.0,350,835.0,595.0,448.0,419.00000000000006,294.00000000000006,284.0,199.0,219.99999999999997,59.00000000000001,19.2092,350,2021-08-05,66.63000000000001,66.6,S2B_MSIL1C_20210805T071619_N0301_R006_T41WPP_20210805T073228,Sentinel-2B,350,Ob,173.951883185393,49.4104997871258,0.895213956450856,"{""type"":""MultiPoint"",""coordinates"":[]}"
20210805T071619_20210805T071618_T41WPQ_0,33.0,16.0,1205.0000000000002,350,843.9999999999998,601.9999999999999,453.0,424.99999999999994,298.0,288.0,202.0,222.99999999999997,59.0,0.781689509988354,350,2021-08-05,66.63000000000001,66.6,S2B_MSIL1C_20210805T071619_N0500_R006_T41WPQ_20230118T014747,Sentinel-2B,350,Ob,174.114979697744,50.2979480615386,0.8952430652901757,"{""type"":""MultiPoint"",""coordinates"":[]}"
20210805T204019_20210805T204019_T08WNV_5,69.00000000000001,40.99999999999999,1315.0,348,1056.0,927.9999999999999,803.0000000000002,755.0000000000001,496.0,499.0,347.0,399.9999999999999,85.99999999999999,0.0469,348,2021-08-05,67.45,-133.74,S2B_MSIL1C_20210805T204019_N0301_R014_T08WNV_20210805T223057,Sentinel-2B,348,Mackenzie,175.489908040411,50.4467906817236,0.8610503375530243,"{""type"":""MultiPoint"",""coordinates"":[]}"
20210806T032539_20210806T032538_T51WWQ_2,93.00000000000001,53.00000000000001,1371.0,351,1036.0,786.9999999999999,595.0000000000001,563.9999999999999,459.0,453.00000000000006,345.00000000000006,378.0,117.00000000000001,30.6338,351,2021-08-06,66.76905,123.39458,S2B_MSIL1C_20210806T032539_N0301_R018_T51WWQ_20210806T053056,Sentinel-2B,351,Lena,173.903977073476,50.5696402055866,0.788276738258935,"{""type"":""MultiPoint"",""coordinates"":[]}"
20210807T011659_20210807T011653_T57WWS_3,28.000000000000004,12.000000000000002,1309.9999999999998,351,1044.0,889.0000000000001,676.9999999999999,568.0,341.0,328.00000000000006,213.0,249.0,66.0,5.2861,351,2021-08-07,68.75,161.3,S2B_MSIL1C_20210807T011659_N0301_R031_T57WWS_20210807T030050,Sentinel-2B,351,Kolyma,177.995033455079,52.5248585424703,0.9393173559773258,"{""type"":""MultiPoint"",""coordinates"":[]}"
20210807T070621_20210807T070624_T41WPP_0,478.0,215.00000000000003,2661.9999999999995,350,2300.0,1912.0,1657.0,1579.9999999999998,1643.0,1668.0,1532.0,1434.0,339.0,0.390351508626046,350,2021-08-07,66.63000000000001,66.6,S2A_MSIL1C_20210807T070621_N0500_R106_T41WPP_20230211T015742,Sentinel-2A,350,Ob,170.943362118641,50.0900335673056,0.6000000238418579,"{""type"":""MultiPoint"",""coordinates"":[]}"
20210807T070621_20210807T070624_T41WPQ_0,477.0,214.00000000000003,2661.9999999999995,350,2301.0,1912.0000000000002,1657.0000000000002,1579.9999999999998,1643.0,1668.0000000000002,1531.0,1432.0,339.0,38.3482,350,2021-08-07,66.63000000000001,66.6,S2A_MSIL1C_20210807T070621_N0301_R106_T41WPQ_20210807T080853,Sentinel-2A,350,Ob,171.139707935588,50.9699842505137,0.6005003757774829,"{""type"":""MultiPoint"",""coordinates"":[]}"
20210812T011701_20210812T011655_T57WWS_3,555.0,268.0,2493.0,291,2200.459566946531,1922.5987411487017,1722.0000000000002,1711.9999999999998,1752.9999999999998,1772.0,1640.5731026785716,1576.4073705179283,581.0,12.5364,291,2021-08-12,68.75,161.3,S2A_MSIL1C_20210812T011701_N0301_R031_T57WWS_20210812T030251,Sentinel-2A,291,Kolyma,178.24155766725,53.9754475566751,0.5515082877652047,"{""type"":""MultiPoint"",""coordinates"":[]}"
20210812T034539_20210812T034535_T51WWQ_2,230.0,107.0,1953.0,8,1628.0,1347.0,1145.0,1130.0,1085.0,1096.0,921.0,922.0,241.0,36.333,8,2021-08-12,66.76905,123.39458,S2B_MSIL1C_20210812T034539_N0301_R104_T51WWQ_20210812T055359,Sentinel-2B,8,Lena,180.343660300629,52.2055221012839,0.7083069086074829,"{""type"":""MultiPoint"",""coordinates"":[]}"
20210815T204019_20210815T204018_T08WNV_5,337.17525773195877,198.66666666666666,1805.0,348,1492.0,1257.9999999999998,1088.0,1109.0,1080.3260869565217,1104.841435185185,964.1739427012278,958.75,304.0,30.8308,348,2021-08-15,67.45,-133.74,S2B_MSIL1C_20210815T204019_N0301_R014_T08WNV_20210815T222935,Sentinel-2B,348,Mackenzie,176.075307529734,53.391599898117,0.5773448546727499,"{""type"":""MultiPoint"",""coordinates"":[]}"
20210818T072619_20210818T072615_T41WPQ_0,53.0,29.000000000000004,1289.0000000000002,350,925.9999999999999,663.0,525.0,499.0,344.0,323.0,228.00000000000003,256.0,81.99999999999997,43.6315,350,2021-08-18,66.63000000000001,66.6,S2B_MSIL1C_20210818T072619_N0301_R049_T41WPQ_20210818T074237,Sentinel-2B,350,Ob,177.949190800301,54.1076952766695,0.8514712254206339,"{""type"":""MultiPoint"",""coordinates"":[]}"
20210819T010651_20210819T010704_T57WWS_3,42.0,21.0,1405.0000000000002,351,1110.0,933.0,651.0000000000001,541.0,349.99999999999994,317.99999999999994,234.99999999999997,261.99999999999994,82.0,0.363909066171355,351,2021-08-19,68.75,161.3,S2A_MSIL1C_20210819T010651_N0500_R131_T57WWS_20230119T020319,Sentinel-2A,351,Kolyma,175.755859282249,56.2113328653483,0.9132774433603994,"{""type"":""MultiPoint"",""coordinates"":[]}"
20210822T011701_20210822T011655_T57WWS_3,67.0,39.00000000000001,1480.0,351,1189.0,1006.0,679.0,548.0,387.99999999999994,360.99999999999994,282.0,294.00000000000006,85.99999999999999,8.8996,351,2021-08-22,68.75,161.3,S2A_MSIL1C_20210822T011701_N0301_R031_T57WWS_20210822T030311,Sentinel-2A,351,Kolyma,178.906103110566,57.1623139904341,0.8748263344168663,"{""type"":""MultiPoint"",""coordinates"":[]}"
20210822T070619_20210822T070652_T41WPQ_0,40.0,20.0,1316.0,350,928.0000000000001,641.0000000000001,456.0,438.99999999999994,322.0,304.0,216.00000000000003,243.00000000000003,69.0,11.8218,350,2021-08-22,66.63000000000001,66.6,S2B_MSIL1C_20210822T070619_N0301_R106_T41WPQ_20210822T081006,Sentinel-2B,350,Ob,172.330118231402,55.5810434582928,0.8840696662664413,"{""type"":""MultiPoint"",""coordinates"":[]}"
20210823T072621_20210823T072617_T41WPQ_0,566.0,337.0,2121.0,231,1898.0,1544.0,1306.4492440604752,1294.3800298062592,1290.75,1305.3333333333333,1198.0,1310.5,370.0,43.6638,231,2021-08-23,66.63000000000001,66.6,S2A_MSIL1C_20210823T072621_N0301_R049_T41WPQ_20210823T074237,Sentinel-2A,231,Ob,178.355112908326,55.7637027802477,0.47143466025590897,"{""type"":""MultiPoint"",""coordinates"":[]}"
20210824T010649_20210824T010700_T57WWS_3,58.99999999999999,27.000000000000004,1492.9999999999998,351,1168.0000000000002,929.9999999999999,600.0,518.0,397.00000000000006,373.0,286.0,313.99999999999994,137.0,0.0,351,2021-08-24,68.75,161.3,S2B_MSIL1C_20210824T010649_N0500_R131_T57WWS_20230115T180331,Sentinel-2B,351,Kolyma,176.155847522024,57.8748650458381,0.881003056021513,"{""type"":""MultiPoint"",""coordinates"":[]}"
20210824T033541_20210824T033537_T51WWQ_2,61.31606628957031,42.50288666058948,1232.0000000000005,331,874.5937967115095,628.3379480840543,445.22461363420865,405.2177014531043,305.03596287703016,281.5468333486533,213.66105044201768,229.21268469192879,74.0,12.7124,331,2021-08-24,66.76905,123.39458,S2A_MSIL1C_20210824T033541_N0301_R061_T51WWQ_20210824T061550,Sentinel-2A,331,Lena,178.184727040249,56.0864173432095,0.8265337260438004,"{""type"":""MultiPoint"",""coordinates"":[]}"
20210827T070621_20210827T070623_T41WPP_0,377.810167162812,277.6412443552433,1751.0,341,1371.0,1074.0,904.8,938.4285714285714,838.7,840.5,757.6666666666666,770.625,348.0,33.7543,341,2021-08-27,66.63000000000001,66.6,S2A_MSIL1C_20210827T070621_N0301_R106_T41WPP_20210827T080915,Sentinel-2A,341,Ob,172.703096430438,56.3966727369813,0.48340223210760375,"{""type"":""MultiPoint"",""coordinates"":[]}"
20210901T034529_20210901T034531_T51WWQ_2,99.00000000000001,70.0,1302.9999999999998,351,979.0,733.9999999999999,560.0000000000001,518.0,395.00000000000006,376.0,298.0,315.00000000000006,104.00000000000001,0.0,351,2021-09-01,66.76905,123.39458,S2B_MSIL1C_20210901T034529_N0500_R104_T51WWQ_20230123T053932,Sentinel-2B,351,Lena,181.763602365861,58.913068737188,0.7623247901598612,"{""type"":""MultiPoint"",""coordinates"":[]}"
20210904T222529_20210904T222529_T03VXJ_4,821.0,730.0304182509506,2012.0,141,1660.0000000000002,1368.0,1261.0,1239.0,1272.6666666666667,1320.0,1251.0,1188.0,404.0,18.1493,141,2021-09-04,61.93,-162.88,S2B_MSIL1C_20210904T222529_N0301_R015_T03VXJ_20210904T224956,Sentinel-2B,141,Yukon,174.372569507526,54.9873110243568,0.25156110525131226,"{""type"":""MultiPoint"",""coordinates"":[]}"
20210905T032539_20210905T032533_T51WWQ_2,49.00000000000001,27.000000000000004,1407.0,351,1065.9999999999998,830.9999999999999,699.0,660.0,446.99999999999994,422.0,289.0,347.00000000000006,91.0,37.2572,351,2021-09-05,66.76905,123.39458,S2B_MSIL1C_20210905T032539_N0301_R018_T51WWQ_20210905T053137,Sentinel-2B,351,Lena,176.418342406736,60.4052750474348,0.8890521267114254,"{""type"":""MultiPoint"",""coordinates"":[]}"
20210907T205019_20210907T205017_T08WNV_5,53.00000000000001,27.000000000000004,1464.0,348,1201.0,1034.0,956.9999999999999,887.0,595.0,581.0,396.00000000000006,468.99999999999994,96.00000000000001,24.0119,348,2021-09-07,67.45,-133.74,S2B_MSIL1C_20210907T205019_N0301_R057_T08WNV_20210907T225746,Sentinel-2B,348,Mackenzie,180.992935730086,61.3887664651458,0.9032114250435095,"{""type"":""MultiPoint"",""coordinates"":[]}"
20210908T033529_20210908T033531_T51WWQ_2,108.00000000000001,74.0,1405.0,351,1058.0000000000002,821.0,687.9999999999999,635.0,452.0,432.0,326.00000000000006,356.0,104.00000000000007,0.0,351,2021-09-08,66.76905,123.39458,S2B_MSIL1C_20210908T033529_N0500_R061_T51WWQ_20230120T002235,Sentinel-2B,351,Lena,179.561273763661,61.4915601154992,0.7679174467863545,"{""type"":""MultiPoint"",""coordinates"":[]}"
20210909T204021_20210909T204018_T08WNV_5,55.0,27.999999999999996,1661.0,348,1388.0000000000002,1215.0000000000002,1252.0,1243.0,1129.0,1177.0,1026.0,1024.0,140.0,15.4763,348,2021-09-09,67.45,-133.74,S2A_MSIL1C_20210909T204021_N0301_R014_T08WNV_20210909T224944,Sentinel-2A,348,Mackenzie,178.390346055751,62.1456060305684,0.9128762099854524,"{""type"":""MultiPoint"",""coordinates"":[]}"
20210910T032541_20210910T032845_T51WWQ_2,127.0,76.0,1640.9999999999998,351,1245.0000000000002,942.0000000000003,758.0,707.0000000000001,558.9999999999999,528.9999999999999,430.00000000000006,450.99999999999994,166.99999999999991,2.5557,351,2021-09-10,66.76905,123.39458,S2A_MSIL1C_20210910T032541_N0301_R018_T51WWQ_20210910T051708,Sentinel-2A,351,Lena,176.968304352865,62.2713869871449,0.7619440225594936,"{""type"":""MultiPoint"",""coordinates"":[]}"
20210911T011651_20210911T011653_T57WWS_3,37.0,23.999999999999996,1516.0,351,1195.0000000000002,977.0,800.0,666.0,390.99999999999994,351.99999999999994,239.99999999999994,282.9999999999999,94.0,16.7684,351,2021-09-11,68.75,161.3,S2A_MSIL1C_20210911T011651_N0301_R031_T57WWS_20210911T025738,Sentinel-2A,351,Kolyma,180.679231320934,64.3838434928959,0.9271448525983937,"{""type"":""MultiPoint"",""coordinates"":[]}"
20210911T034529_20210911T034530_T51WWQ_2,37.00000000000001,22.0,1286.0,351,949.0,691.9999999999999,537.0000000000001,480.0,313.0,291.0,198.99999999999997,232.99999999999997,81.0,22.9767,351,2021-09-11,66.76905,123.39458,S2B_MSIL1C_20210911T034529_N0301_R104_T51WWQ_20210911T054933,Sentinel-2B,351,Lena,182.653240791333,62.6500315451422,0.8987064873042199,"{""type"":""MultiPoint"",""coordinates"":[]}"
20210913T033541_20210913T033818_T51WWQ_2,112.99999999999999,58.99999999999999,1731.0000000000002,351,1340.9999999999998,991.0,794.9999999999999,730.0,592.0,561.9999999999999,458.0,477.99999999999994,182.99999999999997,2.81364029979993,351,2021-09-13,66.76905,123.39458,S2A_MSIL1C_20210913T033541_N0500_R061_T51WWQ_20230110T051255,Sentinel-2A,351,Lena,180.076593090915,63.389647970481,0.7971729216563049,"{""type"":""MultiPoint"",""coordinates"":[]}"
20210916T011649_20210916T011648_T57WWS_3,43.0,28.0,1642.5,47,1267.0,980.0,692.0,558.0,361.0,334.0,233.0,264.0,99.0,25.9823,47,2021-09-16,68.75,161.3,S2B_MSIL1C_20210916T011649_N0301_R031_T57WWS_20210916T024509,Sentinel-2B,47,Kolyma,181.134657758234,66.3020321890156,0.9152709245681763,"{""type"":""MultiPoint"",""coordinates"":[]}"
20210919T204131_20210919T204150_T08WNV_5,55.0,33.99999999999999,1582.0000000000002,348,1252.0,1009.0,883.0000000000002,816.9999999999999,531.0,499.0,339.00000000000006,413.0,114.0,0.97476783421422,348,2021-09-19,67.45,-133.74,S2A_MSIL1C_20210919T204131_N0500_R014_T08WNV_20230115T050608,Sentinel-2A,348,Mackenzie,179.421090090462,65.9803882742073,0.8976950218583818,"{""type"":""MultiPoint"",""coordinates"":[]}"
20210921T011701_20210921T011655_T57WWS_3,35.0,24.0,1549.0000000000002,351,1185.0,909.0,621.0,498.0,325.99999999999994,292.0,205.0,233.99999999999994,98.0,0.608976081698468,351,2021-09-21,68.75,161.3,S2A_MSIL1C_20210921T011701_N0500_R031_T57WWS_20230119T111356,Sentinel-2A,351,Kolyma,181.632028006531,68.2422886779035,0.925612673917903,"{""type"":""MultiPoint"",""coordinates"":[]}"
20210924T062631_20210924T062631_T44WPC_1,53.0,32.99999999999999,1662.0000000000002,346,1222.0,765.9999999999998,488.00000000000006,413.99999999999994,343.99999999999994,310.0,236.0,253.0,107.0,20.1554,346,2021-09-24,69.37340000000002,86.12130000000002,S2A_MSIL1C_20210924T062631_N0301_R077_T44WPC_20210924T064049,Sentinel-2A,346,Yenisey,184.683612412437,70.404061221609,0.8699385198679838,"{""type"":""MultiPoint"",""coordinates"":[]}"
20210924T062631_20210924T062631_T45WVS_1,53.0,33.0,1663.0000000000007,353,1222.0,765.9999999999999,488.00000000000006,414.00000000000006,343.99999999999994,310.0,235.00000000000003,252.99999999999997,107.0,15.9339,353,2021-09-24,69.37340000000002,86.12130000000002,S2A_MSIL1C_20210924T062631_N0301_R077_T45WVS_20210924T064049,Sentinel-2A,353,Yenisey,185.673659811761,69.5820589533127,0.8699909970164299,"{""type"":""MultiPoint"",""coordinates"":[]}"
20210924T062631_20210924T062631_T45WVT_1,53.0,33.0,1663.0000000000002,353,1222.0,765.9999999999999,488.00000000000006,414.0,344.0,310.0,236.00000000000003,253.00000000000003,107.00000000000001,8.993,353,2021-09-24,69.37340000000002,86.12130000000002,S2A_MSIL1C_20210924T062631_N0301_R077_T45WVT_20210924T064049,Sentinel-2A,353,Yenisey,185.532298042473,70.4704204428631,0.8699909970164299,"{""type"":""MultiPoint"",""coordinates"":[]}"
20210924T071629_20210924T071653_T41WPP_0,41.00000000000001,24.0,1485.0,350,1072.9999999999998,767.0,641.0,592.0,376.0,338.0,234.99999999999997,277.0,94.99999999999999,0.794708710322793,350,2021-09-24,66.63000000000001,66.6,S2B_MSIL1C_20210924T071629_N0500_R006_T41WPP_20230121T102114,Sentinel-2B,350,Ob,178.578168876594,66.7823964812297,0.8982434272766113,"{""type"":""MultiPoint"",""coordinates"":[]}"
20210924T071629_20210924T071653_T41WPQ_0,41.00000000000001,24.0,1485.0,350,1073.0,767.0,641.0,592.0,376.0,338.0,235.0,277.0,96.0,2.83714055361462,350,2021-09-24,66.63000000000001,66.6,S2B_MSIL1C_20210924T071629_N0500_R006_T41WPQ_20230121T102114,Sentinel-2B,350,Ob,178.659968460067,67.6764822503824,0.8988047374619378,"{""type"":""MultiPoint"",""coordinates"":[]}"
20210924T222529_20210924T222531_T03VXJ_4,832.0,644.0,1926.0,42,1538.0,1263.0,1180.0,1203.0,1153.0,1197.0,1173.0,1088.0,509.0,15.3704,42,2021-09-24,61.93,-162.88,S2B_MSIL1C_20210924T222529_N0301_R015_T03VXJ_20210924T224905,Sentinel-2B,42,Yukon,176.760773803903,62.5791464810958,0.20172084867954254,"{""type"":""MultiPoint"",""coordinates"":[]}"
20210926T034541_20210926T034708_T51WWQ_2,49.99999999999999,32.99999999999999,1433.9999999999998,351,1051.0,734.0000000000001,564.0,493.99999999999994,334.0,303.0,213.99999999999997,245.0,75.00000000000001,0.0,351,2021-09-26,66.76905,123.39458,S2A_MSIL1C_20210926T034541_N0500_R104_T51WWQ_20230113T183224,Sentinel-2A,351,Lena,184.0028789484,68.4776856251992,0.8707195160115049,"{""type"":""MultiPoint"",""coordinates"":[]}"
20210926T061629_20210926T061704_T44WPC_1,35.0,17.0,1612.0,346,1151.0,729.0,450.0,379.0,314.0,291.00000000000006,211.0,226.99999999999997,90.0,0.0,346,2021-09-26,69.37340000000002,86.12130000000002,S2B_MSIL1C_20210926T061629_N0500_R034_T44WPC_20230119T101439,Sentinel-2B,346,Yenisey,182.188635206498,71.131354562696,0.9083469648122553,"{""type"":""MultiPoint"",""coordinates"":[]}"
20210926T061629_20210926T061704_T45WVS_1,35.00000000000001,16.999999999999996,1613.0000000000002,353,1151.9999999999998,729.0000000000001,449.99999999999994,378.0,315.0,291.0,210.99999999999997,227.0,89.99999999999999,0.0,353,2021-09-26,69.37340000000002,86.12130000000002,S2B_MSIL1C_20210926T061629_N0500_R034_T45WVS_20230119T101439,Sentinel-2B,353,Yenisey,183.162296452114,70.2929222536947,0.9089434269117191,"{""type"":""MultiPoint"",""coordinates"":[]}"
20210926T061629_20210926T061704_T45WVT_1,34.99999999999999,16.999999999999996,1613.0000000000002,353,1151.9999999999998,729.0000000000001,449.99999999999994,378.0,315.0,291.0,210.99999999999997,227.0,90.0,0.0,353,2021-09-26,69.37340000000002,86.12130000000002,S2B_MSIL1C_20210926T061629_N0500_R034_T45WVT_20230119T101439,Sentinel-2B,353,Yenisey,183.035056534019,71.1858141975803,0.9089724024136862,"{""type"":""MultiPoint"",""coordinates"":[]}"
20210926T070641_20210926T070638_T41WPP_0,54.0,36.0,1640.9999999999998,350,1185.0,827.0,656.4357838795393,600.6886090440755,406.6293443546872,366.43448275862073,264.46290801186944,296.53696612665686,98.00000000000001,7.0563,350,2021-09-26,66.63000000000001,66.6,S2A_MSIL1C_20210926T070641_N0301_R106_T41WPP_20210926T075920,Sentinel-2A,350,Ob,176.100814955847,67.6012453837191,0.8783938773129703,"{""type"":""MultiPoint"",""coordinates"":[]}"
20210926T070641_20210926T070638_T41WPQ_0,54.0,36.00000000000001,1640.9999999999998,350,1185.0,827.0,656.4020183055619,600.6886090440755,406.6293443546872,366.37324840764336,264.46290801186944,296.53696612665686,98.00000000000001,38.9756,350,2021-09-26,66.63000000000001,66.6,S2A_MSIL1C_20210926T070641_N0301_R106_T41WPQ_20210926T075920,Sentinel-2A,350,Ob,176.196509600533,68.4924432370686,0.8784181772436134,"{""type"":""MultiPoint"",""coordinates"":[]}"
20210927T072649_20210927T072649_T41WPP_0,66.42206908286542,43.0,1477.0,350,1074.0000000000002,752.3464980544748,612.2857142857143,566.4681046351537,392.97630131189163,353.6760385005066,253.5282769556025,293.0430151577222,120.95636172450054,16.4328,350,2021-09-27,66.63000000000001,66.6,S2B_MSIL1C_20210927T072649_N0301_R049_T41WPP_20210927T074220,Sentinel-2B,350,Ob,181.56015901887,67.9542661490344,0.8367963524817809,"{""type"":""MultiPoint"",""coordinates"":[]}"
20210927T205229_20210927T205229_T08WNV_5,57.00000000000001,34.0,1598.0,348,1264.0,996.0,868.0,800.0000000000001,529.0,486.0,327.0,401.0,109.0,8.2435,348,2021-09-27,67.45,-133.74,S2B_MSIL1C_20210927T205229_N0301_R057_T08WNV_20210927T224117,Sentinel-2B,348,Mackenzie,182.831016919961,69.1193029148119,0.8909625811352749,"{""type"":""MultiPoint"",""coordinates"":[]}"
20210927T223529_20210927T223531_T03VXJ_4,39.0,23.0,1405.0000000000002,342,1136.0,948.0,890.0,819.0000000000001,545.0,513.0,340.99999999999994,413.0000000000001,93.00000000000001,9.2896,342,2021-09-27,61.93,-162.88,S2B_MSIL1C_20210927T223529_N0301_R058_T03VXJ_20210927T225717,Sentinel-2B,342,Yukon,179.860022618737,63.7110686631726,0.920702954321142,"{""type"":""MultiPoint"",""coordinates"":[]}"
20210928T033539_20210928T033722_T51WWQ_2,129.6185923280728,97.84727272727274,1586.0000000000002,350,1202.6092757306224,900.2038216560508,757.1866422689844,689.453276047261,481.6561436087899,456.78517677126223,345.86555335409,381.6915855948114,125.99999999999997,0.0462838543999522,350,2021-09-28,66.76905,123.39458,S2B_MSIL1C_20210928T033539_N0500_R061_T51WWQ_20230112T194221,Sentinel-2B,350,Lena,181.478228653731,69.2096309795509,0.7475123868109853,"{""type"":""MultiPoint"",""coordinates"":[]}"
20210928T060641_20210928T060636_T44WPC_1,32.0,17.0,1617.9999999999998,346,1137.0,713.9999999999999,428.99999999999994,365.0,304.00000000000006,263.0,192.0,216.0,89.0,5.4271,346,2021-09-28,69.37340000000002,86.12130000000002,S2A_MSIL1C_20210928T060641_N0301_R134_T44WPC_20210928T071734,Sentinel-2A,346,Yenisey,179.756254718019,71.8933565561025,0.9137441373832009,"{""type"":""MultiPoint"",""coordinates"":[]}"
20210928T060641_20210928T060636_T45WVS_1,33.0,16.0,1619.0000000000002,353,1137.0000000000002,714.0000000000001,430.0000000000001,365.0,304.0,262.0,191.0,216.0,89.0,10.8997,353,2021-09-28,69.37340000000002,86.12130000000002,S2A_MSIL1C_20210928T060641_N0301_R134_T45WVS_20210928T071734,Sentinel-2A,353,Yenisey,180.714435874522,71.0403950204342,0.9125592911174863,"{""type"":""MultiPoint"",""coordinates"":[]}"
20210928T060641_20210928T060636_T45WVT_1,33.00000000000001,16.0,1619.0000000000002,353,1137.0000000000002,713.9999999999999,430.0000000000001,365.0,303.99999999999994,263.0,191.99999999999997,216.00000000000003,88.99999999999999,6.3197,353,2021-09-28,69.37340000000002,86.12130000000002,S2A_MSIL1C_20210928T060641_N0301_R134_T45WVT_20210928T071734,Sentinel-2A,353,Yenisey,180.60002046065,71.9360959032358,0.9124874086505141,"{""type"":""MultiPoint"",""coordinates"":[]}"
20210929T204251_20210929T204448_T08WNV_5,29.0,15.000000000000002,1813.8736200989724,348,1433.0000000000002,1108.0000000000002,936.0000000000001,846.9999999999999,558.0,516.0,344.99999999999994,423.00000000000006,110.00000000000001,1.56319985666935,348,2021-09-29,67.45,-133.74,S2A_MSIL1C_20210929T204251_N0500_R014_T08WNV_20230113T182940,Sentinel-2A,348,Mackenzie,180.365589971025,69.8690767883032,0.9498857259750366,"{""type"":""MultiPoint"",""coordinates"":[]}"
20210929T222541_20210929T222537_T03VXJ_4,156.0,131.0,1587.0,342,1240.0,1028.0,954.0,895.0,649.0,628.0,491.0,511.0,213.0,25.8202,342,2021-09-29,61.93,-162.88,S2A_MSIL1C_20210929T222541_N0301_R015_T03VXJ_20210929T224453,Sentinel-2A,342,Yukon,177.314777108206,64.5126827551462,0.7366185188293457,"{""type"":""MultiPoint"",""coordinates"":[]}"
20211001T034549_20211001T034544_T51WWQ_2,45.42907215131274,29.10470164991936,1479.0,351,1082.4942939366874,728.3870192307694,537.4021021234287,465.2982870643827,325.6459011541876,297.90915313905737,213.81016460410908,237.3125648446459,94.00000000000001,0.0,351,2021-10-01,66.76905,123.39458,S2B_MSIL1C_20211001T034549_N0500_R104_T51WWQ_20230111T132101,Sentinel-2B,351,Lena,184.369963454903,70.4317444327931,0.8885656551946252,"{""type"":""MultiPoint"",""coordinates"":[]}"
20211002T223541_20211002T223537_T03VXJ_4,854.0,707.0,1932.0,48,1566.0,1210.0,1118.0,1131.0,1092.0,1122.0,1103.0,1034.0,581.0,34.2377,48,2021-10-02,61.93,-162.88,S2A_MSIL1C_20211002T223541_N0301_R058_T03VXJ_20211002T225349,Sentinel-2A,48,Yukon,180.33461967848,65.6514133957246,0.17370441555976868,"{""type"":""MultiPoint"",""coordinates"":[]}"
20211003T033601_20211003T033904_T51WWQ_2,46.46900898797713,30.50467076782866,1560.0,351,1113.0,738.5525812619504,546.5429109496906,473.20677731673584,349.5147671679652,309.8016690148478,233.99128106549497,253.5046316089497,109.0,3.36355924187095,351,2021-10-03,66.76905,123.39458,S2A_MSIL1C_20211003T033601_N0500_R061_T51WWQ_20230108T165604,Sentinel-2A,351,Lena,181.910635369653,71.1539157135466,0.880831051791798,"{""type"":""MultiPoint"",""coordinates"":[]}"
20211003T060659_20211003T060659_T44WPC_1,52.00000000000001,29.999999999999996,1778.9999999999995,346,1296.0,801.9999999999999,513.0,444.0,376.0,325.0,241.00000000000003,272.0,118.99999999999999,9.9898,346,2021-10-03,69.37340000000002,86.12130000000002,S2B_MSIL1C_20211003T060659_N0301_R134_T44WPC_20211003T071242,Sentinel-2B,346,Yenisey,180.161769088304,73.8324192007218,0.878203249936637,"{""type"":""MultiPoint"",""coordinates"":[]}"
20211003T060659_20211003T060659_T45WVS_1,52.00000000000001,30.0,1781.0,353,1296.0,801.0,512.0,444.0,376.0,326.0,241.0,272.0,119.0,39.5026,353,2021-10-03,69.37340000000002,86.12130000000002,S2B_MSIL1C_20211003T060659_N0301_R134_T45WVS_20211003T071242,Sentinel-2B,353,Yenisey,181.109658507594,72.9817420238737,0.8773656867873026,"{""type"":""MultiPoint"",""coordinates"":[]}"
20211003T060659_20211003T060659_T45WVT_1,52.00000000000001,29.999999999999996,1778.9999999999995,353,1296.0,801.0,512.0,444.0,376.0,326.0,241.0,272.0,119.00000000000001,13.4071,353,2021-10-03,69.37340000000002,86.12130000000002,S2B_MSIL1C_20211003T060659_N0301_R134_T45WVT_20211003T071242,Sentinel-2B,353,Yenisey,180.995164761989,73.8770941642641,0.8773733901900129,"{""type"":""MultiPoint"",""coordinates"":[]}"
20211011T011701_20211011T011658_T57WWS_3,300.48113207547175,282.3996865203762,2690.0,351,2249.5,1736.25,1539.7777777777778,1443.3031423290204,1362.857142857143,1347.2159747766684,1268.6191335740073,1227.5714285714287,530.0,0.797873928752725,351,2021-10-11,68.75,161.3,S2A_MSIL1C_20211011T011701_N0500_R031_T57WWS_20230112T104100,Sentinel-2A,351,Kolyma,183.185445431872,75.9879343150163,0.7046302922116885,"{""type"":""MultiPoint"",""coordinates"":[]}"
20211011T203359_20211011T203401_T08WNV_5,369.0,336.0,2362.1359186746986,157,1884.4843276036402,1424.6666666666667,1324.0,1246.0,974.5,961.0,817.5356849876948,825.0000000000001,276.0,37.6906,157,2021-10-11,67.45,-133.74,S2B_MSIL1C_20211011T203359_N0301_R114_T08WNV_20211011T210104,Sentinel-2B,157,Mackenzie,178.677184609846,74.4716900594393,0.5899772047996521,"{""type"":""MultiPoint"",""coordinates"":[]}"
20211024T071949_20211024T071950_T41WPP_0,65.0,36.0,2376.363588320782,237,1787.9619710765933,1154.9881159879576,867.9884430876582,788.1792673421668,631.439388423735,581.9647121964309,441.6944194419442,476.1273209549072,179.79792847371505,10.508,237,2021-10-24,66.63000000000001,66.6,S2B_MSIL1C_20211024T071949_N0301_R006_T41WPP_20211024T073554,Sentinel-2B,237,Ob,180.6613035317,78.0489262498819,0.8949738830975537,"{""type"":""MultiPoint"",""coordinates"":[]}"
20211027T073019_20211027T073013_T41WPP_0,590.0,486.99999999999994,2787.0,161,2305.313202247191,1705.4467005076142,1580.1123818995525,1556.5,1442.5213400642497,1412.280178837556,1333.75,1297.857142857143,624.0,39.8462,161,2021-10-27,66.63000000000001,66.6,S2B_MSIL1C_20211027T073019_N0301_R049_T41WPP_20211027T073758,Sentinel-2B,161,Ob,183.210491291678,79.1119281261223,0.4856331869959831,"{""type"":""MultiPoint"",""coordinates"":[]}"
20211029T222651_20211029T222645_T03VXJ_4,116.0,93.0,2177.0,55,2146.0,1749.0,1763.0,1665.0,1541.0,1424.0,1242.0,1355.0,369.0,0.0,55,2021-10-29,61.93,-162.88,S2A_MSIL1C_20211029T222651_N0500_R015_T03VXJ_20230105T021729,Sentinel-2A,55,Yukon,179.177040299074,75.47017804974,0.8689809441566467,"{""type"":""MultiPoint"",""coordinates"":[]}"
20211031T071029_20211031T071028_T41WPP_0,71.0,46.0,2938.0,188,2284.0,1600.0,1388.5,1351.0,1203.0,1080.0,913.0,925.5,384.0,10.8209,188,2021-10-31,66.63000000000001,66.6,S2B_MSIL1C_20211031T071029_N0301_R106_T41WPP_20211031T080106,Sentinel-2B,188,Ob,178.338239053751,80.4013318390651,0.9147766334445854,"{""type"":""MultiPoint"",""coordinates"":[]}"
20211031T071029_20211031T071028_T41WPQ_0,70.0,44.0,2971.0,184,2300.0,1602.017274472169,1381.5089820359278,1371.0,1200.0,1091.0993788819876,924.6666666666666,915.25,375.0,0.0,184,2021-10-31,66.63000000000001,66.6,S2B_MSIL1C_20211031T071029_N0500_R106_T41WPQ_20230115T183218,Sentinel-2B,184,Ob,178.407907922108,81.2952570454664,0.9166431277990341,"{""type"":""MultiPoint"",""coordinates"":[]}"
20211031T221649_20211031T221650_T03VXJ_4,156.33333333333334,132.0,2926.0,129,2232.0,1806.0,1845.0,1853.0,1751.5,1736.75,1576.6666666666667,1468.0,806.0,32.7157,129,2021-10-31,61.93,-162.88,S2B_MSIL1C_20211031T221649_N0301_R115_T03VXJ_20211031T223234,Sentinel-2B,129,Yukon,176.701809744614,76.1588615297134,0.842107756761834,"{""type"":""MultiPoint"",""coordinates"":[]}"
20220601T071619_20220601T071616_T41WPP_0,48.00000000000001,31.0,1152.0,350,804.0,543.0,434.00000000000006,415.00000000000006,284.0,261.0,186.0,217.99999999999997,76.0,16.6322374511033,350,2022-06-01,66.63000000000001,66.6,S2B_MSIL1C_20220601T071619_N0400_R006_T41WPP_20220601T073921,Sentinel-2B,350,Ob,176.324395806491,44.1605909217288,0.8357836936249294,"{""type"":""MultiPoint"",""coordinates"":[]}"
20220601T071619_20220601T071616_T41WPQ_0,48.00000000000001,31.0,1152.0,350,804.0,543.0,434.00000000000006,415.00000000000006,284.0,261.0,186.00000000000003,217.99999999999997,77.0,26.5374302009615,350,2022-06-01,66.63000000000001,66.6,S2B_MSIL1C_20220601T071619_N0400_R006_T41WPQ_20220601T073921,Sentinel-2B,350,Ob,176.469997425056,45.0522253463663,0.8357836936249294,"{""type"":""MultiPoint"",""coordinates"":[]}"
20220603T034541_20220603T034542_T51WWQ_2,28.0,16.0,1084.0000000000002,351,761.0,508.00000000000006,416.0,392.0,281.99999999999994,266.00000000000006,185.00000000000003,216.0,57.99999999999998,11.9486053724492,351,2022-06-03,66.76905,123.39458,S2A_MSIL1C_20220603T034541_N0400_R104_T51WWQ_20220603T054152,Sentinel-2A,351,Lena,182.683384077078,44.83374721975,0.8939393758773803,"{""type"":""MultiPoint"",""coordinates"":[]}"
20220603T202851_20220603T202852_T08WNV_5,150.96774193548393,117.04097311139564,1486.0,344,1201.740576496674,1044.887367491166,1097.1110619469025,1121.41943359375,963.4571092831962,987.9,820.9228219696969,867.8015597920277,213.0,11.3853862186612,344,2022-06-03,67.45,-133.74,S2A_MSIL1C_20220603T202851_N0400_R114_T08WNV_20220603T223854,Sentinel-2A,344,Mackenzie,174.519915973387,44.808059315961,0.7396347374322424,"{""type"":""MultiPoint"",""coordinates"":[]}"
20220603T221541_20220603T221539_T03VXJ_4,152.5,82.44864864864864,1296.0,342,998.75,716.7846153846153,567.0,554.8462940461725,522.3333333333334,512.0,414.6666666666667,493.6,160.0,30.5982512435449,342,2022-06-03,61.93,-162.88,S2A_MSIL1C_20220603T221541_N0400_R115_T03VXJ_20220603T234808,Sentinel-2A,342,Yukon,169.890693248057,39.6019702032201,0.665240273862609,"{""type"":""MultiPoint"",""coordinates"":[]}"
20220604T072619_20220604T072615_T41WPP_0,122.0,93.0,1140.0,350,825.0,582.0,496.99999999999994,473.0,350.0,328.0,256.0,286.0,112.00000000000001,3.83893218668817,350,2022-06-04,66.63000000000001,66.6,S2B_MSIL1C_20220604T072619_N0400_R049_T41WPP_20220604T075123,Sentinel-2B,350,Ob,179.477440604257,43.7479662028052,0.6520495076123842,"{""type"":""MultiPoint"",""coordinates"":[]}"
20220604T072619_20220604T072615_T41WPQ_0,122.0,93.0,1140.0,350,825.0000000000002,581.0,496.99999999999994,473.0,350.0,328.0,256.0,286.0,113.0,9.08232553972946,350,2022-06-04,66.63000000000001,66.6,S2B_MSIL1C_20220604T072619_N0400_R049_T41WPQ_20220604T075123,Sentinel-2B,350,Ob,179.575212321309,44.64278512996,0.6520492305851872,"{""type"":""MultiPoint"",""coordinates"":[]}"
20220604T223529_20220604T223532_T03VXJ_4,50.0,22.0,1234.0,342,994.0,857.0,878.0,862.9999999999999,669.0000000000001,669.0000000000001,473.99999999999994,549.0,94.99999999999999,0.255591731978662,342,2022-06-04,61.93,-162.88,S2B_MSIL1C_20220604T223529_N0400_R058_T03VXJ_20220604T225825,Sentinel-2B,342,Yukon,177.013486558017,39.220295251017,0.8904439824905123,"{""type"":""MultiPoint"",""coordinates"":[]}"
20220605T010701_20220605T010656_T57WWS_3,100.41061755146262,74.72033898305085,1313.0,351,1014.0,829.0000000000001,770.3971631205674,714.4275996112731,470.588609512269,446.28746070555366,316.37561214495594,380.4158738787714,107.99999999999997,3.97381420548483,351,2022-06-05,68.75,161.3,S2A_MSIL1C_20220605T010701_N0400_R131_T57WWS_20220605T022634,Sentinel-2A,351,Kolyma,177.081617162555,46.4086962896316,0.7820775725758902,"{""type"":""MultiPoint"",""coordinates"":[]}"
20220605T033539_20220605T033535_T51WWQ_2,38.99999999999999,23.0,1100.0,351,758.0,505.0,400.0,379.99999999999994,281.99999999999994,268.00000000000006,189.99999999999997,220.00000000000003,75.0,0.970408193735256,351,2022-06-05,66.76905,123.39458,S2B_MSIL1C_20220605T033539_N0400_R061_T51WWQ_20220605T053243,Sentinel-2B,351,Lena,179.260140925152,44.5837677654479,0.8567491769790649,"{""type"":""MultiPoint"",""coordinates"":[]}"
20220605T060641_20220605T060857_T45WVS_1,89.0,68.00000000000001,1452.0,296,1027.0,681.0,519.9999999999999,470.0,357.0,328.99999999999994,253.0,281.0,124.99999999999999,46.0269876259931,296,2022-06-05,69.37340000000002,86.12130000000002,S2A_MSIL1C_20220605T060641_N0400_R134_T45WVS_20220605T064008,Sentinel-2A,296,Yenisey,178.375800676795,46.3729060938421,0.7692587050393503,"{""type"":""MultiPoint"",""coordinates"":[]}"
20220606T222541_20220606T222758_T03VXJ_4,90.99999999999997,43.0,1467.0,342,1162.0,976.0,929.9999999999999,929.0,840.0,852.0,653.0,705.0,156.0,5.84941324016841,342,2022-06-06,61.93,-162.88,S2A_MSIL1C_20220606T222541_N0400_R015_T03VXJ_20220607T002232,Sentinel-2A,342,Yukon,173.277989011441,39.1133253063688,0.8291573272681818,"{""type"":""MultiPoint"",""coordinates"":[]}"
20220608T070619_20220608T070622_T41WPP_0,43.0,25.0,1183.0,350,806.0,513.0,372.0,344.0,260.0,241.00000000000003,172.0,197.00000000000003,66.0,0.0,350,2022-06-08,66.63000000000001,66.6,S2B_MSIL1C_20220608T070619_N0400_R106_T41WPP_20220608T083215,Sentinel-2B,350,Ob,172.553246973149,43.4839583662478,0.8464319991772293,"{""type"":""MultiPoint"",""coordinates"":[]}"
20220608T070619_20220608T070622_T41WPQ_0,43.0,25.0,1183.0,350,806.0,513.0,372.0,344.0,260.0,241.00000000000003,172.0,197.00000000000006,66.0,4.46618252134789,350,2022-06-08,66.63000000000001,66.6,S2B_MSIL1C_20220608T070619_N0400_R106_T41WPQ_20220608T083215,Sentinel-2B,350,Ob,172.760014336665,44.3683242803591,0.8464324635568923,"{""type"":""MultiPoint"",""coordinates"":[]}"
20220608T221539_20220608T221533_T03VXJ_4,42.99999999999999,19.999999999999996,1226.0,342,962.0,807.0000000000001,808.9999999999999,787.0000000000001,574.0,576.0000000000001,397.0,473.99999999999994,94.99999999999999,4.3022484995073,342,2022-06-08,61.93,-162.88,S2B_MSIL1C_20220608T221539_N0400_R115_T03VXJ_20220608T224012,Sentinel-2B,342,Yukon,169.448844439882,39.1169872327667,0.8983030775446951,"{""type"":""MultiPoint"",""coordinates"":[]}"
20220609T072621_20220609T072624_T41WPP_0,38.99999999999999,20.000000000000004,1098.0000000000005,350,758.0000000000001,479.99999999999994,348.0,322.0,243.99999999999997,228.0,163.99999999999997,184.99999999999997,64.0,1.53990862671325,350,2022-06-09,66.63000000000001,66.6,S2A_MSIL1C_20220609T072621_N0400_R049_T41WPP_20220609T074718,Sentinel-2A,350,Ob,179.212639582725,43.2528875374477,0.8508852422237396,"{""type"":""MultiPoint"",""coordinates"":[]}"
20220609T072621_20220609T072624_T41WPQ_0,38.99999999999999,20.000000000000004,1099.0,350,758.0000000000001,479.99999999999994,348.0,322.0,243.99999999999997,228.0,164.0,184.99999999999997,64.0,16.9946848218818,350,2022-06-09,66.63000000000001,66.6,S2A_MSIL1C_20220609T072621_N0400_R049_T41WPQ_20220609T074718,Sentinel-2A,350,Ob,179.315313512449,44.1475340418903,0.8508852422237396,"{""type"":""MultiPoint"",""coordinates"":[]}"
20220609T223541_20220609T223704_T03VXJ_4,52.00000000000001,27.999999999999996,1200.0000000000002,342,964.0,826.0,835.0,818.0,625.0000000000001,628.0,449.0,512.0,96.0,1.25114583406224,342,2022-06-09,61.93,-162.88,S2A_MSIL1C_20220609T223541_N0400_R058_T03VXJ_20220610T013026,Sentinel-2A,342,Yukon,176.701429087114,38.7506800405615,0.8820473142379751,"{""type"":""MultiPoint"",""coordinates"":[]}"
20220610T010649_20220610T010650_T57WWS_3,35.00000000000001,19.000000000000004,1303.0,351,1004.0,808.0,722.0,641.0,396.0,370.00000000000006,247.00000000000003,296.0,71.99999999999999,7.21129607046362,351,2022-06-10,68.75,161.3,S2B_MSIL1C_20220610T010649_N0400_R131_T57WWS_20220610T022444,Sentinel-2B,351,Kolyma,176.737141614417,45.9423368156034,0.9178303276017846,"{""type"":""MultiPoint"",""coordinates"":[]}"
20220610T060639_20220610T060815_T44WPC_1,24.99999999999999,13.0,1179.0,346,810.0000000000002,498.99999999999994,337.0,291.9999999999999,214.00000000000006,200.99999999999997,136.00000000000003,159.00000000000003,60.99999999999999,0.0,346,2022-06-10,69.37340000000002,86.12130000000002,S2B_MSIL1C_20220610T060639_N0400_R134_T44WPC_20220610T064422,Sentinel-2B,346,Yenisey,176.916886362641,46.7790253147864,0.905421363161547,"{""type"":""MultiPoint"",""coordinates"":[]}"
20220610T060639_20220610T060815_T45WVS_1,25.000000000000004,13.000000000000002,1178.9999999999995,353,810.0000000000001,499.00000000000006,337.0,290.99999999999994,214.99999999999997,199.99999999999997,136.0,159.0,60.999999999999986,0.720318371044886,353,2022-06-10,69.37340000000002,86.12130000000002,S2B_MSIL1C_20220610T060639_N0400_R134_T45WVS_20220610T064422,Sentinel-2B,353,Yenisey,178.035915513304,45.9113966707733,0.9056603908538818,"{""type"":""MultiPoint"",""coordinates"":[]}"
20220610T060639_20220610T060815_T45WVT_1,24.999999999999996,13.000000000000002,1179.0000000000002,353,810.0000000000001,499.0000000000001,337.0,291.99999999999994,215.00000000000003,201.00000000000003,135.99999999999997,159.0,60.999999999999986,0.0,353,2022-06-10,69.37340000000002,86.12130000000002,S2B_MSIL1C_20220610T060639_N0400_R134_T45WVT_20220610T064422,Sentinel-2B,353,Yenisey,177.932121159266,46.8084120825225,0.9053477803936647,"{""type"":""MultiPoint"",""coordinates"":[]}"
20220611T012701_20220611T012704_T57WWS_3,46.99999999999999,33.0,1180.0,351,845.0,558.0,384.99999999999994,336.99999999999994,271.0,249.00000000000003,183.99999999999997,203.99999999999997,82.0,13.7781062438413,351,2022-06-11,68.75,161.3,S2A_MSIL1C_20220611T012701_N0400_R074_T57WWS_20220611T023014,Sentinel-2A,351,Kolyma,183.102553157936,45.864703541909,0.8442631152415124,"{""type"":""MultiPoint"",""coordinates"":[]}"
20220611T062641_20220611T062637_T44WPC_1,37.00000000000001,22.000000000000004,1133.0,346,809.0000000000002,511.00000000000006,352.99999999999994,305.0,238.0,215.0,162.99999999999991,175.99999999999997,67.0,0.0,346,2022-06-11,69.37340000000002,86.12130000000002,S2A_MSIL1C_20220611T062641_N0510_R077_T44WPC_20240621T170119,Sentinel-2A,346,Yenisey,183.195155031233,46.7070128830809,0.864078921576341,"{""type"":""MultiPoint"",""coordinates"":[]}"
20220611T062641_20220611T062637_T45WVS_1,37.0,21.0,1132.9999999999998,353,810.0000000000001,510.99999999999994,354.0,305.0,237.99999999999997,215.0,163.0,176.0,66.99999999999999,0.0739876733681552,353,2022-06-11,69.37340000000002,86.12130000000002,S2A_MSIL1C_20220611T062641_N0400_R077_T45WVS_20220611T064336,Sentinel-2A,353,Yenisey,184.399835840472,45.8756671767052,0.8639605426936212,"{""type"":""MultiPoint"",""coordinates"":[]}"
20220611T062641_20220611T062637_T45WVT_1,37.00000000000001,22.000000000000004,1133.0000000000005,353,808.9999999999999,510.9999999999999,352.99999999999994,305.0,238.00000000000006,215.0,163.0,176.00000000000006,66.99999999999999,0.0,353,2022-06-11,69.37340000000002,86.12130000000002,S2A_MSIL1C_20220611T062641_N0510_R077_T45WVT_20240621T170119,Sentinel-2A,353,Yenisey,184.204669310309,46.7666823929513,0.8637018369047115,"{""type"":""MultiPoint"",""coordinates"":[]}"
20220611T222539_20220611T222535_T03VXJ_4,371.0,168.0,2931.0,125,2580.0,2140.0,1896.0,1858.0,1917.0,1927.0,1646.0,1693.0,550.0,3.51237719848308,125,2022-06-11,61.93,-162.88,S2B_MSIL1C_20220611T222539_N0400_R015_T03VXJ_20220611T224948,Sentinel-2B,125,Yukon,172.847407830045,38.7213309051504,0.7061521609624227,"{""type"":""MultiPoint"",""coordinates"":[]}"
20220613T011659_20220613T011655_T57WWS_3,31.000000000000004,14.0,1255.0,351,950.0,768.0,649.0000000000001,561.0,348.0,331.00000000000006,218.99999999999997,260.0,71.99999999999999,0.0,351,2022-06-13,68.75,161.3,S2B_MSIL1C_20220613T011659_N0510_R031_T57WWS_20240702T020622,Sentinel-2B,351,Kolyma,179.741725277277,45.7139808161905,0.9224514961242676,"{""type"":""MultiPoint"",""coordinates"":[]}"
20220614T072619_20220614T072618_T41WPP_0,45.0,21.999999999999996,1142.9999999999993,350,799.0,536.0,412.0,385.0,291.99999999999994,276.0,203.0,222.0,65.99999999999999,1.73319597479769,350,2022-06-14,66.63000000000001,66.6,S2B_MSIL1C_20220614T072619_N0400_R049_T41WPP_20220614T075258,Sentinel-2B,350,Ob,178.835559280415,42.9271715928443,0.8434567833319305,"{""type"":""MultiPoint"",""coordinates"":[]}"
20220614T072619_20220614T072618_T41WPQ_0,45.0,21.999999999999996,1142.9999999999993,350,799.0,536.0,412.0,385.0,291.99999999999994,276.0,203.0,222.0,67.00000000000001,0.0,350,2022-06-14,66.63000000000001,66.6,S2B_MSIL1C_20220614T072619_N0400_R049_T41WPQ_20220614T075258,Sentinel-2B,350,Ob,178.944848900475,43.821542652815,0.8439375821548173,"{""type"":""MultiPoint"",""coordinates"":[]}"
20220614T205029_20220614T205024_T08WNV_5,54.00000000000002,23.0,1408.9999999999998,348,1147.0,993.0,993.9999999999999,999.0,873.0,878.0000000000001,712.0,764.9999999999999,159.0,6.51879186867419,348,2022-06-14,67.45,-133.74,S2B_MSIL1C_20220614T205029_N0400_R057_T08WNV_20220614T230321,Sentinel-2B,348,Mackenzie,180.344641919788,43.827793359131,0.8971127624964823,"{""type"":""MultiPoint"",""coordinates"":[]}"
20220615T010701_20220615T010659_T57WWS_3,34.00000000000001,20.000000000000004,1205.0,351,914.9999999999999,752.9999999999999,627.9999999999999,550.0000000000001,328.0,304.0,200.0,245.99999999999997,73.0,0.0,351,2022-06-15,68.75,161.3,S2A_MSIL1C_20220615T010701_N0400_R131_T57WWS_20220615T022811,Sentinel-2A,351,Kolyma,176.443454861336,45.6444461151796,0.9134492675463358,"{""type"":""MultiPoint"",""coordinates"":[]}"
20220615T033539_20220615T033538_T51WWQ_2,252.00000000000003,179.0,1423.0,351,1065.0,784.9999999999999,632.0,623.0,618.0000000000001,620.0,556.0,551.0,290.0,48.1507957836902,351,2022-06-15,66.76905,123.39458,S2B_MSIL1C_20220615T033539_N0400_R061_T51WWQ_20220615T053548,Sentinel-2B,351,Lena,178.616975789141,43.8201433819865,0.513301771682304,"{""type"":""MultiPoint"",""coordinates"":[]}"
20220615T060641_20220615T060903_T45WVS_1,43.00000000000001,19.000000000000004,1254.0,353,861.0,548.9999999999999,354.9999999999999,313.0,273.0,249.00000000000006,194.0,204.00000000000006,71.99999999999999,9.55834575545618,353,2022-06-15,69.37340000000002,86.12130000000002,S2A_MSIL1C_20220615T060641_N0400_R134_T45WVS_20220615T064015,Sentinel-2A,353,Yenisey,177.745058272233,45.6187930201547,0.8559377312235986,"{""type"":""MultiPoint"",""coordinates"":[]}"
20220616T012659_20220616T012658_T57WWS_3,38.0,23.0,1180.0000000000002,351,922.0,770.0000000000002,651.0000000000001,571.0,351.9999999999999,330.0,219.00000000000006,268.0,83.99999999999999,7.28955776523635,351,2022-06-16,68.75,161.3,S2B_MSIL1C_20220616T012659_N0400_R074_T57WWS_20220616T023403,Sentinel-2B,351,Kolyma,182.74549074584,45.5913528054309,0.9054496870232833,"{""type"":""MultiPoint"",""coordinates"":[]}"
20220616T071631_20220616T071628_T41WPP_0,32.99999999999999,19.000000000000004,1130.0,350,775.0,492.0,351.0,326.0,250.0,230.00000000000003,165.99999999999997,188.0,65.0,2.14521186061095,350,2022-06-16,66.63000000000001,66.6,S2A_MSIL1C_20220616T071631_N0400_R006_T41WPP_20220616T080813,Sentinel-2A,350,Ob,175.372441056643,42.8963819157497,0.8732918538005147,"{""type"":""MultiPoint"",""coordinates"":[]}"
20220616T071631_20220616T071628_T41WPQ_0,32.99999999999999,19.000000000000004,1130.0,350,775.0,492.0,351.0,326.0,250.0,230.00000000000003,166.0,188.0,64.0,2.06664875033593,350,2022-06-16,66.63000000000001,66.6,S2A_MSIL1C_20220616T071631_N0400_R006_T41WPQ_20220616T080813,Sentinel-2A,350,Ob,175.537351974468,43.7865171191605,0.8736059665679932,"{""type"":""MultiPoint"",""coordinates"":[]}"
20220616T204031_20220616T204228_T08WNV_5,94.0,44.0,1599.0000000000002,348,1317.0,1138.0,1128.0,1155.0,1105.9999999999998,1138.9999999999998,1012.0,1010.0000000000001,201.99999999999994,13.0467914837708,348,2022-06-16,67.45,-133.74,S2A_MSIL1C_20220616T204031_N0400_R014_T08WNV_20220617T001547,Sentinel-2A,348,Mackenzie,176.939097989662,43.7759216629432,0.8469949819065109,"{""type"":""MultiPoint"",""coordinates"":[]}"
20220617T032531_20220617T032543_T51WWQ_2,90.99999999999999,69.0,1150.0,351,807.0000000000001,556.0,440.0,417.0,327.99999999999994,313.0,241.0,268.0,84.00000000000001,0.0866553196572009,351,2022-06-17,66.76905,123.39458,S2A_MSIL1C_20220617T032531_N0400_R018_T51WWQ_20220617T051846,Sentinel-2A,351,Lena,175.209669118562,43.8022148423568,0.7185366378154284,"{""type"":""MultiPoint"",""coordinates"":[]}"
20220618T202849_20220618T202848_T08WNV_5,65.0,33.0,1490.0,348,1216.0,1066.0,1079.9999999999998,1087.0,1007.0000000000001,1052.0,917.9999999999999,928.0000000000001,151.00000000000003,14.2869420949803,348,2022-06-18,67.45,-133.74,S2B_MSIL1C_20220618T202849_N0400_R114_T08WNV_20220618T220731,Sentinel-2B,348,Mackenzie,173.449671644243,43.8133606587239,0.8839763473227339,"{""type"":""MultiPoint"",""coordinates"":[]}"
20220619T205031_20220619T205033_T08WNV_5,606.0,469.4141791044776,1758.0,232,1525.8,1377.3854748603353,1406.5,1436.8,1453.0,1536.6666666666667,1444.8,1418.0,399.0,14.3456064370343,232,2022-06-19,67.45,-133.74,S2A_MSIL1C_20220619T205031_N0400_R057_T08WNV_20220620T000547,Sentinel-2A,232,Mackenzie,180.033859678389,43.6896039423617,0.3833780613944533,"{""type"":""MultiPoint"",""coordinates"":[]}"
20220619T223541_20220619T223801_T03VXJ_4,96.0,71.0,1314.0,342,1098.0,998.0000000000002,1004.9999999999999,966.0,745.0000000000001,758.0,560.0,615.0,104.0,36.2233462837777,342,2022-06-19,61.93,-162.88,S2A_MSIL1C_20220619T223541_N0400_R058_T03VXJ_20220620T003226,Sentinel-2A,342,Yukon,175.919445975619,38.3249376166425,0.8260349233945211,"{""type"":""MultiPoint"",""coordinates"":[]}"
20220620T033551_20220620T033547_T51WWQ_2,165.0,131.00000000000003,1210.0000000000002,351,885.9999999999999,656.0,570.2962819519753,558.6199175014732,449.0,441.0,354.0,382.0,129.0,0.339335304129714,351,2022-06-20,66.76905,123.39458,S2A_MSIL1C_20220620T033551_N0400_R061_T51WWQ_20220620T053040,Sentinel-2A,351,Lena,178.30318703608,43.6943154591102,0.6013091664801362,"{""type"":""MultiPoint"",""coordinates"":[]}"
20220620T060639_20220620T060817_T44WPC_1,35.00000000000001,16.0,1210.0,346,835.9999999999999,520.0,320.0,280.0,256.0,241.9999999999998,182.99999999999997,191.00000000000009,61.0,37.0729237921283,346,2022-06-20,69.37340000000002,86.12130000000002,S2B_MSIL1C_20220620T060639_N0400_R134_T44WPC_20220620T064513,Sentinel-2B,346,Yenisey,176.24895972476,46.3695209968795,0.8729582428932191,"{""type"":""MultiPoint"",""coordinates"":[]}"
20220620T060639_20220620T060817_T45WVS_1,35.00000000000001,17.0,1209.9999999999995,353,835.9999999999999,519.9999999999999,320.0,280.0,256.0,241.99999999999997,182.00000000000003,190.99999999999997,60.99999999999998,7.34807824269856,353,2022-06-20,69.37340000000002,86.12130000000002,S2B_MSIL1C_20220620T060639_N0400_R134_T45WVS_20220620T064513,Sentinel-2B,353,Yenisey,177.362067286238,45.4986541263996,0.8728668852352262,"{""type"":""MultiPoint"",""coordinates"":[]}"
20220620T060639_20220620T060817_T45WVT_1,35.00000000000001,17.0,1209.9999999999995,353,835.9999999999999,519.9999999999999,320.0,280.0,256.0,241.99999999999994,182.0,190.99999999999997,61.0,46.3536372634747,353,2022-06-20,69.37340000000002,86.12130000000002,S2B_MSIL1C_20220620T060639_N0400_R134_T45WVT_20220620T064513,Sentinel-2B,353,Yenisey,177.268289154686,46.3956626082513,0.872881301202298,"{""type"":""MultiPoint"",""coordinates"":[]}"
20220621T062641_20220621T062640_T45WVS_1,57.0,30.0,1251.0,353,905.0000000000001,579.0000000000002,375.99999999999994,330.0,313.0,301.99999999999994,243.0,240.00000000000003,74.00000000000004,20.6498327802599,353,2022-06-21,69.37340000000002,86.12130000000002,S2A_MSIL1C_20220621T062641_N0400_R077_T45WVS_20220621T064235,Sentinel-2A,353,Yenisey,183.7446177163,45.5115682401717,0.8204529285430908,"{""type"":""MultiPoint"",""coordinates"":[]}"
20220621T204029_20220621T204034_T08WNV_5,34.0,17.0,1365.9999999999995,348,1132.0000000000002,1020.0,1055.0,1062.9999999999998,907.0,924.0,746.0,813.0,138.0,1.12711636656813,348,2022-06-21,67.45,-133.74,S2B_MSIL1C_20220621T204029_N0400_R014_T08WNV_20220621T221149,Sentinel-2B,348,Mackenzie,176.540944635011,43.713118462103,0.9359000970919927,"{""type"":""MultiPoint"",""coordinates"":[]}"
20220623T061639_20220623T061925_T44WPC_1,40.0,19.000000000000004,1217.0,346,843.0,535.9999999999999,333.0,292.0,276.99999999999994,266.0,196.00000000000003,204.00000000000006,67.0,4.81829124339998,346,2022-06-23,69.37340000000002,86.12130000000002,S2B_MSIL1C_20220623T061639_N0400_R034_T44WPC_20220623T071312,Sentinel-2B,346,Yenisey,179.207308239692,46.3453593906191,0.8624259233474731,"{""type"":""MultiPoint"",""coordinates"":[]}"
20220623T061639_20220623T061925_T45WVS_1,40.00000000000001,19.000000000000004,1216.9999999999998,353,842.9999999999999,536.0,333.00000000000006,291.0,277.00000000000006,266.0,196.0,203.99999999999994,67.0,1.57499477440354,353,2022-06-23,69.37340000000002,86.12130000000002,S2B_MSIL1C_20220623T061639_N0400_R034_T45WVS_20220623T071312,Sentinel-2B,353,Yenisey,180.36178049685,45.4898213547048,0.8625263705654181,"{""type"":""MultiPoint"",""coordinates"":[]}"
20220623T061639_20220623T061925_T45WVT_1,40.00000000000001,19.000000000000004,1216.9999999999998,353,842.9999999999999,536.0,333.00000000000006,291.0,276.99999999999994,265.99999999999994,195.99999999999997,203.99999999999994,67.00000000000004,5.18887045999362,353,2022-06-23,69.37340000000002,86.12130000000002,S2B_MSIL1C_20220623T061639_N0400_R034_T45WVT_20220623T071312,Sentinel-2B,353,Yenisey,180.224315676898,46.3858725785783,0.8625263705654181,"{""type"":""MultiPoint"",""coordinates"":[]}"
20220623T070631_20220623T070709_T41WPP_0,49.00000000000001,26.000000000000004,1243.9999999999998,350,862.9999999999999,568.0,404.99999999999994,374.00000000000006,310.00000000000006,296.99999999999994,227.99999999999997,235.99999999999997,64.0,8.65350366566838,350,2022-06-23,66.63000000000001,66.6,S2A_MSIL1C_20220623T070631_N0400_R106_T41WPP_20220623T075819,Sentinel-2A,350,Ob,171.505595197105,42.9527826979408,0.8399983428880177,"{""type"":""MultiPoint"",""coordinates"":[]}"
20220623T070631_20220623T070709_T41WPQ_0,49.00000000000001,26.000000000000007,1243.9999999999998,350,862.9999999999999,568.0,404.99999999999994,374.00000000000006,310.00000000000006,296.99999999999994,227.99999999999997,235.99999999999997,64.0,0.0,350,2022-06-23,66.63000000000001,66.6,S2A_MSIL1C_20220623T070631_N0400_R106_T41WPQ_20220623T075819,Sentinel-2A,350,Ob,171.731999684301,43.8344426661103,0.8399983428880177,"{""type"":""MultiPoint"",""coordinates"":[]}"
20220623T202901_20220623T203218_T08WNV_5,62.373293480895065,34.58829600577975,1479.0,348,1212.3799368947882,1062.3914713015363,1056.4640605296345,1052.5731625983726,918.4869960988296,948.4403610573825,758.4145761245675,802.5493444455736,129.99999999999997,11.3555412515542,348,2022-06-23,67.45,-133.74,S2A_MSIL1C_20220623T202901_N0400_R114_T08WNV_20220623T223851,Sentinel-2A,348,Mackenzie,173.134706569542,43.8233481349406,0.8895826874138814,"{""type"":""MultiPoint"",""coordinates"":[]}"
20220625T033539_20220625T033540_T51WWQ_2,356.0,147.0,2684.0,351,2385.0,1966.9999999999998,1633.0,1565.0,1660.0,1663.0,1459.0,1438.0,502.0,14.8383349756637,351,2022-06-25,66.76905,123.39458,S2B_MSIL1C_20220625T033539_N0400_R061_T51WWQ_20220625T053158,Sentinel-2B,351,Lena,177.906441882182,43.7418780667162,0.6940390944480896,"{""type"":""MultiPoint"",""coordinates"":[]}"
20220625T060641_20220625T060905_T45WVS_1,680.6666666666666,702.3333333333334,1584.0,117,1230.145728643216,949.5,822.6666666666666,809.5,812.0,833.0,798.5,751.0,278.0,3.5926818758807,117,2022-06-25,69.37340000000002,86.12130000000002,S2A_MSIL1C_20220625T060641_N0400_R134_T45WVS_20220625T064011,Sentinel-2A,117,Yenisey,177.058378966314,45.5501156508989,0.17124251276254654,"{""type"":""MultiPoint"",""coordinates"":[]}"
20220626T062639_20220626T062633_T44WPC_1,166.0,146.0,1123.0,346,819.0,564.9999999999999,414.0,386.0000000000001,377.0,369.0,327.0,318.0,141.0,5.00456866433754,346,2022-06-26,69.37340000000002,86.12130000000002,S2B_MSIL1C_20220626T062639_N0400_R077_T44WPC_20220626T064657,Sentinel-2B,346,Yenisey,182.16432758373,46.4250584515548,0.5461373360345131,"{""type"":""MultiPoint"",""coordinates"":[]}"
20220626T062639_20220626T062633_T45WVS_1,166.00000000000003,147.0,1123.9999999999998,353,820.0,565.0,415.0,386.00000000000006,377.0,369.00000000000006,327.0,318.0,140.99999999999997,30.5425271543253,353,2022-06-26,69.37340000000002,86.12130000000002,S2B_MSIL1C_20220626T062639_N0400_R077_T45WVS_20220626T064657,Sentinel-2B,353,Yenisey,183.357980242963,45.5870797144167,0.5467176730921205,"{""type"":""MultiPoint"",""coordinates"":[]}"
20220626T062639_20220626T062633_T45WVT_1,166.00000000000003,147.0,1123.9999999999998,353,820.0,565.0,415.0,386.00000000000006,378.0,369.00000000000006,326.0,318.0,140.99999999999994,4.12890799964167,353,2022-06-26,69.37340000000002,86.12130000000002,S2B_MSIL1C_20220626T062639_N0400_R077_T45WVT_20220626T064657,Sentinel-2B,353,Yenisey,183.177378780519,46.4798015836212,0.5466931308946655,"{""type"":""MultiPoint"",""coordinates"":[]}"
20220628T034539_20220628T034539_T51WWQ_2,300.6148969889065,214.56700641751607,1163.9999999999998,350,877.0,661.0,570.0,562.0,514.3896601244616,524.6266471449487,476.44444444444446,464.3452945159106,204.0,15.4632458865044,350,2022-06-28,66.76905,123.39458,S2B_MSIL1C_20220628T034539_N0400_R104_T51WWQ_20220628T054429,Sentinel-2B,350,Lena,181.002826479355,43.84222616398,0.3763475660729197,"{""type"":""MultiPoint"",""coordinates"":[]}"
20220628T061641_20220628T061806_T44WPC_1,190.0,137.0,1193.0,346,863.0000000000001,593.0,423.99999999999994,400.99999999999994,425.0,418.99999999999994,379.0,396.99999999999994,180.0,37.064677953955,346,2022-06-28,69.37340000000002,86.12130000000002,S2A_MSIL1C_20220628T061641_N0400_R034_T44WPC_20220628T070959,Sentinel-2A,346,Yenisey,178.91451827852,46.4972881158428,0.5162251847130912,"{""type"":""MultiPoint"",""coordinates"":[]}"
20220628T061641_20220628T061806_T45WVT_1,190.00000000000003,138.0,1192.0,353,863.0,593.0,423.0,401.0,424.0,419.0,379.00000000000006,397.0,180.0,31.1426737137568,353,2022-06-28,69.37340000000002,86.12130000000002,S2A_MSIL1C_20220628T061641_N0400_R034_T45WVT_20220628T070959,Sentinel-2A,353,Yenisey,179.930325309713,46.5363798822846,0.5141931648648113,"{""type"":""MultiPoint"",""coordinates"":[]}"
20220628T202849_20220628T202849_T08WNV_5,198.00000000000003,82.99999999999999,2124.0000000000005,348,1775.9999999999998,1489.0000000000002,1337.0000000000002,1322.0,1289.0,1328.0,1126.0,1140.0,272.0,11.9323699706197,348,2022-06-28,67.45,-133.74,S2B_MSIL1C_20220628T202849_N0400_R114_T08WNV_20220628T221438,Sentinel-2B,348,Mackenzie,172.758951841206,44.0081384863092,0.7654779924836994,"{""type"":""MultiPoint"",""coordinates"":[]}"
20220629T072631_20220629T072628_T41WPP_0,749.0000000000001,634.0,1897.0,81,1579.0,1284.0,1201.0,1236.0,1230.0,1257.0,1209.0,1192.0,745.0,38.2714025500911,81,2022-06-29,66.63000000000001,66.6,S2A_MSIL1C_20220629T072631_N0400_R049_T41WPP_20220629T074218,Sentinel-2A,81,Ob,177.808824581745,42.9804949714252,0.26181474328041077,"{""type"":""MultiPoint"",""coordinates"":[]}"
20220629T205031_20220629T205034_T08WNV_5,278.00000000000006,125.0,2250.0000000000005,348,1924.0000000000002,1608.0,1443.0,1442.0,1475.0000000000002,1510.9999999999998,1315.0,1299.0,308.99999999999994,22.7307352530455,348,2022-06-29,67.45,-133.74,S2A_MSIL1C_20220629T205031_N0400_R057_T08WNV_20220630T000842,Sentinel-2A,348,Mackenzie,179.335724282164,43.9304708684359,0.7047617733478546,"{""type"":""MultiPoint"",""coordinates"":[]}"
20220629T223551_20220629T223813_T03VXJ_4,684.0,581.0,1906.0,19,1510.0,1420.0,1415.0,1418.0,1416.0,1492.0,1348.0,1234.0,510.0,34.9165092227549,19,2022-06-29,61.93,-162.88,S2A_MSIL1C_20220629T223551_N0400_R058_T03VXJ_20220630T003220,Sentinel-2A,19,Yukon,175.15822619814,38.5887617737281,0.3498098850250244,"{""type"":""MultiPoint"",""coordinates"":[]}"
20220630T010659_20220630T010653_T57WWS_3,38.0,24.0,1251.0,351,964.0,787.0,572.0,471.99999999999994,289.99999999999983,272.0,186.00000000000003,215.99999999999994,78.0,2.50932613101968,351,2022-06-30,68.75,161.3,S2B_MSIL1C_20220630T010659_N0400_R131_T57WWS_20220630T023616,Sentinel-2B,351,Kolyma,175.392018543108,45.7852902822127,0.9096459150314331,"{""type"":""MultiPoint"",""coordinates"":[]}"
20220630T060639_20220630T060814_T44WPC_1,66.0,49.0,1151.0,346,793.0,497.0,314.0,277.99999999999994,252.0,240.00000000000003,180.0,196.0,74.0,0.0,346,2022-06-30,69.37340000000002,86.12130000000002,S2B_MSIL1C_20220630T060639_N0510_R134_T44WPC_20240706T180138,Sentinel-2B,346,Yenisey,175.591783236055,46.6484611742199,0.7641957487378802,"{""type"":""MultiPoint"",""coordinates"":[]}"
20220630T060639_20220630T060814_T45WVS_1,66.0,48.00000000000001,1150.5,353,793.0,496.9999999999999,314.0,278.0,252.0,240.0,180.0,196.0,73.99999999999997,8.60959623845083,353,2022-06-30,69.37340000000002,86.12130000000002,S2B_MSIL1C_20220630T060639_N0400_R134_T45WVS_20220630T080842,Sentinel-2B,353,Yenisey,176.692662039777,45.7745106123311,0.7632228105326545,"{""type"":""MultiPoint"",""coordinates"":[]}"
20220630T060639_20220630T060814_T45WVT_1,66.00000000000001,48.99999999999999,1150.5,353,793.0000000000001,498.0,314.0,278.00000000000006,252.0,240.0,180.0,196.0,73.0,0.0,353,2022-06-30,69.37340000000002,86.12130000000002,S2B_MSIL1C_20220630T060639_N0510_R134_T45WVT_20240706T180138,Sentinel-2B,353,Yenisey,176.608813509063,46.6713908115774,0.7641748156697078,"{""type"":""MultiPoint"",""coordinates"":[]}"
20220701T012711_20220701T012708_T57WWS_3,61.0,48.00000000000001,1165.9999999999998,351,912.0,762.0,540.0,445.99999999999994,288.0,264.0,189.99999999999997,222.0,73.99999999999999,39.5952103675834,351,2022-07-01,68.75,161.3,S2A_MSIL1C_20220701T012711_N0400_R074_T57WWS_20220701T023110,Sentinel-2A,351,Kolyma,181.767708709626,45.8046418940438,0.8532972168257308,"{""type"":""MultiPoint"",""coordinates"":[]}"
20220701T062641_20220701T062757_T44WPC_1,171.00000000000003,138.00000000000003,1186.0,346,878.0,584.9999999999999,419.0,382.0,362.99999999999994,356.0,312.00000000000006,312.0,112.0,48.6674430409985,346,2022-07-01,69.37340000000002,86.12130000000002,S2A_MSIL1C_20220701T062641_N0400_R077_T44WPC_20220701T071517,Sentinel-2A,346,Yenisey,181.878720142147,46.6756147716463,0.5465048948923746,"{""type"":""MultiPoint"",""coordinates"":[]}"
20220701T062641_20220701T062757_T45WVS_1,171.0,139.0,1186.0,353,877.9999999999999,586.0,419.0,381.0,365.00000000000006,357.0,312.0,312.99999999999994,111.99999999999999,33.5512721624315,353,2022-07-01,69.37340000000002,86.12130000000002,S2A_MSIL1C_20220701T062641_N0400_R077_T45WVS_20220701T071517,Sentinel-2A,353,Yenisey,183.065367200867,45.8358360249029,0.5471910110941516,"{""type"":""MultiPoint"",""coordinates"":[]}"
20220701T204029_20220701T204023_T08WNV_5,70.0,28.0,1554.9999999999998,348,1304.0000000000002,1163.0,1145.0,1113.0,978.0000000000001,1025.0,820.9999999999999,853.0,113.00000000000001,16.9018185075697,348,2022-07-01,67.45,-133.74,S2B_MSIL1C_20220701T204029_N0400_R014_T08WNV_20220701T225710,Sentinel-2B,348,Mackenzie,175.868840748138,44.1024532798713,0.8868000209331512,"{""type"":""MultiPoint"",""coordinates"":[]}"
20220704T205029_20220704T205030_T08WNV_5,94.0,38.99999999999999,1587.0,348,1314.9999999999998,1152.0,1134.0,1117.0,1072.0,1133.0,963.0,958.9999999999999,149.00000000000003,7.27776893538489,348,2022-07-04,67.45,-133.74,S2B_MSIL1C_20220704T205029_N0400_R057_T08WNV_20220704T224134,Sentinel-2B,348,Mackenzie,178.983218723004,44.3069045829934,0.8485823057495985,"{""type"":""MultiPoint"",""coordinates"":[]}"
20220705T060651_20220705T060815_T44WPC_1,33.0,20.0,1112.0,346,745.0000000000002,469.9999999999999,283.0,248.99999999999997,215.00000000000003,197.99999999999997,144.99999999999997,162.0,61.99999999999999,6.45902278884744,346,2022-07-05,69.37340000000002,86.12130000000002,S2A_MSIL1C_20220705T060651_N0400_R134_T44WPC_20220705T064331,Sentinel-2A,346,Yenisey,175.353789287359,47.0415652969533,0.8678818095114923,"{""type"":""MultiPoint"",""coordinates"":[]}"
20220705T060651_20220705T060815_T45WVS_1,33.0,20.000000000000004,1112.0,353,744.9999999999999,470.00000000000006,283.99999999999994,249.0,215.0,198.00000000000006,144.99999999999994,161.99999999999997,63.0,1.42628922929917,353,2022-07-05,69.37340000000002,86.12130000000002,S2A_MSIL1C_20220705T060651_N0400_R134_T45WVS_20220705T064331,Sentinel-2A,353,Yenisey,176.447776237099,46.1665221138195,0.8683738348618993,"{""type"":""MultiPoint"",""coordinates"":[]}"
20220705T060651_20220705T060815_T45WVT_1,33.0,20.000000000000004,1112.0,353,744.9999999999999,470.00000000000006,283.99999999999994,249.0,215.0,198.00000000000003,145.0,161.99999999999997,61.0,4.31991513866631,353,2022-07-05,69.37340000000002,86.12130000000002,S2A_MSIL1C_20220705T060651_N0400_R134_T45WVT_20220705T064331,Sentinel-2A,353,Yenisey,176.367310178364,47.0633241840303,0.8683738348618993,"{""type"":""MultiPoint"",""coordinates"":[]}"
20220708T202849_20220708T202849_T08WNV_5,143.0,58.99999999999999,1922.0,348,1594.0,1338.0,1231.0,1218.0,1177.0,1231.0,1032.0,1052.0,228.99999999999994,23.9305106405726,348,2022-07-08,67.45,-133.74,S2B_MSIL1C_20220708T202849_N0400_R114_T08WNV_20220708T220435,Sentinel-2B,348,Mackenzie,172.231595822631,44.8777459295728,0.8070174058278402,"{""type"":""MultiPoint"",""coordinates"":[]}"
20220709T072631_20220709T073015_T41WPP_0,67.99999999999999,46.00000000000001,1171.0,350,826.9999999999999,556.0000000000001,425.0,399.00000000000017,306.0,291.0,215.00000000000009,242.00000000000006,70.0,10.3449192272089,350,2022-07-09,66.63000000000001,66.6,S2A_MSIL1C_20220709T072631_N0400_R049_T41WPP_20220709T082039,Sentinel-2A,350,Ob,177.237392920869,43.8661972802167,0.7840223573475814,"{""type"":""MultiPoint"",""coordinates"":[]}"
20220709T072631_20220709T073015_T41WPQ_0,67.99999999999999,46.00000000000001,1170.9999999999998,350,826.9999999999999,556.0000000000001,425.0,399.00000000000017,306.0,290.99999999999994,214.99999999999997,242.00000000000006,70.99999999999999,33.2446474961928,350,2022-07-09,66.63000000000001,66.6,S2A_MSIL1C_20220709T072631_N0400_R049_T41WPQ_20220709T082039,Sentinel-2A,350,Ob,177.370519131288,44.7589723710663,0.7840223573475814,"{""type"":""MultiPoint"",""coordinates"":[]}"
20220711T071619_20220711T071621_T41WPP_0,28.999999999999996,15.000000000000004,1150.0000000000002,350,780.0,503.00000000000006,353.99999999999994,328.0,239.99999999999997,226.00000000000003,154.0,174.00000000000006,52.99999999999999,9.07781659649437,350,2022-07-11,66.63000000000001,66.6,S2B_MSIL1C_20220711T071619_N0400_R006_T41WPP_20220711T073602,Sentinel-2B,350,Ob,173.793295716889,44.2011224785581,0.8919187981642278,"{""type"":""MultiPoint"",""coordinates"":[]}"
20220711T071619_20220711T071621_T41WPQ_0,28.999999999999996,14.999999999999998,1149.9999999999995,350,780.0000000000001,503.00000000000006,353.99999999999994,328.0,239.99999999999997,226.99999999999997,154.0,174.00000000000006,52.99999999999997,40.2253575801009,350,2022-07-11,66.63000000000001,66.6,S2B_MSIL1C_20220711T071619_N0400_R006_T41WPQ_20220711T073602,Sentinel-2B,350,Ob,173.97824798085,45.088228107007,0.8927471512098178,"{""type"":""MultiPoint"",""coordinates"":[]}"
20220713T011659_20220713T011657_T57WWS_3,40.99999999999999,25.0,1226.0,351,967.0,849.0,715.0,586.0,328.0,322.0,208.99999999999997,243.0,56.00000000000003,13.5009107468124,351,2022-07-13,68.75,161.3,S2B_MSIL1C_20220713T011659_N0400_R031_T57WWS_20220713T023211,Sentinel-2B,351,Kolyma,177.931590552905,47.0759640126986,0.9076044814927238,"{""type"":""MultiPoint"",""coordinates"":[]}"
20220713T034551_20220713T034547_T51WWQ_2,56.67945234113713,34.63652190734113,1162.9999999999998,351,842.0000000000001,608.0,460.41103147397945,410.39281753817284,320.5488241706899,308.3436657681941,230.58731942215084,244.47276312546217,68.0,24.9710619856324,351,2022-07-13,66.76905,123.39458,S2A_MSIL1C_20220713T034551_N0400_R104_T51WWQ_20220713T054040,Sentinel-2A,351,Lena,180.205158100588,45.2869381137813,0.8260574940188867,"{""type"":""MultiPoint"",""coordinates"":[]}"
20220713T061639_20220713T061924_T44WPC_1,72.99999999999999,54.0,1150.0,346,801.0000000000002,534.0,345.0,302.0,262.0,255.0,191.0,204.0,67.99999999999999,3.15648451545884,346,2022-07-13,69.37340000000002,86.12130000000002,S2B_MSIL1C_20220713T061639_N0400_R034_T44WPC_20220713T072505,Sentinel-2B,346,Yenisey,178.098840001769,47.9606373206163,0.7595163337614855,"{""type"":""MultiPoint"",""coordinates"":[]}"
20220713T061639_20220713T061924_T45WVS_1,73.00000000000001,53.99999999999999,1149.0,353,802.0,534.0,344.00000000000006,302.0,262.00000000000006,254.00000000000006,190.99999999999997,203.99999999999997,67.00000000000001,32.3015318462779,353,2022-07-13,69.37340000000002,86.12130000000002,S2B_MSIL1C_20220713T061639_N0400_R034_T45WVS_20220713T072505,Sentinel-2B,353,Yenisey,179.221092172333,47.0990697074458,0.7599437545472844,"{""type"":""MultiPoint"",""coordinates"":[]}"
20220713T061639_20220713T061924_T45WVT_1,73.00000000000001,53.99999999999999,1149.0,353,802.0,534.0,344.00000000000006,302.0,262.0,255.0,191.0,203.99999999999997,68.99999999999997,10.8675708577592,353,2022-07-13,69.37340000000002,86.12130000000002,S2B_MSIL1C_20220713T061639_N0400_R034_T45WVT_20220713T072505,Sentinel-2B,353,Yenisey,179.101992533303,47.9957412973236,0.7599437545472844,"{""type"":""MultiPoint"",""coordinates"":[]}"
20220714T072619_20220714T072619_T41WPP_0,43.99999999999999,24.0,1091.0,350,750.0,492.99999999999994,352.99999999999994,329.0,253.00000000000003,240.0,174.0,193.99999999999997,59.00000000000001,31.0344590761145,350,2022-07-14,66.63000000000001,66.6,S2B_MSIL1C_20220714T072619_N0400_R049_T41WPP_20220714T083053,Sentinel-2B,350,Ob,176.998333334629,44.5521674448359,0.8354556262493134,"{""type"":""MultiPoint"",""coordinates"":[]}"
20220714T072619_20220714T072619_T41WPQ_0,43.99999999999999,24.0,1091.0,350,750.0,492.99999999999994,352.99999999999994,329.0,253.00000000000003,240.00000000000003,174.0,193.99999999999997,59.0,6.72417808832751,350,2022-07-14,66.63000000000001,66.6,S2B_MSIL1C_20220714T072619_N0400_R049_T41WPQ_20220714T083053,Sentinel-2B,350,Ob,177.133537496605,45.444642595335,0.8354140860693795,"{""type"":""MultiPoint"",""coordinates"":[]}"
20220715T010701_20220715T010701_T57WWS_3,22.000000000000004,9.999999999999998,1178.0,351,900.9999999999999,747.0,596.0,519.0,298.0,278.0,177.0,220.99999999999997,62.0,0.0,351,2022-07-15,68.75,161.3,S2A_MSIL1C_20220715T010701_N0510_R131_T57WWS_20240706T220736,Sentinel-2A,351,Kolyma,174.759694563236,47.4333155857442,0.9439617395401001,"{""type"":""MultiPoint"",""coordinates"":[]}"
20220715T060641_20220715T060644_T44WPC_1,31.000000000000004,16.999999999999996,1176.0,346,792.9999999999997,501.00000000000006,300.0,261.0,240.0,220.99999999999986,160.0,178.0,62.99999999999998,26.0418233288733,346,2022-07-15,69.37340000000002,86.12130000000002,S2A_MSIL1C_20220715T060641_N0400_R134_T44WPC_20220715T080515,Sentinel-2A,346,Yenisey,174.969549492658,48.3154701438184,0.8861102949489246,"{""type"":""MultiPoint"",""coordinates"":[]}"
20220715T060641_20220715T060644_T45WVS_1,31.0,16.0,1175.9999999999995,353,792.9999999999999,502.0,300.0,261.0,239.99999999999997,221.00000000000003,160.0,178.0,63.00000000000001,17.355690990149,353,2022-07-15,69.37340000000002,86.12130000000002,S2A_MSIL1C_20220715T060641_N0400_R134_T45WVS_20220715T080515,Sentinel-2A,353,Yenisey,176.047427609327,47.4386869935969,0.8849721550941467,"{""type"":""MultiPoint"",""coordinates"":[]}"
20220715T060641_20220715T060644_T45WVT_1,31.0,16.0,1175.9999999999998,353,792.9999999999999,502.0,300.0,261.0,239.99999999999994,221.0,160.0,178.0,63.0,37.1671527369639,353,2022-07-15,69.37340000000002,86.12130000000002,S2A_MSIL1C_20220715T060641_N0400_R134_T45WVT_20220715T080515,Sentinel-2A,353,Yenisey,175.971841023185,48.3353240867899,0.8849721550941467,"{""type"":""MultiPoint"",""coordinates"":[]}"
20220716T062629_20220716T062632_T44WPC_1,26.00000000000001,18.000000000000004,1097.0,346,762.0,483.9999999999999,281.0,244.99999999999997,225.00000000000003,207.99999999999997,153.0,161.0,63.00000000000001,1.7873032936188,346,2022-07-16,69.37340000000002,86.12130000000002,S2B_MSIL1C_20220716T062629_N0400_R077_T44WPC_20220716T064859,Sentinel-2B,346,Yenisey,181.114178437257,48.420292201856,0.8972800844405071,"{""type"":""MultiPoint"",""coordinates"":[]}"
20220716T062629_20220716T062632_T45WVS_1,26.0,18.000000000000004,1097.0000000000005,353,762.0,482.99999999999994,281.00000000000006,245.00000000000006,224.99999999999997,208.00000000000003,154.0,161.0,62.0,14.147831760694,353,2022-07-16,69.37340000000002,86.12130000000002,S2B_MSIL1C_20220716T062629_N0400_R077_T45WVS_20220716T064859,Sentinel-2B,353,Yenisey,182.27030739591,47.5757629743735,0.8977310994798825,"{""type"":""MultiPoint"",""coordinates"":[]}"
20220716T062629_20220716T062632_T45WVT_1,26.0,18.000000000000004,1097.0000000000005,353,762.0000000000001,482.99999999999994,281.00000000000006,245.0,224.99999999999997,208.00000000000006,154.0,161.0,63.00000000000001,1.36603063692556,353,2022-07-16,69.37340000000002,86.12130000000002,S2B_MSIL1C_20220716T062629_N0400_R077_T45WVT_20220716T064859,Sentinel-2B,353,Yenisey,182.110483657987,48.4699490204218,0.8977310994798825,"{""type"":""MultiPoint"",""coordinates"":[]}"
20220716T071631_20220716T071828_T41WPP_0,46.0,29.0,1153.0,350,799.0,524.0,376.99999999999994,363.0,290.0,273.0,203.99999999999997,224.00000000000003,74.0,4.37827346292813,350,2022-07-16,66.63000000000001,66.6,S2A_MSIL1C_20220716T071631_N0400_R006_T41WPP_20220716T080928,Sentinel-2A,350,Ob,173.700849083184,44.9492043266487,0.8385976403951645,"{""type"":""MultiPoint"",""coordinates"":[]}"
20220716T071631_20220716T071828_T41WPQ_0,46.0,29.0,1153.0,350,799.0,524.0,376.99999999999994,363.0,290.0,272.99999999999994,203.99999999999997,224.00000000000003,74.0,1.56905252470961,350,2022-07-16,66.63000000000001,66.6,S2A_MSIL1C_20220716T071631_N0400_R006_T41WPQ_20220716T080928,Sentinel-2A,350,Ob,173.884023240762,45.8361063050786,0.8385974049568177,"{""type"":""MultiPoint"",""coordinates"":[]}"
20220719T072631_20220719T072627_T41WPP_0,54.0,32.0,1122.0,350,787.0000000000002,522.0000000000001,377.0,360.00000000000006,297.99999999999994,284.0,215.00000000000003,233.00000000000003,67.00000000000003,4.63020693361999,350,2022-07-19,66.63000000000001,66.6,S2A_MSIL1C_20220719T072631_N0400_R049_T41WPP_20220719T074720,Sentinel-2A,350,Ob,176.922954734272,45.3892973571279,0.8132668007012445,"{""type"":""MultiPoint"",""coordinates"":[]}"
20220719T072631_20220719T072627_T41WPQ_0,54.0,32.0,1122.0,350,787.0,522.0,376.99999999999994,360.00000000000006,297.99999999999994,284.0,214.00000000000003,233.00000000000003,67.00000000000003,5.70924781271462,350,2022-07-19,66.63000000000001,66.6,S2A_MSIL1C_20220719T072631_N0400_R049_T41WPQ_20220719T074720,Sentinel-2A,350,Ob,177.057200594114,46.281670954744,0.8132668007012445,"{""type"":""MultiPoint"",""coordinates"":[]}"
20220719T205031_20220719T205323_T08WNV_5,38.0,23.0,1352.0,348,1121.0,999.0,984.0,937.0,688.0,700.0,494.00000000000006,569.0,74.99999999999999,6.40622481453008,348,2022-07-19,67.45,-133.74,S2A_MSIL1C_20220719T205031_N0400_R057_T08WNV_20220720T000910,Sentinel-2A,348,Mackenzie,178.449483628513,46.4028582243802,0.9274277857371739,"{""type"":""MultiPoint"",""coordinates"":[]}"
20220720T060639_20220720T060817_T44WPC_1,374.0,248.0,1381.0,190,1023.0,704.0,516.0,485.0,514.0,524.6662303664922,478.75,496.0,194.99999999999997,32.1842547916447,190,2022-07-20,69.37340000000002,86.12130000000002,S2B_MSIL1C_20220720T060639_N0400_R134_T44WPC_20220720T065016,Sentinel-2B,190,Yenisey,174.845824897965,49.182865338086,0.30975236743688583,"{""type"":""MultiPoint"",""coordinates"":[]}"
20220720T060639_20220720T060817_T45WVT_1,362.5193482688391,242.99999999999997,1375.0,164,1017.0,698.0,506.0,478.0,506.0,516.2992957746478,471.0,490.5,191.0,33.0221175639129,164,2022-07-20,69.37340000000002,86.12130000000002,S2B_MSIL1C_20220720T060639_N0400_R134_T45WVT_20220720T065016,Sentinel-2B,164,Yenisey,175.840660811548,49.2020962151914,0.3131301515046265,"{""type"":""MultiPoint"",""coordinates"":[]}"
20220721T012711_20220721T012706_T57WWS_3,65.0,44.0,1262.0,351,990.0000000000001,816.9999999999999,614.0,521.0,351.0,324.9999999999999,238.99999999999994,274.0,89.0,28.9724984323211,351,2022-07-21,68.75,161.3,S2A_MSIL1C_20220721T012711_N0400_R074_T57WWS_20220721T023112,Sentinel-2A,351,Kolyma,180.901469884828,48.416655668435,0.8538975573297758,"{""type"":""MultiPoint"",""coordinates"":[]}"
20220721T071619_20220721T071622_T41WPP_0,46.99999999999999,28.99999999999999,1181.0,350,812.0,536.0,388.00000000000006,372.0,279.0,261.0,187.0,212.00000000000003,73.0,12.0016124697662,350,2022-07-21,66.63000000000001,66.6,S2B_MSIL1C_20220721T071619_N0400_R006_T41WPP_20220721T074138,Sentinel-2B,350,Ob,173.606246572511,45.8483950514708,0.839677651723226,"{""type"":""MultiPoint"",""coordinates"":[]}"
20220721T071619_20220721T071622_T41WPQ_0,46.99999999999999,28.99999999999999,1181.0,350,812.0,536.0000000000001,388.00000000000006,372.0,278.0,261.0,187.00000000000003,212.0,71.99999999999999,30.1180686195467,350,2022-07-21,66.63000000000001,66.6,S2B_MSIL1C_20220721T071619_N0400_R006_T41WPQ_20220721T074138,Sentinel-2B,350,Ob,173.787087516436,46.7350848777182,0.8396587954437147,"{""type"":""MultiPoint"",""coordinates"":[]}"
20220723T011659_20220723T011657_T57WWS_3,20.999999999999993,10.999999999999998,1162.0000000000002,351,864.0,687.0,460.9999999999999,377.0,240.0,227.99999999999997,151.0,173.00000000000009,56.99999999999999,5.55528681059452,351,2022-07-23,68.75,161.3,S2B_MSIL1C_20220723T011659_N0400_R031_T57WWS_20220723T022904,Sentinel-2B,351,Kolyma,177.730148004978,48.8219345021551,0.940684987535679,"{""type"":""MultiPoint"",""coordinates"":[]}"
20220723T061639_20220723T061925_T44WPC_1,59.0,39.0,1174.0,218,806.0,516.0,314.0,275.0,258.0,256.0,191.0,196.00000000000003,66.00000000000001,1.05607578993483,218,2022-07-23,69.37340000000002,86.12130000000002,S2B_MSIL1C_20220723T061639_N0400_R034_T44WPC_20220723T072316,Sentinel-2B,218,Yenisey,177.902261449614,49.7187117314269,0.7933849294980367,"{""type"":""MultiPoint"",""coordinates"":[]}"
20220723T061639_20220723T061925_T45WVS_1,56.0,36.0,1167.0,171,804.9999999999999,514.0,312.0,272.0,256.0,252.0,189.00000000000003,196.0,66.0,0.00800262772850787,171,2022-07-23,69.37340000000002,86.12130000000002,S2B_MSIL1C_20220723T061639_N0400_R034_T45WVS_20220723T072316,Sentinel-2B,171,Yenisey,179.005399271357,48.8560793471054,0.8041958212852478,"{""type"":""MultiPoint"",""coordinates"":[]}"
20220723T061639_20220723T061925_T45WVT_1,56.0,36.0,1167.0,171,804.9999999999999,514.0,312.0,272.0,256.99999999999994,253.0,190.00000000000003,196.0,65.0,2.373640662573,171,2022-07-23,69.37340000000002,86.12130000000002,S2B_MSIL1C_20220723T061639_N0400_R034_T45WVT_20220723T072316,Sentinel-2B,171,Yenisey,178.89047438806,49.7528236384151,0.8041958212852478,"{""type"":""MultiPoint"",""coordinates"":[]}"
20220724T205029_20220724T205026_T08WNV_5,36.0,18.0,1329.0,348,1099.0,986.0,952.0,899.9999999999999,619.0000000000001,624.0000000000001,424.00000000000006,501.0,74.99999999999997,1.03299544406848,348,2022-07-24,67.45,-133.74,S2B_MSIL1C_20220724T205029_N0400_R057_T08WNV_20220724T223741,Sentinel-2B,348,Mackenzie,178.369166568841,47.4015460986923,0.9289961219452925,"{""type"":""MultiPoint"",""coordinates"":[]}"
20220725T010701_20220725T010658_T57WWS_3,26.0,16.0,1198.0,351,879.9999999999998,695.0,445.0000000000002,369.99999999999994,251.00000000000003,224.99999999999997,156.99999999999994,179.99999999999997,64.0,0.0735580785725209,351,2022-07-25,68.75,161.3,S2A_MSIL1C_20220725T010701_N0400_R131_T57WWS_20220725T022634,Sentinel-2A,351,Kolyma,174.653769875622,49.2978229948342,0.92767733335495,"{""type"":""MultiPoint"",""coordinates"":[]}"
20220725T033539_20220725T033540_T51WWQ_2,49.00000000000001,24.0,1128.9999999999995,351,808.0000000000001,608.0000000000001,485.00000000000006,449.0,313.0,311.00000000000006,219.99999999999994,244.0,67.99999999999997,1.46077816596494,351,2022-07-25,66.76905,123.39458,S2B_MSIL1C_20220725T033539_N0400_R061_T51WWQ_20220725T053304,Sentinel-2B,351,Lena,176.723480155714,47.482958464352,0.8497726321220398,"{""type"":""MultiPoint"",""coordinates"":[]}"
20220726T012659_20220726T012700_T57WWS_3,135.00000000000003,106.00000000000001,1190.9999999999998,351,930.0,757.0,528.0,451.99999999999994,351.00000000000006,340.0,275.0,297.0,104.00000000000003,0.0971662336886739,351,2022-07-26,68.75,161.3,S2B_MSIL1C_20220726T012659_N0400_R074_T57WWS_20220726T023351,Sentinel-2B,351,Kolyma,180.819178839804,49.4476230667638,0.6980064558446494,"{""type"":""MultiPoint"",""coordinates"":[]}"
20220727T032521_20220727T032524_T51WWQ_2,259.0,162.0,1547.0,351,1195.0,937.9999999999999,743.9999999999999,732.0,758.0,774.0,694.0,673.0,264.0,18.9443399325152,351,2022-07-27,66.76905,123.39458,S2A_MSIL1C_20220727T032521_N0400_R018_T51WWQ_20220727T051942,Sentinel-2A,351,Lena,173.59320109328,48.0034184994708,0.5676486134529114,"{""type"":""MultiPoint"",""coordinates"":[]}"
20220728T034539_20220728T034742_T51WWQ_2,55.0,30.0,1228.0,351,908.0000000000002,664.0,507.99999999999994,460.0,354.00000000000006,346.0,266.0,279.0,74.99999999999999,9.76561565103819,351,2022-07-28,66.76905,123.39458,S2B_MSIL1C_20220728T034539_N0400_R104_T51WWQ_20220728T060718,Sentinel-2B,351,Lena,179.909809467794,48.1256268588865,0.8475882352040633,"{""type"":""MultiPoint"",""coordinates"":[]}"
20220728T221539_20220728T221536_T03VXJ_4,153.99999999999997,119.0,1672.0,342,1471.0,1389.9999999999998,1383.0,1354.0,1270.0,1325.0,1139.0,1156.9999999999998,224.0,39.7267162351817,342,2022-07-28,61.93,-162.88,S2B_MSIL1C_20220728T221539_N0400_R115_T03VXJ_20220728T234904,Sentinel-2B,342,Yukon,167.503435882904,43.3608051545209,0.801554275912069,"{""type"":""MultiPoint"",""coordinates"":[]}"
20220730T010659_20220730T010653_T57WWS_3,22.0,11.000000000000002,1199.0,351,881.0,677.0000000000001,426.0,349.0,241.00000000000006,219.00000000000003,148.0,171.99999999999997,61.99999999999999,0.0635126596033979,351,2022-07-30,68.75,161.3,S2B_MSIL1C_20220730T010659_N0400_R131_T57WWS_20220730T023001,Sentinel-2B,351,Kolyma,174.697340740303,50.4367369650155,0.9348259840301301,"{""type"":""MultiPoint"",""coordinates"":[]}"
20220730T033551_20220730T033545_T51WWQ_2,213.43189930490323,140.53065326633165,1463.0,344,1114.470055359839,852.5512820512821,674.5603872661635,641.1508268390038,617.4908027774395,633.5795442272384,549.322423586692,541.6723104584956,197.0,41.6296097225955,344,2022-07-30,66.76905,123.39458,S2A_MSIL1C_20220730T033551_N0400_R061_T51WWQ_20220730T053056,Sentinel-2A,344,Lena,176.804659161736,48.6240390551348,0.596690435623575,"{""type"":""MultiPoint"",""coordinates"":[]}"
20220731T012711_20220731T012727_T57WWS_3,57.99999999999999,40.0,1190.9999999999998,351,949.0,787.9999999999999,609.0,521.0,334.00000000000006,316.0,219.00000000000003,259.0,73.0,7.41536026755054,351,2022-07-31,68.75,161.3,S2A_MSIL1C_20220731T012711_N0400_R074_T57WWS_20220731T031147,Sentinel-2A,351,Kolyma,180.870135434806,50.6137789338254,0.863031929269929,"{""type"":""MultiPoint"",""coordinates"":[]}"
20220731T071619_20220731T071947_T41WPP_0,42.00000000000001,25.0,1128.0,350,771.0000000000001,520.0,380.00000000000006,374.0,265.0,254.0,177.0,199.99999999999997,60.99999999999999,0.0,350,2022-07-31,66.63000000000001,66.6,S2B_MSIL1C_20220731T071619_N0400_R006_T41WPP_20220731T081735,Sentinel-2B,350,Ob,173.749015526563,48.0563382033585,0.8487636943658193,"{""type"":""MultiPoint"",""coordinates"":[]}"
20220731T071619_20220731T071947_T41WPQ_0,42.00000000000001,25.0,1128.0,350,771.0,520.0,380.00000000000006,374.0,265.0,252.99999999999997,177.00000000000003,199.99999999999997,61.000000000000014,0.0,350,2022-07-31,66.63000000000001,66.6,S2B_MSIL1C_20220731T071619_N0400_R006_T41WPQ_20220731T081735,Sentinel-2B,350,Ob,173.919111367083,48.9433156358831,0.8487636943658193,"{""type"":""MultiPoint"",""coordinates"":[]}"
20220731T204029_20220731T204023_T08WNV_5,43.99999999999999,31.000000000000004,1389.0,348,1101.0000000000002,932.9999999999999,819.0,753.9999999999999,506.0,502.0,341.0,397.00000000000006,78.0,29.3496371943026,348,2022-07-31,67.45,-133.74,S2B_MSIL1C_20220731T204029_N0400_R014_T08WNV_20220731T221513,Sentinel-2B,348,Mackenzie,175.302955027304,49.0770819452309,0.9094379457506477,"{""type"":""MultiPoint"",""coordinates"":[]}"
20220802T070631_20220802T070703_T41WPP_0,34.0,22.000000000000004,1171.0000000000007,350,793.0,518.9999999999999,357.0,351.00000000000006,257.0,241.0,173.0,192.00000000000003,58.0,0.0,350,2022-08-02,66.63000000000001,66.6,S2A_MSIL1C_20220802T070631_N0400_R106_T41WPP_20220802T082327,Sentinel-2A,350,Ob,170.686203606469,48.6914968595507,0.8771247630172527,"{""type"":""MultiPoint"",""coordinates"":[]}"
20220802T070631_20220802T070703_T41WPQ_0,34.0,22.0,1171.0000000000007,350,793.0,518.9999999999999,357.0,351.00000000000006,257.0,240.99999999999997,173.0,192.00000000000003,58.0,0.0,350,2022-08-02,66.63000000000001,66.6,S2A_MSIL1C_20220802T070631_N0400_R106_T41WPQ_20220802T082327,Sentinel-2A,350,Ob,170.893488571356,49.5707625734833,0.8771247630172527,"{""type"":""MultiPoint"",""coordinates"":[]}"
20220803T072619_20220803T072620_T41WPP_0,141.0,91.99999999999999,1287.0000000000002,350,932.0000000000001,659.0,497.0,488.0,426.0,424.0,354.00000000000006,361.99999999999994,143.0,33.1779688853056,350,2022-08-03,66.63000000000001,66.6,S2B_MSIL1C_20220803T072619_N0400_R049_T41WPP_20220803T074451,Sentinel-2B,350,Ob,177.016255484323,48.7388076428782,0.6476216224411588,"{""type"":""MultiPoint"",""coordinates"":[]}"
20220803T072619_20220803T072620_T41WPQ_0,141.0,91.99999999999999,1287.0000000000002,350,932.0000000000001,659.0,497.0,488.0,425.99999999999994,424.0,354.0,361.99999999999994,142.99999999999997,21.8320642599062,350,2022-08-03,66.63000000000001,66.6,S2B_MSIL1C_20220803T072619_N0400_R049_T41WPQ_20220803T074451,Sentinel-2B,350,Ob,177.141307288045,49.6312829012222,0.6476216224411588,"{""type"":""MultiPoint"",""coordinates"":[]}"
20220803T205029_20220803T205025_T08WNV_5,37.0,20.0,1291.0,348,1055.0,939.0000000000001,844.0,770.0000000000001,493.0,489.99999999999994,321.0,384.00000000000006,66.0,1.74917372076931,348,2022-08-03,67.45,-133.74,S2B_MSIL1C_20220803T205029_N0400_R057_T08WNV_20220803T223802,Sentinel-2B,348,Mackenzie,178.515709460293,49.7971361050115,0.9235954635857365,"{""type"":""MultiPoint"",""coordinates"":[]}"
20220807T070629_20220807T070625_T41WPP_0,54.00000000000001,30.000000000000004,1289.0,350,898.0,602.0,430.00000000000006,405.0,311.00000000000006,303.0,225.0,242.0,62.0,3.63257372371281,350,2022-08-07,66.63000000000001,66.6,S2B_MSIL1C_20220807T070629_N0400_R106_T41WPP_20220807T075058,Sentinel-2B,350,Ob,170.92523075024,50.0252914379937,0.8356170350414741,"{""type"":""MultiPoint"",""coordinates"":[]}"
20220807T070629_20220807T070625_T41WPQ_0,54.00000000000001,30.000000000000004,1289.0,350,898.0,602.0,429.0,405.0,311.0,303.0,225.0,242.0,62.0,19.7027635442264,350,2022-08-07,66.63000000000001,66.6,S2B_MSIL1C_20220807T070629_N0400_R106_T41WPQ_20220807T075058,Sentinel-2B,350,Ob,171.122822986403,50.9052360970102,0.8356170350414741,"{""type"":""MultiPoint"",""coordinates"":[]}"
20220810T204019_20220810T204022_T08WNV_5,49.0,30.0,1363.0,348,1098.0,949.0000000000001,837.0,780.0,495.99999999999994,482.00000000000006,321.0,389.0,83.00000000000001,39.8403356325958,348,2022-08-10,67.45,-133.74,S2B_MSIL1C_20220810T204019_N0400_R014_T08WNV_20220810T221631,Sentinel-2B,348,Mackenzie,175.743369004503,51.7993927096219,0.9016445790018354,"{""type"":""MultiPoint"",""coordinates"":[]}"
20220810T222539_20220810T222536_T03VXJ_4,35.00000000000001,16.0,1390.0000000000002,342,1196.9999999999998,1136.0,1115.9999999999998,1078.0,880.9999999999999,885.0000000000001,666.0000000000001,747.0000000000003,116.0,0.0,342,2022-08-10,61.93,-162.88,S2B_MSIL1C_20220810T222539_N0400_R015_T03VXJ_20220810T224842,Sentinel-2B,342,Yukon,171.700469092307,46.5738715514287,0.9403562925078652,"{""type"":""MultiPoint"",""coordinates"":[]}"
20220812T202901_20220812T202856_T08WNV_5,41.0,25.999999999999996,1358.0,348,1084.0,939.9999999999999,819.0,757.0,483.99999999999994,478.99999999999994,317.99999999999994,376.99999999999994,68.0,1.98874654143937,348,2022-08-12,67.45,-133.74,S2A_MSIL1C_20220812T202901_N0400_R114_T08WNV_20220812T234854,Sentinel-2A,348,Mackenzie,172.870468059234,52.4863584742758,0.9167040869298131,"{""type"":""MultiPoint"",""coordinates"":[]}"
20220813T205029_20220813T205024_T08WNV_5,36.99999999999999,18.0,1283.0,348,1042.9999999999998,930.0000000000001,819.0,729.0,455.0,452.00000000000006,297.0,347.00000000000006,54.99999999999999,0.532626041099678,348,2022-08-13,67.45,-133.74,S2B_MSIL1C_20220813T205029_N0400_R057_T08WNV_20220813T224355,Sentinel-2B,348,Mackenzie,178.965790795945,52.6570974085535,0.9235491487250965,"{""type"":""MultiPoint"",""coordinates"":[]}"
20220814T060641_20220814T060756_T44WPC_1,33.00000000000001,17.000000000000004,1246.0000000000002,346,851.0,551.0,325.00000000000006,282.0,256.0,236.0,183.0,191.0,65.0,40.5517878393367,346,2022-08-14,69.37340000000002,86.12130000000002,S2A_MSIL1C_20220814T060641_N0400_R134_T44WPC_20220814T064050,Sentinel-2A,346,Yenisey,175.618284270463,55.4714769226094,0.8864606067884799,"{""type"":""MultiPoint"",""coordinates"":[]}"
20220814T060641_20220814T060756_T45WVT_1,33.0,17.0,1245.9999999999998,353,851.0,551.0,325.0,283.0,256.0,236.0,183.00000000000003,191.0,65.0,33.6231531002816,353,2022-08-14,69.37340000000002,86.12130000000002,S2A_MSIL1C_20220814T060641_N0400_R134_T45WVT_20220814T064050,Sentinel-2A,353,Yenisey,176.563768048491,55.4943545339698,0.8869290755899161,"{""type"":""MultiPoint"",""coordinates"":[]}"
20220815T012659_20220815T012658_T57WWS_3,64.0,50.0,1240.0,351,933.0000000000001,708.0,428.00000000000006,355.00000000000006,277.00000000000006,262.0,196.00000000000003,212.99999999999997,70.0,27.5317268356774,351,2022-08-15,68.75,161.3,S2B_MSIL1C_20220815T012659_N0400_R074_T57WWS_20220815T023406,Sentinel-2B,351,Kolyma,181.358100566484,54.8200386453727,0.8342683712641398,"{""type"":""MultiPoint"",""coordinates"":[]}"
20220817T011711_20220817T011705_T57WWS_3,25.99999999999999,17.0,1184.9999999999998,351,848.9999999999999,619.0,358.00000000000006,290.0,225.0,201.0,142.0,157.0,60.0,29.9132849592404,351,2022-08-17,68.75,161.3,S2A_MSIL1C_20220817T011711_N0400_R031_T57WWS_20220817T022922,Sentinel-2A,351,Kolyma,178.576717732908,55.4483438853523,0.9186742603778839,"{""type"":""MultiPoint"",""coordinates"":[]}"
20220817T061641_20220817T061730_T44WPC_1,49.99999999999999,36.99999999999999,1176.0000000000002,346,803.0,523.0,317.0,274.0,241.0,228.0,174.0,181.0,71.0,6.56490190808922,346,2022-08-17,69.37340000000002,86.12130000000002,S2A_MSIL1C_20220817T061641_N0400_R034_T44WPC_20220817T070928,Sentinel-2A,346,Yenisey,178.741780188825,56.3700863557526,0.8249285817146301,"{""type"":""MultiPoint"",""coordinates"":[]}"
20220817T061641_20220817T061730_T45WVS_1,49.99999999999999,37.0,1177.0,353,803.0000000000001,523.0,316.99999999999994,273.00000000000006,242.00000000000003,227.0,174.00000000000003,181.0,71.0,7.32980978828869,353,2022-08-17,69.37340000000002,86.12130000000002,S2A_MSIL1C_20220817T061641_N0400_R034_T45WVS_20220817T070928,Sentinel-2A,353,Yenisey,179.798489767257,55.5117817172403,0.824458638827006,"{""type"":""MultiPoint"",""coordinates"":[]}"
20220817T061641_20220817T061730_T45WVT_1,49.99999999999999,37.0,1177.0,353,803.0,523.0,316.99999999999994,273.00000000000006,241.0,227.0,174.0,181.0,71.0,6.46418226880468,353,2022-08-17,69.37340000000002,86.12130000000002,S2A_MSIL1C_20220817T061641_N0400_R034_T45WVT_20220817T070928,Sentinel-2A,353,Yenisey,179.678951023772,56.4081428439036,0.824458638827006,"{""type"":""MultiPoint"",""coordinates"":[]}"
20220819T010649_20220819T010650_T57WWS_3,25.999999999999996,17.0,1253.9999999999998,351,914.0,664.0,379.00000000000006,305.00000000000006,228.0,208.99999999999997,141.99999999999997,161.99999999999997,60.0,0.0766947964976163,351,2022-08-19,68.75,161.3,S2B_MSIL1C_20220819T010649_N0400_R131_T57WWS_20220822T131248,Sentinel-2B,351,Kolyma,175.73148469744,56.1335999767009,0.9251043446102484,"{""type"":""MultiPoint"",""coordinates"":[]}"
20220820T012711_20220820T012708_T57WWS_3,38.0,28.0,1177.0,351,875.0000000000001,653.0,388.0,319.99999999999994,238.0,213.0,153.99999999999997,176.00000000000003,69.99999999999999,0.0,351,2022-08-20,68.75,161.3,S2A_MSIL1C_20220820T012711_N0510_R074_T57WWS_20240626T204315,Sentinel-2A,351,Kolyma,181.70685883654,56.424569385927,0.8903770769598265,"{""type"":""MultiPoint"",""coordinates"":[]}"
20220825T071631_20220825T071629_T41WPQ_0,141.8235294117647,114.64915117219078,1366.0,295,989.0,694.4285714285714,529.0040098704503,521.4818158369874,417.5668062428626,405.1787790697675,321.34612724757955,341.39402859545845,134.9418380938286,35.9979993430679,295,2022-08-25,66.63000000000001,66.6,S2A_MSIL1C_20220825T071631_N0400_R006_T41WPQ_20220825T091418,Sentinel-2A,295,Ob,175.608501102445,56.4127771072064,0.6700214744710677,"{""type"":""MultiPoint"",""coordinates"":[]}"
20220825T204031_20220825T204447_T08WNV_5,793.0,662.0,1760.0,55,1532.0,1328.0,1207.0,1149.0,1043.0,1049.0,954.0,1062.0,241.0,48.9566723401714,55,2022-08-25,67.45,-133.74,S2A_MSIL1C_20220825T204031_N0400_R014_T08WNV_20220825T235858,Sentinel-2A,55,Mackenzie,176.939729153526,56.6126277749529,0.2582845985889435,"{""type"":""MultiPoint"",""coordinates"":[]}"
20220826T032531_20220826T032526_T51WWQ_2,43.99999999999999,25.999999999999996,1260.9999999999998,351,887.0,626.9999999999998,504.9999999999999,470.99999999999994,324.00000000000006,300.00000000000006,214.0,246.99999999999994,75.00000000000003,0.395712024843979,351,2022-08-26,66.76905,123.39458,S2A_MSIL1C_20220826T032531_N0400_R018_T51WWQ_20220826T052052,Sentinel-2A,351,Lena,175.449143216928,56.7424722560125,0.8702246356796433,"{""type"":""MultiPoint"",""coordinates"":[]}"
20220830T012711_20220830T012707_T57WWS_3,72.0,54.999999999999986,1249.0,351,939.0,696.0,407.0,340.0,265.99999999999994,242.0,185.0,205.99999999999997,80.0,1.57388993400818,351,2022-08-30,68.75,161.3,S2A_MSIL1C_20220830T012711_N0400_R074_T57WWS_20220830T023119,Sentinel-2A,351,Kolyma,182.439449445753,59.873873413248,0.8121867152037001,"{""type"":""MultiPoint"",""coordinates"":[]}"
20220901T070631_20220901T070633_T41WPP_0,45.81586978636826,26.605155167991796,1369.9999999999998,289,941.0000000000001,608.240333024977,405.26463054187195,385.3578139473337,284.9992895709008,257.34989438883275,195.7639501814259,209.47319778188537,80.03090384436379,22.2536315606198,289,2022-09-01,66.63000000000001,66.6,S2A_MSIL1C_20220901T070631_N0400_R106_T41WPP_20220901T075838,Sentinel-2A,289,Ob,173.271274636195,58.0768361209178,0.8691578056659923,"{""type"":""MultiPoint"",""coordinates"":[]}"
20220901T070631_20220901T070633_T41WPQ_0,45.77618609541333,26.605155167991796,1369.9999999999998,289,941.0000000000001,608.2875115633673,405.26463054187195,385.3578139473337,284.9992895709008,257.34989438883275,195.7639501814259,209.47319778188537,80.03090384436379,24.4737766511102,289,2022-09-01,66.63000000000001,66.6,S2A_MSIL1C_20220901T070631_N0400_R106_T41WPQ_20220901T075838,Sentinel-2A,289,Ob,173.411710840678,58.9627428836825,0.8691578056659923,"{""type"":""MultiPoint"",""coordinates"":[]}"
20220902T205019_20220902T205022_T08WNV_5,40.0,21.000000000000004,1319.0,348,1059.0,901.0,752.0000000000001,651.0,381.0,366.0,237.0,285.0,64.0,0.502555167225794,348,2022-09-02,67.45,-133.74,S2B_MSIL1C_20220902T205019_N0400_R057_T08WNV_20220902T223954,Sentinel-2B,348,Mackenzie,180.520329156603,59.44419404016,0.9143280535333069,"{""type"":""MultiPoint"",""coordinates"":[]}"
20220903T060641_20220903T060814_T45WVT_1,61.0,41.0,1711.0,273,1194.0000000000002,747.0,475.0,410.99999999999994,340.0,309.0,223.0,253.0,102.0,36.1143918594351,273,2022-09-03,69.37340000000002,86.12130000000002,S2A_MSIL1C_20220903T060641_N0400_R134_T45WVT_20220903T064330,Sentinel-2A,273,Yenisey,178.206376306988,62.2847025776929,0.8484257925226986,"{""type"":""MultiPoint"",""coordinates"":[]}"
20220906T203019_20220906T203454_T08WNV_5,36.99999999999999,19.000000000000004,1464.0,348,1153.0,948.9999999999999,779.9999999999999,682.0000000000001,402.0,383.99999999999994,245.0,299.0,75.00000000000001,3.5539186423497,348,2022-09-06,67.45,-133.74,S2B_MSIL1C_20220906T203019_N0400_R114_T08WNV_20220906T223232,Sentinel-2B,348,Mackenzie,175.223919723251,60.9858956238394,0.9250252544879913,"{""type"":""MultiPoint"",""coordinates"":[]}"
20220908T033551_20220908T033546_T51WWQ_2,33.0,22.0,1279.0,351,891.0000000000002,604.0000000000001,455.99999999999994,417.00000000000006,284.99999999999994,256.0,180.00000000000003,203.99999999999994,76.0,27.9952820329063,351,2022-09-08,66.76905,123.39458,S2A_MSIL1C_20220908T033551_N0400_R061_T51WWQ_20220908T053359,Sentinel-2A,351,Lena,179.60253251915,61.4028301710262,0.8950715661048889,"{""type"":""MultiPoint"",""coordinates"":[]}"
20220912T205049_20220912T205044_T08WNV_5,32.0,16.0,1422.9999999999998,348,1136.9999999999998,945.0,804.0,715.9999999999999,436.0,405.99999999999994,260.99999999999994,325.0,74.0,0.0,348,2022-09-12,67.45,-133.74,S2B_MSIL1C_20220912T205049_N0400_R057_T08WNV_20220912T223452,Sentinel-2B,348,Mackenzie,181.467835714242,63.1973893232541,0.934826638017382,"{""type"":""MultiPoint"",""coordinates"":[]}"
20220919T204129_20220919T204512_T08WNV_5,43.0,25.0,1535.9999999999995,348,1217.0,987.9999999999999,793.0,682.0,407.0,377.99999999999994,251.00000000000003,302.0,81.0,1.14097166233689,348,2022-09-19,67.45,-133.74,S2B_MSIL1C_20220919T204129_N0400_R014_T08WNV_20220919T225541,Sentinel-2B,348,Mackenzie,179.39074585424,65.8870924589385,0.9168045520782471,"{""type"":""MultiPoint"",""coordinates"":[]}"
20220923T010701_20220923T010655_T57WWS_3,40.00000000000001,22.0,1603.9999999999998,351,1231.9999999999998,940.5010326813266,716.4310042973103,604.0,373.0,327.99999999999994,222.0,265.99999999999994,88.00000000000001,3.49744932398468,351,2022-09-23,68.75,161.3,S2A_MSIL1C_20220923T010701_N0400_R131_T57WWS_20220923T022338,Sentinel-2A,351,Kolyma,179.132912777455,68.9187924979367,0.9182714388923218,"{""type"":""MultiPoint"",""coordinates"":[]}"
20220928T010649_20220928T010648_T57WWS_3,32.0,19.0,1621.9999999999995,351,1274.0,961.0,717.0,596.0,367.00000000000006,323.99999999999994,212.0,257.99999999999994,94.99999999999999,0.0,351,2022-09-28,68.75,161.3,S2B_MSIL1C_20220928T010649_N0400_R131_T57WWS_20220928T022704,Sentinel-2B,351,Kolyma,179.568750684936,70.8645180880026,0.9352878928184509,"{""type"":""MultiPoint"",""coordinates"":[]}"
20220928T060629_20220928T060808_T44WPC_1,54.0,26.999999999999996,1653.9999999999995,346,1189.0,737.0000000000001,494.99999999999983,425.0,339.99999999999994,306.0,227.99999999999997,253.00000000000006,102.00000000000001,1.69034056263013,346,2022-09-28,69.37340000000002,86.12130000000002,S2B_MSIL1C_20220928T060629_N0400_R134_T44WPC_20220928T064546,Sentinel-2B,346,Yenisey,179.71179578848,71.8019607925126,0.8635477092530992,"{""type"":""MultiPoint"",""coordinates"":[]}"
20220928T060629_20220928T060808_T45WVS_1,53.999999999999986,27.0,1654.0,353,1189.0,737.0,493.99999999999994,425.0,340.0,304.99999999999994,228.0,253.0,101.99999999999999,2.85273798347392,353,2022-09-28,69.37340000000002,86.12130000000002,S2B_MSIL1C_20220928T060629_N0400_R134_T45WVS_20220928T064546,Sentinel-2B,353,Yenisey,180.670328903732,70.9487491668232,0.8634244510959723,"{""type"":""MultiPoint"",""coordinates"":[]}"
20220928T060629_20220928T060808_T45WVT_1,54.00000000000001,27.0,1654.0,353,1189.0,737.0,493.99999999999994,425.0,340.0,305.0,227.0,253.00000000000003,103.00000000000003,3.12279343770219,353,2022-09-28,69.37340000000002,86.12130000000002,S2B_MSIL1C_20220928T060629_N0400_R134_T45WVT_20220928T064546,Sentinel-2B,353,Yenisey,180.556054392705,71.8444862360984,0.8635932123388655,"{""type"":""MultiPoint"",""coordinates"":[]}"
20221007T205351_20221007T205346_T08WNV_5,67.0,39.0,1731.9999999999998,348,1379.0,1041.0,801.0,674.0,443.99999999999994,409.0,287.99999999999994,330.99999999999994,110.00000000000001,47.9376263421206,348,2022-10-07,67.45,-133.74,S2A_MSIL1C_20221007T205351_N0400_R057_T08WNV_20221007T224655,Sentinel-2A,348,Mackenzie,183.579862182182,72.9069013462428,0.8795701976421101,"{""type"":""MultiPoint"",""coordinates"":[]}"
20221009T012701_20221009T012701_T57WWS_3,542.0,570.0,2370.0,8,1913.0,1364.0,1206.0,1134.0,1012.0,975.0,886.0,887.0,359.0,49.2708053390666,8,2022-10-09,68.75,161.3,S2A_MSIL1C_20221009T012701_N0400_R074_T57WWS_20221009T023120,Sentinel-2A,8,Kolyma,185.613957937942,75.2076417897723,0.42584747076034546,"{""type"":""MultiPoint"",""coordinates"":[]}"
20221009T204339_20221009T204342_T08WNV_5,49.0,28.0,1763.0,348,1371.0,1010.0000000000001,787.0,661.0,433.0,390.0,264.0,308.0,89.0,26.1545283525934,348,2022-10-09,67.45,-133.74,S2B_MSIL1C_20221009T204339_N0400_R014_T08WNV_20221009T224326,Sentinel-2B,348,Mackenzie,181.088237601058,73.6269105566155,0.9069223660194585,"{""type"":""MultiPoint"",""coordinates"":[]}"
20221017T072911_20221017T072910_T41WPP_0,57.86004390779363,33.48338212502153,1829.0000000000002,248,1343.0000000000002,862.6069906223358,614.45013239188,541.2639435695538,409.7189114708921,365.66689373297,261.69115706115264,297.30037835170253,120.0,28.8234942817044,248,2022-10-17,66.63000000000001,66.6,S2A_MSIL1C_20221017T072911_N0400_R049_T41WPP_20221017T074045,Sentinel-2A,248,Ob,182.913715406684,75.4979324876222,0.8728002905845643,"{""type"":""MultiPoint"",""coordinates"":[]}"
20221021T221551_20221021T221547_T03VXJ_4,698.0,495.0,2103.0,7,1763.0,1351.0,1253.0,1193.0,1021.0,991.0,862.0,1066.0,340.0,14.1197706709666,7,2022-10-21,61.93,-162.88,S2A_MSIL1C_20221021T221551_N0400_R115_T03VXJ_20221021T223328,Sentinel-2A,7,Yukon,176.352007332834,72.7037452214369,0.31365683674812317,"{""type"":""MultiPoint"",""coordinates"":[]}"
20221024T071951_20221024T071951_T41WPP_0,296.50293542074365,258.5019379844961,2632.600806903508,193,2049.2524500196,1426.196087564043,1219.036379769299,1176.3454545454545,1033.1569829424307,1020.3183742591027,902.9664310954065,867.5458851391356,395.0583891068544,47.9079100600197,193,2022-10-24,66.63000000000001,66.6,S2A_MSIL1C_20221024T071951_N0400_R006_T41WPP_20221024T072907,Sentinel-2A,193,Ob,180.655910145131,77.9662726290028,0.656022247121516,"{""type"":""MultiPoint"",""coordinates"":[]}"
20221026T070959_20221026T070956_T41WPP_0,123.0,100.0,4053.0,14,2317.0,1696.0,1639.0,2002.0,1739.0,1751.0,1787.0,1316.0,889.0,17.2484538869676,14,2022-10-26,66.63000000000001,66.6,S2B_MSIL1C_20221026T070959_N0400_R106_T41WPP_20221026T072824,Sentinel-2B,14,Ob,178.211695445526,78.6625820402396,0.8647608757019043,"{""type"":""MultiPoint"",""coordinates"":[]}"
20221026T070959_20221026T070956_T41WPQ_0,45.0,30.999999999999996,2404.24567118121,170,1779.1339499828707,1114.4896733007886,810.8083700440528,741.9366600133067,583.908097308732,551.9317697228145,391.4442476031679,443.43754289636234,163.69683698296836,46.8992529194168,170,2022-10-26,66.63000000000001,66.6,S2B_MSIL1C_20221026T070959_N0400_R106_T41WPQ_20221026T072824,Sentinel-2B,170,Ob,178.282896288795,79.5563471091276,0.9244273602962494,"{""type"":""MultiPoint"",""coordinates"":[]}"
20221027T223641_20221027T223635_T03VXJ_4,40.999999999999986,26.0,2104.0,342,1560.4037365421152,972.3967271118975,697.1090356211989,621.0855532786885,516.9400850405875,453.3966987121348,333.7767527675277,386.8196605374823,154.0,0.235394008842807,342,2022-10-27,61.93,-162.88,S2A_MSIL1C_20221027T223641_N0400_R058_T03VXJ_20221027T224942,Sentinel-2A,342,Yukon,181.63677456225,74.738525938743,0.9196827490731875,"{""type"":""MultiPoint"",""coordinates"":[]}"
20221031T221651_20221031T221650_T03VXJ_4,416.5,470.5,2955.0,176,2435.5,1770.0,1659.5470171890797,1634.0,1532.0,1458.0,1346.1422087745839,1332.1638018200204,618.0,13.7801964824271,176,2022-10-31,61.93,-162.88,S2A_MSIL1C_20221031T221651_N0400_R115_T03VXJ_20221031T223042,Sentinel-2A,176,Yukon,176.70536248266,76.0832921982121,0.6202988028526306,"{""type"":""MultiPoint"",""coordinates"":[]}"
20230602T032521_20230602T032518_T51WWQ_2,37.00000000000001,20.000000000000004,1170.0,351,803.9999999999999,522.0,392.0,368.00000000000006,283.0,258.0,188.99999999999997,219.00000000000003,90.0,0.0,351,2023-06-02,66.76905,123.39458,S2A_MSIL1C_20230602T032521_N0510_R018_T51WWQ_20240925T081544,Sentinel-2A,351,Lena,176.196134456235,45.0123932545694,0.8684476850252829,"{""type"":""MultiPoint"",""coordinates"":[]}"
20230603T034539_20230603T034537_T51WWQ_2,73.0,41.99999999999999,1192.9999999999998,289,866.0000000000001,574.0,407.0,378.0,337.0,316.0,256.0,269.99999999999994,116.99999999999999,15.9139014968532,289,2023-06-03,66.76905,123.39458,S2B_MSIL1C_20230603T034539_N0509_R104_T51WWQ_20230603T053547,Sentinel-2B,289,Lena,182.677125931184,44.8636597001373,0.7751700162887574,"{""type"":""MultiPoint"",""coordinates"":[]}"
20230603T070629_20230603T070624_T41WPP_0,64.99999999999999,31.0,1338.0000000000002,350,967.0,683.0000000000001,548.0,519.0,395.0,378.0,292.0,312.0,100.0,11.4275928376246,350,2023-06-03,66.63000000000001,66.6,S2B_MSIL1C_20230603T070629_N0509_R106_T41WPP_20230603T074337,Sentinel-2B,350,Ob,172.927416338904,44.0299221592024,0.8260287344455719,"{""type"":""MultiPoint"",""coordinates"":[]}"
20230603T070629_20230603T070624_T41WPQ_0,64.99999999999999,31.0,1338.0000000000002,350,967.0,683.0000000000001,549.0,519.0,395.0,378.0,291.99999999999994,312.0,100.0,12.9826483108865,350,2023-06-03,66.63000000000001,66.6,S2B_MSIL1C_20230603T070629_N0509_R106_T41WPQ_20230603T074337,Sentinel-2B,350,Ob,173.125596351575,44.9151830054009,0.8260287344455719,"{""type"":""MultiPoint"",""coordinates"":[]}"
20230603T202849_20230603T202846_T08WNV_5,160.00000000000003,111.0,1510.0,348,1257.0,1113.0,1096.0,1085.0,862.0000000000001,865.0,675.0,760.0000000000001,209.0,24.4240834269548,348,2023-06-03,67.45,-133.74,S2B_MSIL1C_20230603T202849_N0509_R114_T08WNV_20230603T220425,Sentinel-2B,348,Mackenzie,174.51798984642,44.8371202180286,0.7489298462867737,"{""type"":""MultiPoint"",""coordinates"":[]}"
20230604T205021_20230604T205024_T08WNV_5,85.0,60.0,1396.0,219,1173.0,1051.0,1038.5,1012.3211586901763,766.0,768.0,566.0,645.0000000000001,119.0,2.38958273160571,219,2023-06-04,67.45,-133.74,S2A_MSIL1C_20230604T205021_N0509_R057_T08WNV_20230605T000746,Sentinel-2A,219,Mackenzie,181.006383644011,44.6435438105953,0.8482990012138705,"{""type"":""MultiPoint"",""coordinates"":[]}"
20230605T060639_20230605T060744_T44WPC_1,156.0,108.99999999999999,1596.0,342,1146.9966273187183,843.0,715.4465153970825,690.0,587.1114683815648,557.4,476.6,484.125,250.3661971830986,42.1600545208755,342,2023-06-05,69.37340000000002,86.12130000000002,S2B_MSIL1C_20230605T060639_N0509_R134_T44WPC_20230605T064130,Sentinel-2B,342,Yenisey,177.256641257033,47.2657497933305,0.6930507270653021,"{""type"":""MultiPoint"",""coordinates"":[]}"
20230605T060639_20230605T060744_T45WVT_1,156.0,109.0,1591.0,349,1146.2,842.3386454183267,716.0270727580371,682.3333333333334,572.0,556.9180327868853,467.5022860875245,484.2830188679245,248.0,32.4785100392872,349,2023-06-05,69.37340000000002,86.12130000000002,S2B_MSIL1C_20230605T060639_N0509_R134_T45WVT_20230605T064130,Sentinel-2B,349,Yenisey,178.267273962618,47.2967797719741,0.6924412851050546,"{""type"":""MultiPoint"",""coordinates"":[]}"
20230606T012701_20230606T012658_T57WWS_3,31.0,16.0,1216.0,351,924.0000000000001,718.0,656.0,591.0,377.0,353.0,238.99999999999997,284.0,67.0,40.6866135148855,351,2023-06-06,68.75,161.3,S2A_MSIL1C_20230606T012701_N0509_R074_T57WWS_20230606T022918,Sentinel-2A,351,Kolyma,183.383628355272,46.332469145642,0.9171384634075591,"{""type"":""MultiPoint"",""coordinates"":[]}"
20230606T071619_20230606T071622_T41WPP_0,187.0,121.0,1541.0,57,1238.0,923.0,766.0,711.0,547.0,525.0,413.0,560.0,168.0,44.4273044880408,57,2023-06-06,66.63000000000001,66.6,S2B_MSIL1C_20230606T071619_N0509_R006_T41WPP_20230606T073624,Sentinel-2B,57,Ob,176.065479338468,43.5955886694172,0.6773109436035156,"{""type"":""MultiPoint"",""coordinates"":[]}"
20230606T071619_20230606T071622_T41WPQ_0,160.0,115.0,1534.0,50,1224.0,894.0,708.0,671.0,536.0,518.0,406.0,544.0,166.0,39.6562154737376,50,2023-06-06,66.63000000000001,66.6,S2B_MSIL1C_20230606T071619_N0509_R006_T41WPQ_20230606T073624,Sentinel-2B,50,Ob,176.216851388706,44.4868392792407,0.6964285969734192,"{""type"":""MultiPoint"",""coordinates"":[]}"
20230607T032519_20230607T032559_T51WWQ_2,60.0,36.00000000000001,1236.0,351,878.0,576.9999999999999,430.00000000000006,401.9999999999999,323.0,305.00000000000006,228.00000000000003,255.0,82.00000000000001,6.05312192063066,351,2023-06-07,66.76905,123.39458,S2B_MSIL1C_20230607T032519_N0509_R018_T51WWQ_20230607T051506,Sentinel-2B,351,Lena,175.897272160255,44.4430362351723,0.8109635869965298,"{""type"":""MultiPoint"",""coordinates"":[]}"
20230608T011659_20230608T011657_T57WWS_3,29.999999999999996,14.999999999999998,1213.9999999999998,351,914.0,720.0,660.0,597.0,375.0,352.0,235.99999999999997,280.99999999999994,78.0,31.1436889724984,351,2023-06-08,68.75,161.3,S2B_MSIL1C_20230608T011659_N0509_R031_T57WWS_20230608T022642,Sentinel-2B,351,Kolyma,180.091870744238,46.1065900788124,0.9200290347903203,"{""type"":""MultiPoint"",""coordinates"":[]}"
20230608T202851_20230608T202846_T08WNV_5,129.0,70.0,1594.9999999999998,348,1299.0000000000002,1110.0,1013.9999999999999,995.0000000000001,837.0000000000001,847.0000000000001,663.0,704.0,157.00000000000003,0.0,348,2023-06-08,67.45,-133.74,S2A_MSIL1C_20230608T202851_N0509_R114_T08WNV_20230608T234601,Sentinel-2A,348,Mackenzie,174.189527997297,44.3272453658407,0.7918366033318526,"{""type"":""MultiPoint"",""coordinates"":[]}"
20230608T221531_20230608T221616_T03VXJ_4,38.00000000000001,27.0,1227.0,342,969.0000000000001,804.9999999999999,776.0,733.0,525.0,524.0,366.99999999999994,428.00000000000006,77.00000000000001,17.3809907730897,342,2023-06-08,61.93,-162.88,S2A_MSIL1C_20230608T221531_N0509_R115_T03VXJ_20230609T001014,Sentinel-2A,342,Yukon,169.487116240767,39.1357575187836,0.9103274330713516,"{""type"":""MultiPoint"",""coordinates"":[]}"
20230609T205029_20230609T205025_T08WNV_5,84.0,52.0,1352.0000000000002,348,1139.0,1035.0,1006.0,940.0000000000001,678.0,682.9999999999999,490.0,560.0,84.0,19.0224551275059,348,2023-06-09,67.45,-133.74,S2B_MSIL1C_20230609T205029_N0509_R057_T08WNV_20230609T223356,Sentinel-2B,348,Mackenzie,180.712368671247,44.1567690198397,0.8493789115864395,"{""type"":""MultiPoint"",""coordinates"":[]}"
20230610T010651_20230610T010651_T57WWS_3,46.00000000000001,24.999999999999993,1305.0,351,988.0,781.0,690.0,623.0,401.00000000000006,375.0,264.0,307.0,87.00000000000003,2.22550655133044,351,2023-06-10,68.75,161.3,S2A_MSIL1C_20230610T010651_N0509_R131_T57WWS_20230610T022335,Sentinel-2A,351,Kolyma,176.768057882518,45.9608825766707,0.8878141880035401,"{""type"":""MultiPoint"",""coordinates"":[]}"
20230610T060631_20230610T060634_T44WPC_1,72.0,49.0,1389.9999999999998,346,994.0,673.0,524.0,479.0,369.0,340.0,258.0,293.0,124.0,37.2562295052831,346,2023-06-10,69.37340000000002,86.12130000000002,S2A_MSIL1C_20230610T060631_N0509_R134_T44WPC_20230610T064043,Sentinel-2A,346,Yenisey,176.947106268391,46.7972536244837,0.8069112757775957,"{""type"":""MultiPoint"",""coordinates"":[]}"
20230610T060631_20230610T060634_T45WVT_1,72.0,48.0,1390.0,353,993.0,673.0,524.0,479.00000000000006,369.00000000000006,340.0,258.0,293.0,122.99999999999999,41.5368362824496,353,2023-06-10,69.37340000000002,86.12130000000002,S2A_MSIL1C_20230610T060631_N0509_R134_T45WVT_20230610T064043,Sentinel-2A,353,Yenisey,177.962155588878,46.8267871441416,0.8064193055033684,"{""type"":""MultiPoint"",""coordinates"":[]}"
20230611T062629_20230611T062632_T45WVS_1,50.000000000000014,32.99999999999999,1199.0,353,865.0000000000002,576.0000000000001,430.00000000000006,391.0000000000001,303.0,282.0,214.00000000000003,236.00000000000003,107.0,35.5489701517515,353,2023-06-11,69.37340000000002,86.12130000000002,S2B_MSIL1C_20230611T062629_N0509_R077_T45WVS_20230611T064707,Sentinel-2B,353,Yenisey,184.396254386016,45.8924865643172,0.8389694094657898,"{""type"":""MultiPoint"",""coordinates"":[]}"
20230613T034539_20230613T034538_T51WWQ_2,63.0,27.000000000000004,1250.0,351,924.9999999999998,656.0,491.99999999999994,486.00000000000006,448.0,427.99999999999994,335.99999999999994,363.00000000000006,151.00000000000003,0.0,351,2023-06-13,66.76905,123.39458,S2B_MSIL1C_20230613T034539_N0509_R104_T51WWQ_20230613T053614,Sentinel-2B,351,Lena,182.086520989393,43.9387750489257,0.8240223526954651,"{""type"":""MultiPoint"",""coordinates"":[]}"
20230614T205031_20230614T205329_T08WNV_5,96.0,66.99999999999999,1565.0,348,1360.0,1256.0,1332.0,1348.0,1192.0,1236.0,1024.75,1084.0,173.0,21.6588793235931,348,2023-06-14,67.45,-133.74,S2A_MSIL1C_20230614T205031_N0509_R057_T08WNV_20230615T000436,Sentinel-2A,348,Mackenzie,180.368782842441,43.8383417895513,0.8576757192611695,"{""type"":""MultiPoint"",""coordinates"":[]}"
20230615T010649_20230615T010652_T57WWS_3,40.0,23.999999999999993,1275.0,351,995.0000000000001,818.0000000000001,728.0,651.0,399.0000000000001,376.00000000000006,247.0,308.0,83.99999999999997,34.5237847156103,351,2023-06-15,68.75,161.3,S2B_MSIL1C_20230615T010649_N0509_R131_T57WWS_20230615T022506,Sentinel-2B,351,Kolyma,176.432401588083,45.6548434631492,0.9068277831255371,"{""type"":""MultiPoint"",""coordinates"":[]}"
20230616T012701_20230616T012659_T57WWS_3,106.4518710284773,80.60018814675448,1229.0,351,986.0000000000002,832.9999999999999,743.0,659.0000000000001,422.00000000000006,399.0,292.3853362734289,341.00000000000006,99.0,31.7215802203709,351,2023-06-16,68.75,161.3,S2A_MSIL1C_20230616T012701_N0509_R074_T57WWS_20230616T040334,Sentinel-2A,351,Kolyma,182.766345728702,45.6000732777784,0.7704113982617855,"{""type"":""MultiPoint"",""coordinates"":[]}"
20230616T203849_20230616T203941_T08WNV_5,51.0,29.0,1603.0,348,1408.2396866005756,1344.4192077143603,1453.42712077642,1473.3956072021454,1365.5767366720518,1437.8651776103336,1269.6732570239335,1293.7114393679149,195.0,21.1152617277315,348,2023-06-16,67.45,-133.74,S2B_MSIL1C_20230616T203849_N0509_R014_T08WNV_20230616T221121,Sentinel-2B,348,Mackenzie,176.922470426719,43.7832445334949,0.9245177091449447,"{""type"":""MultiPoint"",""coordinates"":[]}"
20230618T011659_20230618T011656_T57WWS_3,34.99999999999999,17.0,1224.0,351,952.0,794.9999999999999,691.0,610.0,367.0,351.00000000000006,227.00000000000003,278.0,72.0,8.9114933261668,351,2023-06-18,68.75,161.3,S2B_MSIL1C_20230618T011659_N0509_R031_T57WWS_20230618T022618,Sentinel-2B,351,Kolyma,179.425186828858,45.5195020590437,0.9158936414961002,"{""type"":""MultiPoint"",""coordinates"":[]}"
20230618T034541_20230618T034537_T51WWQ_2,122.75,80.74991827394574,1152.0,351,839.9999999999998,587.0,470.99999999999994,450.0,368.3333333333333,356.6666666666667,280.49546632124355,318.7497546614328,101.0,37.740953856604,351,2023-06-18,66.76905,123.39458,S2A_MSIL1C_20230618T034541_N0509_R104_T51WWQ_20230618T060130,Sentinel-2A,351,Lena,181.729433223196,43.7300363886176,0.6584300398826599,"{""type"":""MultiPoint"",""coordinates"":[]}"
20230618T202851_20230618T203251_T08WNV_5,58.00000000000001,37.99999999999999,1513.0,348,1286.0,1190.0,1203.0,1171.0,907.0,933.0,692.0,773.0,109.0,40.7128337880727,348,2023-06-18,67.45,-133.74,S2A_MSIL1C_20230618T202851_N0509_R114_T08WNV_20230619T000710,Sentinel-2A,348,Mackenzie,173.465394983527,43.816537196047,0.9079170415958304,"{""type"":""MultiPoint"",""coordinates"":[]}"
20230618T221531_20230618T221540_T03VXJ_4,213.13245800347556,134.00000000000003,1327.0,337,1040.5794320798157,862.3160173160171,798.7068484151749,789.4507438210145,665.5140084233657,678.5454545454545,562.4311210262131,573.6783625730994,206.0,17.062557854818,337,2023-06-18,61.93,-162.88,S2A_MSIL1C_20230618T221531_N0509_R115_T03VXJ_20230619T011945,Sentinel-2A,337,Yukon,168.64337555803,38.6570267691643,0.6039966457583468,"{""type"":""MultiPoint"",""coordinates"":[]}"
20230619T205029_20230619T205025_T08WNV_5,97.0,64.0,1472.0000000000005,348,1270.342982722037,1184.4124423963133,1193.394869445717,1133.6139240506332,850.4,866.7471602860751,632.4666666666667,716.4782608695652,101.0,18.1555942982174,348,2023-06-19,67.45,-133.74,S2B_MSIL1C_20230619T205029_N0509_R057_T08WNV_20230619T223145,Sentinel-2B,348,Mackenzie,180.008423549833,43.6916179178684,0.8468049466609955,"{""type"":""MultiPoint"",""coordinates"":[]}"
20230620T010651_20230620T010651_T57WWS_3,52.00000000000001,30.999999999999996,1304.0,351,1002.9999999999999,831.0000000000001,746.9999999999999,676.0000000000001,428.00000000000006,404.0,281.0,331.0,89.0,45.8077028913432,351,2023-06-20,68.75,161.3,S2A_MSIL1C_20230620T010651_N0509_R131_T57WWS_20230620T022349,Sentinel-2A,351,Kolyma,176.072058683917,45.5210245591269,0.8829713389277458,"{""type"":""MultiPoint"",""coordinates"":[]}"
20230621T012659_20230621T012658_T57WWS_3,24.0,13.0,1143.0,351,886.0,748.9999999999999,676.9999999999998,594.0,336.99999999999994,320.0,205.99999999999997,253.0,72.00000000000001,17.8852160410881,351,2023-06-21,68.75,161.3,S2B_MSIL1C_20230621T012659_N0509_R074_T57WWS_20230621T023034,Sentinel-2B,351,Kolyma,182.416447402051,45.490168372925,0.9381575683752695,"{""type"":""MultiPoint"",""coordinates"":[]}"
20230621T071621_20230621T071954_T41WPP_0,82.0,62.0,1193.0,139,875.0,646.0,556.0,552.0,375.0,354.0,263.0,300.0,94.0,32.1458986532891,139,2023-06-21,66.63000000000001,66.6,S2A_MSIL1C_20230621T071621_N0509_R006_T41WPP_20230621T080625,Sentinel-2A,139,Ob,174.977054748551,42.8172918266873,0.7735070288181305,"{""type"":""MultiPoint"",""coordinates"":[]}"
20230621T071621_20230621T071954_T41WPQ_0,82.0,60.0,1192.0,145,874.0,646.0,556.0,552.0,375.0,354.0,262.0,299.0,96.0,11.2923646570516,145,2023-06-21,66.63000000000001,66.6,S2A_MSIL1C_20230621T071621_N0509_R006_T41WPQ_20230621T080625,Sentinel-2A,145,Ob,175.148698256746,43.7067345252966,0.7745262403641978,"{""type"":""MultiPoint"",""coordinates"":[]}"
20230621T203841_20230621T203842_T08WNV_5,46.0,28.0,1441.0000000000002,348,1219.0,1117.0,1116.0,1077.0,816.0,833.0,606.0,685.0,98.00000000000001,41.880169607931,348,2023-06-21,67.45,-133.74,S2A_MSIL1C_20230621T203841_N0509_R014_T08WNV_20230621T224326,Sentinel-2A,348,Mackenzie,176.550152012696,43.7117036644354,0.9201664566993714,"{""type"":""MultiPoint"",""coordinates"":[]}"
20230621T222531_20230621T222722_T03VXJ_4,70.00000000000001,48.00000000000001,1171.0,342,906.0000000000001,760.0,707.0000000000001,673.0,484.00000000000006,479.0,341.00000000000006,399.00000000000006,95.99999999999996,9.36907641315059,342,2023-06-21,61.93,-162.88,S2A_MSIL1C_20230621T222531_N0509_R015_T03VXJ_20230622T001629,Sentinel-2A,342,Yukon,172.051634065793,38.4476662745445,0.8318586150805155,"{""type"":""MultiPoint"",""coordinates"":[]}"
20230624T205021_20230624T205024_T08WNV_5,93.00000000000001,66.0,1319.0,348,1129.0,1042.0,992.0,930.0,620.0,616.9999999999999,424.00000000000006,516.0,111.0,0.0,348,2023-06-24,67.45,-133.74,S2A_MSIL1C_20230624T205021_N0509_R057_T08WNV_20230625T000704,Sentinel-2A,348,Mackenzie,179.639501597193,43.7179150401798,0.8360705295326568,"{""type"":""MultiPoint"",""coordinates"":[]}"
20230625T010649_20230625T010651_T57WWS_3,37.00000000000001,17.0,1313.0,333,985.9999999999999,755.0,595.0,499.99999999999994,332.00000000000006,317.0,220.0,248.00000000000003,70.0,11.4401564387186,333,2023-06-25,68.75,161.3,S2B_MSIL1C_20230625T010649_N0509_R131_T57WWS_20230625T022411,Sentinel-2B,333,Kolyma,175.725272623835,45.5599644809105,0.9058709621429444,"{""type"":""MultiPoint"",""coordinates"":[]}"
20230627T032519_20230627T032559_T51WWQ_2,101.58401554044677,65.38958273381296,1286.0,351,937.4436801375751,673.4205504079658,537.4920164821015,509.47929359823416,413.6087912087912,413.68329320032103,317.6242288278182,337.6989357049133,99.00000000000001,45.8708232553973,351,2023-06-27,66.76905,123.39458,S2B_MSIL1C_20230627T032519_N0509_R018_T51WWQ_20230627T051816,Sentinel-2B,351,Lena,174.475996803911,43.8643291928515,0.7399883003900906,"{""type"":""MultiPoint"",""coordinates"":[]}"
20230628T034541_20230628T034537_T51WWQ_2,45.0,25.999999999999996,1115.9999999999995,351,797.0,561.9999999999999,440.00000000000006,403.0,307.0,298.0,217.0,236.0,64.0,9.44257110418514,351,2023-06-28,66.76905,123.39458,S2A_MSIL1C_20230628T034541_N0509_R104_T51WWQ_20230628T054102,Sentinel-2A,351,Lena,181.011170232988,43.8309330903076,0.8506977202147539,"{""type"":""MultiPoint"",""coordinates"":[]}"
20230628T202851_20230628T202846_T08WNV_5,51.0,37.0,1524.0,348,1245.9999999999998,1091.0,944.0000000000001,832.0,505.0,498.99999999999994,328.00000000000006,392.99999999999994,77.0,10.4824192598764,348,2023-06-28,67.45,-133.74,S2A_MSIL1C_20230628T202851_N0509_R114_T08WNV_20230628T234501,Sentinel-2A,348,Mackenzie,172.767132622621,43.9953712181027,0.9111111164093018,"{""type"":""MultiPoint"",""coordinates"":[]}"
20230629T072619_20230629T072619_T41WPP_0,43.0,22.0,1271.0,135,921.0000000000001,678.0,547.0,538.0,360.0,336.0,235.00000000000003,270.0,87.0,10.2577861387321,135,2023-06-29,66.63000000000001,66.6,S2B_MSIL1C_20230629T072619_N0509_R049_T41WPP_20230629T082347,Sentinel-2B,135,Ob,177.779884539352,42.9676536141683,0.8805744720420349,"{""type"":""MultiPoint"",""coordinates"":[]}"
20230629T072619_20230629T072619_T41WPQ_0,43.00000000000001,21.0,1273.0,124,921.0000000000001,680.0,551.0,541.0,361.0,337.0,236.0,270.0,87.0,25.8941443459046,124,2023-06-29,66.63000000000001,66.6,S2B_MSIL1C_20230629T072619_N0509_R049_T41WPQ_20230629T082347,Sentinel-2B,124,Ob,177.906380949886,43.8610494494245,0.8819736043612162,"{""type"":""MultiPoint"",""coordinates"":[]}"
20230629T205029_20230629T205420_T08WNV_5,40.99999999999999,22.0,1273.0,348,1065.0,970.0,858.0,754.0000000000001,453.00000000000006,451.0,293.0,351.99999999999994,64.99999999999999,0.0,348,2023-06-29,67.45,-133.74,S2B_MSIL1C_20230629T205029_N0509_R057_T08WNV_20230629T225256,Sentinel-2B,348,Mackenzie,179.307904377232,43.9165033006925,0.9191584785779318,"{""type"":""MultiPoint"",""coordinates"":[]}"
20230630T033539_20230630T033539_T51WWQ_2,180.0,138.00000000000003,1176.0,351,866.0,644.0,543.0,509.99999999999994,418.0,416.0,339.99999999999994,357.0,122.99999999999999,1.25516204598145,351,2023-06-30,66.76905,123.39458,S2B_MSIL1C_20230630T033539_N0509_R061_T51WWQ_20230630T053009,Sentinel-2B,351,Lena,177.583747377327,43.9463193266859,0.563848845744401,"{""type"":""MultiPoint"",""coordinates"":[]}"
20230630T033539_20230630T033915_T51WWQ_2,179.99999999999997,138.0,1175.9999999999998,351,865.9999999999999,644.0,543.0,509.99999999999994,417.9999999999999,416.0,340.0,356.99999999999994,122.99999999999994,16.4171005911527,351,2023-06-30,66.76905,123.39458,S2B_MSIL1C_20230630T033539_N0509_R061_T51WWQ_20230630T055316,Sentinel-2B,351,Lena,177.583747377327,43.9463193266859,0.5638359487056732,"{""type"":""MultiPoint"",""coordinates"":[]}"
20230701T062629_20230701T062632_T45WVS_1,40.000000000000014,22.000000000000004,1251.0000000000002,353,888.9999999999998,573.9999999999999,363.9999999999999,318.99999999999994,303.0,285.00000000000006,222.00000000000003,229.00000000000009,72.99999999999999,48.0880110502379,353,2023-07-01,69.37340000000002,86.12130000000002,S2B_MSIL1C_20230701T062629_N0509_R077_T45WVS_20230701T064512,Sentinel-2B,353,Yenisey,183.040127863793,45.8191499309758,0.869432313565977,"{""type"":""MultiPoint"",""coordinates"":[]}"
20230701T071621_20230701T071926_T41WPP_0,45.99999999999999,25.0,1224.0,350,858.9999999999999,573.0,423.0,414.0,328.00000000000006,309.0,229.99999999999997,252.00000000000009,84.0,9.595688136403,350,2023-07-01,66.63000000000001,66.6,S2A_MSIL1C_20230701T071621_N0509_R006_T41WPP_20230701T090751,Sentinel-2A,350,Ob,174.296381590449,43.1585419316448,0.8512544599452808,"{""type"":""MultiPoint"",""coordinates"":[]}"
20230701T071621_20230701T071926_T41WPQ_0,45.99999999999999,25.0,1224.0000000000002,350,858.9999999999999,573.0,423.0,414.0,328.00000000000006,309.0,230.00000000000003,252.00000000000009,83.99999999999999,44.0765325927917,350,2023-07-01,66.63000000000001,66.6,S2A_MSIL1C_20230701T071621_N0509_R006_T41WPQ_20230701T090751,Sentinel-2A,350,Ob,174.477742683222,44.0466900980661,0.8512544599452808,"{""type"":""MultiPoint"",""coordinates"":[]}"
20230701T222541_20230701T222618_T03VXJ_4,62.0,42.0,1196.0,342,936.0000000000001,804.0,752.0,708.0,512.0,515.0,366.0,426.0,106.0,39.0427901699065,342,2023-07-01,61.93,-162.88,S2A_MSIL1C_20230701T222541_N0509_R015_T03VXJ_20230702T001811,Sentinel-2A,342,Yukon,171.339921497139,38.8468564178815,0.855664937566015,"{""type"":""MultiPoint"",""coordinates"":[]}"
20230703T202849_20230703T202847_T08WNV_5,53.99999999999999,28.0,1430.9999999999998,348,1178.0,1047.9999999999998,912.0000000000001,812.0,529.0,536.0,363.0,424.0,84.99999999999999,0.0,348,2023-07-03,67.45,-133.74,S2B_MSIL1C_20230703T202849_N0509_R114_T08WNV_20230703T220319,Sentinel-2B,348,Mackenzie,172.483239612539,44.3393764747663,0.9020800522471569,"{""type"":""MultiPoint"",""coordinates"":[]}"
20230704T072621_20230704T072620_T41WPP_0,67.00000000000003,37.00000000000001,1233.0000000000002,350,895.0,636.0,496.0,470.99999999999994,372.0,360.0,275.00000000000006,289.0,68.0,4.69306339395025,350,2023-07-04,66.63000000000001,66.6,S2A_MSIL1C_20230704T072621_N0509_R049_T41WPP_20230704T074217,Sentinel-2A,350,Ob,177.469120366458,43.3195952510955,0.8108291043686856,"{""type"":""MultiPoint"",""coordinates"":[]}"
20230704T072621_20230704T072620_T41WPQ_0,67.00000000000003,37.00000000000001,1234.0,350,894.9999999999999,636.0,496.0,470.99999999999994,372.00000000000006,360.00000000000006,275.0,289.0,67.99999999999999,13.4324405028517,350,2023-07-04,66.63000000000001,66.6,S2A_MSIL1C_20230704T072621_N0509_R049_T41WPQ_20230704T074217,Sentinel-2A,350,Ob,177.599891607852,44.2126459049434,0.810795389288078,"{""type"":""MultiPoint"",""coordinates"":[]}"
20230704T205031_20230704T205124_T08WNV_5,74.0,39.0,1522.0,348,1276.0,1117.0,981.0,886.0000000000001,638.0,642.0,464.0,515.0,104.99999999999999,17.7146208914214,348,2023-07-04,67.45,-133.74,S2A_MSIL1C_20230704T205031_N0509_R057_T08WNV_20230705T000755,Sentinel-2A,348,Mackenzie,179.000905567615,44.2845787162088,0.8751401877794109,"{""type"":""MultiPoint"",""coordinates"":[]}"
20230705T010649_20230705T010652_T57WWS_3,35.0,19.0,1396.0,268,1036.0,774.0,496.0,401.0,294.0,276.0,195.00000000000003,215.99999999999997,94.0,43.7764477309683,268,2023-07-05,68.75,161.3,S2B_MSIL1C_20230705T010649_N0509_R131_T57WWS_20230705T022343,Sentinel-2B,268,Kolyma,175.125578248771,46.149901649535,0.9124957386068125,"{""type"":""MultiPoint"",""coordinates"":[]}"
20230705T033541_20230705T033540_T51WWQ_2,74.0,55.0,1144.0,351,812.0,574.0000000000001,442.0,402.99999999999994,313.00000000000006,300.0,229.0,251.0,78.0,10.2673116545731,351,2023-07-05,66.76905,123.39458,S2A_MSIL1C_20230705T033541_N0509_R061_T51WWQ_20230705T052649,Sentinel-2A,351,Lena,177.286056799083,44.3263865743052,0.771722464136375,"{""type"":""MultiPoint"",""coordinates"":[]}"
20230706T062631_20230706T062712_T44WPC_1,589.0296096904442,557.0,1519.0,133,1195.0,876.0,690.3333333333334,690.0,796.5188679245282,824.0,829.6,805.4015748031495,277.0,32.0,133,2023-07-06,69.37340000000002,86.12130000000002,S2A_MSIL1C_20230706T062631_N0509_R077_T44WPC_20230706T071548,Sentinel-2A,133,Yenisey,181.561949947664,47.0700342822748,0.18469016253948212,"{""type"":""MultiPoint"",""coordinates"":[]}"
20230706T062631_20230706T062712_T45WVS_1,621.5148514851486,582.0,1520.0,147,1208.0,883.0,694.3532258064515,701.6345381526105,817.0,848.0,840.0,826.0,277.0,41.6094195983249,147,2023-07-06,69.37340000000002,86.12130000000002,S2A_MSIL1C_20230706T062631_N0509_R077_T45WVS_20230706T071548,Sentinel-2A,147,Yenisey,182.739484263986,46.2282781768624,0.17495303601026535,"{""type"":""MultiPoint"",""coordinates"":[]}"
20230706T062631_20230706T062712_T45WVT_1,612.5,577.5,1521.0,140,1208.0,883.0,693.0,701.6345381526105,806.0,839.0,822.0,826.0,277.0,42.1817910358625,140,2023-07-06,69.37340000000002,86.12130000000002,S2A_MSIL1C_20230706T062631_N0509_R077_T45WVT_20230706T071548,Sentinel-2A,140,Yenisey,182.56972542047,47.1218728029967,0.1767406314611435,"{""type"":""MultiPoint"",""coordinates"":[]}"
20230706T071629_20230706T071623_T41WPQ_0,89.0,53.0,1327.0,350,958.9999999999999,714.0000000000001,571.0000000000001,551.0,429.9999999999999,427.00000000000006,332.0,338.0,107.0,39.2155334587476,350,2023-07-06,66.63000000000001,66.6,S2B_MSIL1C_20230706T071629_N0509_R006_T41WPQ_20230706T073518,Sentinel-2B,350,Ob,174.209155774699,44.4693546744995,0.7767765522003174,"{""type"":""MultiPoint"",""coordinates"":[]}"
20230708T034541_20230708T034759_T51WWQ_2,191.0,150.0,1160.0000000000002,351,891.0,696.0,629.0,612.0,481.0,478.0,384.0,418.0,136.0,15.1989031217561,351,2023-07-08,66.76905,123.39458,S2A_MSIL1C_20230708T034541_N0509_R104_T51WWQ_20230708T054039,Sentinel-2A,351,Lena,180.408276777734,44.6136881643911,0.5695976272534212,"{""type"":""MultiPoint"",""coordinates"":[]}"
20230708T202851_20230708T202858_T08WNV_5,115.99999999999999,58.0,1673.9999999999995,348,1374.0,1180.0,1020.0,945.9999999999999,788.0000000000001,807.9999999999999,630.0,650.0,136.99999999999997,11.5822253611094,348,2023-07-08,67.45,-133.74,S2A_MSIL1C_20230708T202851_N0509_R114_T08WNV_20230708T234448,Sentinel-2A,348,Mackenzie,172.24893204656,44.8480572138928,0.820604622921792,"{""type"":""MultiPoint"",""coordinates"":[]}"
20230710T033539_20230710T033539_T51WWQ_2,89.0,52.00000000000001,1275.0,351,926.0,675.0000000000001,523.0,484.0000000000001,411.99999999999994,414.00000000000006,322.0,333.0,96.99999999999999,3.00292633402013,351,2023-07-10,66.76905,123.39458,S2B_MSIL1C_20230710T033539_N0509_R061_T51WWQ_20230710T052543,Sentinel-2B,351,Lena,177.040364136857,44.8710231269909,0.7664042115211487,"{""type"":""MultiPoint"",""coordinates"":[]}"
20230711T071621_20230711T071840_T41WPP_0,54.0,36.99999999999999,1130.0,350,801.0,573.0,451.0,451.00000000000006,326.0,312.0,226.00000000000003,258.0,85.0,0.0,350,2023-07-11,66.63000000000001,66.6,S2A_MSIL1C_20230711T071621_N0509_R006_T41WPP_20230711T080611,Sentinel-2A,350,Ob,173.809951960598,44.1676449652931,0.8278883397579193,"{""type"":""MultiPoint"",""coordinates"":[]}"
20230711T071621_20230711T071840_T41WPQ_0,54.0,36.99999999999999,1130.0,350,801.0,573.0,451.0,451.00000000000006,326.0,312.0,226.0,258.0,84.99999999999999,5.29361880020305,350,2023-07-11,66.63000000000001,66.6,S2A_MSIL1C_20230711T071621_N0509_R006_T41WPQ_20230711T080611,Sentinel-2A,350,Ob,173.994784475234,45.0547860935034,0.8280254602432251,"{""type"":""MultiPoint"",""coordinates"":[]}"
20230713T011701_20230713T011658_T57WWS_3,77.0,57.0,1193.0,351,913.0,738.9999999999999,494.0,410.0,303.0,284.0,220.0,238.99999999999997,77.0,0.0,351,2023-07-13,68.75,161.3,S2A_MSIL1C_20230713T011701_N0509_R031_T57WWS_20230713T022636,Sentinel-2A,351,Kolyma,177.94726439639,47.0402562470166,0.8102448681990305,"{""type"":""MultiPoint"",""coordinates"":[]}"
20230713T070629_20230713T070625_T41WPP_0,59.00000000000001,30.000000000000007,1306.0,350,939.0,680.0,512.9999999999999,519.0000000000001,420.0,405.9999999999999,301.0,335.0,116.0,0.0149306990196447,350,2023-07-13,66.63000000000001,66.6,S2B_MSIL1C_20230713T070629_N0509_R106_T41WPP_20230713T085747,Sentinel-2B,350,Ob,170.443420974392,44.5839391163374,0.8401709068134378,"{""type"":""MultiPoint"",""coordinates"":[]}"
20230713T070629_20230713T070625_T41WPQ_0,59.00000000000001,30.000000000000007,1306.0,350,939.0,680.0,512.9999999999999,519.0000000000001,420.0,405.9999999999999,301.0,335.0,116.0,0.0395413865124747,350,2023-07-13,66.63000000000001,66.6,S2B_MSIL1C_20230713T070629_N0509_R106_T41WPQ_20230713T085747,Sentinel-2B,350,Ob,170.676916728601,45.462536470564,0.8401918931350187,"{""type"":""MultiPoint"",""coordinates"":[]}"
20230714T072621_20230714T072620_T41WPP_0,38.000000000000014,23.0,1079.9999999999995,350,762.9999999999999,550.0,423.0,427.99999999999994,295.99999999999994,284.0,195.0,227.0,70.99999999999999,0.0,350,2023-07-14,66.63000000000001,66.6,S2A_MSIL1C_20230714T072621_N0509_R049_T41WPP_20230714T074431,Sentinel-2A,350,Ob,177.012159136027,44.5145815996017,0.8706625978151957,"{""type"":""MultiPoint"",""coordinates"":[]}"
20230714T072621_20230714T072620_T41WPQ_0,38.000000000000014,23.0,1079.9999999999995,350,762.9999999999999,549.0,423.0,428.00000000000006,296.00000000000006,284.0,195.0,227.0,72.0,0.0,350,2023-07-14,66.63000000000001,66.6,S2A_MSIL1C_20230714T072621_N0509_R049_T41WPQ_20230714T074431,Sentinel-2A,350,Ob,177.147179126104,45.4070754168387,0.8706625978151957,"{""type"":""MultiPoint"",""coordinates"":[]}"
20230714T205031_20230714T205127_T08WNV_5,107.99999999999999,53.0,1575.0,348,1289.0,1046.532538955087,874.7695121951218,828.2682926829268,756.5008156606851,760.5416666666666,604.0,624.4344558864459,176.0,11.5809151138853,348,2023-07-14,67.45,-133.74,S2A_MSIL1C_20230714T205031_N0509_R057_T08WNV_20230715T000617,Sentinel-2A,348,Mackenzie,178.543204801296,45.5114943549841,0.8133283396231591,"{""type"":""MultiPoint"",""coordinates"":[]}"
20230715T010649_20230715T010652_T57WWS_3,32.0,17.0,1228.0000000000005,351,894.9999999999999,651.9999999999999,390.99999999999994,322.0,256.0,245.00000000000006,174.0,192.0,62.0,0.0821653963527054,351,2023-07-15,68.75,161.3,S2B_MSIL1C_20230715T010649_N0509_R131_T57WWS_20230715T022332,Sentinel-2B,351,Kolyma,174.727455751564,47.395740957346,0.9065132507969603,"{""type"":""MultiPoint"",""coordinates"":[]}"
20230716T012701_20230716T012659_T57WWS_3,462.0,187.0,2543.0,298,2366.0,2063.0,1798.0,1749.9999999999998,1834.0,1816.0,1645.0000000000002,1615.0,688.0,30.9357998148646,298,2023-07-16,68.75,161.3,S2A_MSIL1C_20230716T012701_N0509_R074_T57WWS_20230716T022910,Sentinel-2A,298,Kolyma,180.996003083608,47.4895921126644,0.6337010264396667,"{""type"":""MultiPoint"",""coordinates"":[]}"
20230716T071619_20230716T071622_T41WPP_0,115.0,72.0,1235.9999999999998,350,884.0000000000001,645.9999999999999,493.0,498.99999999999994,414.0,412.99999999999994,329.0,348.0,126.00000000000006,38.3213293917406,350,2023-07-16,66.63000000000001,66.6,S2B_MSIL1C_20230716T071619_N0509_R006_T41WPP_20230716T073552,Sentinel-2B,350,Ob,173.666834185535,44.9102093968385,0.6965092581163331,"{""type"":""MultiPoint"",""coordinates"":[]}"
20230716T071619_20230716T071622_T41WPQ_0,115.0,72.0,1236.0000000000002,350,884.0000000000001,645.9999999999999,493.0,498.99999999999994,414.00000000000006,413.99999999999994,329.0,348.0,125.99999999999999,45.0473289736929,350,2023-07-16,66.63000000000001,66.6,S2B_MSIL1C_20230716T071619_N0509_R006_T41WPQ_20230716T073552,Sentinel-2B,350,Ob,173.850732186367,45.7970375920512,0.6965302250800876,"{""type"":""MultiPoint"",""coordinates"":[]}"
20230718T070631_20230718T070625_T41WPP_0,767.0,318.0,1624.0,23,1206.0,1157.0,1197.0,1153.0,1010.0,857.0,653.0,731.0,199.0,9.4634145428619,23,2023-07-18,66.63000000000001,66.6,S2A_MSIL1C_20230718T070631_N0509_R106_T41WPP_20230718T075552,Sentinel-2A,23,Ob,170.35878725143,45.3886658218686,0.20095238089561462,"{""type"":""MultiPoint"",""coordinates"":[]}"
20230718T221531_20230718T221533_T03VXJ_4,70.0,34.00000000000001,1456.0000000000002,342,1233.0,1128.9999999999998,1071.0,1037.0,932.9999999999999,964.0,749.0000000000001,792.0000000000001,129.0,6.74296037504852,342,2023-07-18,61.93,-162.88,S2A_MSIL1C_20230718T221531_N0509_R115_T03VXJ_20230719T000613,Sentinel-2A,342,Yukon,167.233888876136,41.2435370490977,0.8823529481887817,"{""type"":""MultiPoint"",""coordinates"":[]}"
20230719T072619_20230719T072620_T41WPP_0,58.0,29.000000000000004,1233.0,350,889.0000000000002,646.0000000000001,485.00000000000006,480.0,380.99999999999994,372.0,278.00000000000006,294.99999999999994,79.00000000000001,13.8761384335155,350,2023-07-19,66.63000000000001,66.6,S2B_MSIL1C_20230719T072619_N0509_R049_T41WPP_20230719T074404,Sentinel-2B,350,Ob,176.891443442365,45.3457895028212,0.8382196575403214,"{""type"":""MultiPoint"",""coordinates"":[]}"
20230719T072619_20230719T072620_T41WPQ_0,58.0,29.000000000000004,1233.0,350,889.0000000000002,646.0000000000001,485.0,480.0,380.9999999999999,372.0,278.0,294.99999999999994,79.00000000000001,10.2338678372003,350,2023-07-19,66.63000000000001,66.6,S2B_MSIL1C_20230719T072619_N0509_R049_T41WPQ_20230719T074404,Sentinel-2B,350,Ob,177.026216263618,46.2381237102372,0.8382196575403214,"{""type"":""MultiPoint"",""coordinates"":[]}"
20230720T010651_20230720T010651_T57WWS_3,95.00000000000001,51.00000000000001,1387.9999999999995,351,1045.0000000000002,799.0,511.00000000000006,466.0,461.00000000000006,443.0000000000001,367.00000000000006,378.00000000000006,140.00000000000003,0.6555140723722,351,2023-07-20,68.75,161.3,S2A_MSIL1C_20230720T010651_N0509_R131_T57WWS_20230720T022350,Sentinel-2A,351,Kolyma,174.629110204849,48.2499563951476,0.7876808937486663,"{""type"":""MultiPoint"",""coordinates"":[]}"
20230720T033539_20230720T033540_T51WWQ_2,57.00000000000001,34.0,1263.9999999999998,351,913.0000000000001,659.9999999999999,502.0,452.00000000000006,357.0,351.99999999999994,262.0,276.99999999999994,73.0,27.7285974499089,351,2023-07-20,66.76905,123.39458,S2B_MSIL1C_20230720T033539_N0509_R061_T51WWQ_20230720T052650,Sentinel-2B,351,Lena,176.751977270631,46.4312328522797,0.8420401737093925,"{""type"":""MultiPoint"",""coordinates"":[]}"
20230721T203841_20230721T203933_T08WNV_5,57.0,31.0,1431.0,348,1186.0,1059.0000000000002,915.0,804.0,515.0,525.0000000000001,364.0,411.00000000000006,79.0,27.4500283675237,348,2023-07-21,67.45,-133.74,S2A_MSIL1C_20230721T203841_N0509_R014_T08WNV_20230721T235626,Sentinel-2A,348,Mackenzie,175.17570634486,46.7914172782431,0.89719740126664,"{""type"":""MultiPoint"",""coordinates"":[]}"
20230723T034539_20230723T034539_T51WWQ_2,65.0,30.000000000000004,1347.9999999999993,351,1005.0000000000001,738.0000000000001,556.0,513.0,452.00000000000006,453.00000000000006,349.0,361.0,92.0,26.9826739477247,351,2023-07-23,66.76905,123.39458,S2B_MSIL1C_20230723T034539_N0509_R104_T51WWQ_20230723T053629,Sentinel-2B,351,Lena,179.923461462725,46.9877173156843,0.8390767574310303,"{""type"":""MultiPoint"",""coordinates"":[]}"
20230723T061631_20230723T061728_T44WPC_1,64.0,35.0,1259.9999999999998,346,884.0000000000001,589.0,374.0,341.0,358.00000000000006,346.99999999999994,281.99999999999994,287.0,99.99999999999997,0.0,346,2023-07-23,69.37340000000002,86.12130000000002,S2A_MSIL1C_20230723T061631_N0509_R034_T44WPC_20230723T070659,Sentinel-2A,346,Yenisey,177.89739275207,49.6696743538639,0.8038428573568991,"{""type"":""MultiPoint"",""coordinates"":[]}"
20230723T061631_20230723T061728_T45WVS_1,64.0,35.0,1259.9999999999998,353,884.0,589.0,374.0,341.0,357.0,347.0,282.0,287.0000000000001,100.0,24.6294604198394,353,2023-07-23,69.37340000000002,86.12130000000002,S2A_MSIL1C_20230723T061631_N0509_R034_T45WVS_20230723T070659,Sentinel-2A,353,Yenisey,179.000908187062,48.8070175645269,0.8045773800173994,"{""type"":""MultiPoint"",""coordinates"":[]}"
20230723T061631_20230723T061728_T45WVT_1,64.0,35.0,1259.9999999999998,353,884.0,588.9999999999999,374.0,341.0,357.00000000000006,347.0,281.99999999999994,287.00000000000006,99.99999999999999,0.0,353,2023-07-23,69.37340000000002,86.12130000000002,S2A_MSIL1C_20230723T061631_N0509_R034_T45WVT_20230723T070659,Sentinel-2A,353,Yenisey,178.886032966159,49.70376356426,0.8045773800173994,"{""type"":""MultiPoint"",""coordinates"":[]}"
20230723T202849_20230723T202848_T08WNV_5,117.00000000000001,71.0,1512.0,348,1234.0,1079.0,887.0,778.0,540.0,564.0,419.0,456.0,128.0,29.5339942716968,348,2023-07-23,67.45,-133.74,S2B_MSIL1C_20230723T202849_N0509_R114_T08WNV_20230723T220428,Sentinel-2B,348,Mackenzie,171.992594690455,47.3007022189311,0.804324704461393,"{""type"":""MultiPoint"",""coordinates"":[]}"
20230724T072621_20230724T072619_T41WPP_0,60.0,33.0,1286.0,350,938.9999999999999,689.0,524.0,506.0,384.99999999999994,370.0,276.0,298.0,82.0,17.2710442234764,350,2023-07-24,66.63000000000001,66.6,S2A_MSIL1C_20230724T072621_N0509_R049_T41WPP_20230724T074333,Sentinel-2A,350,Ob,176.842844708733,46.3225374463802,0.841943105061849,"{""type"":""MultiPoint"",""coordinates"":[]}"
20230724T072621_20230724T072619_T41WPQ_0,60.0,33.0,1285.9999999999998,350,939.0,689.0,524.0,506.0,385.0,370.0,276.0,298.0,82.0,24.8771238317059,350,2023-07-24,66.63000000000001,66.6,S2A_MSIL1C_20230724T072621_N0509_R049_T41WPQ_20230724T074333,Sentinel-2A,350,Ob,176.975902193548,47.2148029096951,0.841943105061849,"{""type"":""MultiPoint"",""coordinates"":[]}"
20230724T205031_20230724T205025_T08WNV_5,102.0,55.0,1557.9999999999998,348,1296.0,1121.0,916.0,803.0,591.9999999999999,598.0,454.99999999999994,482.99999999999994,97.0,15.6154776183966,348,2023-07-24,67.45,-133.74,S2A_MSIL1C_20230724T205031_N0509_R057_T08WNV_20230725T000459,Sentinel-2A,348,Mackenzie,178.36484443131,47.3504172013766,0.8324854085781823,"{""type"":""MultiPoint"",""coordinates"":[]}"
20230725T033541_20230725T033745_T51WWQ_2,145.99999999999997,106.99999999999999,1226.0,351,899.9999999999999,675.9999999999999,544.0,520.0,452.00000000000006,451.0,373.0,388.0,151.0,33.5832960076443,351,2023-07-25,66.76905,123.39458,S2A_MSIL1C_20230725T033541_N0509_R061_T51WWQ_20230725T052932,Sentinel-2A,351,Lena,176.718471778804,47.431505157671,0.6462054974523781,"{""type"":""MultiPoint"",""coordinates"":[]}"
20230725T060639_20230725T060748_T44WPC_1,70.99999999999999,32.0,1358.0,346,975.0,640.0,409.0,367.00000000000006,381.99999999999994,384.9999999999999,301.00000000000006,310.9999999999999,94.99999999999997,0.0,346,2023-07-25,69.37340000000002,86.12130000000002,S2B_MSIL1C_20230725T060639_N0509_R134_T44WPC_20230725T064204,Sentinel-2B,346,Yenisey,174.838066415527,50.1407298021584,0.7997179031372069,"{""type"":""MultiPoint"",""coordinates"":[]}"
20230725T060639_20230725T060748_T45WVS_1,71.0,32.0,1358.0000000000002,353,975.0000000000001,639.9999999999999,409.0,366.99999999999994,383.00000000000006,384.99999999999994,302.00000000000006,311.00000000000006,95.0,0.0898823795001286,353,2023-07-25,69.37340000000002,86.12130000000002,S2B_MSIL1C_20230725T060639_N0509_R134_T45WVS_20230725T064204,Sentinel-2B,353,Yenisey,175.899938882217,49.263341821421,0.7995768547058104,"{""type"":""MultiPoint"",""coordinates"":[]}"
20230725T060639_20230725T060748_T45WVT_1,71.0,32.0,1358.0000000000002,353,975.0000000000001,639.9999999999999,409.0,366.99999999999994,383.0,385.0,301.0,311.00000000000006,94.0,1.23991285596781,353,2023-07-25,69.37340000000002,86.12130000000002,S2B_MSIL1C_20230725T060639_N0509_R134_T45WVT_20230725T064204,Sentinel-2B,353,Yenisey,175.824851548194,50.1599025106932,0.7995768547058104,"{""type"":""MultiPoint"",""coordinates"":[]}"
20230726T062631_20230726T062632_T44WPC_1,87.00000000000001,42.0,1351.9999999999998,346,1012.0,690.0,468.0,420.0,424.99999999999994,418.99999999999994,349.0,337.0,93.99999999999999,0.0,346,2023-07-26,69.37340000000002,86.12130000000002,S2A_MSIL1C_20230726T062631_N0509_R077_T44WPC_20230726T071545,Sentinel-2A,346,Yenisey,180.950839063473,50.297586121573,0.777491956949234,"{""type"":""MultiPoint"",""coordinates"":[]}"
20230726T062631_20230726T062632_T45WVS_1,87.0,41.99999999999999,1351.0,353,1012.0,690.0,468.00000000000006,420.0,425.00000000000006,419.0,349.0,336.9999999999999,93.99999999999996,2.15064762537363,353,2023-07-26,69.37340000000002,86.12130000000002,S2A_MSIL1C_20230726T062631_N0509_R077_T45WVS_20230726T071545,Sentinel-2A,353,Yenisey,182.085040226672,49.4520215866013,0.7774931719495463,"{""type"":""MultiPoint"",""coordinates"":[]}"
20230726T062631_20230726T062632_T45WVT_1,87.0,41.99999999999999,1351.0,353,1012.0,690.0,468.00000000000006,420.0,425.0000000000001,419.0000000000001,348.99999999999994,336.9999999999999,93.99999999999999,0.0,353,2023-07-26,69.37340000000002,86.12130000000002,S2A_MSIL1C_20230726T062631_N0509_R077_T45WVT_20230726T071545,Sentinel-2A,353,Yenisey,181.931589055249,50.34641795238,0.7774931719495463,"{""type"":""MultiPoint"",""coordinates"":[]}"
20230726T203849_20230726T203844_T08WNV_5,81.0,38.0,1532.0000000000002,348,1244.0,1055.0,834.0,726.0,526.0,532.0,400.0,421.0,88.00000000000001,0.645077488130431,348,2023-07-26,67.45,-133.74,S2B_MSIL1C_20230726T203849_N0509_R014_T08WNV_20230726T221106,Sentinel-2B,348,Mackenzie,175.201448495883,47.8385301712418,0.8581100801337217,"{""type"":""MultiPoint"",""coordinates"":[]}"
20230727T032519_20230727T032907_T51WWQ_2,64.0,40.0,1218.9999999999995,351,878.0,624.5869275233435,478.37916100543475,442.6634476098503,336.51865307930876,330.512893982808,238.47200447928333,268.61149825783974,81.00000000000003,0.0819681064766079,351,2023-07-27,66.76905,123.39458,S2B_MSIL1C_20230727T032519_N0509_R018_T51WWQ_20230727T055952,Sentinel-2B,351,Lena,173.566669685928,47.9501252311276,0.8154965884105334,"{""type"":""MultiPoint"",""coordinates"":[]}"
20230728T034541_20230728T034538_T51WWQ_2,57.496385858851355,34.6280400572246,1121.9999999999998,349,804.5424549054113,572.4488414475398,433.50298225745564,397.1390231493259,317.15167814113596,305.52397107401123,229.32246108228316,248.9478497397176,78.0,0.360706739796486,349,2023-07-28,66.76905,123.39458,S2A_MSIL1C_20230728T034541_N0509_R104_T51WWQ_20230728T053607,Sentinel-2A,349,Lena,179.908078838929,48.0701510613931,0.8185501600865586,"{""type"":""MultiPoint"",""coordinates"":[]}"
20230728T061639_20230728T061848_T44WPC_1,37.999999999999986,17.0,1247.0000000000002,346,867.0,561.9999999999999,341.99999999999994,294.0,286.99999999999994,281.00000000000006,212.00000000000003,221.0,66.0,2.58069813968766,346,2023-07-28,69.37340000000002,86.12130000000002,S2B_MSIL1C_20230728T061639_N0509_R034_T44WPC_20230728T070902,Sentinel-2B,346,Yenisey,177.913070989024,50.7548646695574,0.8729097247123718,"{""type"":""MultiPoint"",""coordinates"":[]}"
20230728T061639_20230728T061848_T45WVS_1,37.99999999999999,17.0,1246.9999999999998,353,866.9999999999999,561.9999999999999,342.0,294.0,287.00000000000006,280.9999999999999,211.99999999999997,221.00000000000009,66.00000000000004,1.50473289736929,353,2023-07-28,69.37340000000002,86.12130000000002,S2B_MSIL1C_20230728T061639_N0509_R034_T45WVS_20230728T070902,Sentinel-2B,353,Yenisey,179.007079498871,49.8922680400549,0.8729097247123716,"{""type"":""MultiPoint"",""coordinates"":[]}"
20230728T061639_20230728T061848_T45WVT_1,38.000000000000014,17.0,1246.9999999999998,353,866.9999999999999,561.9999999999999,342.0,294.0,285.99999999999994,280.99999999999994,211.99999999999997,221.00000000000009,66.0,2.60852817343008,353,2023-07-28,69.37340000000002,86.12130000000002,S2B_MSIL1C_20230728T061639_N0509_R034_T45WVT_20230728T070902,Sentinel-2B,353,Yenisey,178.892775619623,50.789007596852,0.8729097247123716,"{""type"":""MultiPoint"",""coordinates"":[]}"
20230728T070631_20230728T070626_T41WPP_0,51.99999999999999,31.0,1343.0,350,961.0,701.0,533.0,507.99999999999994,363.0,356.00000000000006,268.0,277.0,68.99999999999999,36.9787085189245,350,2023-07-28,66.63000000000001,66.6,S2A_MSIL1C_20230728T070631_N0509_R106_T41WPP_20230728T075426,Sentinel-2A,350,Ob,170.464210578052,47.4212469410384,0.8635560075441996,"{""type"":""MultiPoint"",""coordinates"":[]}"
20230728T070631_20230728T070626_T41WPQ_0,51.99999999999999,31.0,1343.0,350,961.0,701.0,533.0,507.99999999999994,363.0,356.00000000000006,268.0,277.0,68.99999999999999,43.9596252467268,350,2023-07-28,66.63000000000001,66.6,S2A_MSIL1C_20230728T070631_N0509_R106_T41WPQ_20230728T075426,Sentinel-2A,350,Ob,170.68121813065,48.2998686958576,0.8635560075441996,"{""type"":""MultiPoint"",""coordinates"":[]}"
20230728T202851_20230728T203032_T08WNV_5,118.99999999999999,60.0,1627.9999999999998,348,1316.0,1103.0000000000002,857.0,751.0,600.0000000000001,608.0,487.0,485.99999999999994,97.99999999999999,0.086935061236443,348,2023-07-28,67.45,-133.74,S2A_MSIL1C_20230728T202851_N0509_R114_T08WNV_20230728T234444,Sentinel-2A,348,Mackenzie,172.072874037318,48.4003392828624,0.8051179846443322,"{""type"":""MultiPoint"",""coordinates"":[]}"
20230729T072619_20230729T072620_T41WPP_0,78.0,48.0,1152.9999999999998,350,835.9999999999999,629.0,492.00000000000006,475.99999999999994,332.00000000000006,326.00000000000006,239.00000000000003,260.0,67.99999999999999,16.0329660485533,350,2023-07-29,66.63000000000001,66.6,S2B_MSIL1C_20230729T072619_N0509_R049_T41WPP_20230729T074621,Sentinel-2B,350,Ob,176.890593974096,47.4353965869439,0.7807519300581468,"{""type"":""MultiPoint"",""coordinates"":[]}"
20230729T072619_20230729T072620_T41WPQ_0,78.0,48.0,1152.9999999999998,350,836.0000000000002,629.0,492.00000000000006,475.99999999999994,332.99999999999994,326.0,238.99999999999997,260.0,67.99999999999999,0.157126220550031,350,2023-07-29,66.63000000000001,66.6,S2B_MSIL1C_20230729T072619_N0509_R049_T41WPQ_20230729T074621,Sentinel-2B,350,Ob,177.020320916597,48.3277177902496,0.7807993677063658,"{""type"":""MultiPoint"",""coordinates"":[]}"
20230729T205029_20230729T205026_T08WNV_5,135.0,57.0,1770.0000000000002,348,1460.0,1225.0,979.0,858.0,715.0,733.0000000000001,593.0,586.9999999999999,109.00000000000001,6.80123623430925,348,2023-07-29,67.45,-133.74,S2B_MSIL1C_20230729T205029_N0509_R057_T08WNV_20230729T223551,Sentinel-2B,348,Mackenzie,178.402618675008,48.4783404593671,0.8015086257557722,"{""type"":""MultiPoint"",""coordinates"":[]}"
20230730T033539_20230730T033540_T51WWQ_2,117.04223024664911,84.61608183348437,1173.9999999999998,336,846.3079812206573,612.4797727902467,477.2965860597439,441.63095238095235,357.07465991774757,353.84835355285963,281.57264849930925,297.3054748062015,104.63102893890675,20.65018364239,336,2023-07-30,66.76905,123.39458,S2B_MSIL1C_20230730T033539_N0509_R061_T51WWQ_20230730T052624,Sentinel-2B,336,Lena,176.778362959891,48.5663064228052,0.6781175613483541,"{""type"":""MultiPoint"",""coordinates"":[]}"
20230731T203841_20230731T203844_T08WNV_5,521.0,228.0,2781.0,7,2490.0,2114.0,1834.0,1774.0,1864.0,1889.0,1739.0,1673.0,481.0,12.5562423482337,7,2023-07-31,67.45,-133.74,S2A_MSIL1C_20230731T203841_N0509_R014_T08WNV_20230731T235432,Sentinel-2A,7,Mackenzie,175.300656747888,49.0165985385676,0.6044039726257324,"{""type"":""MultiPoint"",""coordinates"":[]}"
20230801T032521_20230801T032519_T51WWQ_2,69.44931935246504,50.35597826086956,1189.0,323,840.4708220702815,604.3981400755595,448.60741402411793,409.5175604626708,313.3440427031926,300.69125132046486,229.57676182870833,253.36944251140494,84.61439043702589,0.487443638209561,323,2023-08-01,66.76905,123.39458,S2A_MSIL1C_20230801T032521_N0509_R018_T51WWQ_20230801T051743,Sentinel-2A,323,Lena,173.688995103323,49.1342243609651,0.7906240430817393,"{""type"":""MultiPoint"",""coordinates"":[]}"
20230802T034539_20230802T034538_T51WWQ_2,57.644007155635066,40.630930899055315,1122.2430508474579,320,806.5494647233328,580.5391177187422,429.187987987988,381.5636510827768,293.05362439198007,285.4644742796802,206.00227754653264,229.41800364235542,70.53289277056422,23.8595497204792,320,2023-08-02,66.76905,123.39458,S2B_MSIL1C_20230802T034539_N0509_R104_T51WWQ_20230802T053534,Sentinel-2B,320,Lena,179.976793964651,49.2827771795999,0.8182074907219333,"{""type"":""MultiPoint"",""coordinates"":[]}"
20230802T061641_20230802T061646_T44WPC_1,99.99999999999999,77.0,1193.0,346,832.0,560.0000000000001,364.8308270676691,328.4105489196081,314.0,297.0,244.0,256.50941153160295,96.99999999999999,0.0,346,2023-08-02,69.37340000000002,86.12130000000002,S2A_MSIL1C_20230802T061641_N0509_R034_T44WPC_20230802T070652,Sentinel-2A,346,Yenisey,177.999454549746,51.9693526287308,0.6969982498122853,"{""type"":""MultiPoint"",""coordinates"":[]}"
20230802T061641_20230802T061646_T45WVS_1,100.00000000000001,77.0,1192.0000000000002,353,832.4997740623588,560.0,364.5410667207463,328.00000000000006,314.0,297.0,244.99999999999997,256.4265988372093,97.0,20.7831825375496,353,2023-08-02,69.37340000000002,86.12130000000002,S2A_MSIL1C_20230802T061641_N0509_R034_T45WVS_20230802T070652,Sentinel-2A,353,Yenisey,179.084032638852,51.1071828541858,0.6977558393995245,"{""type"":""MultiPoint"",""coordinates"":[]}"
20230802T061641_20230802T061646_T45WVT_1,100.00000000000001,77.0,1192.0000000000002,353,832.4997740623588,560.0,364.5160393498717,328.00000000000006,313.99999999999994,297.00000000000006,245.0,256.4265988372093,97.0,0.0,353,2023-08-02,69.37340000000002,86.12130000000002,S2A_MSIL1C_20230802T061641_N0509_R034_T45WVT_20230802T070652,Sentinel-2A,353,Yenisey,178.969458085486,52.0038905992793,0.6977558393995245,"{""type"":""MultiPoint"",""coordinates"":[]}"
20230803T072621_20230803T072620_T41WPP_0,83.0,54.0,1249.0,350,914.0000000000001,669.0,512.0,480.5,382.39291217257323,374.3008241758241,289.0,300.556525534701,78.0,0.0112275672608916,350,2023-08-03,66.63000000000001,66.6,S2A_MSIL1C_20230803T072621_N0509_R049_T41WPP_20230803T074602,Sentinel-2A,350,Ob,177.015382102405,48.6749224873945,0.785436643902536,"{""type"":""MultiPoint"",""coordinates"":[]}"
20230803T072621_20230803T072620_T41WPQ_0,83.0,54.0,1249.0,350,914.0000000000001,669.0,512.0,480.5,382.00000000000006,374.352492370295,289.0,300.556525534701,78.0,0.0,350,2023-08-03,66.63000000000001,66.6,S2A_MSIL1C_20230803T072621_N0509_R049_T41WPQ_20230803T074602,Sentinel-2A,350,Ob,177.140608097138,49.5673966889158,0.785436643902536,"{""type"":""MultiPoint"",""coordinates"":[]}"
20230804T060639_20230804T060635_T44WPC_1,31.0,12.0,1198.9999999999998,346,817.0,503.00000000000017,287.00000000000006,249.0,231.99999999999994,225.0,163.0,177.99999999999997,62.0,0.0,346,2023-08-04,69.37340000000002,86.12130000000002,S2B_MSIL1C_20230804T060639_N0509_R134_T44WPC_20230804T064410,Sentinel-2B,346,Yenisey,175.050840275893,52.5392616750705,0.8855883437290526,"{""type"":""MultiPoint"",""coordinates"":[]}"
20230804T060639_20230804T060635_T45WVS_1,30.0,12.000000000000002,1198.9999999999998,353,817.0000000000001,502.99999999999994,286.99999999999994,249.00000000000003,231.99999999999997,225.0,163.0,177.99999999999997,61.99999999999999,0.0,353,2023-08-04,69.37340000000002,86.12130000000002,S2B_MSIL1C_20230804T060639_N0509_R134_T45WVS_20230804T064410,Sentinel-2B,353,Yenisey,176.097762697691,51.662782679163,0.8865247368812561,"{""type"":""MultiPoint"",""coordinates"":[]}"
20230804T060639_20230804T060635_T45WVT_1,30.0,12.000000000000002,1198.9999999999998,353,817.0000000000001,502.99999999999994,286.99999999999994,249.00000000000003,232.00000000000003,225.00000000000006,163.0,177.99999999999997,62.00000000000001,0.0,353,2023-08-04,69.37340000000002,86.12130000000002,S2B_MSIL1C_20230804T060639_N0509_R134_T45WVT_20230804T064410,Sentinel-2B,353,Yenisey,176.018355885398,52.5594248603282,0.8865247368812561,"{""type"":""MultiPoint"",""coordinates"":[]}"
20230805T062631_20230805T062632_T44WPC_1,31.0,18.0,1088.0,346,761.9999999999998,474.0,274.0,239.00000000000006,218.99999999999997,211.0,162.00000000000003,164.99999999999997,61.0,0.0,346,2023-08-05,69.37340000000002,86.12130000000002,S2A_MSIL1C_20230805T062631_N0509_R077_T44WPC_20230805T071744,Sentinel-2A,346,Yenisey,181.082658486922,52.7517203020556,0.8771459932047692,"{""type"":""MultiPoint"",""coordinates"":[]}"
20230805T062631_20230805T062632_T45WVS_1,31.0,18.000000000000004,1085.9999999999998,353,762.0000000000001,474.0,275.0,239.00000000000003,219.00000000000006,210.00000000000006,161.00000000000003,165.00000000000003,61.0,0.0,353,2023-08-05,69.37340000000002,86.12130000000002,S2A_MSIL1C_20230805T062631_N0509_R077_T45WVS_20230805T071744,Sentinel-2A,353,Yenisey,182.194014249798,51.9068814579419,0.8766027798733699,"{""type"":""MultiPoint"",""coordinates"":[]}"
20230805T062631_20230805T062632_T45WVT_1,31.0,18.000000000000004,1085.9999999999998,353,762.0000000000001,474.0,275.0,239.00000000000003,219.00000000000003,210.00000000000003,161.00000000000006,165.00000000000003,60.99999999999999,0.0,353,2023-08-05,69.37340000000002,86.12130000000002,S2A_MSIL1C_20230805T062631_N0509_R077_T45WVT_20230805T071744,Sentinel-2A,353,Yenisey,182.044071853096,52.8011383537889,0.8766027798733699,"{""type"":""MultiPoint"",""coordinates"":[]}"
20230805T071619_20230805T071622_T41WPP_0,59.0,36.0,1260.0,350,896.0000000000001,641.0,462.0,436.00000000000006,338.0,325.0,246.0,262.0,79.0,0.00815193048463675,350,2023-08-05,66.63000000000001,66.6,S2B_MSIL1C_20230805T071619_N0509_R006_T41WPP_20230805T073630,Sentinel-2B,350,Ob,173.941573236734,49.2809359722579,0.829420824845632,"{""type"":""MultiPoint"",""coordinates"":[]}"
20230805T071619_20230805T071622_T41WPQ_0,59.0,36.0,1260.0,350,896.0000000000001,641.0,462.0,436.00000000000006,338.0,325.0,246.0,262.0,78.99999999999999,0.0,350,2023-08-05,66.63000000000001,66.6,S2B_MSIL1C_20230805T071619_N0509_R006_T41WPQ_20230805T073630,Sentinel-2B,350,Ob,174.104575159149,50.1683101919633,0.829420824845632,"{""type"":""MultiPoint"",""coordinates"":[]}"
20230805T203849_20230805T203843_T08WNV_5,139.00000000000003,66.0,1931.0,144,1608.0000000000002,1361.0,1205.0,1110.0,926.0,952.9999999999999,751.0,774.0,126.0,6.45626922272985,144,2023-08-05,67.45,-133.74,S2B_MSIL1C_20230805T203849_N0509_R014_T08WNV_20230805T221110,Sentinel-2B,144,Mackenzie,175.482290281558,50.3157026576181,0.8146178722381592,"{""type"":""MultiPoint"",""coordinates"":[]}"
20230806T032519_20230806T032602_T51WWQ_2,120.84268753372909,86.53187476423989,1278.0000000000002,322,954.0,730.5,582.5767634854772,532.5641025641025,392.89755054432345,388.91060553832006,293.85032159598825,321.34307008958814,85.00000000000001,0.127056645465675,322,2023-08-06,66.76905,123.39458,S2B_MSIL1C_20230806T032519_N0509_R018_T51WWQ_20230806T051538,Sentinel-2B,322,Lena,173.894603843373,50.438127834285,0.7208751673290997,"{""type"":""MultiPoint"",""coordinates"":[]}"
20230807T034541_20230807T034538_T51WWQ_2,64.99965205288795,44.48282855597622,1118.895561719834,312,810.6077453580905,596.5527753080148,434.7330558858501,389.32800955295176,293.48159819921216,281.3808929428708,213.4746835443038,225.69975040375857,64.83993480981344,19.3238256749386,312,2023-08-07,66.76905,123.39458,S2A_MSIL1C_20230807T034541_N0509_R104_T51WWQ_20230807T053545,Sentinel-2A,312,Lena,180.122209139595,50.6161051067814,0.8068230134542841,"{""type"":""MultiPoint"",""coordinates"":[]}"
20230807T061639_20230807T061852_T44WPC_1,30.999999999999996,13.0,1168.0,346,795.0,503.0,292.0,251.0,231.00000000000003,226.0,164.99999999999997,173.00000000000003,62.000000000000014,0.0,346,2023-08-07,69.37340000000002,86.12130000000002,S2B_MSIL1C_20230807T061639_N0509_R034_T44WPC_20230807T070839,Sentinel-2B,346,Yenisey,178.16260268586,53.3035926134217,0.8841121792793274,"{""type"":""MultiPoint"",""coordinates"":[]}"
20230807T061639_20230807T061852_T45WVS_1,31.0,13.000000000000004,1167.0,353,794.9999999999998,503.0,292.00000000000006,251.00000000000003,231.00000000000003,226.0,165.00000000000003,173.00000000000006,62.0,3.66200842067545,353,2023-08-07,69.37340000000002,86.12130000000002,S2B_MSIL1C_20230807T061639_N0509_R034_T45WVS_20230807T070839,Sentinel-2B,353,Yenisey,179.237877123565,52.4422531830835,0.8846868276596069,"{""type"":""MultiPoint"",""coordinates"":[]}"
20230807T061639_20230807T061852_T45WVT_1,31.0,13.000000000000004,1167.0,353,794.9999999999998,503.0000000000001,292.00000000000006,251.00000000000003,231.0,226.00000000000003,165.0,173.00000000000006,61.99999999999999,0.0,353,2023-08-07,69.37340000000002,86.12130000000002,S2B_MSIL1C_20230807T061639_N0509_R034_T45WVT_20230807T070839,Sentinel-2B,353,Yenisey,179.122280188098,53.3388966027815,0.8846868276596069,"{""type"":""MultiPoint"",""coordinates"":[]}"
20230807T070631_20230807T070625_T41WPP_0,83.0,49.0,1407.0,350,1014.0,719.0,521.0,486.41074523396884,404.0,392.0,317.0,319.0,88.00000000000001,0.830802935556511,350,2023-08-07,66.63000000000001,66.6,S2A_MSIL1C_20230807T070631_N0509_R106_T41WPP_20230807T075600,Sentinel-2A,350,Ob,170.917725536467,49.9565613642883,0.7945947051048279,"{""type"":""MultiPoint"",""coordinates"":[]}"
20230807T070631_20230807T070625_T41WPQ_0,83.0,49.0,1407.0,350,1014.0,719.0,522.0,486.4817073170732,404.0,392.0,317.0,319.0,88.00000000000001,0.983240628101949,350,2023-08-07,66.63000000000001,66.6,S2A_MSIL1C_20230807T070631_N0509_R106_T41WPQ_20230807T075600,Sentinel-2A,350,Ob,171.115741428293,50.8364852234511,0.7945947051048279,"{""type"":""MultiPoint"",""coordinates"":[]}"
20230809T010651_20230809T010651_T57WWS_3,28.0,16.0,1321.0,351,1036.0,877.0,662.0,552.0000000000001,323.0,297.0,197.00000000000003,236.0,61.0,0.35987803973916,351,2023-08-09,68.75,161.3,S2A_MSIL1C_20230809T010651_N0509_R131_T57WWS_20230809T022235,Sentinel-2A,351,Kolyma,175.069344807216,53.0060970076026,0.9379093484445051,"{""type"":""MultiPoint"",""coordinates"":[]}"
20230809T033539_20230809T033540_T51WWQ_2,45.214373213556556,26.573953769451578,1164.2385654885654,295,822.3996404053613,596.4388151505341,417.2727857257676,381.12056367432155,269.34582323121003,265.19519190215107,185.5370654753595,201.73713189804502,60.21151840451784,0.0,295,2023-08-09,66.76905,123.39458,S2B_MSIL1C_20230809T033539_N0509_R061_T51WWQ_20230914T153745,Sentinel-2B,295,Lena,177.130544483734,51.2017590892327,0.8574743508830551,"{""type"":""MultiPoint"",""coordinates"":[]}"
20230812T011701_20230812T011657_T57WWS_3,44.99999999999999,22.0,1417.0,351,1152.9999999999998,1007.0,894.0,799.0000000000001,528.0,516.0,354.99999999999994,407.99999999999994,93.99999999999997,0.0,351,2023-08-12,68.75,161.3,S2A_MSIL1C_20230812T011701_N0509_R031_T57WWS_20230812T030456,Sentinel-2A,351,Kolyma,178.224440575745,53.8311705090332,0.9147033615836073,"{""type"":""MultiPoint"",""coordinates"":[]}"
20230812T061641_20230812T061700_T44WPC_1,101.0,73.0,1245.0,346,883.9999999999999,625.9999999999999,423.00000000000006,370.0,315.99999999999994,299.0,241.99999999999997,253.0,73.0,0.789572695511959,346,2023-08-12,69.37340000000002,86.12130000000002,S2A_MSIL1C_20230812T061641_N0509_R034_T44WPC_20230812T085216,Sentinel-2A,346,Yenisey,178.393339479765,54.7484037476883,0.7231729712371573,"{""type"":""MultiPoint"",""coordinates"":[]}"
20230812T061641_20230812T061700_T45WVS_1,101.0,72.99999999999999,1244.0,353,884.0,625.0,423.00000000000006,370.0,316.0,299.0,242.0,252.0,74.0,9.94884887575025,353,2023-08-12,69.37340000000002,86.12130000000002,S2A_MSIL1C_20230812T061641_N0509_R034_T45WVS_20230812T085216,Sentinel-2A,353,Yenisey,179.459350511971,53.8882588484795,0.7237141352683191,"{""type"":""MultiPoint"",""coordinates"":[]}"
20230812T061641_20230812T061700_T45WVT_1,101.0,72.99999999999999,1244.9999999999998,353,884.0,625.0,423.00000000000006,370.0,316.0,299.0,241.99999999999997,252.0,74.0,0.607274030278599,353,2023-08-12,69.37340000000002,86.12130000000002,S2A_MSIL1C_20230812T061641_N0509_R034_T45WVT_20230812T085216,Sentinel-2A,353,Yenisey,179.34222229013,54.7848001112483,0.7237141352683191,"{""type"":""MultiPoint"",""coordinates"":[]}"
20230812T070629_20230812T070626_T41WPP_0,38.0,23.0,1230.0,350,848.0000000000002,575.0,366.99999999999994,326.0,253.0,239.0,171.0,188.0,58.0,0.0,350,2023-08-12,66.63000000000001,66.6,S2B_MSIL1C_20230812T070629_N0509_R106_T41WPP_20230812T092546,Sentinel-2B,350,Ob,171.266986308426,51.38954514203,0.8753676987236414,"{""type"":""MultiPoint"",""coordinates"":[]}"
20230812T070629_20230812T070626_T41WPQ_0,38.0,23.0,1230.0,350,848.0000000000002,575.0,366.99999999999994,326.0,253.0,238.99999999999997,171.0,188.0,58.0,0.0,350,2023-08-12,66.63000000000001,66.6,S2B_MSIL1C_20230812T070629_N0509_R106_T41WPQ_20230812T092546,Sentinel-2B,350,Ob,171.453979777932,52.2704450591355,0.8753676987236414,"{""type"":""MultiPoint"",""coordinates"":[]}"
20230813T072621_20230813T072620_T41WPP_0,64.99999999999999,39.0,1246.0000000000002,350,896.0000000000001,632.0,434.0,391.0,324.0,311.0,243.0,250.0,72.0,0.0200662904237212,350,2023-08-13,66.63000000000001,66.6,S2A_MSIL1C_20230813T072621_N0509_R049_T41WPP_20230813T092830,Sentinel-2A,350,Ob,177.494029364038,51.4966766956976,0.8132307082414627,"{""type"":""MultiPoint"",""coordinates"":[]}"
20230813T072621_20230813T072620_T41WPQ_0,64.99999999999999,39.0,1246.0000000000002,350,896.0000000000001,632.0,434.0,391.0,324.0,311.0,243.0,250.0,71.99999999999999,3.1451521395085,350,2023-08-13,66.63000000000001,66.6,S2A_MSIL1C_20230813T072621_N0509_R049_T41WPQ_20230813T092830,Sentinel-2A,350,Ob,177.60744899002,52.3897126607671,0.8132307082414627,"{""type"":""MultiPoint"",""coordinates"":[]}"
20230814T010659_20230814T010653_T57WWS_3,558.0,531.0,1800.0,50,1540.0,1334.0,1263.0,1164.0,868.0,856.0,729.0,728.0,202.0,45.3817148223419,50,2023-08-14,68.75,161.3,S2B_MSIL1C_20230814T010659_N0509_R131_T57WWS_20230814T022351,Sentinel-2B,50,Kolyma,175.372059007227,54.4830328830617,0.41490432620048523,"{""type"":""MultiPoint"",""coordinates"":[]}"
20230814T060639_20230814T060636_T44WPC_1,29.999999999999996,13.000000000000002,1262.0,346,875.9999999999999,567.0000000000001,333.0,282.0,248.00000000000009,241.00000000000006,176.0,185.0,57.999999999999986,0.0,346,2023-08-14,69.37340000000002,86.12130000000002,S2B_MSIL1C_20230814T060639_N0509_R134_T44WPC_20230814T080936,Sentinel-2B,346,Yenisey,175.570643957835,55.3973912260506,0.8994975090026855,"{""type"":""MultiPoint"",""coordinates"":[]}"
20230814T060639_20230814T060636_T45WVS_1,29.99999999999999,14.000000000000002,1262.0,353,876.0,567.0000000000001,333.0,283.0,247.99999999999991,241.0,176.0,185.0,58.00000000000003,0.0,353,2023-08-14,69.37340000000002,86.12130000000002,S2B_MSIL1C_20230814T060639_N0509_R134_T45WVS_20230814T080936,Sentinel-2B,353,Yenisey,176.603487770145,54.5232216751411,0.8990718324979147,"{""type"":""MultiPoint"",""coordinates"":[]}"
20230814T060639_20230814T060636_T45WVT_1,29.99999999999999,14.000000000000002,1262.0,353,876.0,567.0000000000002,333.0,283.0,247.9999999999999,240.99999999999994,175.0,185.0,58.00000000000002,0.0,353,2023-08-14,69.37340000000002,86.12130000000002,S2B_MSIL1C_20230814T060639_N0509_R134_T45WVT_20230814T080936,Sentinel-2B,353,Yenisey,176.516671318647,55.420037832467,0.8990718324979147,"{""type"":""MultiPoint"",""coordinates"":[]}"
20230815T071629_20230815T072039_T41WPP_0,44.490520758339336,30.23974879940894,1143.0,350,792.0,564.7492625368732,385.9812593703148,341.75,237.35301990965368,229.71130764371446,164.96175847457627,177.84849090545674,56.0,4.63647764937741,350,2023-08-15,66.63000000000001,66.6,S2B_MSIL1C_20230815T071629_N0509_R006_T41WPP_20230815T093633,Sentinel-2B,350,Ob,174.563222082153,52.1769132963166,0.8539485695688308,"{""type"":""MultiPoint"",""coordinates"":[]}"
20230815T071629_20230815T072039_T41WPQ_0,44.490520758339336,30.23974879940894,1143.0,350,792.0,564.7492625368732,385.9812593703148,341.75,237.41976893453145,229.53798375537508,165.2517705735661,177.84849090545674,55.99999999999999,2.69386494295348,350,2023-08-15,66.63000000000001,66.6,S2B_MSIL1C_20230815T071629_N0509_R006_T41WPQ_20230815T093633,Sentinel-2B,350,Ob,174.709009357391,53.0655094656453,0.8539485695688308,"{""type"":""MultiPoint"",""coordinates"":[]}"
20230816T032519_20230816T032729_T51WWQ_2,61.73132880698351,34.484382073336356,1236.1977936740495,249,882.3316852966467,626.625,421.2450352338244,385.27777777777777,277.32381794789325,269.19655574258707,194.10845048663688,213.16847326841815,63.0,0.0516886141718176,249,2023-08-16,66.76905,123.39458,S2B_MSIL1C_20230816T032519_N0509_R018_T51WWQ_20230816T055923,Sentinel-2B,249,Lena,174.526498827075,53.3687375475867,0.8219353025797004,"{""type"":""MultiPoint"",""coordinates"":[]}"
20230817T011659_20230817T011657_T57WWS_3,44.0,24.999999999999996,1330.0,351,1074.0,955.0,801.0,646.0,367.0,352.00000000000006,234.0,271.00000000000006,66.0,30.9904147630565,351,2023-08-17,68.75,161.3,S2B_MSIL1C_20230817T011659_N0509_R031_T57WWS_20230817T022658,Sentinel-2B,351,Kolyma,178.525195849206,55.3717576736409,0.9115180886149522,"{""type"":""MultiPoint"",""coordinates"":[]}"
20230817T061639_20230817T061635_T44WPC_1,30.999999999999996,16.0,1166.0,306,783.9999999999999,482.0,272.0,238.0,209.99999999999994,195.99999999999997,138.0,153.00000000000003,59.99999999999999,0.0,306,2023-08-17,69.37340000000002,86.12130000000002,S2B_MSIL1C_20230817T061639_N0509_R034_T44WPC_20230817T082348,Sentinel-2B,306,Yenisey,178.69054847184,56.2933072932034,0.881500965251116,"{""type"":""MultiPoint"",""coordinates"":[]}"
20230817T061639_20230817T061635_T45WVS_1,31.000000000000004,16.0,1165.0,353,784.0,480.99999999999994,272.0,237.00000000000003,210.00000000000003,194.99999999999997,137.0,153.0,59.99999999999999,0.0,353,2023-08-17,69.37340000000002,86.12130000000002,S2B_MSIL1C_20230817T061639_N0509_R034_T45WVS_20230817T082348,Sentinel-2B,353,Yenisey,179.747347448372,55.4347270760321,0.8806860446929932,"{""type"":""MultiPoint"",""coordinates"":[]}"
20230817T061639_20230817T061635_T45WVT_1,31.0,16.0,1166.0000000000002,336,784.0,480.99999999999994,272.0,238.00000000000003,209.99999999999997,196.0,137.99999999999997,153.0,60.0,0.0,336,2023-08-17,69.37340000000002,86.12130000000002,S2B_MSIL1C_20230817T061639_N0509_R034_T45WVT_20230817T082348,Sentinel-2B,336,Yenisey,179.628264837707,56.3311169115729,0.8806860446929932,"{""type"":""MultiPoint"",""coordinates"":[]}"
20230817T061639_20230817T061935_T44WPC_1,30.999999999999996,16.0,1166.0,306,784.0,482.0,273.0,238.0,209.99999999999997,197.0,137.99999999999997,153.0,60.0,0.0,306,2023-08-17,69.37340000000002,86.12130000000002,S2B_MSIL1C_20230817T061639_N0509_R034_T44WPC_20230817T082406,Sentinel-2B,306,Yenisey,178.69054847184,56.2933072932034,0.8815268725156784,"{""type"":""MultiPoint"",""coordinates"":[]}"
20230817T061639_20230817T061935_T45WVS_1,31.000000000000007,16.0,1164.0,353,783.0,480.99999999999994,272.0,237.00000000000003,210.0,196.0,138.0,152.99999999999994,60.00000000000001,0.0,353,2023-08-17,69.37340000000002,86.12130000000002,S2B_MSIL1C_20230817T061639_N0509_R034_T45WVS_20230817T082406,Sentinel-2B,353,Yenisey,179.747347448371,55.4347270760321,0.8811220098724565,"{""type"":""MultiPoint"",""coordinates"":[]}"
20230817T061639_20230817T061935_T45WVT_1,31.000000000000004,16.0,1166.0,336,784.0,480.99999999999994,272.0,238.0,209.99999999999997,196.0,137.0,153.0,60.0,0.0,336,2023-08-17,69.37340000000002,86.12130000000002,S2B_MSIL1C_20230817T061639_N0509_R034_T45WVT_20230817T082406,Sentinel-2B,336,Yenisey,179.628264837707,56.3311169115729,0.8811220098724565,"{""type"":""MultiPoint"",""coordinates"":[]}"
20230819T033539_20230819T033539_T51WWQ_2,165.56276686592656,108.46642577536886,1372.0,255,1051.0,837.0,676.0,633.4159869494291,498.3333333333333,498.6666666666667,392.6666666666667,401.625,93.00000000000001,0.0,255,2023-08-19,66.76905,123.39458,S2B_MSIL1C_20230819T033539_N0509_R061_T51WWQ_20230819T060900,Sentinel-2B,255,Lena,177.755615630125,54.2613222590623,0.6778645317858838,"{""type"":""MultiPoint"",""coordinates"":[]}"
20230821T032521_20230821T032853_T51WWQ_2,121.75048685491723,93.28661175485132,1280.4092843326887,243,962.0,764.0,605.6666666666666,573.4370860927153,396.0,386.0,293.1756756756756,325.6,92.0,28.1600824151214,243,2023-08-21,66.76905,123.39458,S2A_MSIL1C_20230821T032521_N0509_R018_T51WWQ_20230821T060511,Sentinel-2A,243,Lena,174.936912760685,54.9747979339464,0.7290851704630918,"{""type"":""MultiPoint"",""coordinates"":[]}"
20230822T202849_20230822T203059_T08WNV_5,358.07594936708864,309.0,1701.0,344,1415.0000000000002,1256.0,1218.0,1175.0,947.0,988.0,793.0,865.5,193.0,22.1700151262013,344,2023-08-22,67.45,-133.74,S2B_MSIL1C_20230822T202849_N0509_R114_T08WNV_20230822T223514,Sentinel-2B,344,Mackenzie,173.649842929289,55.590241971157,0.5599235949529379,"{""type"":""MultiPoint"",""coordinates"":[]}"
20230823T072621_20230823T072755_T41WPP_0,65.1297047823665,42.7,1295.0,282,928.3601247600769,638.5364638918535,421.6286575633978,385.118725324309,325.6126840317101,305.5688961988304,242.43755467003598,257.29130180969054,98.27127220156962,44.0142434829347,282,2023-08-23,66.63000000000001,66.6,S2A_MSIL1C_20230823T072621_N0509_R049_T41WPP_20230823T092935,Sentinel-2A,282,Ob,178.229142616995,54.7080050169196,0.8182459325668938,"{""type"":""MultiPoint"",""coordinates"":[]}"
20230824T010649_20230824T010651_T57WWS_3,747.0,566.0,2141.9999999999995,307,1873.9999999999998,1574.0,1358.7142857142858,1377.0,1427.0,1444.6,1422.0,1404.5,751.0,27.8625904994632,307,2023-08-24,68.75,161.3,S2B_MSIL1C_20230824T010649_N0509_R131_T57WWS_20230824T022325,Sentinel-2B,307,Kolyma,176.133669075535,57.7121627039707,0.3591899126768112,"{""type"":""MultiPoint"",""coordinates"":[]}"
20230824T033541_20230824T033541_T51WWQ_2,129.29604880883207,78.66666666666667,1404.4003139717424,206,1059.0,814.4051346274265,588.6666666666666,572.8571428571429,545.27315564718,533.4615384615385,445.3001383125864,453.0380721830985,178.36872507220463,0.32494251843889,206,2023-08-24,66.76905,123.39458,S2A_MSIL1C_20230824T033541_N0509_R061_T51WWQ_20230824T055029,Sentinel-2A,206,Lena,178.157459028372,55.9235563514795,0.7280127389271571,"{""type"":""MultiPoint"",""coordinates"":[]}"
20230825T012701_20230825T012701_T57WWS_3,108.00000000000001,67.0,1410.0000000000002,351,1087.0000000000002,835.0,544.0000000000001,488.99999999999994,435.0,414.0,348.00000000000006,355.0,156.0,32.2169667652065,351,2023-08-25,68.75,161.3,S2A_MSIL1C_20230825T012701_N0509_R074_T57WWS_20230825T031456,Sentinel-2A,351,Kolyma,182.004037828557,58.0295761327269,0.7704569697380066,"{""type"":""MultiPoint"",""coordinates"":[]}"
20230826T032519_20230826T032721_T51WWQ_2,145.69230769230768,94.44444444444444,1476.0,190,1099.0000000000002,816.2201834862385,582.25,525.75,449.5831062670299,445.0781396805511,365.43098591549295,365.82348066298346,106.99999999999999,17.5121383140733,190,2023-08-26,66.76905,123.39458,S2B_MSIL1C_20230826T032519_N0509_R018_T51WWQ_20230826T060416,Sentinel-2B,190,Lena,175.384690196405,56.66061794503,0.6931743267748071,"{""type"":""MultiPoint"",""coordinates"":[]}"
20230827T034541_20230827T034633_T51WWQ_2,133.359492481203,84.4,1417.0,189,1070.2929350947732,805.0,597.5714285714286,532.5,449.4,430.0,353.48040638606676,357.06974858069754,94.99999999999999,0.399188071704608,189,2023-08-27,66.76905,123.39458,S2A_MSIL1C_20230827T034541_N0509_R104_T51WWQ_20230827T060457,Sentinel-2A,189,Lena,181.341611872824,56.9573301866338,0.7206536120699422,"{""type"":""MultiPoint"",""coordinates"":[]}"
20230827T061639_20230827T061815_T44WPC_1,48.0,34.0,1424.0,346,1002.0,647.0,404.0,354.0,314.0,298.0,224.0,236.00000000000003,90.0,28.9092239242736,346,2023-08-27,69.37340000000002,86.12130000000002,S2B_MSIL1C_20230827T061639_N0509_R034_T44WPC_20230827T082157,Sentinel-2B,346,Yenisey,179.433973278933,59.6394159563766,0.8592560296728111,"{""type"":""MultiPoint"",""coordinates"":[]}"
20230827T061639_20230827T061815_T45WVS_1,48.0,35.0,1424.0000000000002,353,1003.0,646.0,403.99999999999994,353.0,313.0,298.00000000000006,224.0,235.99999999999997,90.00000000000001,35.9671832542029,353,2023-08-27,69.37340000000002,86.12130000000002,S2B_MSIL1C_20230827T061639_N0509_R034_T45WVS_20230827T082157,Sentinel-2B,353,Yenisey,180.472017100123,58.7848573156379,0.8591764797575963,"{""type"":""MultiPoint"",""coordinates"":[]}"
20230827T061639_20230827T061815_T45WVT_1,48.0,35.0,1424.0,353,1003.0,646.0,403.99999999999994,353.0,313.00000000000006,298.0,224.00000000000003,235.99999999999997,89.0,22.0934038042342,353,2023-08-27,69.37340000000002,86.12130000000002,S2B_MSIL1C_20230827T061639_N0509_R034_T45WVT_20230827T082157,Sentinel-2B,353,Yenisey,180.348813614561,59.6807687898123,0.8592223290067452,"{""type"":""MultiPoint"",""coordinates"":[]}"
20230827T070631_20230827T071049_T41WPP_0,93.52972159518436,64.52182810368349,1441.0,250,1038.0,734.3711115514167,496.59040590405897,465.1671237296338,397.65593279663983,377.2706595905989,313.4862208518019,317.3288929125711,108.99999999999997,23.4059742026225,250,2023-08-27,66.63000000000001,66.6,S2A_MSIL1C_20230827T070631_N0509_R106_T41WPP_20230827T091905,Sentinel-2A,250,Ob,172.664768269471,56.2310473797283,0.7712623740995542,"{""type"":""MultiPoint"",""coordinates"":[]}"
20230827T070631_20230827T071049_T41WPQ_0,93.52972159518436,64.52182810368349,1441.0,250,1038.0,734.3711115514167,496.59040590405897,465.1671237296338,397.65593279663983,377.2706595905989,313.4862208518019,317.3288929125711,108.99999999999997,21.4262855023569,250,2023-08-27,66.63000000000001,66.6,S2A_MSIL1C_20230827T070631_N0509_R106_T41WPQ_20230827T091905,Sentinel-2A,250,Ob,172.817174189117,57.1155468773149,0.7712623740995542,"{""type"":""MultiPoint"",""coordinates"":[]}"
20230828T072619_20230828T072619_T41WPP_0,62.140347764371896,30.309715821812595,1250.0,240,895.0,628.4835469345342,422.3516271373414,389.4622279129322,325.16481223922113,309.6615384615385,245.25998386446147,256.4312028406569,94.99999999999999,6.07996655618263,240,2023-08-28,66.63000000000001,66.6,S2B_MSIL1C_20230828T072619_N0509_R049_T41WPP_20230828T093141,Sentinel-2B,240,Ob,178.65885585654,56.4325533011579,0.8176290890262516,"{""type"":""MultiPoint"",""coordinates"":[]}"
20230828T072619_20230828T072619_T41WPQ_0,62.04985805535841,30.27417726630325,1250.0000000000002,240,895.0,628.4835469345342,422.3516271373414,389.4892414692459,325.17843302443134,309.4024667931689,245.40451952119926,256.4312028406569,94.99999999999999,18.6331034070889,240,2023-08-28,66.63000000000001,66.6,S2B_MSIL1C_20230828T072619_N0509_R049_T41WPQ_20230828T093141,Sentinel-2B,240,Ob,178.752040945129,57.3267127275226,0.8175332087097665,"{""type"":""MultiPoint"",""coordinates"":[]}"
20230829T033539_20230829T033539_T51WWQ_2,125.02312138728325,68.94805194805195,1491.0,201,1118.4045784224843,840.425352112676,612.6,556.9911582670202,489.4147540983607,485.08599574014914,385.7691489361702,389.41123882503194,108.58948979591837,22.1376870017021,201,2023-08-29,66.76905,123.39458,S2B_MSIL1C_20230829T033539_N0509_R061_T51WWQ_20230829T060905,Sentinel-2B,201,Lena,178.590864901704,57.6594574692794,0.7442002485636559,"{""type"":""MultiPoint"",""coordinates"":[]}"
20230829T060641_20230829T060636_T44WPC_1,44.0,22.000000000000004,1386.0,346,964.0000000000001,619.9999999999999,381.9999999999999,345.0,314.99999999999994,290.9999999999999,230.00000000000003,243.00000000000003,94.99999999999999,6.95657937250938,346,2023-08-29,69.37340000000002,86.12130000000002,S2A_MSIL1C_20230829T060641_N0509_R134_T44WPC_20230829T080613,Sentinel-2A,346,Yenisey,176.777072931678,60.3682763482421,0.8663508203652996,"{""type"":""MultiPoint"",""coordinates"":[]}"
20230829T060641_20230829T060636_T45WVS_1,43.99999999999999,23.0,1385.9999999999998,353,964.0000000000001,619.9999999999999,382.00000000000006,344.99999999999994,315.00000000000006,291.0,230.00000000000003,242.0,94.00000000000003,45.2227597121443,353,2023-08-29,69.37340000000002,86.12130000000002,S2A_MSIL1C_20230829T060641_N0509_R134_T45WVS_20230829T080613,Sentinel-2A,353,Yenisey,177.788475192694,59.4997570072226,0.8659314213685654,"{""type"":""MultiPoint"",""coordinates"":[]}"
20230829T060641_20230829T060636_T45WVT_1,44.99999999999999,23.0,1386.0000000000002,353,964.0000000000001,619.9999999999999,382.00000000000006,344.99999999999994,315.0,291.00000000000006,230.0,242.0,95.00000000000001,7.41030756429975,353,2023-08-29,69.37340000000002,86.12130000000002,S2A_MSIL1C_20230829T060641_N0509_R134_T45WVT_20230829T080613,Sentinel-2A,353,Yenisey,177.688939336146,60.3967189353938,0.8659314213685654,"{""type"":""MultiPoint"",""coordinates"":[]}"
20230901T034539_20230901T034538_T51WWQ_2,394.0,295.0,1530.0,24,1258.0,1101.0,1093.0,1112.0,980.0,1008.0,885.0,873.0,336.0,1.79515595159306,24,2023-09-01,66.76905,123.39458,S2B_MSIL1C_20230901T034539_N0510_R104_T51WWQ_20241028T234354,Sentinel-2B,24,Lena,181.755570754097,58.7395684440353,0.4700520932674408,"{""type"":""MultiPoint"",""coordinates"":[]}"
20230901T061641_20230901T061635_T44WPC_1,29.999999999999993,12.000000000000002,1287.0,346,879.0,557.0,334.99999999999994,287.0,252.00000000000003,225.99999999999997,174.99999999999997,185.0,76.0,21.8311868565548,346,2023-09-01,69.37340000000002,86.12130000000002,S2A_MSIL1C_20230901T061641_N0510_R034_T44WPC_20240824T074338,Sentinel-2A,346,Yenisey,179.872573198657,61.4182935737661,0.8981611906958946,"{""type"":""MultiPoint"",""coordinates"":[]}"
20230901T061641_20230901T061635_T45WVS_1,29.999999999999996,13.000000000000004,1287.0,353,878.0,557.0,334.99999999999994,287.0,252.00000000000003,226.00000000000003,175.0,185.00000000000003,76.0,0.0,353,2023-09-01,69.37340000000002,86.12130000000002,S2A_MSIL1C_20230901T061641_N0510_R034_T45WVS_20240824T074338,Sentinel-2A,353,Yenisey,180.901014918815,60.5661768418896,0.8981653901631246,"{""type"":""MultiPoint"",""coordinates"":[]}"
20230901T061641_20230901T061635_T45WVT_1,29.999999999999996,13.000000000000004,1287.0,353,878.0,557.0,335.0,287.0,252.00000000000003,226.00000000000003,175.0,185.00000000000003,76.0,16.5634080972307,353,2023-09-01,69.37340000000002,86.12130000000002,S2A_MSIL1C_20230901T061641_N0510_R034_T45WVT_20240824T074338,Sentinel-2A,353,Yenisey,180.775886487598,61.4617386174909,0.8981653901631246,"{""type"":""MultiPoint"",""coordinates"":[]}"
20230901T061641_20230901T061935_T44WPC_1,29.999999999999996,12.0,1287.0,346,879.0,557.0,334.99999999999994,287.0,252.00000000000003,226.0,174.99999999999997,184.99999999999997,76.0,0.0,346,2023-09-01,69.37340000000002,86.12130000000002,S2A_MSIL1C_20230901T061641_N0511_R034_T44WPC_20250806T004700,Sentinel-2A,346,Yenisey,179.872573197591,61.418293573797,0.8981388448568491,"{""type"":""MultiPoint"",""coordinates"":[]}"
20230901T061641_20230901T061935_T45WVS_1,29.999999999999996,13.0,1287.0,353,878.0000000000001,557.0,335.0,288.0,251.99999999999994,226.0,173.99999999999997,185.0,76.0,18.9842913354507,353,2023-09-01,69.37340000000002,86.12130000000002,S2A_MSIL1C_20230901T061641_N0511_R034_T45WVS_20250806T004700,Sentinel-2A,353,Yenisey,180.901014918221,60.5661768419049,0.8976567784752743,"{""type"":""MultiPoint"",""coordinates"":[]}"
20230901T061641_20230901T061935_T45WVT_1,29.999999999999996,13.0,1287.0,353,878.0000000000001,557.0,335.0,288.0,251.99999999999994,226.00000000000003,175.0,185.0,76.00000000000003,0.0,353,2023-09-01,69.37340000000002,86.12130000000002,S2A_MSIL1C_20230901T061641_N0511_R034_T45WVT_20250806T004700,Sentinel-2A,353,Yenisey,180.775886487073,61.461738617503,0.8976567784752743,"{""type"":""MultiPoint"",""coordinates"":[]}"
20230901T070629_20230901T070625_T41WPP_0,53.37232483142774,33.31694327470894,1321.0,261,924.6308316430021,628.4197453558755,405.7813757604117,365.23441396508724,293.6135196219437,274.27997286755976,210.93314479638005,219.19022493751734,72.55019189765459,33.44184723659,261,2023-09-01,66.63000000000001,66.6,S2B_MSIL1C_20230901T070629_N0510_R106_T41WPP_20241104T055233,Sentinel-2B,261,Ob,173.212181136371,57.990272135745,0.8459481423389099,"{""type"":""MultiPoint"",""coordinates"":[]}"
20230901T070629_20230901T070625_T41WPQ_0,53.37232483142774,32.24872107186358,1321.0,260,924.6308316430021,628.3619928526382,405.78603393622967,365.1620523241046,293.5907129648655,273.5820439953689,209.4733383402178,221.4351040055011,72.99999999999999,7.55406460739002,260,2023-09-01,66.63000000000001,66.6,S2B_MSIL1C_20230901T070629_N0510_R106_T41WPQ_20241104T055233,Sentinel-2B,260,Ob,173.353428110856,58.8760462196886,0.8459481423389099,"{""type"":""MultiPoint"",""coordinates"":[]}"
20230904T071619_20230904T071622_T41WPP_0,53.75217291857274,32.5370820100878,1296.0,158,910.0,626.3347189231987,402.53748488512696,361.4922853512434,285.538526774897,265.78828712101586,196.95560209424082,217.3798902460612,82.0,42.6532592791663,158,2023-09-04,66.63000000000001,66.6,S2B_MSIL1C_20230904T071619_N0510_R006_T41WPP_20241104T093401,Sentinel-2B,158,Ob,176.439789769484,58.9879350010641,0.8383024958884928,"{""type"":""MultiPoint"",""coordinates"":[]}"
20230904T071619_20230904T071622_T41WPQ_0,53.71834208047369,32.42379471228616,1296.0,122,910.0000000000001,626.3730442556996,400.31845145176396,361.3174006444683,285.36138514193686,265.98319327731093,197.01072647489033,213.24953127663198,82.0,14.1026904356654,122,2023-09-04,66.63000000000001,66.6,S2B_MSIL1C_20230904T071619_N0510_R006_T41WPQ_20241104T093401,Sentinel-2B,122,Ob,176.549409251186,59.8796262243051,0.8381619209055211,"{""type"":""MultiPoint"",""coordinates"":[]}"
20230906T011659_20230906T011656_T57WWS_3,37.0,17.0,1438.0000000000002,351,1104.0,866.0,603.0,488.0,320.0,294.0,211.0,237.0,95.0,35.1212039774254,351,2023-09-06,68.75,161.3,S2B_MSIL1C_20230906T011659_N0509_R031_T57WWS_20230906T022626,Sentinel-2B,351,Kolyma,180.179316937885,62.3197526754348,0.9187253521435539,"{""type"":""MultiPoint"",""coordinates"":[]}"
20230906T061639_20230906T061634_T44WPC_1,41.0,20.0,1358.0,346,948.0,602.9999999999999,371.00000000000006,324.0,283.0,261.0,204.00000000000003,212.0,82.0,38.2851682642062,346,2023-09-06,69.37340000000002,86.12130000000002,S2B_MSIL1C_20230906T061639_N0510_R034_T44WPC_20240914T154126,Sentinel-2B,346,Yenisey,180.327750262258,63.2540729898836,0.8713080651758291,"{""type"":""MultiPoint"",""coordinates"":[]}"
20230906T061639_20230906T061634_T45WVS_1,42.0,20.0,1358.0,353,948.0000000000001,603.0,372.0,323.99999999999994,282.0,261.0,204.0,211.99999999999997,82.0,3.95828480993759,353,2023-09-06,69.37340000000002,86.12130000000002,S2B_MSIL1C_20230906T061639_N0510_R034_T45WVS_20240914T154126,Sentinel-2B,353,Yenisey,181.346213000116,62.4045418154997,0.8703527345520552,"{""type"":""MultiPoint"",""coordinates"":[]}"
20230906T061639_20230906T061634_T45WVT_1,42.0,20.0,1358.0,353,948.0000000000001,603.0,372.0,323.99999999999994,282.0,261.0,204.00000000000003,211.99999999999997,80.99999999999997,40.7405416703992,353,2023-09-06,69.37340000000002,86.12130000000002,S2B_MSIL1C_20230906T061639_N0510_R034_T45WVT_20240914T154126,Sentinel-2B,353,Yenisey,181.219571384755,63.2996878851837,0.8709015051523844,"{""type"":""MultiPoint"",""coordinates"":[]}"
20230906T070631_20230906T071053_T41WPP_0,85.54364971444112,58.42857142857143,1387.9999999999998,248,985.0,684.7063339731286,456.46776437847865,425.32571714476313,345.7773368606702,329.7872010342599,273.64441379310347,277.4145505530456,110.25,3.56648699140998,248,2023-09-06,66.63000000000001,66.6,S2A_MSIL1C_20230906T070631_N0510_R106_T41WPP_20241029T064022,Sentinel-2A,248,Ob,173.78888331997,59.8053500895164,0.7836726914691966,"{""type"":""MultiPoint"",""coordinates"":[]}"
20230906T070631_20230906T071053_T41WPQ_0,85.54364971444112,58.4,1387.9999999999998,248,985.0,684.7063339731286,456.52690166975884,425.28318879252834,345.68273846796075,329.7301627033792,273.67958620689654,277.4145505530456,110.25,0.0,248,2023-09-06,66.63000000000001,66.6,S2A_MSIL1C_20230906T070631_N0510_R106_T41WPQ_20241029T064022,Sentinel-2A,248,Ob,173.919473876832,60.6923823392365,0.7836726914691966,"{""type"":""MultiPoint"",""coordinates"":[]}"
20230907T072619_20230907T072619_T41WPP_0,73.6178600160901,40.33678057553957,1259.0,236,890.0,614.4343547933651,404.4274809160305,360.8052128929566,289.22291811644624,273.7141168124852,213.58921239268383,221.43902439024387,80.0,1.49923855594374,236,2023-09-07,66.63000000000001,66.6,S2B_MSIL1C_20230907T072619_N0510_R049_T41WPP_20241105T114704,Sentinel-2B,236,Ob,179.61937289773,60.0658388744252,0.7868752630255403,"{""type"":""MultiPoint"",""coordinates"":[]}"
20230907T072619_20230907T072619_T41WPQ_0,73.6178600160901,40.33678057553957,1259.0,236,889.0,614.4343547933651,404.4274809160305,360.8052128929566,289.4255424063116,273.40967885816235,213.20623723779474,221.43902439024387,80.0,1.40980620502254,236,2023-09-07,66.63000000000001,66.6,S2B_MSIL1C_20230907T072619_N0510_R049_T41WPQ_20241105T114704,Sentinel-2B,236,Ob,179.70002579931,60.960655555007,0.7868752630255403,"{""type"":""MultiPoint"",""coordinates"":[]}"
20230908T060641_20230908T060926_T44WPC_1,36.00000000000001,16.0,1375.0000000000002,346,945.9999999999999,597.0000000000001,362.0,320.99999999999994,278.00000000000006,246.99999999999997,194.0,211.99999999999991,92.00000000000001,9.78620929160888,346,2023-09-08,69.37340000000002,86.12130000000002,S2A_MSIL1C_20230908T060641_N0509_R134_T44WPC_20230908T084833,Sentinel-2A,346,Yenisey,177.755449099713,64.0124775134329,0.8860417405764262,"{""type"":""MultiPoint"",""coordinates"":[]}"
20230908T060641_20230908T060926_T45WVS_1,36.0,16.0,1375.0000000000002,353,946.0,597.0,362.0,321.0,278.0,247.0,193.0,211.99999999999997,91.99999999999999,2.24927588163278,353,2023-09-08,69.37340000000002,86.12130000000002,S2A_MSIL1C_20230908T060641_N0509_R134_T45WVS_20230908T084833,Sentinel-2A,353,Yenisey,178.751214146573,63.1488205962403,0.8858954310417175,"{""type"":""MultiPoint"",""coordinates"":[]}"
20230908T060641_20230908T060926_T45WVT_1,36.0,16.0,1375.0000000000002,353,946.0,597.0,362.0,321.0,278.0,246.99999999999997,193.00000000000003,211.99999999999997,92.00000000000001,12.3592627177135,353,2023-09-08,69.37340000000002,86.12130000000002,S2A_MSIL1C_20230908T060641_N0509_R134_T45WVT_20230908T084833,Sentinel-2A,353,Yenisey,178.644353238554,64.0456237081142,0.8858954310417175,"{""type"":""MultiPoint"",""coordinates"":[]}"
20230909T071621_20230909T071623_T41WPP_0,121.60186164586416,88.33333333333333,1407.0,236,1010.0,698.4120603015075,476.38753799392094,429.4984659808698,357.4532326149744,337.17774566473986,282.00559403303146,285.7459497952644,107.00000000000001,11.5136014810833,236,2023-09-09,66.63000000000001,66.6,S2A_MSIL1C_20230909T071621_N0509_R006_T41WPP_20230909T092147,Sentinel-2A,236,Ob,176.979271198566,60.8420650648142,0.7010691837232731,"{""type"":""MultiPoint"",""coordinates"":[]}"
20230909T071621_20230909T071623_T41WPQ_0,121.60186164586416,88.4,1407.0,236,1010.0,698.3695405558707,476.38753799392094,429.4984659808698,357.48063045955183,337.26302551203736,281.91431870669743,285.70055189602994,107.99999999999999,35.7432589805608,236,2023-09-09,66.63000000000001,66.6,S2A_MSIL1C_20230909T071621_N0509_R006_T41WPQ_20230909T092147,Sentinel-2A,236,Ob,177.080840671416,61.7344750240187,0.7010395038438025,"{""type"":""MultiPoint"",""coordinates"":[]}"
20230911T011701_20230911T011657_T57WWS_3,33.0,18.999999999999996,1403.9999999999995,351,1058.0,826.0,606.0,482.99999999999994,298.0,269.0,189.99999999999997,210.00000000000003,72.99999999999997,32.8391113499955,351,2023-09-11,68.75,161.3,S2A_MSIL1C_20230911T011701_N0509_R031_T57WWS_20230911T022714,Sentinel-2A,351,Kolyma,180.655180928049,64.200135198425,0.9235666073838522,"{""type"":""MultiPoint"",""coordinates"":[]}"
20230911T203019_20230911T203017_T08WNV_5,153.0,86.0,1654.0,348,1380.0000000000002,1114.0,875.0,758.0,539.0,518.0,394.0,476.7704770477047,142.0,32.7676159855643,348,2023-09-11,67.45,-133.74,S2B_MSIL1C_20230911T203019_N0509_R114_T08WNV_20230911T223351,Sentinel-2B,348,Mackenzie,175.765552598143,62.7653259620994,0.759356689453125,"{""type"":""MultiPoint"",""coordinates"":[]}"
20230912T072621_20230912T072746_T41WPP_0,73.26213318284425,53.187308455020734,1395.0000000000002,235,998.6233991462112,676.5749344770072,445.16926835889774,389.5502085816448,309.0798932384342,285.707233065442,221.3706823925864,233.736143637783,79.0,26.6753859476246,235,2023-09-12,66.63000000000001,66.6,S2A_MSIL1C_20230912T072621_N0509_R049_T41WPP_20230912T092806,Sentinel-2A,235,Ob,180.117417571492,61.9544392472828,0.8066176114635497,"{""type"":""MultiPoint"",""coordinates"":[]}"
20230912T072621_20230912T072746_T41WPQ_0,73.26213318284425,53.187308455020734,1395.0,235,998.6453528518159,676.5749344770072,445.16926835889774,389.5502085816448,309.0798932384342,285.27831957989497,221.42496873697377,233.78590944574552,78.0,4.33473677924095,235,2023-09-12,66.63000000000001,66.6,S2A_MSIL1C_20230912T072621_N0509_R049_T41WPQ_20230912T092806,Sentinel-2A,235,Ob,180.192651804568,62.8494997452272,0.8065987016370244,"{""type"":""MultiPoint"",""coordinates"":[]}"
20230913T010649_20230913T010650_T57WWS_3,873.0,720.0,1998.0,5,1712.0,1367.0,1178.0,1102.0,987.0,1014.0,958.0,992.0,396.0,36.2917081191103,5,2023-09-13,68.75,161.3,S2B_MSIL1C_20230913T010649_N0509_R131_T57WWS_20230913T022418,Sentinel-2B,5,Kolyma,178.090424219563,64.9686213005038,0.21727748215198517,"{""type"":""MultiPoint"",""coordinates"":[]}"
20230913T033541_20230913T033539_T51WWQ_2,138.33333333333334,105.0,1537.0,317,1134.5,854.0,685.25,634.0,486.0,456.9973821989529,356.74950884086445,378.0,127.0,9.96831795514945,317,2023-09-13,66.76905,123.39458,S2A_MSIL1C_20230913T033541_N0509_R061_T51WWQ_20230913T055616,Sentinel-2A,317,Lena,180.046183117897,63.2046894375784,0.7212121486663818,"{""type"":""MultiPoint"",""coordinates"":[]}"
20230917T205119_20230917T205118_T08WNV_5,56.99999999999999,26.0,1524.0,348,1223.0,992.0000000000001,752.0,623.0,390.99999999999994,364.0,255.0,290.0,78.99999999999999,15.222484750823,348,2023-09-17,67.45,-133.74,S2B_MSIL1C_20230917T205119_N0509_R057_T08WNV_20230917T224956,Sentinel-2B,348,Mackenzie,181.922318712553,65.0321374945575,0.8912852251473319,"{""type"":""MultiPoint"",""coordinates"":[]}"
20230917T223539_20230917T223533_T03VXJ_4,360.0,297.5,1821.9999999999998,177,1540.659767141009,1298.3333333333333,1204.8,1201.0,1147.0,1160.25,1025.25,1048.6666666666667,269.00000000000006,33.1184031324481,177,2023-09-17,61.93,-162.88,S2B_MSIL1C_20230917T223539_N0509_R058_T03VXJ_20230917T235828,Sentinel-2B,177,Yukon,178.809370430372,59.6428188194593,0.5527869939804078,"{""type"":""MultiPoint"",""coordinates"":[]}"
20230919T012659_20230919T012658_T57WWS_3,732.0,768.0,2086.0,23,1839.0,1598.0,1380.0,1193.0,937.0,941.0,875.0,884.0,309.0,28.3344416574306,23,2023-09-19,68.75,161.3,S2B_MSIL1C_20230919T012659_N0509_R074_T57WWS_20230919T023106,Sentinel-2B,23,Kolyma,184.10443098998,67.323466372744,0.36976319551467896,"{""type"":""MultiPoint"",""coordinates"":[]}"
20230920T032521_20230920T032849_T51WWQ_2,165.64791952446274,129.44158582876423,1570.3333333333333,234,1150.3333333333333,832.5,645.3899082568806,604.6666666666666,484.37815126050424,453.2142857142857,381.14285714285717,398.1789982925441,180.5,41.8220012541432,234,2023-09-20,66.76905,123.39458,S2A_MSIL1C_20230920T032521_N0509_R018_T51WWQ_20230920T060656,Sentinel-2A,234,Lena,177.985400366287,65.9140791277041,0.66607350440642,"{""type"":""MultiPoint"",""coordinates"":[]}"
20230921T221539_20230921T221533_T03VXJ_4,63.0,40.00000000000001,1821.0000000000002,342,1596.0,1464.492764242535,1501.6387416845191,1457.5827968065926,1166.4285714285713,1160.3625592417063,872.5332519829163,984.5870503597123,161.0,10.2711935262325,342,2023-09-21,61.93,-162.88,S2B_MSIL1C_20230921T221539_N0509_R115_T03VXJ_20230922T001109,Sentinel-2B,342,Yukon,173.552839279995,61.3350108324987,0.9167213638623556,"{""type"":""MultiPoint"",""coordinates"":[]}"
20230924T062631_20230924T062629_T45WVT_1,74.0,47.0,1497.0,353,1100.0000000000002,692.0000000000001,459.00000000000006,409.0,349.99999999999994,326.0,260.0,272.0,140.0,40.5343545641853,353,2023-09-24,69.37340000000002,86.12130000000002,S2A_MSIL1C_20230924T062631_N0509_R077_T45WVT_20230924T064403,Sentinel-2A,353,Yenisey,185.484782173419,70.2827208030697,0.8061236138092139,"{""type"":""MultiPoint"",""coordinates"":[]}"
20230926T034541_20230926T034539_T51WWQ_2,69.00195217179112,45.83100795410092,1404.519072550486,256,1018.4978108581437,694.6102362204725,497.3972845336482,445.0539752005835,321.569090509666,289.41944522275145,218.14147645486327,241.23515064562406,98.34570885857366,2.13955522504639,256,2023-09-26,66.76905,123.39458,S2A_MSIL1C_20230926T034541_N0509_R104_T51WWQ_20230926T053701,Sentinel-2A,256,Lena,183.953319882844,68.2902472268628,0.8224439145906327,"{""type"":""MultiPoint"",""coordinates"":[]}"
20230926T070641_20230926T070635_T41WPP_0,81.53649328859059,50.368838246222445,1599.0,283,1154.0,790.5432727272727,550.2374301675977,521.0530589646581,401.5786187322612,369.4466431095407,290.9467832221456,309.4570450656018,120.6385892384213,1.52069388227995,283,2023-09-26,66.63000000000001,66.6,S2A_MSIL1C_20230926T070641_N0509_R106_T41WPP_20230926T072608,Sentinel-2A,283,Ob,176.040456720944,67.4166452968381,0.8143167148202681,"{""type"":""MultiPoint"",""coordinates"":[]}"
20230926T070641_20230926T070635_T41WPQ_0,81.50083892617448,50.288298473713965,1599.0,283,1155.0,790.5116438356164,550.2374301675977,521.0530589646581,401.5786187322612,369.4466431095407,290.9219130170316,309.4279520821449,120.6385892384213,3.18697018448879,283,2023-09-26,66.63000000000001,66.6,S2A_MSIL1C_20230926T070641_N0509_R106_T41WPQ_20230926T072608,Sentinel-2A,283,Ob,176.136842764402,68.3077526937999,0.8142932319821531,"{""type"":""MultiPoint"",""coordinates"":[]}"
20230929T071701_20230929T071659_T41WPP_0,69.78586839266451,42.61974668969487,1594.0,299,1162.5289237151417,800.4720833333333,561.3060618906316,533.7974452554745,396.8424124513619,356.60355029585804,268.3427477607628,299.2139124533424,133.0,18.2733136253695,299,2023-09-29,66.63000000000001,66.6,S2A_MSIL1C_20230929T071701_N0509_R006_T41WPP_20230929T073148,Sentinel-2A,299,Ob,179.027717814761,68.5383930332355,0.841734266751298,"{""type"":""MultiPoint"",""coordinates"":[]}"
20230929T071701_20230929T071659_T41WPQ_0,69.74263371037564,42.61992513676936,1594.9999999999995,299,1162.499510284035,800.4189583333333,561.2219581749049,533.8439781021898,396.9526588845655,356.4636363636364,268.21118137782565,299.2706491712707,135.00000000000003,9.04287975156021,299,2023-09-29,66.63000000000001,66.6,S2A_MSIL1C_20230929T071701_N0509_R006_T41WPQ_20230929T073148,Sentinel-2A,299,Ob,179.105145262193,69.4328268749116,0.841715328034654,"{""type"":""MultiPoint"",""coordinates"":[]}"
20231001T011651_20231001T011654_T57WWS_3,35.00000000000001,13.000000000000002,1881.9999999999998,351,1473.9999999999998,1136.9999999999998,900.9999999999999,763.0000000000002,498.00000000000006,442.0,311.0,364.0000000000001,121.0,0.0819672131147541,351,2023-10-01,68.75,161.3,S2A_MSIL1C_20231001T011651_N0509_R031_T57WWS_20231001T022833,Sentinel-2A,351,Kolyma,182.445377582523,71.9552812819318,0.9402085089285037,"{""type"":""MultiPoint"",""coordinates"":[]}"
20231001T061651_20231001T061648_T44WPC_1,77.0,43.0,2262.0,117,1698.0,1168.0,860.0,758.0,653.0000000000001,599.0,477.00000000000006,506.99999999999994,227.0,8.41112006927648,117,2023-10-01,69.37340000000002,86.12130000000002,S2A_MSIL1C_20231001T061651_N0509_R034_T44WPC_20231001T063230,Sentinel-2A,117,Yenisey,182.572682036736,72.8939731713615,0.8756058216094971,"{""type"":""MultiPoint"",""coordinates"":[]}"
20231001T061651_20231001T061648_T45WVS_1,77.0,44.0,2259.0,171,1696.0,1166.0,859.0,755.0,653.0,599.0000000000001,471.99999999999994,506.99999999999994,226.0,46.0311445549285,171,2023-10-01,69.37340000000002,86.12130000000002,S2A_MSIL1C_20231001T061651_N0509_R034_T45WVS_20231001T063230,Sentinel-2A,171,Yenisey,183.535829635322,72.0579352257164,0.8762177129586538,"{""type"":""MultiPoint"",""coordinates"":[]}"
20231001T061651_20231001T061648_T45WVT_1,77.0,44.0,2262.0,171,1696.0,1166.0,858.9999999999999,755.0,653.0,599.0,471.0,506.99999999999994,225.00000000000006,3.40066887634746,171,2023-10-01,69.37340000000002,86.12130000000002,S2A_MSIL1C_20231001T061651_N0509_R034_T45WVT_20231001T063230,Sentinel-2A,171,Yenisey,183.409647557704,72.9502515662857,0.8762182508196149,"{""type"":""MultiPoint"",""coordinates"":[]}"
20231001T221529_20231001T221530_T03VXJ_4,733.0,669.0,2055.0,36,1679.0,1303.0,1183.0,1164.0,1069.0,1104.0,1044.0,999.0,410.0,28.436322374511,36,2023-10-01,61.93,-162.88,S2B_MSIL1C_20231001T221529_N0509_R115_T03VXJ_20231001T223444,Sentinel-2B,36,Yukon,174.70948882957,65.1777550126887,0.2750120759010315,"{""type"":""MultiPoint"",""coordinates"":[]}"
20231002T223531_20231002T223532_T03VXJ_4,772.0,646.0,2060.0,5,1657.0,1278.0,1192.0,1180.0,1079.0,1103.0,1037.0,1011.0,469.0,16.301703163017,5,2023-10-02,61.93,-162.88,S2A_MSIL1C_20231002T223531_N0509_R058_T03VXJ_20231002T235735,Sentinel-2A,5,Yukon,180.280127574729,65.4652256366718,0.24761472642421722,"{""type"":""MultiPoint"",""coordinates"":[]}"
20231004T012701_20231004T012656_T57WWS_3,74.99999999999999,39.0,2082.0,261,1683.0,1272.0,990.0,852.0,632.0,575.0,433.99999999999994,491.00000000000006,218.0,11.504822479023,261,2023-10-04,68.75,161.3,S2A_MSIL1C_20231004T012701_N0509_R074_T57WWS_20231004T023033,Sentinel-2A,261,Kolyma,185.270566523488,73.1844322421135,0.8885586592886183,"{""type"":""MultiPoint"",""coordinates"":[]}"
20231004T222529_20231004T222531_T03VXJ_4,50.99999999999999,26.0,1498.0000000000002,342,1171.9999999999998,960.9999999999999,913.9999999999999,843.9999999999999,568.0000000000001,543.0,373.99999999999994,438.0,100.00000000000001,0.244975962256263,342,2023-10-04,61.93,-162.88,S2B_MSIL1C_20231004T222529_N0509_R015_T03VXJ_20231004T224600,Sentinel-2B,342,Yukon,177.728058365317,66.2537218953372,0.8996849316990737,"{""type"":""MultiPoint"",""coordinates"":[]}"
20231006T011649_20231006T011652_T57WWS_3,43.0,23.0,1936.0,141,1504.9999999999998,1112.0,824.9999999999998,684.0,476.9999999999999,422.99999999999994,305.99999999999994,348.0,145.0,0.0991668906208009,141,2023-10-06,68.75,161.3,S2B_MSIL1C_20231006T011649_N0509_R031_T57WWS_20231006T022717,Sentinel-2B,141,Kolyma,182.811108937552,73.8920233607527,0.9255409638086954,"{""type"":""MultiPoint"",""coordinates"":[]}"
20231006T070741_20231006T070742_T41WPQ_0,69.63620488940629,45.07457386363637,1672.0000000000002,350,1210.5,808.4934984520124,580.25,533.1601731601731,409.7142857142857,384.0,309.8340147179068,309.0797124101282,134.0,32.1782779821087,350,2023-10-06,66.63000000000001,66.6,S2A_MSIL1C_20231006T070741_N0509_R106_T41WPQ_20231006T072342,Sentinel-2A,350,Ob,177.085643782375,72.1612208031226,0.8350298433411045,"{""type"":""MultiPoint"",""coordinates"":[]}"
20231011T221529_20231011T221531_T03VXJ_4,96.4364909550671,56.39982578397212,1691.0,342,1347.9999999999998,1045.0,972.0,921.0,666.0,623.0,466.0,532.0,173.0,6.91226970049867,342,2023-10-11,61.93,-162.88,S2B_MSIL1C_20231011T221529_N0509_R115_T03VXJ_20231012T020337,Sentinel-2B,342,Yukon,175.663946659431,68.9731961904737,0.829370751164617,"{""type"":""MultiPoint"",""coordinates"":[]}"
20231014T222539_20231014T222533_T03VXJ_4,70.00000000000001,36.00000000000001,1671.0000000000002,342,1295.0000000000002,998.0,915.0,851.0,597.0,557.0,398.0,459.99999999999994,146.0,11.087819881155,342,2023-10-14,61.93,-162.88,S2B_MSIL1C_20231014T222539_N0509_R015_T03VXJ_20231014T224230,Sentinel-2B,342,Yukon,178.522419772732,70.032864972593,0.8688924749271046,"{""type"":""MultiPoint"",""coordinates"":[]}"
20231019T222541_20231019T222536_T03VXJ_4,68.0,44.0,1684.0,342,1302.0,1008.9999999999997,902.0000000000001,834.9999999999999,579.0,537.0,381.0,440.99999999999994,146.00000000000003,0.0,342,2023-10-19,61.93,-162.88,S2A_MSIL1C_20231019T222541_N0509_R015_T03VXJ_20231019T224550,Sentinel-2A,342,Yukon,178.799692478696,71.8590739363199,0.8733920765249698,"{""type"":""MultiPoint"",""coordinates"":[]}"
20231022T072941_20231022T072938_T41WPP_0,317.0,257.0,3487.0,18,1850.0,1352.0,1291.0,1328.0,1401.0,1328.0,1066.0,980.0,994.0,30.3637015139299,18,2023-10-22,66.63000000000001,66.6,S2A_MSIL1C_20231022T072941_N0509_R049_T41WPP_20231022T073918,Sentinel-2A,18,Ob,183.077240835872,77.2152951523552,0.6162227392196655,"{""type"":""MultiPoint"",""coordinates"":[]}"
20231022T205521_20231022T205516_T08WNV_5,409.0,372.0,2671.0,61,2134.0,1538.0,1297.0,1249.0,1108.0,1127.0,1024.0,1007.0,547.0,22.0418325529825,61,2023-10-22,67.45,-133.74,S2A_MSIL1C_20231022T205521_N0509_R057_T08WNV_20231022T222421,Sentinel-2A,61,Mackenzie,184.236788045906,78.3702602511204,0.573991060256958,"{""type"":""MultiPoint"",""coordinates"":[]}"
20231022T223551_20231022T223554_T03VXJ_4,312.00000000000006,245.0,2009.0,290,1547.7142857142858,1242.8368263473053,1146.2416063199473,1052.8,842.4792387543254,806.375234521576,691.0,730.8655828707374,235.00000000000003,11.7137583916256,290,2023-10-22,61.93,-162.88,S2A_MSIL1C_20231022T223551_N0509_R058_T03VXJ_20231022T225408,Sentinel-2A,290,Yukon,181.492712854346,72.9330076812246,0.6219857473122447,"{""type"":""MultiPoint"",""coordinates"":[]}"
20231023T010709_20231023T010704_T57WWS_3,46.0,21.0,2567.0,351,1929.0194174757282,1186.66796875,813.0,708.4,633.0,550.6635883905013,408.82926829268297,443.0,187.0,1.67702373181958,351,2023-10-23,68.75,161.3,S2B_MSIL1C_20231023T010709_N0509_R131_T57WWS_20231023T022559,Sentinel-2B,351,Kolyma,181.188397971009,80.1691025352424,0.925335955678248,"{""type"":""MultiPoint"",""coordinates"":[]}"
20240602T011659_20240602T011653_T57WWS_3,90.99999999999999,66.00000000000001,1275.0,351,976.0,773.0,760.0,718.0,486.99999999999994,465.0,331.0,391.00000000000006,97.99999999999999,23.980948968318,351,2024-06-02,68.75,161.3,S2B_MSIL1C_20240602T011659_N0510_R031_T57WWS_20240602T023856,Sentinel-2B,351,Kolyma,180.370474108449,46.6832598828302,0.7911041121641208,"{""type"":""MultiPoint"",""coordinates"":[]}"
20240602T070631_20240602T071045_T41WPP_0,198.99999999999997,163.00000000000003,1979.0,350,1615.9999999999998,1316.0,1207.0,1188.0,915.0,856.0,715.9999999999999,785.0,345.0,21.6537589421473,350,2024-06-02,66.63000000000001,66.6,S2A_MSIL1C_20240602T070631_N0510_R106_T41WPP_20240602T090858,Sentinel-2A,350,Ob,172.949813419289,44.0595842274017,0.7379886458633812,"{""type"":""MultiPoint"",""coordinates"":[]}"
20240602T070631_20240602T071045_T41WPQ_0,198.99999999999997,163.00000000000003,1979.0,350,1615.9999999999998,1316.0,1207.0,1188.0,915.0,856.0,715.9999999999999,785.0,345.0,28.4942847973995,350,2024-06-02,66.63000000000001,66.6,S2A_MSIL1C_20240602T070631_N0510_R106_T41WPQ_20240602T090858,Sentinel-2A,350,Ob,173.147517324574,44.9448968297238,0.7380160721623974,"{""type"":""MultiPoint"",""coordinates"":[]}"
20240602T202851_20240602T203230_T08WNV_5,60.0,43.99999999999999,1344.9999999999998,348,1099.0,961.0,953.9999999999999,909.0,635.0,634.9999999999999,443.99999999999994,516.0,79.0,1.41521036020262,348,2024-06-02,67.45,-133.74,S2A_MSIL1C_20240602T202851_N0510_R114_T08WNV_20240603T011342,Sentinel-2A,348,Mackenzie,174.539795297399,44.8660085334061,0.8815208667413629,"{""type"":""MultiPoint"",""coordinates"":[]}"
20240603T072619_20240603T072616_T41WPP_0,23.999999999999993,11.000000000000002,1527.0,350,1155.5736464968152,915.3021833526998,763.0113032557242,731.4544223295254,441.6481447632974,387.1755685571388,251.80270784068256,307.30232369520263,94.0,1.84851742363164,350,2024-06-03,66.63000000000001,66.6,S2B_MSIL1C_20240603T072619_N0510_R049_T41WPP_20240603T074333,Sentinel-2B,350,Ob,179.523328947197,43.8048466316223,0.9493233595903102,"{""type"":""MultiPoint"",""coordinates"":[]}"
20240603T072619_20240603T072616_T41WPQ_0,23.999999999999993,11.000000000000002,1529.0,350,1155.7528768884604,915.4808408560065,763.0800117376632,731.2828238536708,441.6097053346479,387.0844308222787,252.00234831783757,307.3655126757273,92.99999999999999,3.16724894741557,350,2024-06-03,66.63000000000001,66.6,S2B_MSIL1C_20240603T072619_N0510_R049_T41WPQ_20240603T074333,Sentinel-2B,350,Ob,179.6203181618,44.6996930464204,0.9493015107627097,"{""type"":""MultiPoint"",""coordinates"":[]}"
20240603T205019_20240603T205116_T08WNV_5,59.0,32.0,1327.0,348,1094.0,965.0,949.0,891.9999999999999,617.9999999999999,608.9999999999999,424.0,495.0,89.00000000000001,0.673719516506113,348,2024-06-03,67.45,-133.74,S2B_MSIL1C_20240603T205019_N0510_R057_T08WNV_20240603T225223,Sentinel-2B,348,Mackenzie,181.014825634539,44.6713143596932,0.8843988895416259,"{""type"":""MultiPoint"",""coordinates"":[]}"
20240603T223529_20240603T223532_T03VXJ_4,220.0,174.0,1254.0,342,1029.0,905.0000000000001,977.0,975.0,797.9999999999999,801.0,642.0,678.5823373173971,168.0,0.0,342,2024-06-03,61.93,-162.88,S2B_MSIL1C_20240603T223529_N0510_R058_T03VXJ_20240604T000425,Sentinel-2B,342,Yukon,177.066039920997,39.2744026014309,0.610732146180593,"{""type"":""MultiPoint"",""coordinates"":[]}"
20240604T010651_20240604T010652_T57WWS_3,57.000000000000014,37.0,1307.0,351,1001.9999999999999,794.0,755.9999999999999,699.9999999999999,453.00000000000006,426.00000000000006,294.99999999999994,350.00000000000006,100.0,15.8319274925334,351,2024-06-04,68.75,161.3,S2A_MSIL1C_20240604T010651_N0510_R131_T57WWS_20240604T025552,Sentinel-2A,351,Kolyma,177.102531209686,46.4630473525062,0.8660449981689453,"{""type"":""MultiPoint"",""coordinates"":[]}"
20240605T071621_20240605T071622_T41WPP_0,22.999999999999996,14.0,1448.0,350,1075.0000000000002,823.0,649.9999999999999,646.9999999999998,385.0,346.00000000000006,228.00000000000003,279.0,77.0,0.34898026217564,350,2024-06-05,66.63000000000001,66.6,S2A_MSIL1C_20240605T071621_N0510_R006_T41WPP_20240605T091353,Sentinel-2A,350,Ob,176.088114096241,43.6203925179319,0.9445782899856567,"{""type"":""MultiPoint"",""coordinates"":[]}"
20240605T071621_20240605T071622_T41WPQ_0,22.999999999999996,14.0,1447.0,350,1075.0,823.0,649.9999999999998,647.0,385.0,346.0,227.99999999999994,279.0,77.0,3.12018871868375,350,2024-06-05,66.63000000000001,66.6,S2A_MSIL1C_20240605T071621_N0510_R006_T41WPQ_20240605T091353,Sentinel-2A,350,Ob,176.239067740743,44.5116768452395,0.9445782899856567,"{""type"":""MultiPoint"",""coordinates"":[]}"
20240605T203841_20240605T204401_T08WNV_5,78.00000000000001,54.999999999999986,1334.0,348,1088.0000000000002,940.9999999999999,907.0,851.0,586.0,584.0,416.00000000000006,477.00000000000006,85.00000000000001,12.7313147600705,348,2024-06-05,67.45,-133.74,S2A_MSIL1C_20240605T203841_N0510_R014_T08WNV_20240606T002214,Sentinel-2A,348,Mackenzie,177.634975150012,44.4662726885694,0.8478684425354004,"{""type"":""MultiPoint"",""coordinates"":[]}"
20240606T032521_20240606T032519_T51WWQ_2,44.64320413436692,28.689445793773455,1151.0,351,789.9999999999999,527.0000000000001,411.0,395.0,308.3733700376702,292.23392282958196,212.41213583225084,244.54897388059703,82.0,1.98617456478247,351,2024-06-06,66.76905,123.39458,S2A_MSIL1C_20240606T032521_N0510_R018_T51WWQ_20240606T051940,Sentinel-2A,351,Lena,175.919733197403,44.4664097986125,0.841617101997477,"{""type"":""MultiPoint"",""coordinates"":[]}"
20240607T034539_20240607T034536_T51WWQ_2,34.386685177839475,18.36597867997278,1121.0000000000002,351,792.0,532.0000000000001,416.0,393.99999999999994,311.0,300.0,210.63062086899987,240.57499035121575,70.00000000000001,0.656139440952791,351,2024-06-07,66.76905,123.39458,S2B_MSIL1C_20240607T034539_N0510_R104_T51WWQ_20240607T055231,Sentinel-2B,351,Lena,182.412447753645,44.3402181284141,0.8802116799985552,"{""type"":""MultiPoint"",""coordinates"":[]}"
20240607T070629_20240607T070623_T41WPP_0,139.0,114.99999999999999,1665.0,249,1215.0,959.0,808.0000000000001,844.7594339622641,610.2,584.5148048452221,478.0,461.0,250.0,9.27830228620804,249,2024-06-07,66.63000000000001,66.6,S2B_MSIL1C_20240607T070629_N0510_R106_T41WPP_20240607T074305,Sentinel-2B,249,Ob,172.602744899034,43.5260221533208,0.744372546672821,"{""type"":""MultiPoint"",""coordinates"":[]}"
20240607T070629_20240607T070623_T41WPQ_0,134.0,109.0,1647.0,299,1207.0,953.0,791.0,832.4790602655771,600.75,576.6,470.5,452.0,230.0,15.0144386285988,299,2024-06-07,66.63000000000001,66.6,S2B_MSIL1C_20240607T070629_N0510_R106_T41WPQ_20240607T074305,Sentinel-2B,299,Ob,172.808504795183,44.4105087991552,0.7511606216430664,"{""type"":""MultiPoint"",""coordinates"":[]}"
20240608T205031_20240608T205559_T08WNV_5,67.0,48.0,1374.0000000000002,348,1165.9999999999998,1047.0,1078.0,1045.0,797.0,818.0,605.0,681.0000000000001,86.0,15.3467054344304,348,2024-06-08,67.45,-133.74,S2A_MSIL1C_20240608T205031_N0510_R057_T08WNV_20240609T003126,Sentinel-2A,348,Mackenzie,180.734169775531,44.1761493782609,0.8800715009371439,"{""type"":""MultiPoint"",""coordinates"":[]}"
20240609T010649_20240609T010650_T57WWS_3,21.0,11.999999999999998,1216.9999999999995,351,906.0000000000001,688.9999999999999,634.0,585.0,366.0,340.0,222.00000000000003,276.0,70.0,19.2115253877509,351,2024-06-09,68.75,161.3,S2B_MSIL1C_20240609T010649_N0510_R131_T57WWS_20240609T022637,Sentinel-2B,351,Kolyma,176.780661563493,45.979702431531,0.9402984976768494,"{""type"":""MultiPoint"",""coordinates"":[]}"
20240609T033541_20240609T033540_T51WWQ_2,28.7642774566474,18.467754672282183,1048.0,351,707.0,464.99999999999994,354.00000000000006,334.0,247.0,236.64123471170643,162.47349058645312,190.5584877564527,68.0,1.35253366777151,351,2024-06-09,66.76905,123.39458,S2A_MSIL1C_20240609T033541_N0510_R061_T51WWQ_20240609T053031,Sentinel-2A,351,Lena,179.013834792295,44.1545657889391,0.8840255985328825,"{""type"":""MultiPoint"",""coordinates"":[]}"
20240609T060639_20240609T060633_T44WPC_1,25.000000000000004,14.000000000000004,1603.9999999999998,329,1129.0,701.0,475.0,409.0,323.0,301.0,200.0,232.00000000000003,79.00000000000003,1.40616305726813,329,2024-06-09,69.37340000000002,86.12130000000002,S2B_MSIL1C_20240609T060639_N0510_R134_T44WPC_20240609T062223,Sentinel-2B,329,Yenisey,176.959441567628,46.8157493606359,0.932782107440598,"{""type"":""MultiPoint"",""coordinates"":[]}"
20240609T060639_20240609T060633_T45WVS_1,25.000000000000007,13.999999999999996,1605.9999999999995,353,1129.0,701.0,473.0,408.00000000000006,323.00000000000006,301.0,200.0,232.0,79.0,7.21062715055877,353,2024-06-09,69.37340000000002,86.12130000000002,S2B_MSIL1C_20240609T060639_N0510_R134_T45WVS_20240609T062223,Sentinel-2B,353,Yenisey,178.078734992267,45.9483309465089,0.9329537803226339,"{""type"":""MultiPoint"",""coordinates"":[]}"
20240609T060639_20240609T060633_T45WVT_1,25.00000000000001,13.999999999999996,1604.0000000000002,353,1127.9999999999998,701.0000000000001,473.0,406.99999999999994,322.99999999999994,301.0,201.0,232.0,79.00000000000003,2.07888200206518,353,2024-06-09,69.37340000000002,86.12130000000002,S2B_MSIL1C_20240609T060639_N0510_R134_T45WVT_20240609T062223,Sentinel-2B,353,Yenisey,177.974320042906,46.8453424846274,0.9329462404706704,"{""type"":""MultiPoint"",""coordinates"":[]}"
20240610T012701_20240610T012701_T57WWS_3,116.75,89.07142857142857,1439.0,306,1132.7107203630176,928.8571428571429,917.8461538461538,849.6076355470001,549.4019547953574,533.5290858725762,365.00000000000006,449.6156282998944,115.0,22.7736271611574,306,2024-06-10,68.75,161.3,S2A_MSIL1C_20240610T012701_N0510_R074_T57WWS_20240610T032257,Sentinel-2A,306,Kolyma,183.120443280017,45.8996032990945,0.7714078277349472,"{""type"":""MultiPoint"",""coordinates"":[]}"
20240610T062631_20240610T062633_T44WPC_1,25.999999999999996,14.000000000000002,1394.0,346,995.0000000000002,621.0,424.99999999999994,367.0,280.0,256.0,187.0,208.0,75.00000000000001,1.02738212547404,346,2024-06-10,69.37340000000002,86.12130000000002,S2A_MSIL1C_20240610T062631_N0510_R077_T44WPC_20240610T072414,Sentinel-2A,346,Yenisey,183.212514687014,46.741194610399,0.9195528913427281,"{""type"":""MultiPoint"",""coordinates"":[]}"
20240610T062631_20240610T062633_T45WVS_1,26.0,14.000000000000002,1394.9999999999998,353,994.0000000000001,621.0,425.0,367.00000000000006,280.99999999999994,254.99999999999997,188.0,209.00000000000003,75.0,6.30977160730915,353,2024-06-10,69.37340000000002,86.12130000000002,S2A_MSIL1C_20240610T062631_N0510_R077_T45WVS_20240610T072414,Sentinel-2A,353,Yenisey,184.417010246081,45.9099615838287,0.9193131254758207,"{""type"":""MultiPoint"",""coordinates"":[]}"
20240610T062631_20240610T062633_T45WVT_1,26.0,14.000000000000002,1397.0,353,993.9999999999999,621.0,425.0,368.0,281.0,256.0,187.0,209.00000000000003,76.0,2.96891516617397,353,2024-06-10,69.37340000000002,86.12130000000002,S2A_MSIL1C_20240610T062631_N0510_R077_T45WVT_20240610T072414,Sentinel-2A,353,Yenisey,184.22169969628,46.8009462547891,0.9193131254758207,"{""type"":""MultiPoint"",""coordinates"":[]}"
20240610T203839_20240610T203842_T08WNV_5,55.00000000000001,40.0,1440.0,348,1231.0,1140.3619302949062,1184.49971466616,1148.4824205544287,848.4591093117408,860.5493753718025,621.0,725.0,104.0,37.8171638448446,348,2024-06-10,67.45,-133.74,S2B_MSIL1C_20240610T203839_N0510_R014_T08WNV_20240610T232509,Sentinel-2B,348,Mackenzie,177.28955750236,44.0434561685741,0.9068519473075867,"{""type"":""MultiPoint"",""coordinates"":[]}"
20240611T032519_20240611T032517_T51WWQ_2,80.71697711548697,58.55606725929099,1174.0,351,826.4509774881516,544.5769844725004,420.46647331786545,402.56076458752517,318.5292052345995,305.4950608212916,228.48192004074355,257.4986814345991,92.0,25.1745349219147,351,2024-06-11,66.76905,123.39458,S2B_MSIL1C_20240611T032519_N0510_R018_T51WWQ_20240611T051613,Sentinel-2B,351,Lena,175.564973969931,44.0561282345576,0.7399418022645178,"{""type"":""MultiPoint"",""coordinates"":[]}"
20240612T011659_20240612T011655_T57WWS_3,120.99999999999999,83.00000000000001,1288.9999999999998,351,1007.0,811.0,748.0,675.0,446.0,429.0,318.0,381.0,141.0,43.4393980112873,351,2024-06-12,68.75,161.3,S2B_MSIL1C_20240612T011659_N0510_R031_T57WWS_20240612T023557,Sentinel-2B,351,Kolyma,179.779582503746,45.7418010134944,0.7405062779370282,"{""type"":""MultiPoint"",""coordinates"":[]}"
20240612T034541_20240612T034539_T51WWQ_2,120.44136926438455,92.50574864543411,1084.0,351,781.0000000000001,538.0,448.0,434.0,349.0,336.51297525648766,264.6378378378378,296.2937918301408,104.99999999999999,0.0,351,2024-06-12,66.76905,123.39458,S2A_MSIL1C_20240612T034541_N0510_R104_T51WWQ_20240612T053958,Sentinel-2A,351,Lena,182.109005711299,43.9529958672887,0.633979091368609,"{""type"":""MultiPoint"",""coordinates"":[]}"
20240612T202851_20240612T203210_T08WNV_5,58.0,38.99999999999999,1383.0,348,1140.0000000000002,1017.0000000000001,985.9999999999999,946.0000000000001,643.0,648.0,444.0,533.9999999999999,97.0,0.0,348,2024-06-12,67.45,-133.74,S2A_MSIL1C_20240612T202851_N0510_R114_T08WNV_20240613T011510,Sentinel-2A,348,Mackenzie,173.864218347887,43.9978984838418,0.891832040132344,"{""type"":""MultiPoint"",""coordinates"":[]}"
20240613T205029_20240613T205024_T08WNV_5,58.0,37.00000000000001,1304.9999999999998,348,1085.0000000000002,976.0,946.0000000000001,881.9999999999999,589.0,577.0,393.0,472.99999999999994,89.0,0.892418325098115,348,2024-06-13,67.45,-133.74,S2B_MSIL1C_20240613T205029_N0510_R057_T08WNV_20240613T224704,Sentinel-2B,348,Mackenzie,180.380054898615,43.8496099277954,0.8878609612584114,"{""type"":""MultiPoint"",""coordinates"":[]}"
20240614T010651_20240614T010653_T57WWS_3,21.999999999999993,10.0,1186.0,351,907.0,729.0000000000001,620.0,538.0,305.0,283.0,187.0,225.99999999999994,65.0,0.100664506856122,351,2024-06-14,68.75,161.3,S2A_MSIL1C_20240614T010651_N0510_R131_T57WWS_20240614T035856,Sentinel-2A,351,Kolyma,176.455666876886,45.6654103204086,0.9410187602043152,"{""type"":""MultiPoint"",""coordinates"":[]}"
20240615T012659_20240615T012657_T57WWS_3,723.0,481.0,1727.0,27,1472.0,1302.0,1242.0,1176.0,1007.0,1032.0,934.0,841.0,369.0,27.5831467048882,27,2024-06-15,68.75,161.3,S2B_MSIL1C_20240615T012659_N0510_R074_T57WWS_20240615T024703,Sentinel-2B,27,Kolyma,182.77715043788,45.6095814615446,0.2607361972332001,"{""type"":""MultiPoint"",""coordinates"":[]}"
20240615T203841_20240615T204141_T08WNV_5,56.99999999999999,37.99999999999999,1350.0,348,1105.0,977.9999999999999,922.0,865.9999999999999,574.0000000000001,572.0,387.0,465.0,98.0,11.6231299829795,348,2024-06-15,67.45,-133.74,S2A_MSIL1C_20240615T203841_N0510_R014_T08WNV_20240616T002135,Sentinel-2A,348,Mackenzie,176.947701485582,43.7909344664667,0.8902639578187268,"{""type"":""MultiPoint"",""coordinates"":[]}"
20240615T222541_20240615T222537_T03VXJ_4,40.00000000000001,23.0,1184.0000000000005,342,930.9999999999999,813.0,789.9999999999999,746.0,526.0,528.0,363.0,424.99999999999994,70.99999999999999,7.53862462301054,342,2024-06-15,61.93,-162.88,S2A_MSIL1C_20240615T222541_N0510_R015_T03VXJ_20240616T012536,Sentinel-2A,342,Yukon,172.498608395008,38.5117675216735,0.9066147406895956,"{""type"":""MultiPoint"",""coordinates"":[]}"
20240617T061641_20240617T061925_T44WPC_1,26.999999999999993,20.0,1277.9999999999995,346,868.0000000000003,548.0,374.0000000000001,324.9999999999999,244.00000000000006,221.00000000000003,158.0,175.0,65.99999999999999,44.8482671631424,346,2024-06-17,69.37340000000002,86.12130000000002,S2A_MSIL1C_20240617T061641_N0510_R034_T44WPC_20240617T081708,Sentinel-2A,346,Yenisey,179.592273362453,46.3761208449441,0.9052547779538281,"{""type"":""MultiPoint"",""coordinates"":[]}"
20240617T061641_20240617T061925_T45WVS_1,27.0,20.000000000000004,1276.0,353,867.9999999999999,547.0,374.00000000000006,325.0,245.00000000000006,219.99999999999991,158.0,175.0,67.0,5.70175281435695,353,2024-06-17,69.37340000000002,86.12130000000002,S2A_MSIL1C_20240617T061641_N0510_R034_T45WVS_20240617T081708,Sentinel-2A,353,Yenisey,180.752004040573,45.5227384946331,0.9052011982472995,"{""type"":""MultiPoint"",""coordinates"":[]}"
20240617T221529_20240617T221532_T03VXJ_4,213.0,141.0,1358.0,342,1098.0,931.9999999999999,869.9999999999999,846.0,714.0000000000001,739.0,612.4811320754718,650.0,223.99999999999997,40.327331362537,342,2024-06-17,61.93,-162.88,S2B_MSIL1C_20240617T221529_N0510_R115_T03VXJ_20240618T000902,Sentinel-2B,342,Yukon,168.657752897016,38.6609328449668,0.6302514799720237,"{""type"":""MultiPoint"",""coordinates"":[]}"
20240618T072621_20240618T072855_T41WPP_0,71.0,49.0,1288.0,350,927.0,624.0,493.0,455.0,333.0,310.0,229.0,265.0,96.0,7.60106303562364,350,2024-06-18,66.63000000000001,66.6,S2A_MSIL1C_20240618T072621_N0510_R049_T41WPP_20240618T081718,Sentinel-2A,350,Ob,178.521738323648,42.7793917169033,0.7966537481209016,"{""type"":""MultiPoint"",""coordinates"":[]}"
20240618T205031_20240618T205055_T08WNV_5,43.0,29.0,1277.9999999999998,348,1060.0,938.9999999999999,872.0000000000001,792.9999999999999,501.00000000000006,496.99999999999994,327.0,400.0,70.0,0.185119929427896,348,2024-06-18,67.45,-133.74,S2A_MSIL1C_20240618T205031_N0510_R057_T08WNV_20240619T002633,Sentinel-2A,348,Mackenzie,180.036111853672,43.6949037215194,0.9118719498316447,"{""type"":""MultiPoint"",""coordinates"":[]}"
20240618T223541_20240618T223748_T03VXJ_4,201.0,160.0,1309.9999999999998,342,1080.0,959.0,963.0,927.9999999999999,722.0,731.0,572.0000000000001,601.0,137.0,3.80511564212907,342,2024-06-18,61.93,-162.88,S2A_MSIL1C_20240618T223541_N0510_R058_T03VXJ_20240619T013347,Sentinel-2A,342,Yukon,175.922115452877,38.3299475252447,0.6540885006272515,"{""type"":""MultiPoint"",""coordinates"":[]}"
20240619T010649_20240619T010649_T57WWS_3,34.00000000000001,17.999999999999996,1278.0,351,960.0,739.0,544.0,453.99999999999994,304.00000000000006,286.00000000000006,196.0,225.99999999999994,71.99999999999997,1.11575273840426,351,2024-06-19,68.75,161.3,S2B_MSIL1C_20240619T010649_N0510_R131_T57WWS_20240619T023212,Sentinel-2B,351,Kolyma,176.084514349748,45.5237878896422,0.9117330609683922,"{""type"":""MultiPoint"",""coordinates"":[]}"
20240620T012701_20240620T012700_T57WWS_3,31.0,21.0,1110.9999999999998,351,826.0,640.0000000000001,457.99999999999994,377.99999999999994,246.00000000000003,226.0,153.0,182.99999999999997,59.99999999999999,11.1060049568515,351,2024-06-20,68.75,161.3,S2A_MSIL1C_20240620T012701_N0510_R074_T57WWS_20240620T031401,Sentinel-2A,351,Kolyma,182.44431142555,45.4918482642134,0.9070246914297895,"{""type"":""MultiPoint"",""coordinates"":[]}"
20240620T071619_20240620T071619_T41WPP_0,37.0,24.0,1101.0,350,752.9999999999998,490.0,374.00000000000006,343.0,235.00000000000003,214.00000000000003,151.0,174.0,62.999999999999986,1.30424915643943,350,2024-06-20,66.63000000000001,66.6,S2B_MSIL1C_20240620T071619_N0510_R006_T41WPP_20240620T073353,Sentinel-2B,350,Ob,174.990504517513,42.8178866196943,0.8569158911705017,"{""type"":""MultiPoint"",""coordinates"":[]}"
20240620T071619_20240620T071619_T41WPQ_0,37.0,24.0,1100.0,350,752.9999999999999,490.0,374.00000000000006,343.0,235.0,213.99999999999997,151.0,174.0,61.99999999999999,2.29672429753053,350,2024-06-20,66.63000000000001,66.6,S2B_MSIL1C_20240620T071619_N0510_R006_T41WPQ_20240620T073353,Sentinel-2B,350,Ob,175.161959274179,43.7073528037047,0.8569158911705017,"{""type"":""MultiPoint"",""coordinates"":[]}"
20240621T032519_20240621T032516_T51WWQ_2,63.00000000000001,46.0,1186.9999999999998,351,840.0,568.0,432.0,396.99999999999994,295.00000000000006,287.00000000000006,202.99999999999997,235.0,68.99999999999999,26.7211323121025,351,2024-06-21,66.76905,123.39458,S2B_MSIL1C_20240621T032519_N0510_R018_T51WWQ_20240621T051450,Sentinel-2B,351,Lena,174.834480287662,43.7497768373258,0.800387487187388,"{""type"":""MultiPoint"",""coordinates"":[]}"
20240622T011659_20240622T011654_T57WWS_3,19.999999999999996,10.000000000000002,1148.0,351,852.0,681.0,507.0,426.0,250.0,236.0,153.0,182.0,59.000000000000014,0.0,351,2024-06-22,68.75,161.3,S2B_MSIL1C_20240622T011659_N0510_R031_T57WWS_20240622T023437,Sentinel-2B,351,Kolyma,179.084102095453,45.4820218874762,0.9392779129295952,"{""type"":""MultiPoint"",""coordinates"":[]}"
20240622T034541_20240622T034538_T51WWQ_2,61.0,39.99999999999999,1150.0,351,823.0,571.0,442.99999999999994,409.99999999999994,324.0,311.0,233.0,251.99999999999997,77.00000000000003,0.0125889333460787,351,2024-06-22,66.76905,123.39458,S2A_MSIL1C_20240622T034541_N0510_R104_T51WWQ_20240622T054450,Sentinel-2A,351,Lena,181.393457076136,43.6920816569246,0.8075289838507127,"{""type"":""MultiPoint"",""coordinates"":[]}"
20240622T202851_20240622T203118_T08WNV_5,601.3333333333334,469.0,1687.0,81,1423.0,1266.0,1194.5,1162.538878842676,985.0,1006.0,872.0,884.0,295.0,4.61898660704359,81,2024-06-22,67.45,-133.74,S2A_MSIL1C_20240622T202851_N0510_R114_T08WNV_20240623T000652,Sentinel-2A,81,Mackenzie,173.129216248171,43.8157067170955,0.3546701967716217,"{""type"":""MultiPoint"",""coordinates"":[]}"
20240622T221531_20240622T221556_T03VXJ_4,62.3628048780488,40.3282505666598,1284.0,342,1034.5953986513287,896.6816491010541,856.6732453579353,806.6326824583867,592.3419640774434,598.5560747663552,429.6081218274111,482.2494632889651,88.99999999999999,0.501478097285676,342,2024-06-22,61.93,-162.88,S2A_MSIL1C_20240622T221531_N0510_R115_T03VXJ_20240623T011514,Sentinel-2A,342,Yukon,168.271733949683,38.6710843146496,0.8693487127940497,"{""type"":""MultiPoint"",""coordinates"":[]}"
20240623T205029_20240623T205023_T08WNV_5,38.99999999999999,20.000000000000004,1293.0,348,1077.0,967.0,888.0000000000001,804.9999999999999,504.0,494.0,321.00000000000006,393.0,74.99999999999999,0.0,348,2024-06-23,67.45,-133.74,S2B_MSIL1C_20240623T205029_N0510_R057_T08WNV_20240623T224911,Sentinel-2B,348,Mackenzie,179.664422377495,43.7127694248734,0.9215437074685258,"{""type"":""MultiPoint"",""coordinates"":[]}"
20240624T010651_20240624T010651_T57WWS_3,27.0,13.999999999999995,1201.9999999999998,351,887.0,692.9999999999999,474.00000000000006,392.0,260.0,236.99999999999997,169.0,191.99999999999997,66.0,3.87635434941481,351,2024-06-24,68.75,161.3,S2A_MSIL1C_20240624T010651_N0510_R131_T57WWS_20240624T022547,Sentinel-2A,351,Kolyma,175.748510213914,45.5540722637583,0.924972480264577,"{""type"":""MultiPoint"",""coordinates"":[]}"
20240625T012659_20240625T012658_T57WWS_3,38.99999999999999,28.0,1179.0,351,900.0,721.0,496.0,407.0,269.0,261.0,177.00000000000003,207.0,70.00000000000001,25.9618979366359,351,2024-06-25,68.75,161.3,S2B_MSIL1C_20240625T012659_N0510_R074_T57WWS_20240625T024529,Sentinel-2B,351,Kolyma,182.087878496117,45.5462873601171,0.8977543339133262,"{""type"":""MultiPoint"",""coordinates"":[]}"
20240626T032521_20240626T032828_T51WWQ_2,459.0,364.0,1631.0,55,1267.0,1012.0,908.0,867.0,753.0,762.0,669.0,745.0,293.0,26.5816536773269,55,2024-06-26,66.76905,123.39458,S2A_MSIL1C_20240626T032521_N0510_R018_T51WWQ_20240626T051858,Sentinel-2A,55,Lena,174.493581638307,43.8547107887795,0.37166324257850647,"{""type"":""MultiPoint"",""coordinates"":[]}"
20240627T034539_20240627T034537_T51WWQ_2,136.0,106.0,1156.9999999999998,351,864.0,637.0,538.9999999999999,503.99999999999994,383.0,373.99999999999994,292.00000000000006,323.0,99.0,17.3999156066861,351,2024-06-27,66.76905,123.39458,S2B_MSIL1C_20240627T034539_N0510_R104_T51WWQ_20240627T054125,Sentinel-2B,351,Lena,181.035550580599,43.8201438298147,0.6485772808076702,"{""type"":""MultiPoint"",""coordinates"":[]}"
20240627T061631_20240627T061632_T44WPC_1,38.0,21.0,1214.0,346,834.0,538.0,355.0000000000001,300.0,244.99999999999991,228.99999999999997,170.99999999999997,181.99999999999997,59.999999999999986,19.1975574069097,346,2024-06-27,69.37340000000002,86.12130000000002,S2A_MSIL1C_20240627T061631_N0510_R034_T44WPC_20240627T071236,Sentinel-2A,346,Yenisey,178.900298157936,46.4747532630251,0.867132842540741,"{""type"":""MultiPoint"",""coordinates"":[]}"
20240627T061631_20240627T061632_T45WVS_1,38.00000000000001,20.999999999999996,1214.0,353,834.0,538.0,355.00000000000006,300.0,244.99999999999994,229.0,171.0,181.99999999999997,60.00000000000002,25.1680850428499,353,2024-06-27,69.37340000000002,86.12130000000002,S2A_MSIL1C_20240627T061631_N0510_R034_T45WVS_20240627T071236,Sentinel-2A,353,Yenisey,180.048958077852,45.6175198876571,0.867487968198511,"{""type"":""MultiPoint"",""coordinates"":[]}"
20240627T061631_20240627T061632_T45WVT_1,38.00000000000001,20.999999999999996,1213.9999999999998,353,833.9999999999999,538.0,355.00000000000006,301.00000000000006,245.0,228.99999999999997,171.0,181.99999999999997,60.0,32.1132013496969,353,2024-06-27,69.37340000000002,86.12130000000002,S2A_MSIL1C_20240627T061631_N0510_R034_T45WVT_20240627T071236,Sentinel-2A,353,Yenisey,179.91632585548,46.5137767889111,0.8675125986898558,"{""type"":""MultiPoint"",""coordinates"":[]}"
20240627T202849_20240627T202846_T08WNV_5,44.00000000000001,23.0,1410.0,348,1138.9999999999998,980.0,862.9999999999999,782.9999999999999,515.0,518.0,344.0,415.99999999999994,81.99999999999999,0.0214181507484048,348,2024-06-27,67.45,-133.74,S2B_MSIL1C_20240627T202849_N0510_R114_T08WNV_20240627T222843,Sentinel-2B,348,Mackenzie,172.789875171604,43.9823566222022,0.91486770945324,"{""type"":""MultiPoint"",""coordinates"":[]}"
20240628T205021_20240628T205024_T08WNV_5,55.0,34.0,1386.0,348,1144.0,995.0,915.0000000000001,860.0,600.0,593.0,407.00000000000006,491.0,111.00000000000001,0.0,348,2024-06-28,67.45,-133.74,S2A_MSIL1C_20240628T205021_N0510_R057_T08WNV_20240629T002644,Sentinel-2A,348,Mackenzie,179.321002320922,43.9025195512857,0.8942101171009489,"{""type"":""MultiPoint"",""coordinates"":[]}"
20240629T033541_20240629T033805_T51WWQ_2,40.00000000000001,27.000000000000004,1069.0000000000002,351,745.0,525.0,412.0,380.0,268.0,255.0,181.0,208.0,67.0,0.40404311863597,351,2024-06-29,66.76905,123.39458,S2A_MSIL1C_20240629T033541_N0510_R061_T51WWQ_20240629T053111,Sentinel-2A,351,Lena,177.596526362459,43.9317348488633,0.8601074304397973,"{""type"":""MultiPoint"",""coordinates"":[]}"
20240702T034541_20240702T034537_T51WWQ_2,64.0,46.0,1046.9999999999998,351,749.0,533.0,423.99999999999983,390.0,281.0,267.0,197.0,220.0,71.0,0.0,351,2024-07-02,66.76905,123.39458,S2A_MSIL1C_20240702T034541_N0510_R104_T51WWQ_20240702T054407,Sentinel-2A,351,Lena,180.704132753999,44.1193464240351,0.7863124310970306,"{""type"":""MultiPoint"",""coordinates"":[]}"
20240704T010651_20240704T010651_T57WWS_3,30.000000000000004,15.0,1191.0,351,860.0000000000001,650.0000000000001,413.0,338.9999999999999,245.0,221.99999999999994,160.99999999999997,179.99999999999997,53.99999999999999,0.166035023382638,351,2024-07-04,68.75,161.3,S2A_MSIL1C_20240704T010651_N0510_R131_T57WWS_20240704T022529,Sentinel-2A,351,Kolyma,175.133030242883,46.1272630375017,0.9128997287637479,"{""type"":""MultiPoint"",""coordinates"":[]}"
20240705T071621_20240705T071621_T41WPP_0,93.0,65.0,1210.0,350,855.0000000000001,570.0,441.99999999999994,412.0,320.0,304.0,238.0,256.0,78.00000000000003,18.4112992325838,350,2024-07-05,66.63000000000001,66.6,S2A_MSIL1C_20240705T071621_N0510_R006_T41WPP_20240705T080800,Sentinel-2A,350,Ob,174.030785454555,43.5572006448705,0.7204709847768148,"{""type"":""MultiPoint"",""coordinates"":[]}"
20240705T071621_20240705T071621_T41WPQ_0,93.0,65.0,1210.0,350,855.0000000000001,570.0,441.99999999999994,412.00000000000006,320.0,303.99999999999994,238.0,256.0,79.0,38.0135566902565,350,2024-07-05,66.63000000000001,66.6,S2A_MSIL1C_20240705T071621_N0510_R006_T41WPQ_20240705T080800,Sentinel-2A,350,Ob,174.214755872194,44.4448076092935,0.7204709847768148,"{""type"":""MultiPoint"",""coordinates"":[]}"
20240706T032521_20240706T032822_T51WWQ_2,54.363919451941044,38.47912850670008,1138.0,351,787.0000000000001,543.0,410.34677714146454,378.5148650970957,274.34311904619256,258.34512096307446,184.30290166889571,210.7605921388464,65.00000000000001,18.082265818627,351,2024-07-06,66.76905,123.39458,S2A_MSIL1C_20240706T032521_N0510_R018_T51WWQ_20240706T051858,Sentinel-2A,351,Lena,173.908344503282,44.5735571452044,0.818456218566019,"{""type"":""MultiPoint"",""coordinates"":[]}"
20240707T011701_20240707T011655_T57WWS_3,254.5,241.0,1424.0,134,1061.0,854.5,613.5,537.4,448.0,442.0,388.0,376.87068201948625,188.0,7.82343456060199,134,2024-07-07,68.75,161.3,S2A_MSIL1C_20240707T011701_N0510_R031_T57WWS_20240707T023624,Sentinel-2A,134,Kolyma,178.163844306705,46.3766690255914,0.541608969370524,"{""type"":""MultiPoint"",""coordinates"":[]}"
20240707T061631_20240707T061633_T44WPC_1,90.0,62.000000000000014,1209.0,346,840.0000000000001,557.0000000000001,367.99999999999994,327.0,308.0,294.0,237.99999999999997,243.0,71.0,4.42509480725014,346,2024-07-07,69.37340000000002,86.12130000000002,S2A_MSIL1C_20240707T061631_N0510_R034_T44WPC_20240707T071142,Sentinel-2A,346,Yenisey,178.32649815293,47.2543334749484,0.721875011920929,"{""type"":""MultiPoint"",""coordinates"":[]}"
20240707T061631_20240707T061633_T45WVS_1,89.99999999999999,62.0,1209.0,353,839.9999999999999,557.0,368.0,327.0,308.0,293.0,239.0,242.99999999999997,71.0,35.3887545164084,353,2024-07-07,69.37340000000002,86.12130000000002,S2A_MSIL1C_20240707T061631_N0510_R034_T45WVS_20240707T071142,Sentinel-2A,353,Yenisey,179.458916455031,46.3939854761513,0.7213496955508046,"{""type"":""MultiPoint"",""coordinates"":[]}"
20240707T061631_20240707T061633_T45WVT_1,89.99999999999999,62.0,1209.0,353,840.0,557.0,368.0,327.0,307.99999999999994,293.0,239.0,242.99999999999997,69.99999999999999,15.2891695780704,353,2024-07-07,69.37340000000002,86.12130000000002,S2A_MSIL1C_20240707T061631_N0510_R034_T45WVT_20240707T071142,Sentinel-2A,353,Yenisey,179.335809771551,47.2905577280874,0.7213496955508046,"{""type"":""MultiPoint"",""coordinates"":[]}"
20240708T072621_20240708T072618_T41WPP_0,206.5,124.60545722713863,1468.0000000000002,340,1052.3333333333333,738.4086538461538,562.8931698774081,530.5,508.3728070175438,521.2239999999999,469.74658573596355,410.6666666666667,137.0,30.5502403774374,340,2024-07-08,66.63000000000001,66.6,S2A_MSIL1C_20240708T072621_N0510_R049_T41WPP_20240708T074444,Sentinel-2A,340,Ob,177.212692921499,43.8080446877762,0.5634095668792725,"{""type"":""MultiPoint"",""coordinates"":[]}"
20240708T072621_20240708T072618_T41WPQ_0,206.5,124.60545722713863,1467.0,340,1052.3333333333333,738.4086538461538,562.8931698774081,530.5,509.5,521.75,469.9400606980273,410.75,138.0,40.2572187882588,340,2024-07-08,66.63000000000001,66.6,S2A_MSIL1C_20240708T072621_N0510_R049_T41WPQ_20240708T074444,Sentinel-2A,340,Ob,177.346381396259,44.7007904118326,0.5634095668792725,"{""type"":""MultiPoint"",""coordinates"":[]}"
20240709T033541_20240709T033538_T51WWQ_2,32.0,20.000000000000004,1115.0,351,771.0,528.4814007103246,384.4694173000361,349.286856088885,265.5554444930343,249.86015960712092,181.35499574994202,201.37051111533347,64.99999999999997,1.97909761414196,351,2024-07-09,66.76905,123.39458,S2A_MSIL1C_20240709T033541_N0510_R061_T51WWQ_20240709T054323,Sentinel-2A,351,Lena,177.041529561017,44.8409795698839,0.8856679093508736,"{""type"":""MultiPoint"",""coordinates"":[]}"
20240709T060639_20240709T060633_T45WVS_1,68.0,45.0,1252.9999999999998,353,872.9999999999999,549.0,349.99999999999994,304.00000000000006,269.00000000000006,261.0,198.0,209.00000000000003,61.99999999999999,18.4820686543301,353,2024-07-09,69.37340000000002,86.12130000000002,S2B_MSIL1C_20240709T060639_N0510_R134_T45WVS_20240709T062233,Sentinel-2B,353,Yenisey,176.185176909707,46.6627022390951,0.7795786261558533,"{""type"":""MultiPoint"",""coordinates"":[]}"
20240710T012701_20240710T012659_T57WWS_3,40.99999999999999,26.000000000000007,1214.0,351,976.9999999999999,833.0,716.0,625.0,397.99999999999994,376.0000000000001,250.0,303.99999999999994,61.0,1.18650900295619,351,2024-07-10,68.75,161.3,S2A_MSIL1C_20240710T012701_N0510_R074_T57WWS_20240710T024329,Sentinel-2A,351,Kolyma,181.193360429435,46.7299567149485,0.9063496271643754,"{""type"":""MultiPoint"",""coordinates"":[]}"
20240710T062631_20240710T062843_T44WPC_1,119.0,74.0,1417.0000000000002,346,1062.0000000000002,727.0,516.9999999999999,467.0,457.00000000000006,444.0,374.0,361.99999999999994,103.00000000000003,20.5680671265192,346,2024-07-10,69.37340000000002,86.12130000000002,S2A_MSIL1C_20240710T062631_N0510_R077_T44WPC_20240710T082617,Sentinel-2A,346,Yenisey,181.315381210131,47.6139015551254,0.7190682888031006,"{""type"":""MultiPoint"",""coordinates"":[]}"
20240710T062631_20240710T062843_T45WVS_1,119.00000000000001,73.99999999999999,1417.9999999999998,353,1062.0,727.0000000000001,517.0,466.99999999999994,457.0,444.0,374.0,362.0,103.00000000000001,1.42988821187797,353,2024-07-10,69.37340000000002,86.12130000000002,S2A_MSIL1C_20240710T062631_N0510_R077_T45WVS_20240710T082617,Sentinel-2A,353,Yenisey,182.483237586833,46.7706175987714,0.7196705364138702,"{""type"":""MultiPoint"",""coordinates"":[]}"
20240710T062631_20240710T062843_T45WVT_1,119.00000000000001,73.99999999999999,1417.9999999999998,353,1062.0,727.0000000000001,516.9999999999999,466.99999999999994,457.0,443.0,374.0,362.0,103.00000000000001,11.7649377407507,353,2024-07-10,69.37340000000002,86.12130000000002,S2A_MSIL1C_20240710T062631_N0510_R077_T45WVT_20240710T082617,Sentinel-2A,353,Yenisey,182.318534306069,47.6645432856118,0.7196705639362335,"{""type"":""MultiPoint"",""coordinates"":[]}"
20240710T071619_20240710T071901_T41WPP_0,29.999999999999996,15.000000000000002,1124.9999999999998,350,758.9999999999999,475.0000000000001,309.0,281.0,227.99999999999997,212.0,152.0,167.0,59.00000000000004,2.30365194541491,350,2024-07-10,66.63000000000001,66.6,S2B_MSIL1C_20240710T071619_N0510_R006_T41WPP_20240710T091753,Sentinel-2B,350,Ob,173.802098238364,44.136161287478,0.8824422580870331,"{""type"":""MultiPoint"",""coordinates"":[]}"
20240710T071619_20240710T071901_T41WPQ_0,29.999999999999996,15.000000000000002,1124.9999999999998,350,758.9999999999999,475.0000000000001,309.0,281.0,228.0,212.0,152.0,167.0,59.00000000000006,0.0,350,2024-07-10,66.63000000000001,66.6,S2B_MSIL1C_20240710T071619_N0510_R006_T41WPQ_20240710T091753,Sentinel-2B,350,Ob,173.987174508863,45.0232867402768,0.8824422580870331,"{""type"":""MultiPoint"",""coordinates"":[]}"
20240712T011659_20240712T011654_T57WWS_3,25.0,10.0,1217.0,351,956.0,806.0000000000001,706.0,641.0,410.00000000000006,398.0,257.99999999999994,314.99999999999994,68.0,0.0410582579354415,351,2024-07-12,68.75,161.3,S2B_MSIL1C_20240712T011659_N0510_R031_T57WWS_20240712T024216,Sentinel-2B,351,Kolyma,177.938657028418,47.006075620652,0.9402795870997023,"{""type"":""MultiPoint"",""coordinates"":[]}"
20240712T034541_20240712T034858_T51WWQ_2,57.59531989971214,34.51775932143488,1154.9999999999998,322,826.5669277782558,580.4053990054463,433.3008002640048,385.30126582278496,305.461968177964,297.6906811851102,225.43856410256407,237.36379082499528,59.0,0.0,322,2024-07-12,66.76905,123.39458,S2A_MSIL1C_20240712T034541_N0510_R104_T51WWQ_20240712T062212,Sentinel-2A,322,Lena,180.173146982489,45.2167760240332,0.8225789719437837,"{""type"":""MultiPoint"",""coordinates"":[]}"
20240712T061629_20240712T061631_T44WPC_1,169.0,113.0,1348.0,346,961.9999999999999,657.0,455.0,424.0,459.0,471.0,419.0,392.0,167.99999999999997,16.6218459792768,346,2024-07-12,69.37340000000002,86.12130000000002,S2B_MSIL1C_20240712T061629_N0510_R034_T44WPC_20240712T071533,Sentinel-2B,346,Yenisey,178.106103271838,47.8901414388125,0.5890935908243494,"{""type"":""MultiPoint"",""coordinates"":[]}"
20240712T061629_20240712T061631_T45WVS_1,169.0,113.0,1348.9999999999998,353,963.0,657.0,455.99999999999994,424.0,459.0,470.0,419.0,392.0,169.00000000000003,37.9853086087969,353,2024-07-12,69.37340000000002,86.12130000000002,S2B_MSIL1C_20240712T061629_N0510_R034_T45WVS_20240712T071533,Sentinel-2B,353,Yenisey,179.229150588809,47.028613456544,0.5896284416348289,"{""type"":""MultiPoint"",""coordinates"":[]}"
20240712T061629_20240712T061631_T45WVT_1,169.0,113.0,1348.0,353,963.0,657.0,455.99999999999994,424.0,460.0,470.99999999999994,419.0,392.0,169.00000000000003,21.4788736600078,353,2024-07-12,69.37340000000002,86.12130000000002,S2B_MSIL1C_20240712T061629_N0510_R034_T45WVT_20240712T071533,Sentinel-2B,353,Yenisey,179.109874746574,47.925282227605,0.5896686074768969,"{""type"":""MultiPoint"",""coordinates"":[]}"
20240713T205029_20240713T205551_T08WNV_5,53.0,28.0,1325.0,348,1102.0000000000002,996.9999999999999,983.0,921.0000000000001,681.0,702.0,501.0,566.0,73.00000000000001,7.15684098169074,348,2024-07-13,67.45,-133.74,S2B_MSIL1C_20240713T205029_N0510_R057_T08WNV_20240713T225814,Sentinel-2B,348,Mackenzie,178.538001141778,45.4745921559821,0.8991350951688453,"{""type"":""MultiPoint"",""coordinates"":[]}"
20240714T033539_20240714T033537_T51WWQ_2,125.31514084507043,82.32654572380599,1263.0,306,934.3605324074075,706.4323011536127,564.497491638796,521.5374493927126,409.33440280005834,409.42130556668,321.53814802738833,341.2905034743386,97.0,0.0,306,2024-07-14,66.76905,123.39458,S2B_MSIL1C_20240714T033539_N0510_R061_T51WWQ_20240714T052753,Sentinel-2B,306,Lena,176.851443767221,45.5377658277747,0.701382132864668,"{""type"":""MultiPoint"",""coordinates"":[]}"
20240715T062629_20240715T062630_T44WPC_1,47.0,37.99999999999999,1058.0000000000002,346,733.0,466.99999999999994,284.0,248.99999999999997,236.99999999999997,221.00000000000006,169.0,177.0,69.0,0.0456567828242109,346,2024-07-15,69.37340000000002,86.12130000000002,S2B_MSIL1C_20240715T062629_N0510_R077_T44WPC_20240715T070917,Sentinel-2B,346,Yenisey,181.121574680578,48.341286066345,0.8181818127632142,"{""type"":""MultiPoint"",""coordinates"":[]}"
20240715T062629_20240715T062630_T45WVS_1,46.99999999999999,38.0,1057.9999999999998,353,733.0000000000001,467.00000000000017,283.00000000000006,249.00000000000003,235.99999999999991,220.99999999999997,170.0,177.00000000000003,68.00000000000001,9.90109453517692,353,2024-07-15,69.37340000000002,86.12130000000002,S2B_MSIL1C_20240715T062629_N0510_R077_T45WVS_20240715T070917,Sentinel-2B,353,Yenisey,182.278670991972,47.4968037926103,0.8181818127632141,"{""type"":""MultiPoint"",""coordinates"":[]}"
20240715T062629_20240715T062630_T45WVT_1,46.99999999999999,38.0,1057.9999999999998,353,733.0000000000001,467.00000000000006,283.00000000000006,249.00000000000003,235.99999999999994,221.0,170.0,177.00000000000003,68.00000000000001,0.474961927797187,353,2024-07-15,69.37340000000002,86.12130000000002,S2B_MSIL1C_20240715T062629_N0510_R077_T45WVT_20240715T070917,Sentinel-2B,353,Yenisey,182.118561443471,48.3909802506944,0.8181818127632141,"{""type"":""MultiPoint"",""coordinates"":[]}"
20240716T032521_20240716T032515_T51WWQ_2,89.52823485415108,54.54691780821918,1262.659745957251,284,900.4274205150339,652.4483547422137,469.39572057898044,432.85736704446396,365.58345740281226,352.88443466959916,277.4253207086133,293.4122740247384,102.0,0.234524769327242,284,2024-07-16,66.76905,123.39458,S2A_MSIL1C_20240716T032521_N0510_R018_T51WWQ_20240716T052731,Sentinel-2A,284,Lena,173.559207713759,45.9399510588025,0.7598026252504605,"{""type"":""MultiPoint"",""coordinates"":[]}"
20240717T061631_20240717T061631_T44WPC_1,38.0,22.999999999999996,1111.9999999999998,346,745.0,477.0,281.0,249.00000000000003,238.00000000000003,218.0,168.0,181.99999999999991,70.99999999999999,0.0,346,2024-07-17,69.37340000000002,86.12130000000002,S2A_MSIL1C_20240717T061631_N0510_R034_T44WPC_20240717T071149,Sentinel-2A,346,Yenisey,177.957070562057,48.6814063590045,0.8517691578183856,"{""type"":""MultiPoint"",""coordinates"":[]}"
20240717T061631_20240717T061631_T45WVS_1,38.00000000000001,23.0,1112.0,353,745.0,478.00000000000006,280.99999999999994,249.0,238.00000000000003,217.0,168.0,182.0,72.00000000000001,0.0,353,2024-07-17,69.37340000000002,86.12130000000002,S2A_MSIL1C_20240717T061631_N0510_R034_T45WVS_20240717T071149,Sentinel-2A,353,Yenisey,179.070547125319,47.8190805195081,0.8523167967796326,"{""type"":""MultiPoint"",""coordinates"":[]}"
20240717T061631_20240717T061631_T45WVT_1,38.00000000000001,23.0,1111.9999999999998,353,745.0,478.0,280.99999999999994,249.0,238.00000000000003,217.0,168.0,182.0,73.0,0.0,353,2024-07-17,69.37340000000002,86.12130000000002,S2A_MSIL1C_20240717T061631_N0510_R034_T45WVT_20240717T071149,Sentinel-2A,353,Yenisey,178.954045619816,48.7158064416099,0.8523167967796326,"{""type"":""MultiPoint"",""coordinates"":[]}"
20240719T033541_20240719T033535_T51WWQ_2,77.31150745174689,56.340946706388614,1122.7319864533458,234,794.5909207161124,580.3636363636364,413.0,372.99183197199545,293.4037377154825,277.1267508213729,209.42999722761297,229.43311195445924,78.5,0.0,234,2024-07-19,66.76905,123.39458,S2A_MSIL1C_20240719T033541_N0510_R061_T51WWQ_20240719T054241,Sentinel-2A,234,Lena,176.731381356442,46.3867103310305,0.7674917791570935,"{""type"":""MultiPoint"",""coordinates"":[]}"
20240719T060639_20240719T060638_T44WPC_1,62.0,42.0,1187.0,346,824.0,522.0,324.00000000000006,286.00000000000006,259.0,244.0,183.0,201.0,78.0,1.66077430055432,346,2024-07-19,69.37340000000002,86.12130000000002,S2B_MSIL1C_20240719T060639_N0510_R134_T44WPC_20240719T071204,Sentinel-2B,346,Yenisey,174.844471639185,49.0926166038181,0.7864023844401041,"{""type"":""MultiPoint"",""coordinates"":[]}"
20240719T060639_20240719T060638_T45WVS_1,62.0,42.00000000000001,1187.0,353,824.0,522.0,325.0,287.0,259.0,244.0,184.0,199.99999999999997,80.00000000000001,0.0,353,2024-07-19,69.37340000000002,86.12130000000002,S2B_MSIL1C_20240719T060639_N0510_R134_T45WVS_20240719T071204,Sentinel-2B,353,Yenisey,175.914470608009,48.2152706461884,0.7863573431968689,"{""type"":""MultiPoint"",""coordinates"":[]}"
20240719T060639_20240719T060638_T45WVT_1,62.0,42.00000000000001,1187.0,353,824.0,522.0,325.0,287.0,259.0,243.99999999999997,183.0,199.99999999999997,77.00000000000003,2.06199625672602,353,2024-07-19,69.37340000000002,86.12130000000002,S2B_MSIL1C_20240719T060639_N0510_R134_T45WVT_20240719T071204,Sentinel-2B,353,Yenisey,175.840078993958,49.1118428170321,0.786363422870636,"{""type"":""MultiPoint"",""coordinates"":[]}"
20240720T062631_20240720T062628_T44WPC_1,186.99999999999997,146.51454514881453,1148.0,346,846.0,585.0,426.0,395.99999999999994,380.0,373.99999999999994,332.0,316.0,128.0,0.0,346,2024-07-20,69.37340000000002,86.12130000000002,S2A_MSIL1C_20240720T062631_N0510_R077_T44WPC_20240720T064419,Sentinel-2A,346,Yenisey,180.989014648633,49.2204829009635,0.5165489780781575,"{""type"":""MultiPoint"",""coordinates"":[]}"
20240720T062631_20240720T062628_T45WVS_1,186.0,148.00000000000003,1148.0,353,846.0,585.0,426.00000000000006,395.0,380.0,375.00000000000006,331.0,315.0,128.0,0.0,353,2024-07-20,69.37340000000002,86.12130000000002,S2A_MSIL1C_20240720T062631_N0510_R077_T45WVS_20240720T064419,Sentinel-2A,353,Yenisey,182.134909849061,48.3751769995509,0.5183909003047034,"{""type"":""MultiPoint"",""coordinates"":[]}"
20240720T062631_20240720T062628_T45WVT_1,186.0,148.00000000000003,1148.0,353,846.0,585.0,426.00000000000006,395.0,380.0,375.0,331.0,315.0,128.0,0.0,353,2024-07-20,69.37340000000002,86.12130000000002,S2A_MSIL1C_20240720T062631_N0510_R077_T45WVT_20240720T064419,Sentinel-2A,353,Yenisey,181.978639996262,49.2695208041663,0.5183909003047034,"{""type"":""MultiPoint"",""coordinates"":[]}"
20240720T203839_20240720T203842_T08WNV_5,51.0,25.0,1406.0,348,1144.0,999.9999999999999,952.0000000000001,913.0,673.0,688.0,483.0,565.0,105.00000000000001,0.0,348,2024-07-20,67.45,-133.74,S2B_MSIL1C_20240720T203839_N0510_R014_T08WNV_20240720T223654,Sentinel-2B,348,Mackenzie,175.17888435512,46.7438214787419,0.9035184979438782,"{""type"":""MultiPoint"",""coordinates"":[]}"
20240720T222539_20240720T222559_T03VXJ_4,123.0,60.99999999999999,1561.0,342,1334.0,1232.9999999999998,1172.0,1160.0,1146.9999999999998,1204.0000000000002,982.0000000000001,1017.9999999999999,190.99999999999997,16.5510167517692,342,2024-07-20,61.93,-162.88,S2B_MSIL1C_20240720T222539_N0510_R015_T03VXJ_20240720T234744,Sentinel-2B,342,Yukon,170.762381594777,41.5348756060815,0.8174917338085812,"{""type"":""MultiPoint"",""coordinates"":[]}"
20240722T061639_20240722T061655_T44WPC_1,113.2408497568467,85.23516418789575,1205.0,328,852.4543834640058,574.4634453781513,384.4656926689277,340.5884442339569,312.6875,305.33546282452085,241.99497288001058,257.73551147413457,92.0,34.0151392994715,328,2024-07-22,69.37340000000002,86.12130000000002,S2B_MSIL1C_20240722T061639_N0510_R034_T44WPC_20240722T065802,Sentinel-2B,328,Yenisey,177.899632141136,49.6200006703542,0.6696593111211603,"{""type"":""MultiPoint"",""coordinates"":[]}"
20240722T061639_20240722T061655_T45WVS_1,113.67909454061251,85.17578597339782,1206.7100866336632,335,852.5376210578594,574.4806786050895,382.4757361408126,340.5425531914894,313.11761981940265,309.6281053952321,241.5573863636363,257.59921577946767,93.0,0.12645943444116,335,2024-07-22,69.37340000000002,86.12130000000002,S2B_MSIL1C_20240722T061639_N0510_R034_T45WVS_20240722T065802,Sentinel-2B,335,Yenisey,179.003640172356,48.7573565202799,0.6695954885590825,"{""type"":""MultiPoint"",""coordinates"":[]}"
20240722T061639_20240722T061655_T45WVT_1,113.57723035952063,85.13214961432107,1208.4,335,852.5063626723223,574.5044964028776,382.4757361408126,340.51705069124426,313.30930118110234,309.3474772036475,241.64431818181816,257.59921577946767,92.00000000000001,25.9983576696826,335,2024-07-22,69.37340000000002,86.12130000000002,S2B_MSIL1C_20240722T061639_N0510_R034_T45WVT_20240722T065802,Sentinel-2B,335,Yenisey,178.888669615384,49.654101898105,0.6696646374396302,"{""type"":""MultiPoint"",""coordinates"":[]}"
20240722T202841_20240722T202844_T08WNV_5,81.99999999999999,46.00000000000001,1599.0,348,1313.0,1159.0,1140.0,1110.0,985.0,1039.0,847.0,863.0,102.99999999999999,0.475528596508008,348,2024-07-22,67.45,-133.74,S2A_MSIL1C_20240722T202841_N0510_R114_T08WNV_20240723T011452,Sentinel-2A,348,Mackenzie,171.975520659109,47.2507741140222,0.8684421420097351,"{""type"":""MultiPoint"",""coordinates"":[]}"
20240722T221531_20240722T221650_T03VXJ_4,57.0,26.0,1515.9999999999998,342,1305.9999999999998,1212.0,1166.0000000000002,1130.9999999999998,1015.0,1052.9999999999998,830.0000000000001,876.0000000000001,126.00000000000004,0.461883006360297,342,2024-07-22,61.93,-162.88,S2A_MSIL1C_20240722T221531_N0510_R115_T03VXJ_20240723T014712,Sentinel-2A,342,Yukon,167.296303997522,42.1586527606248,0.9104864807239228,"{""type"":""MultiPoint"",""coordinates"":[]}"
20240723T223539_20240723T223533_T03VXJ_4,64.0,24.000000000000004,1475.0,342,1283.0,1209.0,1170.0,1132.0,1025.0,1071.0000000000002,836.0,877.9999999999999,131.00000000000003,5.00686237812595,342,2024-07-23,61.93,-162.88,S2B_MSIL1C_20240723T223539_N0511_R058_T03VXJ_20240724T003104,Sentinel-2B,342,Yukon,174.290914242618,41.9914833723781,0.899061456192339,"{""type"":""MultiPoint"",""coordinates"":[]}"
20240725T203841_20240725T204308_T08WNV_5,86.0,51.0,1491.9999999999998,348,1220.0,1074.0000000000002,1037.0000000000002,1001.9999999999999,847.9999999999999,888.0,694.0,729.0,123.0,15.541730120338,348,2024-07-25,67.45,-133.74,S2A_MSIL1C_20240725T203841_N0511_R014_T08WNV_20240726T015446,Sentinel-2A,348,Mackenzie,175.188180174208,47.7837939982162,0.8511082536180585,"{""type"":""MultiPoint"",""coordinates"":[]}"
20240727T034539_20240727T034535_T51WWQ_2,169.77777777777777,97.82695958774072,1684.0,168,1337.0,1044.0,808.5,734.0,673.4197183098591,673.0222976248183,560.875,557.8360655737705,132.0,4.34054888943662,168,2024-07-27,66.76905,123.39458,S2B_MSIL1C_20240727T034539_N0511_R104_T51WWQ_20240727T053751,Sentinel-2B,168,Lena,179.899677501992,48.0133292865253,0.7211014505090384,"{""type"":""MultiPoint"",""coordinates"":[]}"
20240729T060629_20240729T060748_T44WPC_1,55.99999999999999,25.0,1352.9999999999998,346,962.0,630.9999999999999,390.0,342.0,335.99999999999994,328.9999999999999,258.0,265.99999999999994,77.99999999999997,0.0792458353873876,346,2024-07-29,69.37340000000002,86.12130000000002,S2B_MSIL1C_20240729T060629_N0511_R134_T44WPC_20240729T065443,Sentinel-2B,346,Yenisey,174.887235227646,51.2188660478694,0.8367347121238708,"{""type"":""MultiPoint"",""coordinates"":[]}"
20240729T060629_20240729T060748_T45WVS_1,55.99999999999999,25.0,1352.9999999999998,353,961.9999999999999,631.0,390.0,341.99999999999994,335.99999999999994,329.99999999999994,258.0,266.0,78.99999999999999,7.0035163161549,353,2024-07-29,69.37340000000002,86.12130000000002,S2B_MSIL1C_20240729T060629_N0511_R134_T45WVS_20240729T065443,Sentinel-2B,353,Yenisey,175.941704525144,50.3416802999993,0.8369723558425903,"{""type"":""MultiPoint"",""coordinates"":[]}"
20240729T060629_20240729T060748_T45WVT_1,55.99999999999999,25.0,1352.9999999999998,353,961.9999999999999,631.0,390.0,341.99999999999994,334.99999999999994,329.0000000000001,258.0,266.0,78.0,0.0,353,2024-07-29,69.37340000000002,86.12130000000002,S2B_MSIL1C_20240729T060629_N0511_R134_T45WVT_20240729T065443,Sentinel-2B,353,Yenisey,175.865213713699,51.2382566069328,0.8369723558425903,"{""type"":""MultiPoint"",""coordinates"":[]}"
20240730T062631_20240730T062630_T44WPC_1,48.000000000000014,25.000000000000004,1153.9999999999995,346,829.0,543.0,332.00000000000006,298.0,300.99999999999994,286.0,236.0,231.99999999999994,80.99999999999999,0.0385798321837021,346,2024-07-30,69.37340000000002,86.12130000000002,S2A_MSIL1C_20240730T062631_N0511_R077_T44WPC_20240730T082855,Sentinel-2A,346,Yenisey,180.970192198794,51.401720375661,0.8379494421918627,"{""type"":""MultiPoint"",""coordinates"":[]}"
20240730T062631_20240730T062630_T45WVS_1,48.000000000000014,26.0,1153.9999999999995,353,829.9999999999999,543.0000000000001,332.0,298.0,301.0,286.0,236.0,231.99999999999997,81.0,6.52174057364098,353,2024-07-30,69.37340000000002,86.12130000000002,S2A_MSIL1C_20240730T062631_N0511_R077_T45WVS_20240730T082855,Sentinel-2A,353,Yenisey,182.093443871893,50.556241538977,0.8381273108801578,"{""type"":""MultiPoint"",""coordinates"":[]}"
20240730T062631_20240730T062630_T45WVT_1,48.000000000000014,26.0,1153.9999999999995,353,829.9999999999999,543.0000000000001,332.0,298.0,300.99999999999994,286.0,235.99999999999994,231.99999999999997,80.99999999999997,0.0406402102182806,353,2024-07-30,69.37340000000002,86.12130000000002,S2A_MSIL1C_20240730T062631_N0511_R077_T45WVT_20240730T082855,Sentinel-2A,353,Yenisey,181.942100558466,51.4506232573553,0.8381273108801578,"{""type"":""MultiPoint"",""coordinates"":[]}"
20240731T032519_20240731T032515_T51WWQ_2,136.84615384615384,98.2,1290.5,198,1012.0,827.0,713.0,687.0,496.0,498.75,361.82488479262673,418.5,102.0,0.805070321598137,198,2024-07-31,66.76905,123.39458,S2B_MSIL1C_20240731T032519_N0511_R018_T51WWQ_20240731T051729,Sentinel-2B,198,Lena,173.663476906106,49.0734860660679,0.7084314669657471,"{""type"":""MultiPoint"",""coordinates"":[]}"
20240801T011649_20240801T011652_T57WWS_3,59.0,37.0,1345.9999999999998,351,1088.0,954.0000000000001,957.0,920.0,659.0,646.0,440.0,533.0,106.00000000000004,33.0323688375287,351,2024-08-01,68.75,161.3,S2B_MSIL1C_20240801T011649_N0511_R031_T57WWS_20240801T023457,Sentinel-2B,351,Kolyma,177.801019486313,50.9996966640975,0.8845024307568868,"{""type"":""MultiPoint"",""coordinates"":[]}"
20240801T034541_20240801T034536_T51WWQ_2,129.46220328667073,106.34250107434467,1158.5,224,872.0,692.6082949308757,549.0,516.5,369.75,362.25,277.3199842952493,305.3333333333333,100.91194968553458,0.0,224,2024-08-01,66.76905,123.39458,S2A_MSIL1C_20240801T034541_N0511_R104_T51WWQ_20240801T062616,Sentinel-2A,224,Lena,179.963976643719,49.2202269031058,0.6856387933935917,"{""type"":""MultiPoint"",""coordinates"":[]}"
20240801T061629_20240801T061728_T44WPC_1,33.0,14.0,1119.0,346,764.0,480.99999999999994,274.0,245.0,259.0,258.00000000000006,188.99999999999991,198.99999999999997,74.0,2.23213592522918,346,2024-08-01,69.37340000000002,86.12130000000002,S2B_MSIL1C_20240801T061629_N0511_R034_T44WPC_20240801T071513,Sentinel-2B,346,Yenisey,177.973219673395,51.9069505031782,0.8716452666744883,"{""type"":""MultiPoint"",""coordinates"":[]}"
20240801T061629_20240801T061728_T45WVS_1,33.0,15.000000000000002,1119.0000000000002,353,763.0000000000001,480.9999999999999,274.0,245.00000000000006,259.0,258.0,189.0,199.00000000000003,73.99999999999999,8.5888500701723,353,2024-08-01,69.37340000000002,86.12130000000002,S2B_MSIL1C_20240801T061629_N0511_R034_T45WVS_20240801T071513,Sentinel-2B,353,Yenisey,179.058027485294,51.0446447497233,0.8722320000330607,"{""type"":""MultiPoint"",""coordinates"":[]}"
20240801T061629_20240801T061728_T45WVT_1,33.0,14.999999999999998,1119.0000000000002,353,763.0,480.9999999999999,274.0,245.00000000000006,259.0,258.0,188.99999999999991,199.00000000000003,73.99999999999999,1.97249843232106,353,2024-08-01,69.37340000000002,86.12130000000002,S2B_MSIL1C_20240801T061629_N0511_R034_T45WVT_20240801T071513,Sentinel-2B,353,Yenisey,178.943729558843,51.9413623690066,0.8726819610154187,"{""type"":""MultiPoint"",""coordinates"":[]}"
20240801T202851_20240801T203058_T08WNV_5,64.0,42.99999999999999,1491.0,348,1202.0,1027.0,845.9999999999999,746.9999999999999,476.99999999999994,474.9999999999999,334.0,373.0,79.00000000000001,32.2219354799009,348,2024-08-01,67.45,-133.74,S2A_MSIL1C_20240801T202851_N0511_R114_T08WNV_20240802T011610,Sentinel-2A,348,Mackenzie,172.2236668273,49.5626549922491,0.8820609892126611,"{""type"":""MultiPoint"",""coordinates"":[]}"
20240803T010651_20240803T010650_T57WWS_3,52.0,33.0,1492.0,351,1147.0000000000002,935.9999999999999,879.0,814.0,530.0,513.0,341.0,413.00000000000006,89.0,30.0456535202267,351,2024-08-03,68.75,161.3,S2A_MSIL1C_20240803T010651_N0511_R131_T57WWS_20240803T130533,Sentinel-2A,351,Kolyma,174.826523797276,51.570901904086,0.8940666377544403,"{""type"":""MultiPoint"",""coordinates"":[]}"
20240803T060631_20240803T060633_T44WPC_1,80.00000000000001,33.99999999999999,1472.0,346,1057.0,714.0000000000001,466.99999999999994,427.00000000000006,453.00000000000006,443.00000000000006,365.00000000000006,369.00000000000006,113.0,0.0,346,2024-08-03,69.37340000000002,86.12130000000002,S2A_MSIL1C_20240803T060631_N0511_R134_T44WPC_20240803T080733,Sentinel-2A,346,Yenisey,175.033728513355,52.4751703250092,0.7977126121520997,"{""type"":""MultiPoint"",""coordinates"":[]}"
20240803T060631_20240803T060633_T45WVS_1,80.00000000000001,34.0,1472.0,353,1057.0,714.0000000000001,467.0,428.0,453.00000000000006,443.0,365.0,368.9999999999999,112.99999999999997,11.6779234150918,353,2024-08-03,69.37340000000002,86.12130000000002,S2A_MSIL1C_20240803T060631_N0511_R134_T45WVS_20240803T080733,Sentinel-2A,353,Yenisey,176.080911271895,51.5986160325007,0.7969797650973002,"{""type"":""MultiPoint"",""coordinates"":[]}"
20240803T060631_20240803T060633_T45WVT_1,80.00000000000001,34.0,1472.0,353,1057.0,714.0,467.0,428.0,453.00000000000006,443.0,364.0,368.99999999999994,113.0,0.0,353,2024-08-03,69.37340000000002,86.12130000000002,S2A_MSIL1C_20240803T060631_N0511_R134_T45WVT_20240803T080733,Sentinel-2A,353,Yenisey,176.001749568498,52.4952511371996,0.7969797650973002,"{""type"":""MultiPoint"",""coordinates"":[]}"
20240804T062629_20240804T062629_T44WPC_1,142.6234772978959,126.56596794081379,1212.0,346,881.303880597015,612.4923999143653,421.3985304922851,385.7450787401574,380.2875282167043,370.31510875955314,318.3141172617098,309.3703703703704,129.0,0.0332945146167398,346,2024-08-04,69.37340000000002,86.12130000000002,S2B_MSIL1C_20240804T062629_N0511_R077_T44WPC_20240804T083618,Sentinel-2B,346,Yenisey,181.061621405654,52.6862261050765,0.6237996043545185,"{""type"":""MultiPoint"",""coordinates"":[]}"
20240804T062629_20240804T062629_T45WVS_1,142.54706453178068,126.402304964539,1213.0,353,882.2494802494803,610.6444444444444,421.5733573357336,386.3397237682953,380.49125824018347,370.5467451523546,318.21612815639423,313.678133413102,126.99999999999999,0.20669436092235,353,2024-08-04,69.37340000000002,86.12130000000002,S2B_MSIL1C_20240804T062629_N0511_R077_T45WVS_20240804T083618,Sentinel-2B,353,Yenisey,182.17337347244,51.8412624459965,0.6223727517206786,"{""type"":""MultiPoint"",""coordinates"":[]}"
20240804T062629_20240804T062629_T45WVT_1,142.55370985603543,126.402304964539,1213.0,353,882.2671861953798,610.6444444444444,421.6116111611161,386.28715728715736,380.228590694538,370.6030799801291,318.37193698949824,313.72669644143497,126.99999999999999,0.0639015796231598,353,2024-08-04,69.37340000000002,86.12130000000002,S2B_MSIL1C_20240804T062629_N0511_R077_T45WVT_20240804T083618,Sentinel-2B,353,Yenisey,182.023531376934,52.7355440570521,0.6222796594958957,"{""type"":""MultiPoint"",""coordinates"":[]}"
20240806T202849_20240806T202845_T08WNV_5,47.99999999999999,27.0,1448.0000000000002,348,1167.0,1001.0,848.0000000000001,761.0,497.0,498.99999999999994,336.0,396.0,84.0,0.0,348,2024-08-06,67.45,-133.74,S2B_MSIL1C_20240806T202849_N0511_R114_T08WNV_20240806T234305,Sentinel-2B,348,Mackenzie,172.470733408487,50.8993572376183,0.9078890870257121,"{""type"":""MultiPoint"",""coordinates"":[]}"
20240807T072621_20240807T072616_T41WPP_0,34.0,16.0,1163.0,350,813.0,537.9999999999999,410.0,380.99999999999994,289.99999999999994,273.0,196.00000000000003,219.0,73.0,2.28618352294783,350,2024-08-07,66.63000000000001,66.6,S2A_MSIL1C_20240807T072621_N0511_R049_T41WPP_20240807T094921,Sentinel-2A,350,Ob,177.187183894231,49.9642350239817,0.8807017803192139,"{""type"":""MultiPoint"",""coordinates"":[]}"
20240807T072621_20240807T072616_T41WPQ_0,34.0,16.0,1163.0,350,813.0,537.9999999999999,409.99999999999994,380.99999999999994,289.99999999999994,273.00000000000006,194.99999999999997,219.0,72.99999999999999,0.301591567380334,350,2024-08-07,66.63000000000001,66.6,S2A_MSIL1C_20240807T072621_N0511_R049_T41WPQ_20240807T094921,Sentinel-2A,350,Ob,177.30737140708,50.8569170114251,0.8807017803192139,"{""type"":""MultiPoint"",""coordinates"":[]}"
20240807T205021_20240807T205246_T08WNV_5,73.0,39.0,1500.0,348,1239.0000000000002,1070.9999999999998,953.0,885.0,667.0,679.0,490.0,550.0,103.99999999999999,0.0,348,2024-08-07,67.45,-133.74,S2A_MSIL1C_20240807T205021_N0511_R057_T08WNV_20240808T002912,Sentinel-2A,348,Mackenzie,178.672841933649,51.0353338155092,0.8728847172619567,"{""type"":""MultiPoint"",""coordinates"":[]}"
20240807T223531_20240807T223531_T03VXJ_4,575.0,482.0,1698.0,36,1432.0,1235.0,1139.0,1132.0,1185.0,1275.0,1161.0,1080.0,284.0,40.4299171474666,36,2024-08-07,61.93,-162.88,S2A_MSIL1C_20240807T223531_N0511_R058_T03VXJ_20240808T013519,Sentinel-2A,36,Yukon,174.829713756928,45.7225529851624,0.352841854095459,"{""type"":""MultiPoint"",""coordinates"":[]}"
20240808T010649_20240808T010650_T57WWS_3,33.99999999999999,18.000000000000004,1297.0,351,1010.0000000000001,839.0000000000001,716.0000000000001,627.0,384.0,355.0,240.0,287.0,82.99999999999999,0.539297765310437,351,2024-08-08,68.75,161.3,S2B_MSIL1C_20240808T010649_N0511_R131_T57WWS_20240808T022546,Sentinel-2B,351,Kolyma,175.052331192449,52.9378073549051,0.9214535604867198,"{""type"":""MultiPoint"",""coordinates"":[]}"
20240808T060639_20240808T060634_T44WPC_1,79.99999999999999,54.99999999999999,1248.9999999999998,346,883.0,585.0000000000001,372.0,330.99999999999994,305.0,292.00000000000006,226.0,240.99999999999994,83.0,2.71650639464492,346,2024-08-08,69.37340000000002,86.12130000000002,S2B_MSIL1C_20240808T060639_N0511_R134_T44WPC_20240808T080824,Sentinel-2B,346,Yenisey,175.25635958537,53.8471462942797,0.759036123752594,"{""type"":""MultiPoint"",""coordinates"":[]}"
20240808T060639_20240808T060634_T45WVS_1,79.99999999999999,55.0,1249.0000000000002,353,883.0,585.0000000000001,372.00000000000006,331.0,304.0,293.0,226.99999999999997,241.0,83.0,1.36142908248065,353,2024-08-08,69.37340000000002,86.12130000000002,S2B_MSIL1C_20240808T060639_N0511_R134_T45WVS_20240808T080824,Sentinel-2B,353,Yenisey,176.296442253444,52.9715697728788,0.7596948174142366,"{""type"":""MultiPoint"",""coordinates"":[]}"
20240808T060639_20240808T060634_T45WVT_1,79.99999999999999,55.0,1249.0000000000002,353,883.0,585.0000000000001,372.00000000000006,331.0,304.99999999999994,293.0,226.0,241.0,84.0,3.84528791798339,353,2024-08-08,69.37340000000002,86.12130000000002,S2B_MSIL1C_20240808T060639_N0511_R134_T45WVT_20240808T080824,Sentinel-2B,353,Yenisey,176.213854947377,53.8682877769003,0.7589506308237711,"{""type"":""MultiPoint"",""coordinates"":[]}"
20240809T012701_20240809T012656_T57WWS_3,98.0,40.00000000000001,1614.0000000000002,351,1301.0,1047.0000000000002,854.0,812.0,701.0,670.0,537.9999999999999,571.0,216.0,3.8836931529756,351,2024-08-09,68.75,161.3,S2A_MSIL1C_20240809T012701_N0511_R074_T57WWS_20240809T040849,Sentinel-2A,351,Kolyma,181.087003735448,53.1687346581283,0.8287653659426901,"{""type"":""MultiPoint"",""coordinates"":[]}"
20240809T062631_20240809T062628_T44WPC_1,116.99999999999999,88.99999999999999,1159.9999999999998,346,846.0,577.0000000000001,387.99999999999994,354.0,328.0,319.0,268.0,262.0,103.00000000000001,0.0,346,2024-08-09,69.37340000000002,86.12130000000002,S2A_MSIL1C_20240809T062631_N0511_R077_T44WPC_20240809T085811,Sentinel-2A,346,Yenisey,181.224264099707,54.0864668995418,0.6633764772771675,"{""type"":""MultiPoint"",""coordinates"":[]}"
20240809T062631_20240809T062628_T45WVS_1,117.99999999999999,89.0,1160.0000000000002,353,847.0,577.0,387.99999999999994,354.00000000000006,328.0,319.00000000000006,268.00000000000006,262.00000000000006,102.0,0.0738563709248769,353,2024-08-09,69.37340000000002,86.12130000000002,S2A_MSIL1C_20240809T062631_N0511_R077_T45WVS_20240809T085811,Sentinel-2A,353,Yenisey,182.324588438563,53.2424492389219,0.6614416360855102,"{""type"":""MultiPoint"",""coordinates"":[]}"
20240809T062631_20240809T062628_T45WVT_1,117.99999999999999,89.0,1160.0000000000002,353,847.0,577.0,387.99999999999994,354.00000000000006,328.00000000000006,319.0,268.0,262.00000000000006,102.99999999999999,0.0,353,2024-08-09,69.37340000000002,86.12130000000002,S2A_MSIL1C_20240809T062631_N0511_R077_T45WVT_20240809T085811,Sentinel-2A,353,Yenisey,182.175637796816,54.1365412064357,0.6619218187545662,"{""type"":""MultiPoint"",""coordinates"":[]}"
20240809T203839_20240809T204522_T08WNV_5,97.0,54.0,1646.9999999999998,348,1385.0,1255.0,1284.0,1249.0,1181.0,1283.0,1112.0,1076.0,110.0,38.505359968945,348,2024-08-09,67.45,-133.74,S2B_MSIL1C_20240809T203839_N0511_R014_T08WNV_20240809T235620,Sentinel-2B,348,Mackenzie,175.719720542559,51.6569912985014,0.856105363368988,"{""type"":""MultiPoint"",""coordinates"":[]}"
20240810T032519_20240810T032554_T51WWQ_2,137.3849884526559,98.32746885835365,1363.0,306,1036.0,800.4581336340569,624.6,582.4,449.7129097405624,437.0475716064757,341.0,373.52647503782146,134.70623732502347,16.8870375347129,306,2024-08-10,66.76905,123.39458,S2B_MSIL1C_20240810T032519_N0511_R018_T51WWQ_20240810T061037,Sentinel-2B,306,Lena,174.155054349002,51.7829629836692,0.7088899008337071,"{""type"":""MultiPoint"",""coordinates"":[]}"
20240811T034531_20240811T034534_T51WWQ_2,125.27514427040396,96.55018350087761,1190.0,288,921.0,736.3333333333334,630.4282511210762,615.0,429.5,417.47115384615387,313.9386056191467,353.0,110.09378084896348,0.0,288,2024-08-11,66.76905,123.39458,S2A_MSIL1C_20240811T034531_N0511_R104_T51WWQ_20240811T060614,Sentinel-2A,288,Lena,180.308757632572,51.9892681001805,0.7128560794223591,"{""type"":""MultiPoint"",""coordinates"":[]}"
20240811T061639_20240811T061634_T44WPC_1,42.0,22.999999999999996,1185.0,346,819.0,538.0,325.0,288.0,259.99999999999994,249.99999999999994,184.0,198.99999999999997,79.00000000000001,0.0,346,2024-08-11,69.37340000000002,86.12130000000002,S2B_MSIL1C_20240811T061639_N0511_R034_T44WPC_20240811T081900,Sentinel-2B,346,Yenisey,178.376723499047,54.6768558563391,0.8543115459312149,"{""type"":""MultiPoint"",""coordinates"":[]}"
20240811T061639_20240811T061634_T45WVS_1,42.0,23.000000000000004,1185.0,353,819.0,538.0,325.00000000000006,288.0,260.0,250.0,183.0,198.99999999999997,78.99999999999999,36.6772373018006,353,2024-08-11,69.37340000000002,86.12130000000002,S2B_MSIL1C_20240811T061639_N0511_R034_T45WVS_20240811T081900,Sentinel-2B,353,Yenisey,179.443109220875,53.8166239375749,0.8542975100863627,"{""type"":""MultiPoint"",""coordinates"":[]}"
20240811T061639_20240811T061634_T45WVT_1,42.0,23.000000000000004,1185.0,353,819.0,537.9999999999999,325.00000000000006,288.0,260.00000000000006,250.0,182.99999999999997,198.99999999999997,79.0,0.0,353,2024-08-11,69.37340000000002,86.12130000000002,S2B_MSIL1C_20240811T061639_N0511_R034_T45WVT_20240811T081900,Sentinel-2B,353,Yenisey,179.326124967219,54.7131729720112,0.8542975100863627,"{""type"":""MultiPoint"",""coordinates"":[]}"
20240813T010651_20240813T010649_T57WWS_3,577.0,512.0,2437.0,145,1889.5131195335275,1529.6666666666667,1402.5,1396.0,1414.0,1461.0,1449.3333333333333,1236.3333333333333,550.0,38.0145587275337,145,2024-08-13,68.75,161.3,S2A_MSIL1C_20240813T010651_N0511_R131_T57WWS_20240813T022641,Sentinel-2A,145,Kolyma,175.335861839077,54.4104474467132,0.4525109827518463,"{""type"":""MultiPoint"",""coordinates"":[]}"
20240814T062629_20240814T062631_T44WPC_1,20.0,11.000000000000002,1122.0,346,781.9999999999997,497.00000000000006,284.0000000000001,241.0,221.99999999999994,201.99999999999997,153.99999999999994,161.0,55.99999999999999,9.54832930215892,346,2024-08-14,69.37340000000002,86.12130000000002,S2B_MSIL1C_20240814T062629_N0511_R077_T44WPC_20240814T085453,Sentinel-2B,346,Yenisey,181.474355260954,55.591807779041,0.9226188068405838,"{""type"":""MultiPoint"",""coordinates"":[]}"
20240814T062629_20240814T062631_T45WVS_1,19.999999999999996,10.999999999999998,1123.0000000000002,353,782.0000000000001,497.0000000000001,283.99999999999994,241.00000000000003,222.99999999999994,201.99999999999997,154.00000000000003,161.0,55.0,1.93738156612094,353,2024-08-14,69.37340000000002,86.12130000000002,S2B_MSIL1C_20240814T062629_N0511_R077_T45WVS_20240814T085453,Sentinel-2B,353,Yenisey,182.563409071684,54.7492736500086,0.923076921697346,"{""type"":""MultiPoint"",""coordinates"":[]}"
20240814T062629_20240814T062631_T45WVT_1,19.999999999999996,10.999999999999998,1123.0000000000002,353,782.0,497.00000000000006,284.0,241.00000000000003,222.99999999999994,201.99999999999997,154.00000000000003,161.0,54.0,12.5506882857058,353,2024-08-14,69.37340000000002,86.12130000000002,S2B_MSIL1C_20240814T062629_N0511_R077_T45WVT_20240814T085453,Sentinel-2B,353,Yenisey,182.414735963486,55.6430569144295,0.923076921697346,"{""type"":""MultiPoint"",""coordinates"":[]}"
20240814T203841_20240814T204234_T08WNV_5,48.0,30.0,1488.9999999999998,348,1251.0000000000002,1139.0,1137.0,1107.0,826.0,843.0,607.0000000000001,698.0,113.0,1.56361790438652,348,2024-08-14,67.45,-133.74,S2A_MSIL1C_20240814T203841_N0511_R014_T08WNV_20240815T001848,Sentinel-2A,348,Mackenzie,176.027887904399,53.1657683993519,0.9191355517728678,"{""type"":""MultiPoint"",""coordinates"":[]}"
20240815T032521_20240815T032732_T51WWQ_2,65.45135070523546,42.254681647940075,1229.0,216,858.5027535566775,612.5260115606935,429.2861072902338,385.8297180043384,289.3169774288518,265.2479860365199,196.99550182738264,221.5,86.0,0.0565260234703933,216,2024-08-15,66.76905,123.39458,S2A_MSIL1C_20240815T032521_N0511_R018_T51WWQ_20240815T060850,Sentinel-2A,216,Lena,174.486983494193,53.2943197665248,0.8137073818124921,"{""type"":""MultiPoint"",""coordinates"":[]}"
20240816T034539_20240816T034536_T51WWQ_2,57.3611245758604,42.5,1146.0,198,816.5558459661962,579.9999999999999,401.56184084372,356.6525911708253,269.3348569743439,261.2,185.45736434108528,205.23784162578838,78.28962645128722,0.241772679687195,198,2024-08-16,66.76905,123.39458,S2B_MSIL1C_20240816T034539_N0511_R104_T51WWQ_20240816T060716,Sentinel-2B,198,Lena,180.597010140577,53.5300439060311,0.8224033699755654,"{""type"":""MultiPoint"",""coordinates"":[]}"
20240820T032519_20240820T032515_T51WWQ_2,762.0,417.0,2014.0,13,1671.0,1383.0,1251.0,1205.0,1190.0,1278.0,1208.0,1133.0,183.0,46.9341873450984,13,2024-08-20,66.76905,123.39458,S2B_MSIL1C_20240820T032519_N0511_R018_T51WWQ_20240820T054445,Sentinel-2B,13,Lena,174.894644858187,54.8950485039305,0.28951048851013184,"{""type"":""MultiPoint"",""coordinates"":[]}"
20240821T070621_20240821T070619_T41WPP_0,35.0,21.0,1304.0,350,899.0,586.9999999999999,429.0,398.0,309.00000000000006,285.99999999999994,214.0,227.0,68.0,0.150897011966429,350,2024-08-21,66.63000000000001,66.6,S2A_MSIL1C_20240821T070621_N0511_R106_T41WPP_20240821T093904,Sentinel-2A,350,Ob,172.090265564307,54.4579422439597,0.8874595761299133,"{""type"":""MultiPoint"",""coordinates"":[]}"
20240823T033539_20240823T033701_T51WWQ_2,97.95864661654136,53.30264496439471,1386.2930641740634,239,1015.9999999999998,742.2821782178218,532.8337408312958,477.0733972438586,410.0647702407003,409.1024447031432,321.0,325.88669103418624,89.0,16.1773418137299,239,2024-08-23,66.76905,123.39458,S2B_MSIL1C_20240823T033539_N0511_R061_T51WWQ_20240823T073427,Sentinel-2B,239,Lena,178.109351166991,55.8401649415401,0.7677299944084254,"{""type"":""MultiPoint"",""coordinates"":[]}"
20240824T071621_20240824T072017_T41WPP_0,48.0,24.000000000000004,1308.0,350,918.0000000000001,613.0,451.0,422.0,348.0,329.0,252.00000000000003,269.00000000000006,82.0,3.20439547314043,350,2024-08-24,66.63000000000001,66.6,S2A_MSIL1C_20240824T071621_N0511_R006_T41WPP_20240824T094941,Sentinel-2A,350,Ob,175.366169179397,55.3578861054025,0.8537699282169342,"{""type"":""MultiPoint"",""coordinates"":[]}"
20240824T071621_20240824T072017_T41WPQ_0,48.0,24.000000000000004,1308.0,350,918.0000000000001,613.0,451.0,422.0,348.0,330.0,252.0,269.00000000000006,82.00000000000001,11.6155454029681,350,2024-08-24,66.63000000000001,66.6,S2A_MSIL1C_20240824T071621_N0511_R006_T41WPQ_20240824T094941,Sentinel-2A,350,Ob,175.494218251325,56.24791954863,0.8537142425775528,"{""type"":""MultiPoint"",""coordinates"":[]}"
20240826T070619_20240826T070621_T41WPP_0,63.0,30.000000000000004,1462.0000000000002,350,1038.0000000000002,693.0,495.0,454.0,388.00000000000006,379.0,292.0,303.0,75.00000000000001,1.59232175076033,350,2024-08-26,66.63000000000001,66.6,S2B_MSIL1C_20240826T070619_N0511_R106_T41WPP_20240826T092621,Sentinel-2B,350,Ob,172.62065041745,56.1466127110941,0.8323724954288663,"{""type"":""MultiPoint"",""coordinates"":[]}"
20240826T070619_20240826T070621_T41WPQ_0,63.0,30.000000000000004,1462.0000000000002,350,1038.0,693.0,495.0,454.0,388.00000000000006,379.0,292.0,302.99999999999994,75.00000000000001,15.7620808031818,350,2024-08-26,66.63000000000001,66.6,S2B_MSIL1C_20240826T070619_N0511_R106_T41WPQ_20240826T092621,Sentinel-2B,350,Ob,172.773776792355,57.0310065833599,0.8323537462369056,"{""type"":""MultiPoint"",""coordinates"":[]}"
20240827T072611_20240827T072613_T41WPQ_0,541.416149068323,534.0,1558.9999999999998,208,1154.6666666666667,839.0,709.0,700.3333333333334,693.3333333333334,722.6129807692307,685.0,625.5,284.0,36.7397652960674,208,2024-08-27,66.63000000000001,66.6,S2A_MSIL1C_20240827T072611_N0511_R049_T41WPQ_20240827T093013,Sentinel-2A,208,Ob,178.704396434064,57.2402621483026,0.22146466374397278,"{""type"":""MultiPoint"",""coordinates"":[]}"
20240827T205021_20240827T205544_T08WNV_5,255.0,198.0,1653.0,143,1406.5,1263.0,1180.6788413098236,1106.5,812.5,810.0,622.0,697.5,156.0,4.47715780126711,143,2024-08-27,67.45,-133.74,S2A_MSIL1C_20240827T205021_N0511_R057_T08WNV_20240828T003850,Sentinel-2A,143,Mackenzie,180.022852622639,57.4675470451037,0.6664485335350037,"{""type"":""MultiPoint"",""coordinates"":[]}"
20240829T062631_20240829T062625_T44WPC_1,44.99999999999998,21.999999999999996,1397.999999999999,346,1013.0,641.0,411.0,365.0,331.0,308.0,250.00000000000006,253.99999999999997,102.00000000000003,29.4510137657141,346,2024-08-29,69.37340000000002,86.12130000000002,S2A_MSIL1C_20240829T062631_N0511_R077_T44WPC_20240829T084340,Sentinel-2A,346,Yenisey,182.470270677271,60.630273369534,0.8680351972579957,"{""type"":""MultiPoint"",""coordinates"":[]}"
20240829T062631_20240829T062625_T45WVT_1,44.999999999999986,23.0,1397.0,353,1011.9999999999999,642.0,411.00000000000006,364.99999999999994,331.0,307.99999999999994,250.0,254.0,101.00000000000001,32.0973155364448,353,2024-08-29,69.37340000000002,86.12130000000002,S2A_MSIL1C_20240829T062631_N0511_R077_T45WVT_20240829T084340,Sentinel-2A,353,Yenisey,183.376524871872,60.6862163450649,0.8678160905838013,"{""type"":""MultiPoint"",""coordinates"":[]}"
20240830T032519_20240830T032516_T51WWQ_2,77.4937712344281,49.941620626151014,1338.6666666666667,185,972.6990291262135,708.0,477.3333333333333,418.75,313.04457467590123,297.58582212011817,217.82371240926372,245.78861563967948,88.24795417348608,14.6207709994326,185,2024-08-30,66.76905,123.39458,S2B_MSIL1C_20240830T032519_N0511_R018_T51WWQ_20240830T070533,Sentinel-2B,185,Lena,175.85130646549,58.3275338008416,0.8068223893642426,"{""type"":""MultiPoint"",""coordinates"":[]}"
20240831T070621_20240831T070652_T41WPQ_0,41.0,20.0,1470.0,54,1027.0,664.0,481.0,447.0,340.0,313.0,234.0,251.0,85.0,4.67920426061545,54,2024-08-31,66.63000000000001,66.6,S2A_MSIL1C_20240831T070621_N0511_R106_T41WPQ_20240831T092855,Sentinel-2A,54,Ob,173.301689086434,58.7898651141097,0.8849930167198181,"{""type"":""MultiPoint"",""coordinates"":[]}"
20240831T221531_20240831T221644_T03VXJ_4,131.0,88.99999999999999,1580.0,342,1364.0,1263.0,1277.0,1263.0,1107.0,1134.0,922.9999999999998,970.0000000000002,204.99999999999991,22.6459733046672,342,2024-08-31,61.93,-162.88,S2A_MSIL1C_20240831T221531_N0511_R115_T03VXJ_20240901T000746,Sentinel-2A,342,Yukon,170.878786941123,53.7909179568441,0.8108040690422058,"{""type"":""MultiPoint"",""coordinates"":[]}"
20240901T223539_20240901T223533_T03VXJ_4,41.00000000000001,18.0,1414.9999999999993,342,1244.0,1179.0,1205.0,1186.9999999999998,1001.0,1005.0,783.0,856.9999999999999,142.0,0.0,342,2024-09-01,61.93,-162.88,S2B_MSIL1C_20240901T223539_N0511_R058_T03VXJ_20240902T000502,Sentinel-2B,342,Yukon,177.121568431619,53.9083074188538,0.9320282120226829,"{""type"":""MultiPoint"",""coordinates"":[]}"
20240903T062629_20240903T062630_T44WPC_1,99.0,84.0,1320.0000000000002,346,949.0,619.9999999999999,416.00000000000006,367.99999999999994,335.0,316.99999999999994,261.0,260.0,86.99999999999996,3.15814147929171,346,2024-09-03,69.37340000000002,86.12130000000002,S2B_MSIL1C_20240903T062629_N0511_R077_T44WPC_20240903T084348,Sentinel-2B,346,Yenisey,182.90235367028,62.4500961762563,0.7239455382029215,"{""type"":""MultiPoint"",""coordinates"":[]}"
20240903T062629_20240903T062630_T45WVS_1,99.0,84.0,1321.0,353,949.0,619.0,416.0,367.00000000000006,335.0,316.99999999999994,261.0,260.0,87.0,31.0774910064978,353,2024-09-03,69.37340000000002,86.12130000000002,S2B_MSIL1C_20240903T062629_N0511_R077_T45WVS_20240903T084348,Sentinel-2B,353,Yenisey,183.944799875562,61.6163789499957,0.7241139560937881,"{""type"":""MultiPoint"",""coordinates"":[]}"
20240903T062629_20240903T062630_T45WVT_1,99.0,84.0,1321.0,353,949.0,619.0,416.0,366.99999999999994,335.0,317.0,261.0,260.0,85.99999999999999,3.50565857445728,353,2024-09-03,69.37340000000002,86.12130000000002,S2B_MSIL1C_20240903T062629_N0511_R077_T45WVT_20240903T084348,Sentinel-2B,353,Yenisey,183.797095060775,62.5080784107208,0.7241139560937881,"{""type"":""MultiPoint"",""coordinates"":[]}"
20240904T032541_20240904T032535_T51WWQ_2,85.31621423330888,65.49341142020498,1322.0,183,934.6,676.3333333333334,469.0,400.0,297.66015625,269.11576354679806,208.7635605006954,226.32386363636363,84.0,21.8759891307594,183,2024-09-04,66.76905,123.39458,S2A_MSIL1C_20240904T032541_N0511_R018_T51WWQ_20240904T070548,Sentinel-2A,183,Lena,176.357228511541,60.1394510722402,0.7758564054965973,"{""type"":""MultiPoint"",""coordinates"":[]}"
20240907T033531_20240907T033534_T51WWQ_2,77.7487684729064,61.06653376526289,1240.6550028371473,195,870.4349030470913,624.0,429.0,367.99999999999994,269.60205087753894,246.05136857892765,185.39937353171496,201.34778012684993,86.05797272566265,1.72519334706919,195,2024-09-07,66.76905,123.39458,S2A_MSIL1C_20240907T033531_N0511_R061_T51WWQ_20240907T061528,Sentinel-2A,195,Lena,179.504543679946,61.2207591032816,0.7799597437444485,"{""type"":""MultiPoint"",""coordinates"":[]}"
20240911T072619_20240911T072616_T41WPP_0,44.000000000000014,22.0,1355.0,350,952.0000000000001,640.0,494.00000000000006,455.0,333.0,314.0,222.0,241.99999999999994,71.00000000000001,4.48622069521953,350,2024-09-11,66.63000000000001,66.6,S2B_MSIL1C_20240911T072619_N0511_R049_T41WPP_20240911T093036,Sentinel-2B,350,Ob,180.076751496829,61.863405665402,0.8708802989320014,"{""type"":""MultiPoint"",""coordinates"":[]}"
20240911T072619_20240911T072616_T41WPQ_0,44.000000000000014,22.0,1355.0,350,952.0000000000001,640.0,494.00000000000006,455.0,333.00000000000006,314.0,222.0,241.99999999999994,71.0,17.9142404968796,350,2024-09-11,66.63000000000001,66.6,S2B_MSIL1C_20240911T072619_N0511_R049_T41WPQ_20240911T093036,Sentinel-2B,350,Ob,180.152360273619,62.7584486622738,0.870884409242175,"{""type"":""MultiPoint"",""coordinates"":[]}"
20240912T010651_20240912T010645_T57WWS_3,25.0,13.000000000000002,1398.0000000000005,351,1063.9999999999998,809.9999999999999,725.0000000000002,643.0,384.0000000000001,354.0,228.0,280.0,69.0,0.934113081580875,351,2024-09-12,68.75,161.3,S2A_MSIL1C_20240912T010651_N0511_R131_T57WWS_20240912T022623,Sentinel-2A,351,Kolyma,178.040375462193,64.8778383444474,0.9406246723962717,"{""type"":""MultiPoint"",""coordinates"":[]}"
20240913T012659_20240913T012655_T57WWS_3,27.0,16.0,1366.0000000000002,351,1049.0,818.0,746.0,659.0,398.0,374.0,239.0,294.0,79.0,4.07318821105438,351,2024-09-13,68.75,161.3,S2B_MSIL1C_20240913T012659_N0511_R074_T57WWS_20240913T030937,Sentinel-2B,351,Kolyma,183.635531415924,65.292317190796,0.935734232266744,"{""type"":""MultiPoint"",""coordinates"":[]}"
20240913T062629_20240913T062627_T44WPC_1,50.0,39.0,1335.0,346,951.0000000000001,605.0,390.0,338.0,286.0,256.0,196.00000000000003,211.0,100.00000000000001,15.8752426169787,346,2024-09-13,69.37340000000002,86.12130000000002,S2B_MSIL1C_20240913T062629_N0511_R077_T44WPC_20240913T082101,Sentinel-2B,346,Yenisey,183.757665388482,66.2300739148578,0.8472296744057563,"{""type"":""MultiPoint"",""coordinates"":[]}"
20240913T062629_20240913T062627_T45WVS_1,50.999999999999986,39.0,1335.9999999999998,353,951.9999999999999,605.0000000000001,389.0,338.00000000000006,285.99999999999994,256.0,196.0,210.99999999999997,100.0,12.7027719211668,353,2024-09-13,69.37340000000002,86.12130000000002,S2B_MSIL1C_20240913T062629_N0511_R077_T45WVS_20240913T082101,Sentinel-2B,353,Yenisey,184.775349589698,65.4018864285734,0.8463268817906913,"{""type"":""MultiPoint"",""coordinates"":[]}"
20240913T062629_20240913T062627_T45WVT_1,50.999999999999986,39.0,1335.9999999999998,353,951.9999999999999,605.0000000000001,389.0,338.00000000000006,285.99999999999994,256.0,196.0,210.99999999999997,98.00000000000001,12.0758756606647,353,2024-09-13,69.37340000000002,86.12130000000002,S2B_MSIL1C_20240913T062629_N0511_R077_T45WVT_20240913T082101,Sentinel-2B,353,Yenisey,184.629768798368,66.292084576058,0.8463185407146855,"{""type"":""MultiPoint"",""coordinates"":[]}"
20240915T061631_20240915T061817_T44WPC_1,43.0,25.999999999999996,1398.9999999999995,346,950.9999999999999,596.0,369.0,313.00000000000006,258.0,238.0,174.0,187.00000000000006,91.99999999999999,49.0079429066261,346,2024-09-15,69.37340000000002,86.12130000000002,S2A_MSIL1C_20240915T061631_N0511_R034_T44WPC_20240915T082650,Sentinel-2A,346,Yenisey,181.220784386727,66.9606713198242,0.8639040466351883,"{""type"":""MultiPoint"",""coordinates"":[]}"
20240915T061631_20240915T061817_T45WVS_1,43.00000000000001,26.000000000000004,1398.999999999999,353,951.9999999999999,596.0,369.00000000000006,313.0,258.0,236.99999999999997,174.0,187.00000000000003,91.0,10.4720654543283,353,2024-09-15,69.37340000000002,86.12130000000002,S2A_MSIL1C_20240915T061631_N0511_R034_T45WVS_20240915T082650,Sentinel-2A,353,Yenisey,182.218583331695,66.1163612396039,0.8645669221878052,"{""type"":""MultiPoint"",""coordinates"":[]}"
20240915T061631_20240915T061817_T45WVT_1,43.00000000000001,26.000000000000004,1398.999999999999,353,951.9999999999999,596.0,369.00000000000006,313.0,257.0,238.00000000000006,173.99999999999997,187.00000000000003,91.99999999999997,47.8229567917824,353,2024-09-15,69.37340000000002,86.12130000000002,S2A_MSIL1C_20240915T061631_N0511_R034_T45WVT_20240915T082650,Sentinel-2A,353,Yenisey,182.090543888354,67.0105364786217,0.8649918151786551,"{""type"":""MultiPoint"",""coordinates"":[]}"
20240915T203009_20240915T203235_T08WNV_5,358.40605590062114,292.42857142857144,1647.0,348,1293.0,1008.0,745.0,652.0,514.0,516.4745685740237,454.25,467.0,173.99999999999997,0.866668559514592,348,2024-09-15,67.45,-133.74,S2B_MSIL1C_20240915T203009_N0511_R114_T08WNV_20240915T223623,Sentinel-2B,348,Mackenzie,176.268043912618,64.5785419532008,0.47337009017939863,"{""type"":""MultiPoint"",""coordinates"":[]}"
20240920T070621_20240920T070919_T41WPP_0,88.99124726477025,58.25917431192661,1642.0,267,1187.0000000000002,813.0000000000001,631.9999999999999,595.0,436.19209809264305,416.8483840304183,320.3902065799541,338.00000000000006,100.00000000000001,0.551360007329031,267,2024-09-20,66.63000000000001,66.6,S2A_MSIL1C_20240920T070621_N0511_R106_T41WPP_20240920T080055,Sentinel-2A,267,Ob,175.470768808302,65.3902801002893,0.8020575659749395,"{""type"":""MultiPoint"",""coordinates"":[]}"
20240920T070621_20240920T070919_T41WPQ_0,88.87625676720805,56.47007955724663,1641.0,309,1186.0,813.0,631.0,595.0,436.40040444893833,416.6743483188515,320.355524573022,337.0,99.0,37.389127992852,309,2024-09-20,66.63000000000001,66.6,S2A_MSIL1C_20240920T070621_N0511_R106_T41WPQ_20240920T080055,Sentinel-2A,309,Ob,175.574741755334,66.2804833171537,0.802241235355144,"{""type"":""MultiPoint"",""coordinates"":[]}"
20240921T223529_20240921T223526_T03VXJ_4,37.0,20.000000000000004,1327.0,342,1079.0,918.0000000000001,896.0000000000001,833.9999999999999,544.0,523.0,348.0,422.99999999999994,87.00000000000001,2.10594693565704,342,2024-09-21,61.93,-162.88,S2B_MSIL1C_20240921T223529_N0511_R058_T03VXJ_20240922T003003,Sentinel-2B,342,Yukon,179.283697392378,61.4848442351251,0.9220395565032959,"{""type"":""MultiPoint"",""coordinates"":[]}"
20240925T221529_20240925T221528_T03VXJ_4,556.0,442.0,2072.0,49,1686.0,1297.0,1182.0,1154.0,1068.0,1079.0,1008.0,1011.0,447.0,45.6428379467885,49,2024-09-25,61.93,-162.88,S2B_MSIL1C_20240925T221529_N0511_R115_T03VXJ_20240925T234633,Sentinel-2B,49,Yukon,174.112335038675,63.1626806692309,0.4121372103691101,"{""type"":""MultiPoint"",""coordinates"":[]}"
20240927T010649_20240927T010701_T57WWS_3,27.000000000000004,15.000000000000002,1811.0000000000005,351,1384.0,998.0000000000001,803.0,697.0000000000001,452.99999999999994,403.0,270.0,325.00000000000006,110.99999999999999,6.23939379993902,351,2024-09-27,68.75,161.3,S2B_MSIL1C_20240927T010649_N0511_R131_T57WWS_20240927T024323,Sentinel-2B,351,Kolyma,179.529430355965,70.6747663578266,0.9468858540058136,"{""type"":""MultiPoint"",""coordinates"":[]}"
20240930T070711_20240930T070736_T41WPQ_0,41.0,25.999999999999996,1645.0000000000002,350,1182.0,807.0,683.0000000000001,649.0,433.0,396.00000000000006,278.0,321.0,104.0,29.9497781814831,350,2024-09-30,66.63000000000001,66.6,S2A_MSIL1C_20240930T070711_N0511_R106_T41WPQ_20240930T073759,Sentinel-2A,350,Ob,176.614910664317,70.1465904437228,0.9036436196147036,"{""type"":""MultiPoint"",""coordinates"":[]}"
20241005T203229_20241005T203425_T08WNV_5,36.0,22.999999999999996,1778.9999999999998,348,1368.0,1004.0,703.0,576.0,384.00000000000006,349.0,235.99999999999997,273.99999999999994,101.00000000000001,20.6240776334479,348,2024-10-05,67.45,-133.74,S2B_MSIL1C_20241005T203229_N0511_R114_T08WNV_20241005T234320,Sentinel-2B,348,Mackenzie,178.246098314753,72.301599835369,0.9300631284713745,"{""type"":""MultiPoint"",""coordinates"":[]}"
20241006T223531_20241006T223529_T03VXJ_4,552.6666666666666,422.0,1637.0,342,1302.0,998.0,909.0,888.0,778.0,788.2326642335767,752.4230769230769,720.492638280939,276.0,11.1057879553452,342,2024-10-06,61.93,-162.88,S2A_MSIL1C_20241006T223531_N0511_R058_T03VXJ_20241006T235911,Sentinel-2A,342,Yukon,180.651909801552,67.2983183206298,0.28685476382573444,"{""type"":""MultiPoint"",""coordinates"":[]}"
20241010T011649_20241010T011650_T57WWS_3,60.0,34.0,2323.0,351,1809.0,1286.0,1004.0,841.0,610.0,562.0,391.0,449.0,168.0,39.085968526979,351,2024-10-10,68.75,161.3,S2B_MSIL1C_20241010T011649_N0511_R031_T57WWS_20241010T023721,Sentinel-2B,351,Kolyma,183.1115687445,75.7135658589922,0.9112081527709961,"{""type"":""MultiPoint"",""coordinates"":[]}"
20241011T072739_20241011T072735_T41WPP_0,60.99999999999999,42.0,1796.0,350,1309.0000000000002,852.0,681.0,628.0,458.0,412.0,288.00000000000006,338.0,132.00000000000003,0.875481501388516,350,2024-10-11,66.63000000000001,66.6,S2B_MSIL1C_20241011T072739_N0511_R049_T41WPP_20241011T080939,Sentinel-2B,350,Ob,182.607831126319,73.4582486453728,0.867448091506958,"{""type"":""MultiPoint"",""coordinates"":[]}"
20241011T072739_20241011T072735_T41WPQ_0,62.0,46.0,1801.0,128,1310.0,854.0,684.9999999999999,627.0,457.0,411.00000000000006,290.0,340.0000000000001,131.0,18.9439816059004,128,2024-10-11,66.63000000000001,66.6,S2B_MSIL1C_20241011T072739_N0511_R049_T41WPQ_20241011T080939,Sentinel-2B,128,Ob,182.666129644191,74.3535281090564,0.8649605065584183,"{""type"":""MultiPoint"",""coordinates"":[]}"
20241013T204421_20241013T204419_T08WNV_5,39.0,26.0,1895.0,348,1453.0000000000002,1016.0,690.0,578.0,416.0,360.99999999999994,261.0,303.0,112.0,14.1623816775658,348,2024-10-13,67.45,-133.74,S2A_MSIL1C_20241013T204421_N0511_R014_T08WNV_20241013T223917,Sentinel-2A,348,Mackenzie,181.371195137631,75.3253284639165,0.926055908203125,"{""type"":""MultiPoint"",""coordinates"":[]}"
20241015T061831_20241015T061828_T45WVS_1,197.0,169.0,2360.0,31,1740.0,1136.0,856.0,784.0,699.0,649.0,531.0,547.0,273.0,1.61366418824091,31,2024-10-15,69.37340000000002,86.12130000000002,S2A_MSIL1C_20241015T061831_N0511_R034_T45WVS_20241015T063119,Sentinel-2A,31,Yenisey,184.433751002248,77.6930147967434,0.7028231620788574,"{""type"":""MultiPoint"",""coordinates"":[]}"
20241020T203501_20241020T203500_T08WNV_5,33.00000000000001,21.0,2229.6404028436023,348,1708.0,1151.0,822.0,708.0,507.99999999999994,462.0,331.0,372.0,152.59493600753507,0.550378241273921,348,2024-10-20,67.45,-133.74,S2A_MSIL1C_20241020T203501_N0511_R114_T08WNV_20241020T234010,Sentinel-2A,348,Mackenzie,179.195310692239,77.8657848539053,0.9436697165171305,"{""type"":""MultiPoint"",""coordinates"":[]}"
20241022T060911_20241022T060909_T44WPC_1,454.0,430.0,3364.0,49,2192.0,1501.0,1344.0,1505.0,1472.0,1327.0,1321.0,1122.0,1004.0,1.77032086996602,49,2024-10-22,69.37340000000002,86.12130000000002,S2A_MSIL1C_20241022T060911_N0511_R134_T44WPC_20241022T062046,Sentinel-2A,49,Yenisey,181.297837291194,81.0130438255366,0.533527672290802,"{""type"":""MultiPoint"",""coordinates"":[]}"
20241023T204521_20241023T204524_T08WNV_5,453.0,386.99999999999994,2553.1434225106855,348,2121.0,1572.0,1436.8298865910606,1394.61751497006,1272.5,1270.5006527415144,1200.6666666666667,1154.3915441176473,458.46594945701816,43.241631580519,348,2024-10-23,67.45,-133.74,S2A_MSIL1C_20241023T204521_N0511_R014_T08WNV_20241023T210938,Sentinel-2A,348,Mackenzie,181.797541033068,78.9312668998423,0.5525062884031077,"{""type"":""MultiPoint"",""coordinates"":[]}"
20241025T203439_20241025T203439_T08WNV_5,558.0,491.0,2707.0,107,2120.306859205776,1472.4383259911895,1264.665680473373,1232.472049689441,1195.0,1184.6666666666667,1120.0,1077.0,613.0,33.5582884151262,107,2024-10-25,67.45,-133.74,S2B_MSIL1C_20241025T203439_N0511_R114_T08WNV_20241025T205055,Sentinel-2B,107,Mackenzie,179.374759996274,79.6074799619213,0.45164409279823303,"{""type"":""MultiPoint"",""coordinates"":[]}"
20241026T223631_20241026T223630_T03VXJ_4,67.99999999999999,40.99999999999999,1809.0000000000005,342,1426.0000000000002,1063.0,953.9999999999999,896.0,659.0000000000001,602.0,431.0,508.99999999999994,176.99999999999997,0.760784087383754,342,2024-10-26,61.93,-162.88,S2A_MSIL1C_20241026T223631_N0511_R058_T03VXJ_20241026T225500,Sentinel-2A,342,Yukon,181.621791238001,74.574537039748,0.8796976060788905,"{""type"":""MultiPoint"",""coordinates"":[]}"
20250602T011711_20250602T011714_T57WWS_3,85.0,53.0,1221.0000000000002,351,955.9999999999999,724.0,705.0,672.0,493.0,466.0,340.0,401.0,123.00000000000003,2.3148795126758,351,2025-06-02,68.75,161.3,S2C_MSIL1C_20250602T011711_N0511_R031_T57WWS_20250602T031015,Sentinel-2C,351,Kolyma,180.484187320738,46.7142174793753,0.7908039887746176,"{""type"":""MultiPoint"",""coordinates"":[]}"
20250604T010649_20250604T010647_T57WWS_3,29.000000000000004,12.0,1274.0,351,951.0,702.0000000000001,646.0,616.0,423.0,401.00000000000006,271.0,332.0,86.0,6.64390534235006,351,2025-06-04,68.75,161.3,S2B_MSIL1C_20250604T010649_N0511_R131_T57WWS_20250604T022032,Sentinel-2B,351,Kolyma,177.093080497223,46.4909753612263,0.9206745036931205,"{""type"":""MultiPoint"",""coordinates"":[]}"
20250604T033601_20250604T033848_T51WWQ_2,172.0,121.0,1202.0,351,913.0,633.9999999999998,539.0,526.0,446.0,425.0,353.00000000000006,376.99999999999994,153.0,0.171668308996984,351,2025-06-04,66.76905,123.39458,S2C_MSIL1C_20250604T033601_N0511_R061_T51WWQ_20250604T061651,Sentinel-2C,351,Lena,179.421203535179,44.665115270744,0.5734794733357214,"{""type"":""MultiPoint"",""coordinates"":[]}"
20250607T034551_20250607T034554_T51WWQ_2,172.0,118.0,1175.9999999999998,351,907.9999999999999,662.0,603.0,604.0,507.9999999999999,488.0,395.0,434.0,159.0,0.0,351,2025-06-07,66.76905,123.39458,S2C_MSIL1C_20250607T034551_N0511_R104_T51WWQ_20250607T053806,Sentinel-2C,351,Lena,182.525323263169,44.3647883454495,0.5886509120464325,"{""type"":""MultiPoint"",""coordinates"":[]}"
20250607T070641_20250607T070916_T41WPP_0,101.0,48.0,1367.9999999999998,350,1049.0,714.0,562.0,537.0,455.0,421.00000000000006,349.99999999999994,363.0,164.0,3.87940284863017,350,2025-06-07,66.63000000000001,66.6,S2C_MSIL1C_20250607T070641_N0511_R106_T41WPP_20250607T085707,Sentinel-2C,350,Ob,172.719724296565,43.5444654951695,0.7527601748172725,"{""type"":""MultiPoint"",""coordinates"":[]}"
20250607T070641_20250607T070916_T41WPQ_0,100.0,48.0,1367.9999999999998,350,1049.0,713.9999999999998,562.0,537.0,455.0,421.00000000000006,349.99999999999994,363.0,164.0,42.148124089329,350,2025-06-07,66.63000000000001,66.6,S2C_MSIL1C_20250607T070641_N0511_R106_T41WPQ_20250607T085707,Sentinel-2C,350,Ob,172.92355746248,44.4292326546414,0.7530709623606666,"{""type"":""MultiPoint"",""coordinates"":[]}"
20250607T202901_20250607T203536_T08WNV_5,96.00000000000001,67.00000000000001,1419.0,348,1193.0,1013.0000000000001,1002.0,949.0000000000001,721.0,707.0,518.0,593.0,119.0,7.66566501425919,348,2025-06-07,67.45,-133.74,S2C_MSIL1C_20250607T202901_N0511_R114_T08WNV_20250608T000727,Sentinel-2C,348,Mackenzie,174.318384673807,44.3665252312564,0.8265458003303707,"{""type"":""MultiPoint"",""coordinates"":[]}"
20250607T221551_20250607T221836_T03VXJ_4,142.0,92.0,1312.0000000000002,342,1096.0,932.0000000000001,957.0000000000002,959.0000000000001,837.9999999999999,837.0,684.0000000000001,736.0,192.00000000000003,25.1150825644241,342,2025-06-07,61.93,-162.88,S2C_MSIL1C_20250607T221551_N0511_R115_T03VXJ_20250608T011418,Sentinel-2C,342,Yukon,169.632646476455,39.1701673403989,0.7350055969855636,"{""type"":""MultiPoint"",""coordinates"":[]}"
20250609T033539_20250609T033533_T51WWQ_2,39.0,20.0,1127.0000000000002,351,783.9999999999998,539.0,443.0,424.0000000000001,318.99999999999994,308.0,217.0,247.99999999999997,69.99999999999999,0.0,351,2025-06-09,66.76905,123.39458,S2B_MSIL1C_20250609T033539_N0511_R061_T51WWQ_20250609T052040,Sentinel-2B,351,Lena,178.994493095988,44.174785472423,0.8649214688260923,"{""type"":""MultiPoint"",""coordinates"":[]}"
20250610T062629_20250610T062625_T44WPC_1,70.0,38.0,1458.0,346,1113.0,795.0,630.0,567.9999999999999,476.0,451.0,358.0,370.00000000000006,135.0,39.0661112604139,346,2025-06-10,69.37340000000002,86.12130000000002,S2B_MSIL1C_20250610T062629_N0511_R077_T44WPC_20250610T065638,Sentinel-2B,346,Yenisey,183.191990372477,46.7592507907839,0.838012973062302,"{""type"":""MultiPoint"",""coordinates"":[]}"
20250610T062629_20250610T062625_T45WVS_1,70.0,38.0,1458.0,353,1113.0000000000002,795.0000000000002,630.0,568.0,475.99999999999994,450.99999999999994,359.0,369.99999999999994,137.0,16.8487419017757,353,2025-06-10,69.37340000000002,86.12130000000002,S2B_MSIL1C_20250610T062629_N0511_R077_T45WVS_20250610T065638,Sentinel-2B,353,Yenisey,184.395984526892,45.9278818920356,0.8377569880329763,"{""type"":""MultiPoint"",""coordinates"":[]}"
20250610T062629_20250610T062625_T45WVT_1,69.99999999999999,38.0,1458.0000000000002,353,1113.0000000000002,795.0000000000001,630.0,569.0,475.9999999999999,449.99999999999994,358.00000000000006,370.0,136.0,24.7929469378005,353,2025-06-10,69.37340000000002,86.12130000000002,S2B_MSIL1C_20250610T062629_N0511_R077_T45WVT_20250610T065638,Sentinel-2B,353,Yenisey,184.201019949143,46.818903864679,0.837941418042997,"{""type"":""MultiPoint"",""coordinates"":[]}"
20250610T071641_20250610T071638_T41WPP_0,93.99999999999999,47.00000000000001,1286.000000000001,350,968.0,636.0000000000001,472.99999999999994,434.0,362.00000000000006,338.0,274.00000000000006,292.0,109.99999999999999,10.2479918779301,350,2025-06-10,66.63000000000001,66.6,S2C_MSIL1C_20250610T071641_N0511_R006_T41WPP_20250610T073228,Sentinel-2C,350,Ob,175.849868524867,43.1975068079944,0.7424753280850832,"{""type"":""MultiPoint"",""coordinates"":[]}"
20250610T071641_20250610T071638_T41WPQ_0,93.99999999999999,47.00000000000001,1285.9999999999998,350,968.0,636.0000000000001,473.0,434.0,361.99999999999994,338.0,274.00000000000006,292.0,110.0,35.582728657171,350,2025-06-10,66.63000000000001,66.6,S2C_MSIL1C_20250610T071641_N0511_R006_T41WPQ_20250610T073228,Sentinel-2C,350,Ob,176.005995908734,44.0884226245786,0.7424762726290346,"{""type"":""MultiPoint"",""coordinates"":[]}"
20250610T203901_20250610T204102_T08WNV_5,164.0,116.0,1353.9999999999998,348,1144.0,973.9999999999999,925.0,872.0,642.0,627.0000000000001,478.0,545.0,193.99999999999997,34.1242497536505,348,2025-06-10,67.45,-133.74,S2C_MSIL1C_20250610T203901_N0511_R014_T08WNV_20250610T223638,Sentinel-2C,348,Mackenzie,177.40395857492,44.0592979835218,0.7106541182851055,"{""type"":""MultiPoint"",""coordinates"":[]}"
20250611T032601_20250611T032931_T51WWQ_2,67.0,34.0,1202.0,351,900.0,599.9999999999999,465.99999999999994,438.00000000000006,366.99999999999994,343.00000000000006,261.99999999999994,285.00000000000006,96.99999999999999,0.163644151942312,351,2025-06-11,66.76905,123.39458,S2C_MSIL1C_20250611T032601_N0511_R018_T51WWQ_20250611T051713,Sentinel-2C,351,Lena,175.679649237986,44.0705062283658,0.7986691268408733,"{""type"":""MultiPoint"",""coordinates"":[]}"
20250612T202839_20250612T202840_T08WNV_5,329.0,241.99999999999997,1645.0000000000002,348,1360.0000000000002,1173.0,1100.0,1071.0,875.0000000000001,882.0,750.0,782.0,345.0,49.3153321879426,348,2025-06-12,67.45,-133.74,S2B_MSIL1C_20250612T202839_N0511_R114_T08WNV_20250612T233358,Sentinel-2B,348,Mackenzie,173.842039177975,44.0127432658798,0.5622196623257228,"{""type"":""MultiPoint"",""coordinates"":[]}"
20250613T205041_20250613T205040_T08WNV_5,105.25978771532972,70.44841897233202,1375.0,281,1067.0,761.0,584.2302483069976,526.2600300902708,436.64497041420117,410.54496788008566,321.3746987951807,340.31031335564336,147.0,30.6454663639936,281,2025-06-13,67.45,-133.74,S2C_MSIL1C_20250613T205041_N0511_R057_T08WNV_20250613T224704,Sentinel-2C,281,Mackenzie,180.494313607039,43.8622562872921,0.7559716190610614,"{""type"":""MultiPoint"",""coordinates"":[]}"
20250614T010649_20250614T010645_T57WWS_3,61.0,37.0,1384.0000000000002,351,1120.0,947.0000000000002,896.0,834.0,589.0,571.0,401.0,469.0,102.00000000000004,32.7797644382038,351,2025-06-14,68.75,161.3,S2B_MSIL1C_20250614T010649_N0511_R131_T57WWS_20250614T021935,Sentinel-2B,351,Kolyma,176.437512192459,45.6778327758321,0.878786885524651,"{""type"":""MultiPoint"",""coordinates"":[]}"
20250614T060629_20250614T060629_T44WPC_1,141.25,85.8318062827225,1559.0,130,1186.6179095882521,846.7656826568266,682.1598746081505,633.75,542.0909739564752,517.2502453385672,429.625,449.0,186.0,18.4733417708383,130,2025-06-14,69.37340000000002,86.12130000000002,S2B_MSIL1C_20250614T060629_N0511_R134_T44WPC_20250614T064124,Sentinel-2B,130,Yenisey,176.621655475892,46.5201497815861,0.7162641982237498,"{""type"":""MultiPoint"",""coordinates"":[]}"
20250614T060629_20250614T060629_T45WVS_1,153.8,97.25,1579.0,81,1188.75,852.0,693.2,641.2,545.0780911062906,525.5,437.14285714285717,453.42857142857144,202.0,26.2081704450769,81,2025-06-14,69.37340000000002,86.12130000000002,S2B_MSIL1C_20250614T060629_N0511_R134_T45WVS_20250614T064124,Sentinel-2B,81,Yenisey,177.73887216598,45.651076371785,0.697946694764224,"{""type"":""MultiPoint"",""coordinates"":[]}"
20250615T012711_20250615T012714_T57WWS_3,110.99999999999999,64.99999999999999,1439.0,351,1201.0000000000002,1007.0,967.9999999999999,891.0,661.0000000000001,635.0,470.0,531.0,145.00000000000003,36.0256502135029,351,2025-06-15,68.75,161.3,S2C_MSIL1C_20250615T012711_N0511_R074_T57WWS_20250615T030046,Sentinel-2C,351,Kolyma,182.887340617438,45.6214357852087,0.8004922419786453,"{""type"":""MultiPoint"",""coordinates"":[]}"
20250615T071619_20250615T071616_T41WPP_0,48.0,24.0,1290.9999999999998,350,913.0000000000001,609.0000000000001,440.00000000000006,408.00000000000006,331.99999999999994,312.0,235.00000000000003,257.0,102.99999999999999,14.5971811639643,350,2025-06-15,66.63000000000001,66.6,S2B_MSIL1C_20250615T071619_N0511_R006_T41WPP_20250615T073000,Sentinel-2B,350,Ob,175.367771124244,42.9234075726353,0.8528420021592938,"{""type"":""MultiPoint"",""coordinates"":[]}"
20250615T071619_20250615T071616_T41WPQ_0,48.0,24.0,1292.0,350,913.0000000000001,609.0000000000001,440.00000000000006,408.00000000000006,331.99999999999994,311.0,235.00000000000003,257.0,103.00000000000003,17.5182298665233,350,2025-06-15,66.63000000000001,66.6,S2B_MSIL1C_20250615T071619_N0511_R006_T41WPQ_20250615T073000,Sentinel-2B,350,Ob,175.53265602498,43.8135356872137,0.8528436632927306,"{""type"":""MultiPoint"",""coordinates"":[]}"
20250615T203839_20250615T203837_T08WNV_5,52.0,29.0,1386.9999999999998,348,1136.0,998.9999999999999,934.0,867.0000000000001,611.0,609.0,425.99999999999994,489.5,87.0,4.46636208904416,348,2025-06-15,67.45,-133.74,S2B_MSIL1C_20250615T203839_N0511_R014_T08WNV_20250615T223241,Sentinel-2B,348,Mackenzie,176.934388824525,43.8000653549123,0.9006823199069522,"{""type"":""MultiPoint"",""coordinates"":[]}"
20250617T034551_20250617T034552_T51WWQ_2,120.99999999999999,79.99999999999999,1121.0,351,832.9999999999998,563.0,441.00000000000006,420.99999999999994,363.00000000000006,341.0,277.0,307.00000000000006,133.0,13.1627466346626,351,2025-06-17,66.76905,123.39458,S2C_MSIL1C_20250617T034551_N0511_R104_T51WWQ_20250617T053834,Sentinel-2C,351,Lena,181.854175419064,43.7438226306628,0.6471948772432686,"{""type"":""MultiPoint"",""coordinates"":[]}"
20250617T202901_20250617T203042_T08WNV_5,84.99999999999999,48.0,1397.0,348,1206.0,1078.0,1046.0,969.0,712.0,707.9999999999999,504.0,584.0,104.0,0.0,348,2025-06-17,67.45,-133.74,S2C_MSIL1C_20250617T202901_N0511_R114_T08WNV_20250617T233808,Sentinel-2C,348,Mackenzie,173.590682372672,43.8226820915798,0.8542477091153463,"{""type"":""MultiPoint"",""coordinates"":[]}"
20250617T221551_20250617T221548_T03VXJ_4,105.0,51.00000000000001,1330.0,342,1072.0,859.0,781.9999999999999,757.0,640.0,626.0,489.00000000000006,524.0,141.0,1.98172534264983,342,2025-06-17,61.93,-162.88,S2C_MSIL1C_20250617T221551_N0511_R115_T03VXJ_20250618T000553,Sentinel-2C,342,Yukon,168.78246463396,38.6582913133676,0.7830710376956809,"{""type"":""MultiPoint"",""coordinates"":[]}"
20250618T205019_20250618T205556_T08WNV_5,67.0,30.999999999999996,1391.0,348,1166.0,1055.0,997.0000000000001,924.0,648.0000000000001,653.0,457.0,524.0,102.0,2.7085436662331,348,2025-06-18,67.45,-133.74,S2B_MSIL1C_20250618T205019_N0511_R057_T08WNV_20250618T235447,Sentinel-2B,348,Mackenzie,180.030576992427,43.6984755198168,0.8815972961479477,"{""type"":""MultiPoint"",""coordinates"":[]}"
20250618T223529_20250618T223805_T03VXJ_4,185.0,135.0,1269.9999999999998,342,1012.9999999999999,869.0,830.0,805.0000000000002,652.9999999999999,658.9999999999999,523.0,539.0,138.99999999999997,0.0,342,2025-06-18,61.93,-162.88,S2B_MSIL1C_20250618T223529_N0511_R058_T03VXJ_20250619T002257,Sentinel-2B,342,Yukon,175.91634383274,38.3335286304568,0.6480465888977051,"{""type"":""MultiPoint"",""coordinates"":[]}"
20250619T033539_20250619T033535_T51WWQ_2,59.99999999999999,37.0,1297.0,135,919.0000000000001,610.0,431.0,392.0,338.99999999999994,324.0,245.0,265.00000000000006,100.0,29.2726865537938,135,2025-06-19,66.76905,123.39458,S2B_MSIL1C_20250619T033539_N0511_R061_T51WWQ_20250619T052232,Sentinel-2B,135,Lena,178.300205191425,43.7018052718827,0.8214285969734192,"{""type"":""MultiPoint"",""coordinates"":[]}"
20250620T062629_20250620T062628_T45WVS_1,45.0,32.0,1181.0,353,834.9999999999999,531.0,345.0,300.00000000000006,255.00000000000003,236.0,183.0,194.99999999999997,78.99999999999999,10.660250331313,353,2025-06-20,69.37340000000002,86.12130000000002,S2B_MSIL1C_20250620T062629_N0511_R077_T45WVS_20250620T072054,Sentinel-2B,353,Yenisey,183.742024678893,45.5133635513069,0.845030188653097,"{""type"":""MultiPoint"",""coordinates"":[]}"
20250620T071641_20250620T071636_T41WPP_0,82.0,46.0,1135.0000000000002,350,838.0000000000001,546.0,416.0,393.0,313.0,293.99999999999994,228.99999999999997,252.0,89.0,3.96485413120726,350,2025-06-20,66.63000000000001,66.6,S2C_MSIL1C_20250620T071641_N0511_R006_T41WPP_20250620T073213,Sentinel-2C,350,Ob,175.104991665539,42.8159851619417,0.7375489920377731,"{""type"":""MultiPoint"",""coordinates"":[]}"
20250620T071641_20250620T071636_T41WPQ_0,82.0,46.0,1134.9999999999998,350,838.0000000000001,546.0,416.0,393.0,313.0,293.99999999999994,229.0,252.0,88.0,2.41936158141479,350,2025-06-20,66.63000000000001,66.6,S2C_MSIL1C_20250620T071641_N0511_R006_T41WPQ_20250620T073213,Sentinel-2C,350,Ob,175.274589958169,43.7056544669954,0.7375489920377731,"{""type"":""MultiPoint"",""coordinates"":[]}"
20250620T203901_20250620T204537_T08WNV_5,85.00000000000001,45.0,1318.9999999999998,348,1119.9999999999998,970.0,868.0,780.0,533.0,521.0,368.00000000000006,432.00000000000006,107.0,6.96022574576727,348,2025-06-20,67.45,-133.74,S2C_MSIL1C_20250620T203901_N0511_R014_T08WNV_20250620T223605,Sentinel-2C,348,Mackenzie,176.677623177187,43.7096098323384,0.838672796924399,"{""type"":""MultiPoint"",""coordinates"":[]}"
20250622T061651_20250622T061823_T44WPC_1,124.99999999999999,79.0,1157.0,346,864.0,577.0,432.0000000000001,391.0,331.99999999999994,306.0,260.0,272.0,121.0,17.8645824001911,346,2025-06-22,69.37340000000002,86.12130000000002,S2C_MSIL1C_20250622T061651_N0511_R034_T44WPC_20250622T070030,Sentinel-2C,346,Yenisey,179.339069039364,46.3367792979168,0.642398488050803,"{""type"":""MultiPoint"",""coordinates"":[]}"
20250622T061651_20250622T061823_T45WVS_1,126.0,78.99999999999999,1156.0,353,863.9999999999998,577.0,432.0,391.0,331.0,306.0,260.00000000000006,272.0,120.00000000000007,14.6280271133805,353,2025-06-22,69.37340000000002,86.12130000000002,S2C_MSIL1C_20250622T061651_N0511_R034_T45WVS_20250622T070030,Sentinel-2C,353,Yenisey,180.495515582032,45.4819761913929,0.6417972447450269,"{""type"":""MultiPoint"",""coordinates"":[]}"
20250622T061651_20250622T061823_T45WVT_1,126.0,78.99999999999999,1157.9999999999998,353,863.9999999999998,577.0,432.0,391.0,331.99999999999994,305.99999999999994,260.0,272.0,122.0,13.6279673922781,353,2025-06-22,69.37340000000002,86.12130000000002,S2C_MSIL1C_20250622T061651_N0511_R034_T45WVT_20250622T070030,Sentinel-2C,353,Yenisey,180.356052605587,46.3779301357822,0.6417972447450269,"{""type"":""MultiPoint"",""coordinates"":[]}"
20250622T202849_20250622T202843_T08WNV_5,62.99999999999999,33.0,1444.0,348,1170.0,1008.0000000000001,887.0,813.0,574.0,580.9999999999999,409.0,467.0,95.0,3.4858726696454,348,2025-06-22,67.45,-133.74,S2B_MSIL1C_20250622T202849_N0511_R114_T08WNV_20250622T222406,Sentinel-2B,348,Mackenzie,173.13014435932,43.8124024878223,0.8825725841822115,"{""type"":""MultiPoint"",""coordinates"":[]}"
20250625T203839_20250625T203959_T08WNV_5,126.99999999999999,63.0,1684.0000000000002,348,1384.9999999999998,1167.0,1018.0,965.0,797.9999999999999,806.0,629.0,676.9999999999999,170.0,4.3916808504285,348,2025-06-25,67.45,-133.74,S2B_MSIL1C_20250625T203839_N0511_R014_T08WNV_20250625T234839,Sentinel-2B,348,Mackenzie,176.228464791979,43.7955641538302,0.8034766150137707,"{""type"":""MultiPoint"",""coordinates"":[]}"
20250627T034551_20250627T034554_T51WWQ_2,128.99999999999997,77.0,1244.0,162,948.0,664.0,526.0,495.0,411.0,387.99999999999994,316.0,339.0,133.0,30.3639496564734,162,2025-06-27,66.76905,123.39458,S2C_MSIL1C_20250627T034551_N0511_R104_T51WWQ_20250627T054045,Sentinel-2C,162,Lena,181.144083626445,43.8106444709729,0.6760963947506425,"{""type"":""MultiPoint"",""coordinates"":[]}"
20250627T061629_20250627T061632_T44WPC_1,65.14345501046269,45.020151515151504,1172.5,317,822.5796414588914,548.3872704680381,384.4126213592233,338.7052704576976,278.3796038151137,268.4747353224254,201.83377275580662,213.35917336824392,82.99999999999999,11.7767625190361,317,2025-06-27,69.37340000000002,86.12130000000002,S2B_MSIL1C_20250627T061629_N0511_R034_T44WPC_20250627T071048,Sentinel-2B,317,Yenisey,178.910581148028,46.4644245245793,0.791038589818137,"{""type"":""MultiPoint"",""coordinates"":[]}"
20250627T061629_20250627T061632_T45WVS_1,65.45364536453646,45.16051306641092,1172.7361668003207,325,820.4707675256304,548.4654138992386,384.4498015581361,338.58053875755917,278.4140450578446,269.4907788088805,201.76152398871122,213.65155488947173,83.0,6.32694317537102,325,2025-06-27,69.37340000000002,86.12130000000002,S2B_MSIL1C_20250627T061629_N0511_R034_T45WVS_20250627T071048,Sentinel-2B,325,Yenisey,180.059474749295,45.6072475544401,0.7870591779549917,"{""type"":""MultiPoint"",""coordinates"":[]}"
20250627T061629_20250627T061632_T45WVT_1,65.37053430287702,45.16051306641092,1172.5381008206332,325,820.4707675256304,548.4654138992386,384.4123180949581,338.65063221550304,278.4657333550383,269.1706098843323,201.68648266100496,213.65155488947173,83.0,18.5368927110394,325,2025-06-27,69.37340000000002,86.12130000000002,S2B_MSIL1C_20250627T061629_N0511_R034_T45WVT_20250627T071048,Sentinel-2B,325,Yenisey,179.926698716625,46.5034981142871,0.7869699537754059,"{""type"":""MultiPoint"",""coordinates"":[]}"
20250627T070641_20250627T070641_T41WPQ_0,251.0,182.0,1374.0000000000002,350,1034.0,709.0,555.0,547.0,537.0,525.0000000000001,481.0,458.0,243.0,21.8962395725567,350,2025-06-27,66.63000000000001,66.6,S2C_MSIL1C_20250627T070641_N0511_R106_T41WPQ_20250627T090637,Sentinel-2C,350,Ob,171.493020401774,43.9637292837504,0.4759175702929497,"{""type"":""MultiPoint"",""coordinates"":[]}"
20250630T071641_20250630T072026_T41WPP_0,77.0,38.00000000000001,1177.9999999999995,350,864.0000000000002,550.0,385.00000000000006,358.00000000000006,327.00000000000006,307.0,249.99999999999991,258.00000000000006,75.0,4.57678640747708,350,2025-06-30,66.63000000000001,66.6,S2C_MSIL1C_20250630T071641_N0511_R006_T41WPP_20250630T091645,Sentinel-2C,350,Ob,174.425190122226,43.1233400725045,0.7528296457518132,"{""type"":""MultiPoint"",""coordinates"":[]}"
20250630T071641_20250630T072026_T41WPQ_0,77.0,38.00000000000001,1178.0,350,864.0000000000002,550.0,385.00000000000006,358.00000000000006,327.00000000000006,306.9999999999999,249.9999999999999,258.00000000000006,75.0,0.107707008271373,350,2025-06-30,66.63000000000001,66.6,S2C_MSIL1C_20250630T071641_N0511_R006_T41WPQ_20250630T091645,Sentinel-2C,350,Ob,174.604647342179,44.0117399817468,0.7528138683967466,"{""type"":""MultiPoint"",""coordinates"":[]}"
20250630T203901_20250630T203900_T08WNV_5,83.0,40.0,1451.0,348,1229.9999999999998,1050.0,913.9999999999999,803.0,585.0,581.0,424.00000000000006,472.00000000000006,101.0,29.1407626384783,348,2025-06-30,67.45,-133.74,S2C_MSIL1C_20250630T203901_N0511_R014_T08WNV_20250630T223705,Sentinel-2C,348,Mackenzie,176.008534952812,44.0490831477822,0.8528459566547386,"{""type"":""MultiPoint"",""coordinates"":[]}"
20250701T032601_20250701T032557_T51WWQ_2,80.0,46.0,1199.9999999999998,351,897.9999999999999,598.0,451.0,407.00000000000006,330.0,305.00000000000006,239.0,257.0,89.0,34.0752187285377,351,2025-07-01,66.76905,123.39458,S2C_MSIL1C_20250701T032601_N0511_R018_T51WWQ_20250701T052113,Sentinel-2C,351,Lena,174.288384836716,44.1108475070153,0.7633662160302771,"{""type"":""MultiPoint"",""coordinates"":[]}"
20250702T061651_20250702T061652_T44WPC_1,152.0,103.00000000000001,1157.9999999999998,346,865.0,578.0,416.00000000000006,385.00000000000006,360.99999999999994,341.00000000000006,299.0,303.00000000000006,120.99999999999999,0.0,346,2025-07-02,69.37340000000002,86.12130000000002,S2C_MSIL1C_20250702T061651_N0511_R034_T44WPC_20250702T080853,Sentinel-2C,346,Yenisey,178.70231572644,46.7621101555791,0.5817680259545644,"{""type"":""MultiPoint"",""coordinates"":[]}"
20250702T061651_20250702T061652_T45WVS_1,153.0,103.00000000000001,1158.0000000000002,353,863.9999999999999,578.0,416.00000000000006,386.0,361.0,341.0,298.00000000000006,303.0,120.0,0.472334199289319,353,2025-07-02,69.37340000000002,86.12130000000002,S2C_MSIL1C_20250702T061651_N0511_R034_T45WVS_20250702T080853,Sentinel-2C,353,Yenisey,179.845038907963,45.9037926211474,0.5812039971351624,"{""type"":""MultiPoint"",""coordinates"":[]}"
20250702T061651_20250702T061652_T45WVT_1,153.0,103.00000000000001,1158.0000000000002,353,864.0,578.0,416.00000000000006,386.0,361.0,341.0,298.0,303.0,121.00000000000001,0.0,353,2025-07-02,69.37340000000002,86.12130000000002,S2C_MSIL1C_20250702T061651_N0511_R034_T45WVT_20250702T080853,Sentinel-2C,353,Yenisey,179.715819682746,46.8001675778627,0.5812760442495346,"{""type"":""MultiPoint"",""coordinates"":[]}"
20250702T202849_20250702T203305_T08WNV_5,41.0,23.0,1419.0,348,1150.0,1008.9999999999998,931.0000000000002,876.0,629.0,637.0,440.99999999999994,520.9999999999999,91.0,13.5471616290655,348,2025-07-02,67.45,-133.74,S2B_MSIL1C_20250702T202849_N0511_R114_T08WNV_20250702T222313,Sentinel-2B,348,Mackenzie,172.499256150844,44.2991651269445,0.9211912751197815,"{""type"":""MultiPoint"",""coordinates"":[]}"
20250703T205041_20250703T205123_T08WNV_5,213.0,137.0,1319.0,348,1123.0,983.0,962.0000000000001,940.0000000000001,834.0,850.0,709.0000000000001,746.75,195.0,18.8341725661872,348,2025-07-03,67.45,-133.74,S2C_MSIL1C_20250703T205041_N0511_R057_T08WNV_20250703T225429,Sentinel-2C,348,Mackenzie,179.124726432542,44.2412981057922,0.6460399150848388,"{""type"":""MultiPoint"",""coordinates"":[]}"
20250703T223551_20250703T223701_T03VXJ_4,146.0,82.00000000000001,1375.0000000000002,342,1125.0,868.0,694.0,675.9999999999999,703.0,691.0,585.0,589.0,182.0,27.3669606505196,342,2025-07-03,61.93,-162.88,S2C_MSIL1C_20250703T223551_N0511_R058_T03VXJ_20250704T002547,Sentinel-2C,342,Yukon,174.943780865762,38.9070656704693,0.7126034763124254,"{""type"":""MultiPoint"",""coordinates"":[]}"
20250704T010649_20250704T010650_T57WWS_3,26.999999999999996,11.999999999999996,1241.0,351,983.0000000000003,840.0000000000002,737.9999999999999,648.0,383.0,362.0,236.0,292.0,73.99999999999999,0.0,351,2025-07-04,68.75,161.3,S2B_MSIL1C_20250704T010649_N0511_R131_T57WWS_20250704T022032,Sentinel-2B,351,Kolyma,175.141088006172,46.1062621945438,0.9375859330452623,"{""type"":""MultiPoint"",""coordinates"":[]}"
20250704T060639_20250704T060633_T44WPC_1,30.000000000000004,11.0,1160.0,346,792.0,495.0000000000001,306.0,274.0,244.0,227.00000000000003,167.0,179.00000000000006,72.99999999999996,0.0,346,2025-07-04,69.37340000000002,86.12130000000002,S2B_MSIL1C_20250704T060639_N0511_R134_T44WPC_20250704T065835,Sentinel-2B,346,Yenisey,175.345065548023,46.974943656132,0.8867924809455872,"{""type"":""MultiPoint"",""coordinates"":[]}"
20250704T060639_20250704T060633_T45WVS_1,30.000000000000007,11.0,1160.0,353,792.0000000000001,495.00000000000006,306.0,273.99999999999994,244.00000000000006,227.0,166.99999999999997,179.0,73.0,0.0,353,2025-07-04,69.37340000000002,86.12130000000002,S2B_MSIL1C_20250704T060639_N0511_R134_T45WVS_20250704T065835,Sentinel-2B,353,Yenisey,176.439467694041,46.0998619917027,0.8865784406661987,"{""type"":""MultiPoint"",""coordinates"":[]}"
20250704T060639_20250704T060633_T45WVT_1,30.000000000000014,11.0,1160.0,353,792.0000000000001,495.00000000000006,306.0,273.99999999999994,244.00000000000006,227.0,166.99999999999997,179.0,73.0,0.0,353,2025-07-04,69.37340000000002,86.12130000000002,S2B_MSIL1C_20250704T060639_N0511_R134_T45WVT_20250704T065835,Sentinel-2B,353,Yenisey,176.359202125468,46.9966614959285,0.8865784406661987,"{""type"":""MultiPoint"",""coordinates"":[]}"
20250705T203839_20250705T204349_T08WNV_5,49.0,29.0,1360.0,348,1121.9999999999998,1010.0,982.0,942.0000000000001,704.0000000000001,715.0,515.0,595.0,94.0,10.2381378960256,348,2025-07-05,67.45,-133.74,S2B_MSIL1C_20250705T203839_N0511_R014_T08WNV_20250705T223338,Sentinel-2B,348,Mackenzie,175.626647186027,44.4748373775506,0.9074751554714159,"{""type"":""MultiPoint"",""coordinates"":[]}"
20250706T032519_20250706T032517_T51WWQ_2,127.00000000000001,93.0,1205.0,351,883.0000000000001,650.0000000000001,541.0,509.00000000000006,392.00000000000006,387.0,296.99999999999994,324.0,93.99999999999996,8.92648332288214,351,2025-07-06,66.76905,123.39458,S2B_MSIL1C_20250706T032519_N0511_R018_T51WWQ_20250706T051527,Sentinel-2B,351,Lena,173.917422376532,44.5491400809942,0.6726713299751281,"{""type"":""MultiPoint"",""coordinates"":[]}"
20250707T202911_20250707T203118_T08WNV_5,73.99999999999999,36.0,1421.9999999999998,348,1206.0,1054.0,1016.9999999999999,968.0,767.0,771.0000000000001,564.9999999999999,643.0,113.99999999999999,1.10488118477113,348,2025-07-07,67.45,-133.74,S2C_MSIL1C_20250707T202911_N0511_R114_T08WNV_20250707T223300,Sentinel-2C,348,Mackenzie,172.365226133001,44.7883954813399,0.8683923222441174,"{""type"":""MultiPoint"",""coordinates"":[]}"
20250708T223539_20250708T223533_T03VXJ_4,207.0,141.99999999999997,1450.0,198,1250.3333333333333,1150.0967741935483,1106.0,1056.0,953.75,1001.3333333333334,828.75,832.5483870967741,174.0,34.9387087017631,198,2025-07-08,61.93,-162.88,S2B_MSIL1C_20250708T223539_N0511_R058_T03VXJ_20250709T000153,Sentinel-2B,198,Yukon,174.569868668091,39.4374452125575,0.6742777824401855,"{""type"":""MultiPoint"",""coordinates"":[]}"
20250709T010711_20250709T010710_T57WWS_3,126.99999999999999,87.00000000000001,1315.9999999999995,351,1121.0,975.0,911.0,825.0,577.0,559.9999999999999,408.0,468.99999999999994,142.0,0.0,351,2025-07-09,68.75,161.3,S2C_MSIL1C_20250709T010711_N0511_R131_T57WWS_20250709T021754,Sentinel-2C,351,Kolyma,175.009737810072,46.6318756525837,0.7703583240509033,"{""type"":""MultiPoint"",""coordinates"":[]}"
20250710T012659_20250710T012658_T57WWS_3,56.00000000000001,34.00000000000001,1274.0,351,1072.0,952.0,870.0,805.0,546.0,533.0,362.0,460.0,112.0,18.9164800382215,351,2025-07-10,68.75,161.3,S2B_MSIL1C_20250710T012659_N0511_R074_T57WWS_20250710T030744,Sentinel-2B,351,Kolyma,181.207778490512,46.6996200346895,0.8880947351455688,"{""type"":""MultiPoint"",""coordinates"":[]}"
20250712T011721_20250712T011716_T57WWS_3,58.00000000000001,28.0,1255.9999999999995,351,1040.0,884.0,804.9999999999999,733.0,521.9999999999999,506.0,351.0,415.0,103.00000000000004,0.0,351,2025-07-12,68.75,161.3,S2C_MSIL1C_20250712T011721_N0511_R031_T57WWS_20250712T023017,Sentinel-2C,351,Kolyma,178.062612017503,46.9711908768782,0.8768141269683838,"{""type"":""MultiPoint"",""coordinates"":[]}"
20250712T034539_20250712T034536_T51WWQ_2,181.05343511450383,154.0,1205.9999999999998,255,844.8556412053259,573.6362339514978,397.0,370.0,352.7088607594937,344.89302325581394,293.79812206572774,315.1959672337744,172.99999999999997,7.96517498969895,255,2025-07-12,66.76905,123.39458,S2B_MSIL1C_20250712T034539_N0511_R104_T51WWQ_20250712T053133,Sentinel-2B,255,Lena,180.189992969197,45.1829312499012,0.5298098623752594,"{""type"":""MultiPoint"",""coordinates"":[]}"
20250712T202849_20250712T202845_T08WNV_5,85.0,56.00000000000001,1464.0,348,1208.0,1089.9999999999998,1024.0,978.0000000000001,701.0,699.0,504.0,585.0,155.99999999999997,36.0327877731938,348,2025-07-12,67.45,-133.74,S2B_MSIL1C_20250712T202849_N0511_R114_T08WNV_20250712T222306,Sentinel-2B,348,Mackenzie,172.088560127177,45.4451982092482,0.854640962893695,"{""type"":""MultiPoint"",""coordinates"":[]}"
20250713T205041_20250713T205424_T08WNV_5,170.45600000000002,82.00000000000001,1548.0,348,1358.0,1244.0,1232.0,1223.9999999999998,1116.4256756756756,1142.0652492668623,934.6666666666666,990.3501529051988,167.0,9.5173246648767,348,2025-07-13,67.45,-133.74,S2C_MSIL1C_20250713T205041_N0511_R057_T08WNV_20250713T225316,Sentinel-2C,348,Mackenzie,178.662164167126,45.4370694926636,0.7590278696149023,"{""type"":""MultiPoint"",""coordinates"":[]}"
20250715T012721_20250715T012719_T57WWS_3,58.000000000000014,29.000000000000007,1278.0000000000002,351,1043.0,876.9999999999999,730.0,612.0,394.99999999999994,369.99999999999994,261.0,299.99999999999994,85.00000000000003,12.4821339434646,351,2025-07-15,68.75,161.3,S2C_MSIL1C_20250715T012721_N0511_R074_T57WWS_20250715T024212,Sentinel-2C,351,Kolyma,181.113233417761,47.4129959657559,0.8759358525276182,"{""type"":""MultiPoint"",""coordinates"":[]}"
20250715T203839_20250715T204215_T08WNV_5,858.0,568.0,1711.0,14,1506.0,1318.0,1186.0,1178.0,1224.0,1217.0,1124.0,1452.0,431.0,30.4615545402968,14,2025-07-15,67.45,-133.74,S2B_MSIL1C_20250715T203839_N0511_R014_T08WNV_20250715T223322,Sentinel-2B,14,Mackenzie,175.254928254766,45.8042143069326,0.21139705181121826,"{""type"":""MultiPoint"",""coordinates"":[]}"
20250717T011659_20250717T011655_T57WWS_3,55.999999999999986,30.999999999999993,1245.9999999999998,351,969.9999999999999,814.9999999999999,639.0000000000001,549.0,365.00000000000006,356.0,249.0,283.0,83.0,0.154647794798292,351,2025-07-17,68.75,161.3,S2B_MSIL1C_20250717T011659_N0511_R031_T57WWS_20250717T024038,Sentinel-2B,351,Kolyma,177.806787896322,47.7493514896616,0.870869000752767,"{""type"":""MultiPoint"",""coordinates"":[]}"
20250719T010711_20250719T010710_T57WWS_3,52.99999999999999,30.0,1220.0000000000002,351,989.9999999999999,807.0,618.0000000000001,494.99999999999994,311.00000000000006,286.0,205.99999999999991,231.0,65.0,4.87865493801285,351,2025-07-19,68.75,161.3,S2C_MSIL1C_20250719T010711_N0511_R131_T57WWS_20250719T021811,Sentinel-2C,351,Kolyma,174.740621182151,48.1578923526968,0.877514121828565,"{""type"":""MultiPoint"",""coordinates"":[]}"
20250720T012659_20250720T012657_T57WWS_3,841.5,807.0,1829.5,6,1378.5,1273.0,1146.0,1119.0,1107.5,1221.5,1229.0,907.5,484.0,4.08059362775837,6,2025-07-20,68.75,161.3,S2B_MSIL1C_20250720T012659_N0511_R074_T57WWS_20250720T023233,Sentinel-2B,6,Kolyma,180.872903787619,48.278302178837,0.20387863367795944,"{""type"":""MultiPoint"",""coordinates"":[]}"
20250720T062629_20250720T062630_T45WVS_1,96.99999999999999,75.0,1143.0000000000002,353,818.0000000000002,548.0,362.0,336.0,346.99999999999994,344.0,297.0,293.0,132.99999999999997,32.4529936620593,353,2025-07-20,69.37340000000002,86.12130000000002,S2B_MSIL1C_20250720T062629_N0511_R077_T45WVS_20250720T072148,Sentinel-2B,353,Yenisey,182.149987805759,48.3293645614432,0.698113203048706,"{""type"":""MultiPoint"",""coordinates"":[]}"
20250720T062629_20250720T062630_T45WVT_1,96.99999999999999,75.0,1143.0000000000002,353,818.0000000000001,548.0,362.0,336.0,346.99999999999994,344.0,297.00000000000006,293.0,132.99999999999997,35.4442055600346,353,2025-07-20,69.37340000000002,86.12130000000002,S2B_MSIL1C_20250720T062629_N0511_R077_T45WVT_20250720T072148,Sentinel-2B,353,Yenisey,181.993407000539,49.2236904925886,0.6982892751693726,"{""type"":""MultiPoint"",""coordinates"":[]}"
20250720T203901_20250720T203902_T08WNV_5,68.0,33.0,1435.0000000000002,348,1249.9999999999998,1130.0,1090.0,1026.0,757.0,759.0,534.0000000000001,627.0,118.0,0.0,348,2025-07-20,67.45,-133.74,S2C_MSIL1C_20250720T203901_N0511_R014_T08WNV_20250720T223647,Sentinel-2C,348,Mackenzie,175.285820416621,46.6944450805084,0.8869182467460632,"{""type"":""MultiPoint"",""coordinates"":[]}"
20250721T032601_20250721T032558_T51WWQ_2,64.40495867768595,32.0,1201.9999999999995,351,905.0000000000001,634.0000000000001,474.99999999999994,421.9999999999999,334.00000000000006,315.0,239.0,254.69521305205282,73.99999999999997,0.0987787034548658,351,2025-07-21,66.76905,123.39458,S2C_MSIL1C_20250721T032601_N0511_R018_T51WWQ_20250721T052032,Sentinel-2C,351,Lena,173.627100271392,46.7971072734282,0.8175768968691952,"{""type"":""MultiPoint"",""coordinates"":[]}"
20250722T011721_20250722T011716_T57WWS_3,69.99999999999999,43.0,1149.0,351,908.9999999999998,745.0,534.0,431.00000000000006,288.00000000000006,267.0,200.00000000000003,222.0,71.99999999999999,0.169637791513631,351,2025-07-22,68.75,161.3,S2C_MSIL1C_20250722T011721_N0511_R031_T57WWS_20250722T023007,Sentinel-2C,351,Kolyma,177.830391549232,48.6746064151111,0.8272969238219723,"{""type"":""MultiPoint"",""coordinates"":[]}"
20250722T034539_20250722T034535_T51WWQ_2,48.51583754372328,24.0,1247.0000000000002,351,921.0,679.0000000000001,514.0,461.99999999999994,372.00000000000006,373.0,280.4957472660996,292.99999999999994,69.0,0.275703555021701,351,2025-07-22,66.76905,123.39458,S2B_MSIL1C_20250722T034539_N0511_R104_T51WWQ_20250722T053159,Sentinel-2B,351,Lena,179.915581879083,46.8900077187824,0.8679866657098042,"{""type"":""MultiPoint"",""coordinates"":[]}"
20250724T010649_20250724T010703_T57WWS_3,26.999999999999993,13.999999999999998,1268.0,351,950.9999999999999,745.0000000000001,490.00000000000006,396.99999999999994,273.0,260.99999999999994,180.0,198.99999999999997,61.000000000000014,1.09510387681838,351,2025-07-24,68.75,161.3,S2B_MSIL1C_20250724T010649_N0511_R131_T57WWS_20250724T022808,Sentinel-2B,351,Kolyma,174.608734331311,49.1448694739288,0.9300204574079213,"{""type"":""MultiPoint"",""coordinates"":[]}"
20250724T033601_20250724T033557_T51WWQ_2,174.5038106048322,114.44723914325014,1249.0,351,968.9999999999999,727.0,589.0,533.0000000000001,452.0,444.5692468801815,372.5062967335694,372.46161966520884,93.99999999999999,31.9750664397265,351,2025-07-24,66.76905,123.39458,S2C_MSIL1C_20250724T033601_N0511_R061_T51WWQ_20250724T053113,Sentinel-2C,351,Lena,176.817453137188,47.3268869157771,0.6141265506545702,"{""type"":""MultiPoint"",""coordinates"":[]}"
20250725T012721_20250725T012718_T57WWS_3,53.999999999999986,28.0,1197.9999999999998,351,923.0000000000001,718.0,471.00000000000006,373.99999999999994,282.0,254.0,193.00000000000003,208.99999999999997,68.99999999999999,8.91961539610021,351,2025-07-25,68.75,161.3,S2C_MSIL1C_20250725T012721_N0511_R074_T57WWS_20250725T024320,Sentinel-2C,351,Kolyma,180.913475393035,49.290116723374,0.8606814915088318,"{""type"":""MultiPoint"",""coordinates"":[]}"
20250725T071619_20250725T071619_T41WPP_0,86.0,60.903614457831324,1333.0,101,929.0,624.0,475.0,448.0,357.00000000000006,343.0,262.5,275.0,96.0,24.4609573292723,101,2025-07-25,66.63000000000001,66.6,S2B_MSIL1C_20250725T071619_N0511_R006_T41WPP_20250725T074504,Sentinel-2B,101,Ob,173.609698127103,46.7285222238723,0.7543390989303589,"{""type"":""MultiPoint"",""coordinates"":[]}"
20250725T071619_20250725T071619_T41WPQ_0,193.0,186.07968127490042,1402.0,223,956.5,662.5,524.6666666666666,509.5,441.3333333333333,444.0,372.135593220339,337.0,189.0,49.6187703425005,223,2025-07-25,66.63000000000001,66.6,S2B_MSIL1C_20250725T071619_N0511_R006_T41WPQ_20250725T074504,Sentinel-2B,223,Ob,173.786935876525,47.6152107090429,0.5536791086196899,"{""type"":""MultiPoint"",""coordinates"":[]}"
20250725T203839_20250725T204339_T08WNV_5,227.0,156.0,1538.0,348,1296.0,1162.0,1116.0,1096.0,906.0,929.9999999999999,745.0,821.9999999999998,260.0,37.3565051210845,348,2025-07-25,67.45,-133.74,S2B_MSIL1C_20250725T203839_N0511_R014_T08WNV_20250725T223529,Sentinel-2B,348,Mackenzie,175.177110755491,47.7318176310876,0.6725002862751357,"{""type"":""MultiPoint"",""coordinates"":[]}"
20250726T032519_20250726T032515_T51WWQ_2,72.58339464004203,40.00000000000001,1354.0,351,995.0,725.0000000000001,549.0,494.0,402.5170105967652,404.5387956332903,305.0,320.3559922680412,81.0,7.97963510406402,351,2025-07-26,66.76905,123.39458,S2B_MSIL1C_20250726T032519_N0511_R018_T51WWQ_20250726T051043,Sentinel-2B,351,Lena,173.539704498065,47.8429733826554,0.815375865185635,"{""type"":""MultiPoint"",""coordinates"":[]}"
20250727T011659_20250727T011653_T57WWS_3,42.999999999999986,26.000000000000004,1211.0,351,888.0000000000001,684.0,430.99999999999994,351.0,258.0,245.0,175.00000000000003,192.0,65.00000000000001,23.893666577085,351,2025-07-27,68.75,161.3,S2B_MSIL1C_20250727T011659_N0511_R031_T57WWS_20250727T022612,Sentinel-2B,351,Kolyma,177.715426779618,49.7428081352448,0.8801629647431138,"{""type"":""MultiPoint"",""coordinates"":[]}"
20250727T070751_20250727T070753_T41WPP_0,47.00000000000001,24.0,1164.0000000000002,350,831.0,512.0,354.99999999999994,333.0,280.00000000000006,257.0,197.99999999999997,212.0,71.00000000000001,0.0,350,2025-07-27,66.63000000000001,66.6,S2C_MSIL1C_20250727T070751_N0511_R106_T41WPP_20250727T085551,Sentinel-2C,350,Ob,170.54406346981,47.3061121299531,0.8332536941087698,"{""type"":""MultiPoint"",""coordinates"":[]}"
20250727T070751_20250727T070753_T41WPQ_0,47.00000000000001,24.0,1164.0000000000002,350,831.0,512.0,354.99999999999994,334.0,280.00000000000006,257.0,197.99999999999997,212.0,71.00000000000001,0.139091313366075,350,2025-07-27,66.63000000000001,66.6,S2C_MSIL1C_20250727T070751_N0511_R106_T41WPQ_20250727T085551,Sentinel-2C,350,Ob,170.760635207309,48.1849710474086,0.8332064640789555,"{""type"":""MultiPoint"",""coordinates"":[]}"
20250728T205019_20250728T205209_T08WNV_5,46.00000000000001,24.0,1378.0,348,1169.0,1081.9999999999998,1041.0,959.9999999999999,651.0,653.0,443.99999999999994,523.0,78.0,1.44788642125424,348,2025-07-28,67.45,-133.74,S2B_MSIL1C_20250728T205019_N0511_R057_T08WNV_20250728T224515,Sentinel-2B,348,Mackenzie,178.371579859793,48.3641420946492,0.9181656016897194,"{""type"":""MultiPoint"",""coordinates"":[]}"
20250729T010711_20250729T010709_T57WWS_3,43.00000000000001,19.999999999999996,1132.0,351,883.0,679.9999999999999,418.99999999999994,331.99999999999994,239.00000000000003,213.99999999999994,161.0,177.00000000000003,65.00000000000003,0.0,351,2025-07-29,68.75,161.3,S2C_MSIL1C_20250729T010711_N0511_R131_T57WWS_20250729T021810,Sentinel-2C,351,Kolyma,174.76908597444,50.2618894898017,0.8819774028819961,"{""type"":""MultiPoint"",""coordinates"":[]}"
20250729T033539_20250729T033535_T51WWQ_2,75.0,45.0,1335.9999999999998,351,972.9999999999998,715.0,570.0,510.99999999999994,391.00000000000006,389.99999999999994,291.00000000000006,306.0,68.0,37.6484815909702,351,2025-07-29,66.76905,123.39458,S2B_MSIL1C_20250729T033539_N0511_R061_T51WWQ_20250729T052337,Sentinel-2B,351,Lena,176.744607099161,48.4517613283395,0.8093013900976914,"{""type"":""MultiPoint"",""coordinates"":[]}"
20250730T012659_20250730T012655_T57WWS_3,22.0,11.999999999999996,1158.0,351,894.0000000000001,751.0,477.0,385.0,247.00000000000003,233.99999999999997,156.00000000000009,185.00000000000006,58.99999999999998,0.0,351,2025-07-30,68.75,161.3,S2B_MSIL1C_20250730T012659_N0511_R074_T57WWS_20250730T024129,Sentinel-2B,351,Kolyma,180.813494526123,50.4369667788633,0.9431276827864166,"{""type"":""MultiPoint"",""coordinates"":[]}"
20250730T062629_20250730T062627_T44WPC_1,72.99999999999999,62.99999999999999,1121.0,346,801.0,551.0,363.00000000000006,320.0,282.0,275.0,223.99999999999994,222.0,85.0,29.7185344441458,346,2025-07-30,69.37340000000002,86.12130000000002,S2B_MSIL1C_20250730T062629_N0511_R077_T44WPC_20250730T070105,Sentinel-2B,346,Yenisey,180.949016274734,51.3446106233317,0.7648965716362,"{""type"":""MultiPoint"",""coordinates"":[]}"
20250730T062629_20250730T062627_T45WVT_1,73.0,62.99999999999999,1121.0,353,800.9999999999998,551.0,362.0,319.00000000000006,282.00000000000006,274.99999999999994,224.0,220.99999999999997,84.99999999999999,23.1624413986682,353,2025-07-30,69.37340000000002,86.12130000000002,S2B_MSIL1C_20250730T062629_N0511_R077_T45WVT_20250730T070105,Sentinel-2B,353,Yenisey,181.92139121487,51.393412797501,0.765366721507785,"{""type"":""MultiPoint"",""coordinates"":[]}"
20250730T071641_20250730T071849_T41WPP_0,44.00000000000001,19.0,1092.0,350,779.0,481.00000000000006,333.0,322.0,258.00000000000006,235.0,175.0,199.99999999999997,72.0,0.0,350,2025-07-30,66.63000000000001,66.6,S2C_MSIL1C_20250730T071641_N0511_R006_T41WPP_20250730T091723,Sentinel-2C,350,Ob,173.81635305546,47.8764684624068,0.8337615081652772,"{""type"":""MultiPoint"",""coordinates"":[]}"
20250730T071641_20250730T071849_T41WPQ_0,44.00000000000001,19.0,1092.0,350,779.0,481.00000000000006,333.0,322.0,258.0,234.99999999999997,175.00000000000006,199.99999999999997,72.0,23.8174624503568,350,2025-07-30,66.63000000000001,66.6,S2C_MSIL1C_20250730T071641_N0511_R006_T41WPQ_20250730T091723,Sentinel-2C,350,Ob,173.986233535852,48.7635889065139,0.8338122942726018,"{""type"":""MultiPoint"",""coordinates"":[]}"
20250730T203901_20250730T204512_T08WNV_5,145.35861065648302,97.50330175136375,1503.0,345,1315.0,1176.0,1094.454646757299,964.3170862346009,669.3577944727662,665.5147834743653,485.90306122448976,553.539289781551,110.0,44.2395114813819,345,2025-07-30,67.45,-133.74,S2C_MSIL1C_20250730T203901_N0511_R014_T08WNV_20250731T000035,Sentinel-2C,345,Mackenzie,175.370390866622,48.8959105956735,0.7797018165501359,"{""type"":""MultiPoint"",""coordinates"":[]}"
20250731T032601_20250731T032556_T51WWQ_2,121.0,84.00000000000001,1213.0000000000002,351,919.0000000000001,642.0000000000001,506.00000000000006,459.0000000000001,367.0,350.0,282.0,294.0,92.0,2.27546358505778,351,2025-07-31,66.76905,123.39458,S2C_MSIL1C_20250731T032601_N0511_R018_T51WWQ_20250731T052015,Sentinel-2C,351,Lena,173.755771980246,49.0123645288866,0.6826058518230248,"{""type"":""MultiPoint"",""coordinates"":[]}"
20250801T011711_20250801T011714_T57WWS_3,244.00000000000003,126.99999999999999,1902.0,351,1629.0,1337.9999999999995,1052.0,951.0,907.0000000000001,881.0,774.0000000000001,752.0,243.0,46.6106781331183,351,2025-08-01,68.75,161.3,S2C_MSIL1C_20250801T011711_N0511_R031_T57WWS_20250801T023002,Sentinel-2C,351,Kolyma,177.893327081235,50.9396918275411,0.6915481161150979,"{""type"":""MultiPoint"",""coordinates"":[]}"
20250801T034539_20250801T034823_T51WWQ_2,34.0,19.0,1093.0,351,778.0000000000002,554.0000000000001,421.0,376.0,272.0,265.0,187.0,206.99999999999997,51.0,0.0285278726230487,351,2025-08-01,66.76905,123.39458,S2B_MSIL1C_20250801T034539_N0511_R104_T51WWQ_20250801T053717,Sentinel-2B,351,Lena,179.93891482992,49.1610637310069,0.8845779555184501,"{""type"":""MultiPoint"",""coordinates"":[]}"
20250801T202839_20250801T203313_T08WNV_5,36.0,21.0,1449.0,348,1191.0000000000002,1052.3636930754835,912.5674141356799,810.5548589341693,491.0,488.00000000000006,318.0,388.0,84.99999999999999,0.0,348,2025-08-01,67.45,-133.74,S2B_MSIL1C_20250801T202839_N0511_R114_T08WNV_20250801T233950,Sentinel-2B,348,Mackenzie,172.195586985358,49.5037594766117,0.9317721182323365,"{""type"":""MultiPoint"",""coordinates"":[]}"
20250801T221529_20250801T221529_T03VXJ_4,49.0,28.999999999999996,1475.0,342,1290.0,1224.0,1175.0,1091.0,813.0,842.0,598.9999999999999,677.0,88.00000000000001,4.70369375018663,342,2025-08-01,61.93,-162.88,S2B_MSIL1C_20250801T221529_N0511_R115_T03VXJ_20250802T000515,Sentinel-2B,342,Yukon,167.709680461881,44.4034655143294,0.9227696256625794,"{""type"":""MultiPoint"",""coordinates"":[]}"
20250802T205041_20250802T205041_T08WNV_5,60.000000000000014,30.0,1364.0,348,1187.0,1085.0,1012.0,881.0,581.0,581.0,394.99999999999994,459.0,73.99999999999999,1.18132819586354,348,2025-08-02,67.45,-133.74,S2C_MSIL1C_20250802T205041_N0511_R057_T08WNV_20250802T225308,Sentinel-2C,348,Mackenzie,178.577911760183,49.6067198168354,0.8951964463506427,"{""type"":""MultiPoint"",""coordinates"":[]}"
20250802T223551_20250802T223550_T03VXJ_4,80.0,48.0,1165.0,342,916.0,662.0,504.0,452.0,413.0,400.0,319.0,336.0,81.0,45.5669310154278,342,2025-08-02,61.93,-162.88,S2C_MSIL1C_20250802T223551_N0511_R058_T03VXJ_20250803T002645,Sentinel-2C,342,Yukon,174.6530489664,44.295808949833,0.7854339820998055,"{""type"":""MultiPoint"",""coordinates"":[]}"
20250803T060629_20250803T060638_T44WPC_1,57.0,37.99999999999999,1261.9999999999998,346,889.0,581.9999999999998,376.99999999999994,334.0,290.0,273.0,209.00000000000003,224.99999999999997,88.00000000000003,5.92162614831371,346,2025-08-03,69.37340000000002,86.12130000000002,S2B_MSIL1C_20250803T060629_N0511_R134_T44WPC_20250803T065959,Sentinel-2B,346,Yenisey,175.00961849774,52.4140913868952,0.8201207318296941,"{""type"":""MultiPoint"",""coordinates"":[]}"
20250803T060629_20250803T060638_T45WVS_1,56.99999999999999,38.00000000000001,1261.9999999999995,353,888.9999999999999,583.0,377.0,333.99999999999994,290.0,273.0,208.99999999999997,226.00000000000003,88.0,6.60374597512837,353,2025-08-03,69.37340000000002,86.12130000000002,S2B_MSIL1C_20250803T060629_N0511_R134_T45WVS_20250803T065959,Sentinel-2B,353,Yenisey,176.056939003389,51.5374309094108,0.8200119470357894,"{""type"":""MultiPoint"",""coordinates"":[]}"
20250803T060629_20250803T060638_T45WVT_1,56.99999999999999,38.00000000000001,1261.9999999999995,353,888.9999999999999,582.9999999999999,377.0,333.99999999999994,289.0,272.99999999999994,208.99999999999997,226.00000000000003,88.00000000000001,4.4409123965562,353,2025-08-03,69.37340000000002,86.12130000000002,S2B_MSIL1C_20250803T060629_N0511_R134_T45WVT_20250803T065959,Sentinel-2B,353,Yenisey,175.978123959999,52.4340556362944,0.8200020686251713,"{""type"":""MultiPoint"",""coordinates"":[]}"
20250804T062651_20250804T062647_T44WPC_1,52.999999999999986,28.0,1107.0,346,804.0,503.9999999999999,307.0,267.0,239.0,216.0,176.00000000000003,183.0,72.0,0.097285675893577,346,2025-08-04,69.37340000000002,86.12130000000002,S2C_MSIL1C_20250804T062651_N0511_R077_T44WPC_20250804T081912,Sentinel-2C,346,Yenisey,181.1410434446,52.6238496055098,0.8083182573318481,"{""type"":""MultiPoint"",""coordinates"":[]}"
20250804T062651_20250804T062647_T45WVS_1,52.99999999999998,28.0,1107.0000000000002,353,805.0000000000001,504.0,307.0,267.0,239.0,216.0,176.0,183.00000000000003,72.00000000000001,0.0,353,2025-08-04,69.37340000000002,86.12130000000002,S2C_MSIL1C_20250804T062651_N0511_R077_T45WVS_20250804T081912,Sentinel-2C,353,Yenisey,182.254259375055,51.7793660562565,0.8083182573318481,"{""type"":""MultiPoint"",""coordinates"":[]}"
20250804T062651_20250804T062647_T45WVT_1,52.99999999999998,28.0,1107.0000000000002,353,805.0000000000001,504.00000000000006,307.0,267.0,239.0,216.0,176.0,183.00000000000003,71.99999999999999,0.0973155364448028,353,2025-08-04,69.37340000000002,86.12130000000002,S2C_MSIL1C_20250804T062651_N0511_R077_T45WVT_20250804T081912,Sentinel-2C,353,Yenisey,182.103359882585,52.673550479031,0.8083182573318481,"{""type"":""MultiPoint"",""coordinates"":[]}"
20250804T203839_20250804T204519_T08WNV_5,358.0,236.00000000000003,1848.0,102,1607.0,1466.0,1440.0,1433.0,1304.0,1376.0,1173.0,1197.0,343.0,38.5515542416913,102,2025-08-04,67.45,-133.74,S2B_MSIL1C_20250804T203839_N0511_R014_T08WNV_20250804T223400,Sentinel-2B,102,Mackenzie,175.436905567112,50.1872615013057,0.6074561476707458,"{""type"":""MultiPoint"",""coordinates"":[]}"
20250805T032519_20250805T032515_T51WWQ_2,136.0,100.0,1276.0,51,945.0,689.0,561.0,524.0,405.0,387.0,305.0,332.0,105.0,13.0025381468542,51,2025-08-05,66.76905,123.39458,S2B_MSIL1C_20250805T032519_N0511_R018_T51WWQ_20250805T051109,Sentinel-2B,51,Lena,173.847003049935,50.3095130848531,0.670616090297699,"{""type"":""MultiPoint"",""coordinates"":[]}"
20250806T061629_20250806T061631_T44WPC_1,40.00000000000001,17.0,1272.0,346,889.0,581.0,358.9999999999999,314.0,301.00000000000006,295.99999999999994,223.0,231.00000000000003,68.99999999999999,0.00868942040670071,346,2025-08-06,69.37340000000002,86.12130000000002,S2B_MSIL1C_20250806T061629_N0511_R034_T44WPC_20250806T081258,Sentinel-2B,346,Yenisey,178.12061108359,53.1715366751338,0.869918704032898,"{""type"":""MultiPoint"",""coordinates"":[]}"
20250806T061629_20250806T061631_T45WVS_1,40.0,17.0,1271.0,353,889.0000000000001,581.0,359.00000000000006,314.0,300.99999999999994,297.0,223.00000000000006,231.0,69.00000000000003,0.0,353,2025-08-06,69.37340000000002,86.12130000000002,S2B_MSIL1C_20250806T061629_N0511_R034_T45WVS_20250806T081258,Sentinel-2B,353,Yenisey,179.196501051293,52.3099787364604,0.869939449384357,"{""type"":""MultiPoint"",""coordinates"":[]}"
20250806T061629_20250806T061631_T45WVT_1,40.0,17.0,1271.0,353,889.0000000000001,581.0,358.99999999999994,314.00000000000006,300.99999999999994,296.00000000000006,223.0000000000001,231.0,69.00000000000003,1.00964495804593,353,2025-08-06,69.37340000000002,86.12130000000002,S2B_MSIL1C_20250806T061629_N0511_R034_T45WVT_20250806T081258,Sentinel-2B,353,Yenisey,179.081310865934,53.2066394255261,0.869939449384357,"{""type"":""MultiPoint"",""coordinates"":[]}"
20250806T221551_20250806T221548_T03VXJ_4,108.0,62.999999999999986,1420.0,342,1269.0,1176.0,1129.0,1046.0,883.0,901.0000000000001,707.0,744.0,114.0,36.921974379647,342,2025-08-06,61.93,-162.88,S2C_MSIL1C_20250806T221551_N0511_R115_T03VXJ_20250806T223345,Sentinel-2C,342,Yukon,168.172598468975,45.7172238336196,0.8326314006532941,"{""type"":""MultiPoint"",""coordinates"":[]}"
20250807T072619_20250807T072616_T41WPP_0,39.0,17.0,1248.9999999999998,350,870.0,567.0,393.0,361.99999999999994,307.99999999999994,297.0,221.99999999999997,230.0,66.00000000000001,40.1650989877273,350,2025-08-07,66.63000000000001,66.6,S2B_MSIL1C_20250807T072619_N0511_R049_T41WPP_20250807T073905,Sentinel-2B,350,Ob,177.173818864138,49.8978085086888,0.8723278897809296,"{""type"":""MultiPoint"",""coordinates"":[]}"
20250807T072619_20250807T072616_T41WPQ_0,39.0,17.0,1249.0,350,870.0,567.0,393.0,361.99999999999994,307.99999999999994,297.99999999999994,221.99999999999997,230.0,65.00000000000001,1.32945146167398,350,2025-08-07,66.63000000000001,66.6,S2B_MSIL1C_20250807T072619_N0511_R049_T41WPQ_20250807T073905,Sentinel-2B,350,Ob,177.294336666584,50.7904741986154,0.8723278897809296,"{""type"":""MultiPoint"",""coordinates"":[]}"
20250808T010711_20250808T010724_T57WWS_3,63.00000000000001,37.0,1331.0,149,1083.9574532745783,861.7733509983912,589.0,471.9999999999999,315.0,293.00000000000006,220.0,242.0,90.0,23.6759275899523,149,2025-08-08,68.75,161.3,S2C_MSIL1C_20250808T010711_N0511_R131_T57WWS_20250808T023003,Sentinel-2C,149,Kolyma,175.112591615865,52.8687420500818,0.8640346560913781,"{""type"":""MultiPoint"",""coordinates"":[]}"
20250808T033539_20250808T033536_T51WWQ_2,57.472440355994316,37.33539315780046,1155.9999999999998,349,824.9999999999999,604.0,490.5355980471929,450.00000000000006,310.4872628726287,306.5490618271301,214.27009208874006,238.50335380255075,66.00000000000001,35.3470094657947,349,2025-08-08,66.76905,123.39458,S2B_MSIL1C_20250808T033539_N0511_R061_T51WWQ_20250808T052055,Sentinel-2B,349,Lena,177.084096478627,51.0660056540309,0.8300606730192537,"{""type"":""MultiPoint"",""coordinates"":[]}"
20250808T060651_20250808T060747_T44WPC_1,59.0,26.0,1254.0,346,913.0,564.0,343.0,300.99999999999994,287.99999999999994,263.00000000000006,216.00000000000003,218.00000000000003,74.99999999999997,4.20579023213593,346,2025-08-08,69.37340000000002,86.12130000000002,S2C_MSIL1C_20250808T060651_N0511_R134_T44WPC_20250808T070347,Sentinel-2C,346,Yenisey,175.315356235003,53.7779608777232,0.8102686180658135,"{""type"":""MultiPoint"",""coordinates"":[]}"
20250808T060651_20250808T060747_T45WVS_1,59.0,25.999999999999996,1253.9999999999995,353,914.0000000000001,564.0,341.99999999999994,300.00000000000006,288.0,263.0,216.0,217.99999999999994,75.00000000000003,17.3432439518332,353,2025-08-08,69.37340000000002,86.12130000000002,S2C_MSIL1C_20250808T060651_N0511_R134_T45WVS_20250808T070347,Sentinel-2C,353,Yenisey,176.356560104605,52.9026520570033,0.8098772939791609,"{""type"":""MultiPoint"",""coordinates"":[]}"
20250808T060651_20250808T060747_T45WVT_1,58.99999999999999,25.999999999999996,1253.9999999999995,353,914.0000000000001,564.0000000000001,341.99999999999994,300.00000000000006,288.0,262.99999999999983,215.99999999999991,217.99999999999994,75.0,2.56134782709996,353,2025-08-08,69.37340000000002,86.12130000000002,S2C_MSIL1C_20250808T060651_N0511_R134_T45WVT_20250808T070347,Sentinel-2C,353,Yenisey,176.273344533243,53.7993917167066,0.8098772939791609,"{""type"":""MultiPoint"",""coordinates"":[]}"
20250809T062629_20250809T062629_T44WPC_1,40.99999999999999,28.999999999999996,1116.0,346,782.0000000000001,503.99999999999994,306.0,269.0,241.00000000000003,223.99999999999991,170.0,183.0,71.99999999999999,0.0,346,2025-08-09,69.37340000000002,86.12130000000002,S2B_MSIL1C_20250809T062629_N0511_R077_T44WPC_20250809T070044,Sentinel-2B,346,Yenisey,181.217372475943,54.01737892202,0.8493479896110038,"{""type"":""MultiPoint"",""coordinates"":[]}"
20250809T062629_20250809T062629_T45WVS_1,40.99999999999999,29.0,1116.0,353,782.0,503.99999999999994,306.0,269.0,241.00000000000003,225.0,170.00000000000003,183.00000000000003,70.99999999999999,0.0,353,2025-08-09,69.37340000000002,86.12130000000002,S2B_MSIL1C_20250809T062629_N0511_R077_T45WVS_20250809T070044,Sentinel-2B,353,Yenisey,182.318227902742,53.1733208054362,0.8493882798134014,"{""type"":""MultiPoint"",""coordinates"":[]}"
20250809T062629_20250809T062629_T45WVT_1,40.99999999999999,29.0,1116.0000000000002,353,782.0,503.99999999999994,306.0,269.0,241.00000000000003,225.0,170.0,183.0,72.0,0.0,353,2025-08-09,69.37340000000002,86.12130000000002,S2B_MSIL1C_20250809T062629_N0511_R077_T45WVT_20250809T070044,Sentinel-2B,353,Yenisey,182.169245665307,54.0674212088711,0.8493882798134014,"{""type"":""MultiPoint"",""coordinates"":[]}"
20250809T071641_20250809T071636_T41WPP_0,56.0,24.999999999999993,1228.0000000000002,350,891.0000000000001,555.0,375.0,353.0,302.99999999999994,284.99999999999994,218.99999999999997,234.0,76.0,6.79533578189853,350,2025-08-09,66.63000000000001,66.6,S2C_MSIL1C_20250809T071641_N0511_R006_T41WPP_20250809T073203,Sentinel-2C,350,Ob,174.254864848526,50.5373532059548,0.8161765933036804,"{""type"":""MultiPoint"",""coordinates"":[]}"
20250809T071641_20250809T071636_T41WPQ_0,56.0,24.99999999999999,1228.0,350,891.0000000000001,555.0,375.00000000000006,353.0,303.0,285.0,218.99999999999997,234.0,76.0,17.7359431455105,350,2025-08-09,66.63000000000001,66.6,S2C_MSIL1C_20250809T071641_N0511_R006_T41WPQ_20250809T073203,Sentinel-2C,350,Ob,174.409592862003,51.4253557846463,0.8161670804023743,"{""type"":""MultiPoint"",""coordinates"":[]}"
20250811T034539_20250811T034535_T51WWQ_2,49.78895138793616,30.475640515067035,1227.0,351,888.0,640.9999999999999,482.4256526674235,426.634590655808,308.56542678553126,302.59734866634716,216.5856025628945,238.5152634355921,67.00000000000001,29.3860743538854,351,2025-08-11,66.76905,123.39458,S2B_MSIL1C_20250811T034539_N0511_R104_T51WWQ_20250811T053201,Sentinel-2B,351,Lena,180.299262336627,51.9179463774901,0.853612933275588,"{""type"":""MultiPoint"",""coordinates"":[]}"
20250812T072631_20250812T072634_T41WPP_0,156.99999999999997,86.99999999999999,1467.0,300,1125.0,765.0,576.0,546.0,508.99999999999994,483.00000000000006,411.0,413.0,133.99999999999997,6.88873958613276,300,2025-08-12,66.63000000000001,66.6,S2C_MSIL1C_20250812T072631_N0511_R049_T41WPP_20250812T091704,Sentinel-2C,300,Ob,177.534884786528,51.3508124695051,0.6593333296477795,"{""type"":""MultiPoint"",""coordinates"":[]}"
20250812T072631_20250812T072634_T41WPQ_0,157.99999999999997,88.0,1468.0,315,1126.0,766.0,578.0,547.0,509.00000000000006,484.0,411.0,414.0,133.0,15.2865418495625,315,2025-08-12,66.63000000000001,66.6,S2C_MSIL1C_20250812T072631_N0511_R049_T41WPQ_20250812T091704,Sentinel-2C,315,Ob,177.648126551131,52.2438942130098,0.6588365493282196,"{""type"":""MultiPoint"",""coordinates"":[]}"
20250812T205041_20250812T205337_T08WNV_5,59.0,27.0,1369.0,39,1174.0,1044.0,1000.0,914.0,664.0,660.0,466.0,540.0,89.0,0.429825287339779,39,2025-08-12,67.45,-133.74,S2C_MSIL1C_20250812T205041_N0511_R057_T08WNV_20250813T005211,Sentinel-2C,39,Mackenzie,179.005753767817,52.4356125889021,0.8935018181800842,"{""type"":""MultiPoint"",""coordinates"":[]}"
20250814T062651_20250814T062646_T44WPC_1,70.0,40.0,1220.0,231,890.0,541.0,322.0,280.0,283.0,253.0,217.99999999999994,215.0,73.0,21.416614410702,231,2025-08-14,69.37340000000002,86.12130000000002,S2C_MSIL1C_20250814T062651_N0511_R077_T44WPC_20250814T082546,Sentinel-2C,231,Yenisey,181.536168381831,55.5177245622643,0.7708674073219299,"{""type"":""MultiPoint"",""coordinates"":[]}"
20250814T062651_20250814T062646_T45WVS_1,71.99999999999999,41.0,1221.0,187,891.0000000000001,542.0,322.00000000000006,280.0,283.0,254.00000000000003,218.0,216.0,73.0,45.6015381737027,187,2025-08-14,69.37340000000002,86.12130000000002,S2C_MSIL1C_20250814T062651_N0511_R077_T45WVS_20250814T082546,Sentinel-2C,187,Yenisey,182.626489520836,54.6755706272784,0.7666661540667216,"{""type"":""MultiPoint"",""coordinates"":[]}"
20250814T062651_20250814T062646_T45WVT_1,70.0,41.0,1221.0,202,891.0,542.0,322.00000000000006,281.0,283.0,254.00000000000009,217.99999999999997,215.0,73.0,26.0421033772283,202,2025-08-14,69.37340000000002,86.12130000000002,S2C_MSIL1C_20250814T062651_N0511_R077_T45WVT_20250814T082546,Sentinel-2C,202,Yenisey,182.477024717251,55.5692717316201,0.7709175646305084,"{""type"":""MultiPoint"",""coordinates"":[]}"
20250814T203839_20250814T204601_T08WNV_5,50.00000000000001,24.999999999999996,1577.0,348,1354.0,1258.0,1285.9999999999998,1252.0,1093.0,1156.0,947.9999999999999,982.0,115.0,0.142613992654304,348,2025-08-14,67.45,-133.74,S2B_MSIL1C_20250814T203839_N0511_R014_T08WNV_20250814T223340,Sentinel-2B,348,Mackenzie,176.015921607675,53.0908529126216,0.9231235162521907,"{""type"":""MultiPoint"",""coordinates"":[]}"
20250815T032519_20250815T032516_T51WWQ_2,44.0,23.0,1262.9999999999998,351,907.9999999999998,658.0000000000001,500.99999999999994,463.0,331.00000000000006,316.0,223.0,254.00000000000003,75.99999999999999,0.0231717877512019,351,2025-08-15,66.76905,123.39458,S2B_MSIL1C_20250815T032519_N0511_R018_T51WWQ_20250815T051102,Sentinel-2B,351,Lena,174.47421439495,53.2192615170963,0.8751517619405474,"{""type"":""MultiPoint"",""coordinates"":[]}"
20250816T034551_20250816T034853_T51WWQ_2,119.0,76.0,1180.0,351,898.0,665.0,533.0,486.0000000000001,376.0,358.00000000000006,286.0,305.00000000000006,106.00000000000001,0.0,351,2025-08-16,66.76905,123.39458,S2C_MSIL1C_20250816T034551_N0511_R104_T51WWQ_20250816T053731,Sentinel-2C,351,Lena,180.662568576198,53.454109772629,0.6955634355545044,"{""type"":""MultiPoint"",""coordinates"":[]}"
20250816T061629_20250816T061632_T44WPC_1,31.000000000000018,12.0,1243.9999999999998,346,849.0,532.0000000000001,311.0,264.0,243.99999999999994,235.00000000000003,165.99999999999994,176.99999999999991,59.0,0.334647197587267,346,2025-08-16,69.37340000000002,86.12130000000002,S2B_MSIL1C_20250816T061629_N0511_R034_T44WPC_20250816T065305,Sentinel-2B,346,Yenisey,178.645014332205,56.1405637539412,0.8898003247832964,"{""type"":""MultiPoint"",""coordinates"":[]}"
20250816T061629_20250816T061632_T45WVS_1,31.0,11.999999999999996,1243.9999999999993,353,849.0000000000001,532.0,310.99999999999994,264.0,243.0,234.99999999999994,166.00000000000003,176.9999999999999,59.0,1.08265400579295,353,2025-08-16,69.37340000000002,86.12130000000002,S2B_MSIL1C_20250816T061629_N0511_R034_T45WVS_20250816T065305,Sentinel-2B,353,Yenisey,179.70252309352,55.2817407127093,0.8900709152221681,"{""type"":""MultiPoint"",""coordinates"":[]}"
20250816T061629_20250816T061632_T45WVT_1,31.000000000000004,11.999999999999996,1243.9999999999993,353,849.0000000000001,532.0,310.99999999999994,263.99999999999994,244.00000000000003,234.00000000000006,166.00000000000003,176.9999999999999,59.0,0.797814207650273,353,2025-08-16,69.37340000000002,86.12130000000002,S2B_MSIL1C_20250816T061629_N0511_R034_T45WVT_20250816T065305,Sentinel-2B,353,Yenisey,179.583838319172,56.1781553752768,0.8900709152221681,"{""type"":""MultiPoint"",""coordinates"":[]}"
20250817T072619_20250817T072751_T41WPP_0,69.53594542592268,37.44983277591973,1397.4752066115702,153,981.76052027544,637.8543270352227,427.36454284265676,371.85681766446623,338.1314526683147,330.648554336989,258.61313770359396,258.94691996088835,85.46809490900715,29.4218400071665,153,2025-08-17,66.63000000000001,66.6,S2B_MSIL1C_20250817T072619_N0511_R049_T41WPP_20250817T075230,Sentinel-2B,153,Ob,177.782865276084,52.9047588980481,0.8069379577081213,"{""type"":""MultiPoint"",""coordinates"":[]}"
20250817T072619_20250817T072751_T41WPQ_0,65.23259038071879,33.21488294314381,1397.0,118,981.5775323051272,637.759008083299,427.50571338714747,371.99161115223296,331.2404171745903,323.463281577843,258.73752969121136,258.42456353687135,85.0,34.6599480426409,118,2025-08-17,66.63000000000001,66.6,S2B_MSIL1C_20250817T072619_N0511_R049_T41WPQ_20250817T075230,Sentinel-2B,118,Ob,177.890453184447,53.798105947274,0.8105904282976581,"{""type"":""MultiPoint"",""coordinates"":[]}"
20250818T033539_20250818T033845_T51WWQ_2,35.00000000000001,17.0,1188.0,351,839.0000000000001,601.0,445.99999999999994,397.0,279.00000000000006,265.0,184.0,207.00000000000006,64.0,0.0,351,2025-08-18,66.76905,123.39458,S2B_MSIL1C_20250818T033539_N0511_R061_T51WWQ_20250818T052613,Sentinel-2B,351,Lena,177.706466586616,54.1056027435314,0.8895471638358429,"{""type"":""MultiPoint"",""coordinates"":[]}"
20250819T071641_20250819T071637_T41WPP_0,55.0,27.999999999999993,1232.0,350,892.0,551.9999999999999,379.0,355.0,292.0,269.0,204.0,227.0,76.0,9.75200812206993,350,2025-08-19,66.63000000000001,66.6,S2C_MSIL1C_20250819T071641_N0511_R006_T41WPP_20250819T091704,Sentinel-2C,350,Ob,174.997267846394,53.6093396922195,0.8205546736717224,"{""type"":""MultiPoint"",""coordinates"":[]}"
20250819T222551_20250819T222550_T03VXJ_4,92.99999999999999,56.0,1472.0,342,1327.0,1275.0,1285.0,1237.0,1038.0,1038.0,808.9999999999999,892.0,162.0,1.63534294843083,342,2025-08-19,61.93,-162.88,S2C_MSIL1C_20250819T222551_N0511_R015_T03VXJ_20250820T001946,Sentinel-2C,342,Yukon,172.649420621702,49.4367558758471,0.8641007265930782,"{""type"":""MultiPoint"",""coordinates"":[]}"
20250820T032601_20250820T032555_T51WWQ_2,55.00000000000001,30.000000000000004,1192.9999999999998,351,887.0,606.0,440.99999999999994,390.00000000000006,289.0,261.99999999999994,191.00000000000003,213.0,81.99999999999999,0.0,351,2025-08-20,66.76905,123.39458,S2C_MSIL1C_20250820T032601_N0511_R018_T51WWQ_20250820T052025,Sentinel-2C,351,Lena,174.962680012516,54.8145431499824,0.8327016188368124,"{""type"":""MultiPoint"",""coordinates"":[]}"
20250821T011711_20250821T011712_T57WWS_3,76.0,42.0,1356.0,351,1118.0,924.0,636.0,503.0,330.0,300.0,222.0,250.99999999999997,81.0,45.8876646062886,351,2025-08-21,68.75,161.3,S2C_MSIL1C_20250821T011711_N0511_R031_T57WWS_20250821T023101,Sentinel-2C,351,Kolyma,178.912119105504,56.8409976427432,0.8494416177272797,"{""type"":""MultiPoint"",""coordinates"":[]}"
20250821T034539_20250821T034535_T51WWQ_2,77.99999999999999,57.0,1193.0,351,863.0,626.0,466.0,426.0,330.0,320.0,244.0,263.0,111.99999999999999,36.3839265668039,351,2025-08-21,66.76905,123.39458,S2B_MSIL1C_20250821T034539_N0511_R104_T51WWQ_20250821T053200,Sentinel-2B,351,Lena,180.906507456744,55.0813968433201,0.7771486697029699,"{""type"":""MultiPoint"",""coordinates"":[]}"
20250821T061651_20250821T061649_T44WPC_1,75.0,41.0,1288.9999999999998,346,940.0000000000001,585.0,360.99999999999994,309.00000000000006,299.00000000000006,274.0,230.00000000000006,228.99999999999997,86.0,32.9631520797874,346,2025-08-21,69.37340000000002,86.12130000000002,S2C_MSIL1C_20250821T061651_N0511_R034_T44WPC_20250821T080953,Sentinel-2C,346,Yenisey,179.073506343451,57.7661637429472,0.7730258449179227,"{""type"":""MultiPoint"",""coordinates"":[]}"
20250821T061651_20250821T061649_T45WVS_1,75.0,41.00000000000001,1288.0,353,940.0,584.9999999999999,361.00000000000006,308.99999999999994,299.0,275.0,231.00000000000003,229.00000000000003,87.0,36.9927438860521,353,2025-08-21,69.37340000000002,86.12130000000002,S2C_MSIL1C_20250821T061651_N0511_R034_T45WVS_20250821T080953,Sentinel-2C,353,Yenisey,180.122519441503,56.9096425723641,0.7720364928245544,"{""type"":""MultiPoint"",""coordinates"":[]}"
20250821T061651_20250821T061649_T45WVT_1,75.0,41.00000000000001,1288.0,353,940.0,586.0,360.0,308.99999999999994,299.0,275.0,229.99999999999997,229.00000000000003,86.0,31.9538355878049,353,2025-08-21,69.37340000000002,86.12130000000002,S2C_MSIL1C_20250821T061651_N0511_R034_T45WVT_20250821T080953,Sentinel-2C,353,Yenisey,180.000907995778,57.8058029684345,0.7720364928245544,"{""type"":""MultiPoint"",""coordinates"":[]}"
20250821T202849_20250821T203329_T08WNV_5,53.029257521391116,41.459370273614745,1650.090133270984,292,1390.4939992940347,1252.4221289274108,1231.0,1186.54264837459,917.4324507807197,941.5244792593909,697.3876436454659,781.4785498489426,113.21539833219701,4.85003323363244,292,2025-08-21,67.45,-133.74,S2B_MSIL1C_20250821T202849_N0511_R114_T08WNV_20250821T222531,Sentinel-2B,292,Mackenzie,173.593663487888,55.4301867500662,0.9200793862442759,"{""type"":""MultiPoint"",""coordinates"":[]}"
20250823T010649_20250823T010649_T57WWS_3,35.0,22.000000000000004,1392.9999999999998,351,1112.0,925.0,643.9999999999999,533.0,332.0,300.99999999999994,205.00000000000003,242.0,85.0,0.0,351,2025-08-23,68.75,161.3,S2B_MSIL1C_20250823T010649_N0511_R131_T57WWS_20250823T022123,Sentinel-2B,351,Kolyma,176.08164482095,57.5496839397483,0.9260050141834884,"{""type"":""MultiPoint"",""coordinates"":[]}"
20250823T033551_20250823T033554_T51WWQ_2,79.0,44.99999999999999,1255.9999999999998,351,930.9999999999999,647.0,475.0000000000001,420.00000000000006,334.0,310.0,241.99999999999997,257.0,96.99999999999999,0.387231628295858,351,2025-08-23,66.76905,123.39458,S2C_MSIL1C_20250823T033551_N0511_R061_T51WWQ_20250823T053332,Sentinel-2C,351,Lena,178.182935355065,55.7596791423428,0.7825017526213611,"{""type"":""MultiPoint"",""coordinates"":[]}"
20250823T060629_20250823T060639_T44WPC_1,30.0,12.999999999999998,1312.0000000000002,346,907.0,556.9999999999999,325.0,279.0,249.9999999999999,238.00000000000003,167.00000000000003,185.00000000000003,63.0,10.6821896564228,346,2025-08-23,69.37340000000002,86.12130000000002,S2B_MSIL1C_20250823T060629_N0511_R134_T44WPC_20250823T070304,Sentinel-2B,346,Yenisey,176.269486878034,58.4720963939922,0.8981324434280396,"{""type"":""MultiPoint"",""coordinates"":[]}"
20250823T060629_20250823T060639_T45WVS_1,30.000000000000007,14.0,1311.9999999999993,353,907.0,557.0,325.00000000000006,279.00000000000006,250.0,238.0,167.0,185.0,63.000000000000014,9.42180694846952,353,2025-08-23,69.37340000000002,86.12130000000002,S2B_MSIL1C_20250823T060629_N0511_R134_T45WVS_20250823T070304,Sentinel-2B,353,Yenisey,177.288715032696,57.6011514983722,0.8986057490110397,"{""type"":""MultiPoint"",""coordinates"":[]}"
20250823T060629_20250823T060639_T45WVT_1,30.000000000000007,14.0,1311.9999999999993,353,907.0,557.0,325.0,279.00000000000006,250.0,237.99999999999997,167.0,185.0,63.0,6.85593256790449,353,2025-08-23,69.37340000000002,86.12130000000002,S2B_MSIL1C_20250823T060629_N0511_R134_T45WVT_20250823T070304,Sentinel-2B,353,Yenisey,177.193958550934,58.4980973561448,0.8986057490110397,"{""type"":""MultiPoint"",""coordinates"":[]}"
20250824T012721_20250824T012715_T57WWS_3,49.99999999999999,25.0,1300.9999999999998,351,1052.0,858.0,558.0,449.00000000000006,302.0,269.0,200.0,225.0,89.00000000000004,0.0111081250559885,351,2025-08-24,68.75,161.3,S2C_MSIL1C_20250824T012721_N0511_R074_T57WWS_20250824T024127,Sentinel-2C,351,Kolyma,182.032547827294,57.8651451320363,0.8887822202273777,"{""type"":""MultiPoint"",""coordinates"":[]}"
20250824T062651_20250824T062647_T44WPC_1,49.00000000000001,23.000000000000004,1198.0,346,875.0,530.0,309.99999999999994,269.0,254.00000000000003,225.0,187.99999999999994,190.0,77.0,0.0,346,2025-08-24,69.37340000000002,86.12130000000002,S2C_MSIL1C_20250824T062651_N0511_R077_T44WPC_20250824T081921,Sentinel-2C,346,Yenisey,182.164460236697,58.7942975936688,0.8304498195648193,"{""type"":""MultiPoint"",""coordinates"":[]}"
20250824T062651_20250824T062647_T45WVS_1,48.99999999999999,23.0,1198.0000000000002,353,876.0,530.0,309.0,268.99999999999994,253.99999999999997,225.0,188.00000000000006,190.00000000000003,75.99999999999999,0.297980119044831,353,2025-08-24,69.37340000000002,86.12130000000002,S2C_MSIL1C_20250824T062651_N0511_R077_T45WVS_20250824T081921,Sentinel-2C,353,Yenisey,183.231696939368,57.9559634687345,0.8307426571846008,"{""type"":""MultiPoint"",""coordinates"":[]}"
20250824T062651_20250824T062647_T45WVT_1,48.99999999999999,22.0,1198.0000000000002,353,876.0000000000001,530.0,309.0,268.99999999999994,254.0,225.0,188.0,190.00000000000003,75.99999999999999,0.0248141180686195,353,2025-08-24,69.37340000000002,86.12130000000002,S2C_MSIL1C_20250824T062651_N0511_R077_T45WVT_20250824T081921,Sentinel-2C,353,Yenisey,183.082660520081,58.848804188929,0.8307426571846008,"{""type"":""MultiPoint"",""coordinates"":[]}"
20250824T071619_20250824T071916_T41WPP_0,46.00000000000001,26.000000000000004,1250.0,350,866.0000000000001,572.0,433.9999999999999,427.0,326.99999999999994,307.0,222.00000000000003,251.00000000000006,76.00000000000001,4.28388426050345,350,2025-08-24,66.63000000000001,66.6,S2B_MSIL1C_20250824T071619_N0511_R006_T41WPP_20250824T090143,Sentinel-2B,350,Ob,175.358299253161,55.2778403697987,0.8493360240262064,"{""type"":""MultiPoint"",""coordinates"":[]}"
20250824T071619_20250824T071916_T41WPQ_0,47.0,26.000000000000004,1249.0,350,866.0000000000001,572.0,433.9999999999999,427.0,327.0,307.0,221.99999999999997,251.00000000000006,74.99999999999999,25.5037176386276,350,2025-08-24,66.63000000000001,66.6,S2B_MSIL1C_20250824T071619_N0511_R006_T41WPQ_20250824T090143,Sentinel-2B,350,Ob,175.486675437728,56.1678595502713,0.8494022821230212,"{""type"":""MultiPoint"",""coordinates"":[]}"
20250824T073021_20250824T073024_T41WPP_0,59.0,37.00000000000001,1210.9999999999998,350,854.0,564.0000000000001,435.0,435.0,335.0000000000001,321.99999999999994,235.00000000000003,263.0,76.0,4.59739018782287,350,2025-08-24,66.63000000000001,66.6,S2A_MSIL1C_20250824T073021_N0511_R049_T41WPP_20250824T074514,Sentinel-2A,350,Ob,178.397467035064,55.2243216946308,0.8097795844078064,"{""type"":""MultiPoint"",""coordinates"":[]}"
20250824T073021_20250824T073024_T41WPQ_0,59.0,37.00000000000001,1211.9999999999998,350,854.0,564.0000000000001,435.0,435.0,335.00000000000006,322.0,234.00000000000009,263.0,75.99999999999999,23.963898593568,350,2025-08-24,66.63000000000001,66.6,S2A_MSIL1C_20250824T073021_N0511_R049_T41WPQ_20250824T074514,Sentinel-2A,350,Ob,178.494830132986,56.1182604293195,0.8097795844078064,"{""type"":""MultiPoint"",""coordinates"":[]}"
20250826T070641_20250826T070640_T41WPP_0,88.99999999999999,47.999999999999986,1459.9999999999998,350,1094.0000000000002,722.9999999999999,524.0,488.99999999999994,430.99999999999994,402.0,330.99999999999994,331.0,91.00000000000001,42.3398984422925,350,2025-08-26,66.63000000000001,66.6,S2C_MSIL1C_20250826T070641_N0511_R106_T41WPP_20250826T090649,Sentinel-2C,350,Ob,172.677599689484,56.0629959664017,0.7795331720736629,"{""type"":""MultiPoint"",""coordinates"":[]}"
20250826T070641_20250826T070640_T41WPQ_0,88.99999999999999,47.999999999999986,1459.9999999999998,350,1094.0000000000002,723.0,523.9999999999999,489.9999999999999,431.0,402.0,331.0,331.0,91.00000000000001,8.79865265828191,350,2025-08-26,66.63000000000001,66.6,S2C_MSIL1C_20250826T070641_N0511_R106_T41WPQ_20250826T090649,Sentinel-2C,350,Ob,172.830461634143,56.9475271929918,0.7795446138019148,"{""type"":""MultiPoint"",""coordinates"":[]}"
20250828T060651_20250828T060649_T44WPC_1,53.0,25.0,1286.9999999999998,346,936.0000000000001,566.0,330.9999999999999,284.99999999999994,257.9999999999999,231.9999999999998,177.99999999999997,188.99999999999997,75.0,5.79339339866499,346,2025-08-28,69.37340000000002,86.12130000000002,S2C_MSIL1C_20250828T060651_N0511_R134_T44WPC_20250828T062216,Sentinel-2C,346,Yenisey,176.792875225,60.1987736304454,0.8276785810788473,"{""type"":""MultiPoint"",""coordinates"":[]}"
20250828T060651_20250828T060649_T45WVS_1,53.99999999999999,25.0,1287.0,353,936.0000000000001,566.0,331.0000000000001,284.99999999999994,258.0,231.99999999999997,178.0,188.99999999999997,75.00000000000001,1.44597921920952,353,2025-08-28,69.37340000000002,86.12130000000002,S2C_MSIL1C_20250828T060651_N0511_R134_T45WVS_20250828T062216,Sentinel-2C,353,Yenisey,177.805486405537,59.330334760422,0.8272538582483927,"{""type"":""MultiPoint"",""coordinates"":[]}"
20250828T060651_20250828T060649_T45WVT_1,54.00000000000001,25.0,1287.0,353,936.0000000000001,566.0,331.00000000000006,284.99999999999994,258.0,231.99999999999991,178.00000000000006,188.99999999999997,75.00000000000001,4.22312128081973,353,2025-08-28,69.37340000000002,86.12130000000002,S2C_MSIL1C_20250828T060651_N0511_R134_T45WVT_20250828T062216,Sentinel-2C,353,Yenisey,177.705809403518,60.2272960922232,0.8272403925657272,"{""type"":""MultiPoint"",""coordinates"":[]}"
20250829T062629_20250829T062628_T44WPC_1,59.0,45.99999999999999,1287.9999999999995,323,929.0,614.0000000000001,384.0000000000001,331.9999999999999,304.0,288.0,227.0,234.99999999999997,83.0,0.016901071993789,323,2025-08-29,69.37340000000002,86.12130000000002,S2B_MSIL1C_20250829T062629_N0511_R077_T44WPC_20250829T070144,Sentinel-2B,323,Yenisey,182.456505265791,60.5474818094764,0.8251851797103882,"{""type"":""MultiPoint"",""coordinates"":[]}"
20250829T062629_20250829T062628_T45WVS_1,56.0,42.0,1288.0,182,927.0,612.0,381.99999999999994,331.0,303.0,287.0,223.0,232.00000000000003,79.99999999999999,0.235218938522898,182,2025-08-29,69.37340000000002,86.12130000000002,S2B_MSIL1C_20250829T062629_N0511_R077_T45WVS_20250829T070144,Sentinel-2B,182,Yenisey,183.511312674901,59.7109517096197,0.8322392106056213,"{""type"":""MultiPoint"",""coordinates"":[]}"
20250829T062629_20250829T062628_T45WVT_1,58.00000000000001,45.0,1288.0,304,927.9999999999999,614.0,383.0,333.0,303.0,288.00000000000006,226.0,235.0,82.0,0.272656693242557,304,2025-08-29,69.37340000000002,86.12130000000002,S2B_MSIL1C_20250829T062629_N0511_R077_T45WVT_20250829T070144,Sentinel-2B,304,Yenisey,183.363279948683,60.6033599737266,0.8269590573310851,"{""type"":""MultiPoint"",""coordinates"":[]}"
20250831T034539_20250831T034534_T51WWQ_2,61.212954982430546,41.701693267439026,1264.0000000000002,346,922.5269016697588,638.6011886143259,453.2705452233349,405.13849658314354,329.0476289951953,316.8191703584373,233.38700663639543,253.45859488169964,79.99999999999999,2.25868395780293,346,2025-08-31,66.76905,123.39458,S2B_MSIL1C_20250831T034539_N0511_R104_T51WWQ_20250831T053123,Sentinel-2B,346,Lena,181.688658662034,58.5670693835199,0.8225747289701709,"{""type"":""MultiPoint"",""coordinates"":[]}"
20250831T061651_20250831T061746_T44WPC_1,99.99999999999997,47.99999999999999,1434.0,346,1075.9999999999998,694.9999999999999,447.0,400.0,388.0,350.99999999999994,311.99999999999994,300.00000000000006,104.0,10.5812057690585,346,2025-08-31,69.37340000000002,86.12130000000002,S2C_MSIL1C_20250831T061651_N0511_R034_T44WPC_20250831T082018,Sentinel-2C,346,Yenisey,179.887086679688,61.2464576145284,0.7487357844203675,"{""type"":""MultiPoint"",""coordinates"":[]}"
20250831T061651_20250831T061746_T45WVS_1,99.99999999999999,47.00000000000001,1434.0,353,1075.9999999999998,695.0000000000001,448.0,400.0,388.00000000000006,350.99999999999994,311.0,300.0,104.0,19.4420556003464,353,2025-08-31,69.37340000000002,86.12130000000002,S2C_MSIL1C_20250831T061651_N0511_R034_T45WVS_20250831T082018,Sentinel-2C,353,Yenisey,180.916874945829,60.3944268350821,0.7481060346622819,"{""type"":""MultiPoint"",""coordinates"":[]}"
20250831T061651_20250831T061746_T45WVT_1,100.0,47.00000000000001,1434.0,353,1075.9999999999998,695.0,448.0,399.99999999999994,387.99999999999994,350.99999999999994,311.00000000000006,300.0,104.0,17.4859506106483,353,2025-08-31,69.37340000000002,86.12130000000002,S2C_MSIL1C_20250831T061651_N0511_R034_T45WVT_20250831T082018,Sentinel-2C,353,Yenisey,180.791454791838,61.2899753128785,0.7487405943733392,"{""type"":""MultiPoint"",""coordinates"":[]}"
20250831T070619_20250831T070813_T41WPQ_0,34.0,18.0,1457.0000000000002,350,1019.9999999999999,684.0,495.0,468.99999999999994,325.0,302.99999999999994,204.0,241.00000000000003,70.0,31.9204374290725,350,2025-08-31,66.63000000000001,66.6,S2B_MSIL1C_20250831T070619_N0511_R106_T41WPQ_20250831T085204,Sentinel-2B,350,Ob,173.274646363247,58.7070267136519,0.9060229891934033,"{""type"":""MultiPoint"",""coordinates"":[]}"
20250902T060629_20250902T060800_T44WPC_1,29.0,14.999999999999998,1343.0,346,930.0,571.0,331.99999999999994,286.00000000000006,245.00000000000003,227.99999999999991,170.00000000000003,179.99999999999994,68.99999999999999,0.0,346,2025-09-02,69.37340000000002,86.12130000000002,S2B_MSIL1C_20250902T060629_N0511_R134_T44WPC_20250902T080205,Sentinel-2B,346,Yenisey,177.178415669519,61.9915819636503,0.90465675875292,"{""type"":""MultiPoint"",""coordinates"":[]}"
20250902T060629_20250902T060800_T45WVS_1,28.999999999999982,15.0,1342.9999999999998,353,931.0000000000001,571.0,331.9999999999999,286.0,244.99999999999997,227.99999999999997,170.0,180.0,68.00000000000001,0.0,353,2025-09-02,69.37340000000002,86.12130000000002,S2B_MSIL1C_20250902T060629_N0511_R134_T45WVS_20250902T080205,Sentinel-2B,353,Yenisey,178.182676306119,61.1250256049234,0.9045109629631043,"{""type"":""MultiPoint"",""coordinates"":[]}"
20250902T060629_20250902T060800_T45WVT_1,28.999999999999996,15.0,1342.9999999999998,353,931.0000000000001,571.0,331.9999999999999,286.0,244.99999999999991,227.99999999999986,171.0,180.0,69.0,0.0,353,2025-09-02,69.37340000000002,86.12130000000002,S2B_MSIL1C_20250902T060629_N0511_R134_T45WVT_20250902T080205,Sentinel-2B,353,Yenisey,178.079867362938,62.0219526514681,0.9045109629631043,"{""type"":""MultiPoint"",""coordinates"":[]}"
20250903T062651_20250903T062645_T44WPC_1,47.99999999999998,22.0,1208.0,346,878.0,524.0,302.0,259.00000000000006,227.99999999999994,204.99999999999997,153.99999999999997,165.99999999999994,73.99999999999997,0.0,346,2025-09-03,69.37340000000002,86.12130000000002,S2C_MSIL1C_20250903T062651_N0511_R077_T44WPC_20250903T081904,Sentinel-2C,346,Yenisey,182.944906799882,62.3650187546374,0.8324607610702515,"{""type"":""MultiPoint"",""coordinates"":[]}"
20250903T062651_20250903T062645_T45WVS_1,48.0,22.0,1208.0,353,878.0000000000001,524.0000000000001,301.0,259.99999999999994,227.9999999999999,206.0,153.99999999999994,166.0,74.0,0.311583497986519,353,2025-09-03,69.37340000000002,86.12130000000002,S2C_MSIL1C_20250903T062651_N0511_R077_T45WVS_20250903T081904,Sentinel-2C,353,Yenisey,183.988354874793,61.5315785826039,0.8324607610702515,"{""type"":""MultiPoint"",""coordinates"":[]}"
20250903T062651_20250903T062645_T45WVT_1,48.00000000000001,22.0,1208.0,353,878.0000000000001,524.0,301.0,259.99999999999994,227.99999999999994,204.99999999999997,154.00000000000003,166.0,73.99999999999999,0.0,353,2025-09-03,69.37340000000002,86.12130000000002,S2C_MSIL1C_20250903T062651_N0511_R077_T45WVT_20250903T081904,Sentinel-2C,353,Yenisey,183.840134563626,62.4232054595013,0.8324607610702515,"{""type"":""MultiPoint"",""coordinates"":[]}"
20250903T071619_20250903T071726_T41WPQ_0,67.99999999999999,35.0,1523.0000000000002,350,1093.0,760.9999999999999,563.0,535.0,402.0,384.0,290.0,310.0,88.0,45.8807966795067,350,2025-09-03,66.63000000000001,66.6,S2B_MSIL1C_20250903T071619_N0511_R006_T41WPQ_20250903T091350,Sentinel-2B,350,Ob,176.468117535814,59.7067401230224,0.8356860034229929,"{""type"":""MultiPoint"",""coordinates"":[]}"
20250903T204019_20250903T204305_T08WNV_5,41.0,21.0,1479.0,348,1196.0,1013.9999999999999,891.9999999999998,802.0,496.0,481.99999999999994,318.0,383.99999999999994,76.0,0.585087640717848,348,2025-09-03,67.45,-133.74,S2B_MSIL1C_20250903T204019_N0511_R014_T08WNV_20250903T235020,Sentinel-2B,348,Mackenzie,177.770323048724,59.9252575298902,0.9225716879290919,"{""type"":""MultiPoint"",""coordinates"":[]}"
20250904T032519_20250904T032513_T51WWQ_2,69.27338227297444,48.4271961492178,1318.3106747545492,268,964.4308035714287,702.2156289176766,537.7767997485067,481.1949486977111,325.2528989508558,309.43004115226336,221.0216209218022,249.50891309730133,82.2336813123781,0.0,268,2025-09-04,66.76905,123.39458,S2B_MSIL1C_20250904T032519_N0511_R018_T51WWQ_20250904T051510,Sentinel-2B,268,Lena,176.321811092336,60.0537738070454,0.8225493120293889,"{""type"":""MultiPoint"",""coordinates"":[]}"
20250905T034551_20250905T034550_T51WWQ_2,65.3373236425823,36.56752172991308,1178.5632852053252,249,860.3804834377798,590.5168789165149,417.02988855116513,353.0741666666667,252.99839974395903,225.3689071318625,169.72102957283678,189.68724109362051,74.94475138121545,1.06965408383925,249,2025-09-05,66.76905,123.39458,S2C_MSIL1C_20250905T034551_N0511_R104_T51WWQ_20250905T054045,Sentinel-2C,249,Lena,182.206371328984,60.4033205248896,0.8029556899986031,"{""type"":""MultiPoint"",""coordinates"":[]}"
20250910T034529_20250910T034532_T51WWQ_2,358.0,303.0,1676.0,48,1315.0,1019.0,860.0,823.0,754.0,762.0,711.0,676.0,372.0,42.7209985919401,48,2025-09-10,66.76905,123.39458,S2B_MSIL1C_20250910T034529_N0511_R104_T51WWQ_20250910T053143,Sentinel-2B,48,Lena,182.574103614186,62.2840669068629,0.47901591658592224,"{""type"":""MultiPoint"",""coordinates"":[]}"
20250910T070619_20250910T070934_T41WPP_0,813.0,727.0,1964.0,108,1578.5,1253.0,1137.0,1183.0,1106.0,1134.5413669064749,1070.2470472440943,1061.0,426.0,47.7528738290791,108,2025-09-10,66.63000000000001,66.6,S2B_MSIL1C_20250910T070619_N0511_R106_T41WPP_20250910T090219,Sentinel-2B,108,Ob,174.279481366414,61.4888971644009,0.2153147558371226,"{""type"":""MultiPoint"",""coordinates"":[]}"
20250910T070619_20250910T070934_T41WPQ_0,745.75,670.0,1956.25,194,1532.25,1206.3511450381677,1090.8704545454545,1121.494094488189,1050.0,1070.0,1001.0,997.0,414.35714285714283,31.7303946812444,194,2025-09-10,66.63000000000001,66.6,S2B_MSIL1C_20250910T070619_N0511_R106_T41WPQ_20250910T090219,Sentinel-2B,194,Ob,174.401361279408,62.3769313342099,0.236278001318255,"{""type"":""MultiPoint"",""coordinates"":[]}"
20250910T221529_20250910T221608_T03VXJ_4,104.0,75.0,1608.0,342,1374.0,1234.5340952380952,1230.7534952170713,1218.4284514141698,1120.625,1138.6002614379083,988.5562130177514,1010.4,208.00000000000003,1.2607721938547,342,2025-09-10,61.93,-162.88,S2B_MSIL1C_20250910T221529_N0511_R115_T03VXJ_20250911T000229,Sentinel-2B,342,Yukon,172.169822345931,57.3598407541551,0.8430406361410063,"{""type"":""MultiPoint"",""coordinates"":[]}"
20250912T010649_20250912T010646_T57WWS_3,99.0,70.00000000000001,1555.0,351,1248.0000000000002,1007.0,735.0,610.0,407.00000000000006,378.0,283.0,314.99999999999994,136.99999999999997,17.5300854735743,351,2025-09-12,68.75,161.3,S2B_MSIL1C_20250912T010649_N0511_R131_T57WWS_20250912T022340,Sentinel-2B,351,Kolyma,178.01664586288,64.7868225726927,0.8191271395850156,"{""type"":""MultiPoint"",""coordinates"":[]}"
20250913T012711_20250913T012726_T57WWS_3,58.00000000000001,33.0,1423.0,351,1155.0,921.0,650.0,499.00000000000006,317.99999999999994,280.0,201.00000000000003,235.0,90.00000000000003,3.45286511989011,351,2025-09-13,68.75,161.3,S2C_MSIL1C_20250913T012711_N0511_R074_T57WWS_20250913T042411,Sentinel-2C,351,Kolyma,183.672174063188,65.2015342184344,0.8821680379578791,"{""type"":""MultiPoint"",""coordinates"":[]}"
20250913T062641_20250913T062829_T44WPC_1,116.0,83.00000000000003,1452.0000000000002,346,1086.0,685.9999999999999,442.0,387.00000000000006,336.00000000000006,307.0,256.0,264.0,128.99999999999997,31.5475230672758,346,2025-09-13,69.37340000000002,86.12130000000002,S2C_MSIL1C_20250913T062641_N0511_R077_T44WPC_20250913T095332,Sentinel-2C,346,Yenisey,183.794474346043,66.1392466695487,0.7116759129315067,"{""type"":""MultiPoint"",""coordinates"":[]}"
20250913T062641_20250913T062829_T45WVS_1,116.00000000000001,83.00000000000001,1452.000000000001,353,1086.0000000000002,686.9999999999999,442.00000000000006,386.0,337.0,307.0000000000001,256.0,263.99999999999994,128.99999999999994,17.8296719183662,353,2025-09-13,69.37340000000002,86.12130000000002,S2C_MSIL1C_20250913T062641_N0511_R077_T45WVS_20250913T095332,Sentinel-2C,353,Yenisey,184.813108585606,65.3113072343425,0.7112785097570514,"{""type"":""MultiPoint"",""coordinates"":[]}"
20250913T062641_20250913T062829_T45WVT_1,116.00000000000001,83.0,1451.0,353,1086.0000000000002,686.9999999999999,442.00000000000006,385.99999999999994,337.0,308.00000000000006,256.0,263.99999999999994,129.0,37.8581922422288,353,2025-09-13,69.37340000000002,86.12130000000002,S2C_MSIL1C_20250913T062641_N0511_R077_T45WVT_20250913T095332,Sentinel-2C,353,Yenisey,184.667059242978,66.2014334702019,0.7112785097570514,"{""type"":""MultiPoint"",""coordinates"":[]}"
20250913T222529_20250913T222735_T03VXJ_4,38.0,18.999999999999996,1500.9999999999993,342,1256.0,1139.0,1135.0,1107.0000000000002,942.0000000000001,940.0,744.0000000000001,807.9999999999998,142.00000000000003,1.2404968795724,342,2025-09-13,61.93,-162.88,S2B_MSIL1C_20250913T222529_N0511_R015_T03VXJ_20250914T001645,Sentinel-2B,342,Yukon,175.483515247336,58.3661669075106,0.9352456529935201,"{""type"":""MultiPoint"",""coordinates"":[]}"
20250915T221541_20250915T221716_T03VXJ_4,69.00000000000001,40.0,1495.0,342,1299.0000000000002,1142.342778541953,1150.4183471727956,1106.4468977699273,908.3558289833458,892.4004291008386,682.577525888609,758.4805687203792,143.99999999999997,0.103287646689958,342,2025-09-15,61.93,-162.88,S2C_MSIL1C_20250915T221541_N0511_R115_T03VXJ_20250916T014416,Sentinel-2C,342,Yukon,172.899455930548,59.2400999386137,0.8860907642703556,"{""type"":""MultiPoint"",""coordinates"":[]}"
20250920T011711_20250920T011705_T57WWS_3,61.0,32.0,1531.0,351,1212.0,901.0,594.0,464.0,327.0,285.0,220.00000000000003,237.99999999999997,93.0,5.23748096389859,351,2025-09-20,68.75,161.3,S2C_MSIL1C_20250920T011711_N0511_R031_T57WWS_20250920T023026,Sentinel-2C,351,Kolyma,181.585574675742,67.8692405148235,0.8717692293737769,"{""type"":""MultiPoint"",""coordinates"":[]}"
20250920T061641_20250920T061643_T44WPC_1,138.0,93.0,1627.0,44,1230.0,771.0,504.0,441.0,387.0,343.0,296.0,302.0,154.0,16.8804084923408,44,2025-09-20,69.37340000000002,86.12130000000002,S2C_MSIL1C_20250920T061641_N0511_R034_T44WPC_20250920T081012,Sentinel-2C,44,Yenisey,181.721299688262,68.8078712493558,0.6970362067222595,"{""type"":""MultiPoint"",""coordinates"":[]}"
20250920T061641_20250920T061643_T45WVS_1,143.0,105.0,1628.0,15,1230.0,772.0,507.0,449.0,395.0,341.0,295.0,305.0,153.0,31.6677117859596,15,2025-09-20,69.37340000000002,86.12130000000002,S2C_MSIL1C_20250920T061641_N0511_R034_T45WVS_20250920T081012,Sentinel-2C,15,Yenisey,182.708880884451,67.9665781561012,0.6880530714988708,"{""type"":""MultiPoint"",""coordinates"":[]}"
20250922T060629_20250922T060629_T44WPC_1,30.0,17.0,1515.9999999999995,346,1067.0,649.9999999999999,393.0,340.99999999999994,276.00000000000006,244.0,178.0,203.99999999999994,101.0,1.17256483681726,346,2025-09-22,69.37340000000002,86.12130000000002,S2B_MSIL1C_20250922T060629_N0511_R134_T44WPC_20250922T075145,Sentinel-2B,346,Yenisey,179.173980477138,69.5765267254858,0.9104791482289633,"{""type"":""MultiPoint"",""coordinates"":[]}"
20250922T060629_20250922T060629_T45WVS_1,30.000000000000004,17.000000000000007,1514.9999999999998,353,1067.0,649.9999999999999,392.00000000000006,341.0,277.0,244.0,178.0,204.00000000000003,102.0,1.04961339070877,353,2025-09-22,69.37340000000002,86.12130000000002,S2B_MSIL1C_20250922T060629_N0511_R134_T45WVS_20250922T075145,Sentinel-2B,353,Yenisey,180.143644894613,68.7203487024685,0.9118682026863099,"{""type"":""MultiPoint"",""coordinates"":[]}"
20250922T060629_20250922T060629_T45WVT_1,30.000000000000004,17.000000000000007,1515.0000000000002,353,1067.0,649.9999999999999,391.99999999999994,341.0,277.0,244.0,178.00000000000006,204.00000000000003,102.0,3.39752490370518,353,2025-09-22,69.37340000000002,86.12130000000002,S2B_MSIL1C_20250922T060629_N0511_R134_T45WVT_20250922T075145,Sentinel-2B,353,Yenisey,180.03048125905,69.6164779601175,0.9118682026863099,"{""type"":""MultiPoint"",""coordinates"":[]}"
20250923T012711_20250923T012709_T57WWS_3,60.99999999999999,38.0,1542.0,351,1248.0,949.0000000000002,655.0,508.0,331.99999999999994,290.0,218.0,241.99999999999997,98.0,29.2689838454418,351,2025-09-23,68.75,161.3,S2C_MSIL1C_20250923T012711_N0511_R074_T57WWS_20250923T032035,Sentinel-2C,351,Kolyma,184.529799287725,69.0917612291395,0.8793572898828674,"{""type"":""MultiPoint"",""coordinates"":[]}"
20250923T062641_20250923T062641_T44WPC_1,74.0,48.99999999999999,1424.0000000000002,346,1063.9999999999995,641.0,399.0,342.0,294.00000000000006,256.0,206.00000000000006,221.99999999999997,126.00000000000003,14.1166950341903,346,2025-09-23,69.37340000000002,86.12130000000002,S2C_MSIL1C_20250923T062641_N0511_R077_T44WPC_20250923T082658,Sentinel-2C,346,Yenisey,184.647621005869,70.030649721472,0.7922896039081831,"{""type"":""MultiPoint"",""coordinates"":[]}"
20250923T062641_20250923T062641_T45WVS_1,75.0,48.99999999999999,1423.9999999999998,353,1064.0,641.0,398.99999999999994,341.0,294.00000000000006,256.0,206.0,222.0,126.00000000000003,0.0,353,2025-09-23,69.37340000000002,86.12130000000002,S2C_MSIL1C_20250923T062641_N0511_R077_T45WVS_20250923T082658,Sentinel-2C,353,Yenisey,185.640355636654,69.2084070375375,0.7913347071770467,"{""type"":""MultiPoint"",""coordinates"":[]}"
20250923T062641_20250923T062641_T45WVT_1,75.0,48.99999999999999,1423.9999999999998,353,1064.0,641.0,398.99999999999994,341.0,294.00000000000006,256.0,207.0,222.0,127.0,9.14586879273791,353,2025-09-23,69.37340000000002,86.12130000000002,S2C_MSIL1C_20250923T062641_N0511_R077_T45WVT_20250923T082658,Sentinel-2C,353,Yenisey,185.498305935714,70.0968423050243,0.7913347071770467,"{""type"":""MultiPoint"",""coordinates"":[]}"
20250925T011649_20250925T011652_T57WWS_3,29.999999999999982,17.0,1718.9999999999998,351,1331.9999999999998,998.0,736.9999999999999,621.0,399.99999999999994,358.0,247.0,291.0,107.00000000000003,48.0285168264206,351,2025-09-25,68.75,161.3,S2B_MSIL1C_20250925T011649_N0511_R031_T57WWS_20250925T022614,Sentinel-2B,351,Kolyma,181.972056045107,69.8193564125718,0.9412425874963705,"{""type"":""MultiPoint"",""coordinates"":[]}"
20250925T221541_20250925T221634_T03VXJ_4,85.0,55.99999999999999,1678.0,108,1491.0,1300.0,1335.0,1256.0,987.0,956.5,703.0,824.0,154.0,1.74233330347278,108,2025-09-25,61.93,-162.88,S2C_MSIL1C_20250925T221541_N0511_R115_T03VXJ_20250925T234827,Sentinel-2C,108,Yukon,174.149917108337,63.0709906372754,0.8752627968788147,"{""type"":""MultiPoint"",""coordinates"":[]}"
20250928T012659_20250928T012654_T57WWS_3,56.00000000000001,34.00000000000001,1716.9999999999998,351,1361.0,1042.9999999999998,728.0000000000001,577.0,391.0,361.99999999999994,263.99999999999994,288.0,103.00000000000001,30.6338797814208,351,2025-09-28,68.75,161.3,S2B_MSIL1C_20250928T012659_N0511_R074_T57WWS_20250928T031117,Sentinel-2B,351,Kolyma,184.862857776788,71.0489936473621,0.8978101547306077,"{""type"":""MultiPoint"",""coordinates"":[]}"
20250928T222551_20250928T222546_T03VXJ_4,87.00000000000001,49.0,1501.0,342,1262.9999999999998,1072.9999999999998,1072.0000000000002,1014.0,777.0,753.9999999999999,558.0,630.0000000000001,143.99999999999997,48.8986831496909,342,2025-09-28,61.93,-162.88,S2C_MSIL1C_20250928T222551_N0511_R015_T03VXJ_20250928T224133,Sentinel-2C,342,Yukon,177.260581058334,64.1431163993935,0.8506949543952942,"{""type"":""MultiPoint"",""coordinates"":[]}"
20251003T012711_20251003T012710_T57WWS_3,104.00000000000001,67.0,1742.0,351,1413.9999999999998,1031.0,746.0,602.0,424.00000000000006,376.0,298.0,328.00000000000006,147.99999999999997,43.9338290184837,351,2025-10-03,68.75,161.3,S2C_MSIL1C_20251003T012711_N0511_R074_T57WWS_20251003T024104,Sentinel-2C,351,Kolyma,185.290843778687,73.002211554213,0.8172627544369211,"{""type"":""MultiPoint"",""coordinates"":[]}"
20251008T062649_20251008T062648_T44WPC_1,39.99999999999999,17.000000000000004,1964.9999999999993,335,1453.0000000000002,910.9999999999999,597.0,527.0000000000002,439.99999999999994,404.0,297.00000000000006,336.00000000000006,147.99999999999997,31.6837170414166,335,2025-10-08,69.37340000000002,86.12130000000002,S2B_MSIL1C_20251008T062649_N0511_R077_T44WPC_20251008T081233,Sentinel-2B,335,Yenisey,185.650000122011,75.866697711838,0.9153057627117658,"{""type"":""MultiPoint"",""coordinates"":[]}"
20251008T062649_20251008T062648_T45WVS_1,40.0,16.0,1966.0,184,1453.0,910.9999999999999,597.9999999999999,528.0000000000001,456.99999999999994,403.99999999999994,297.0,336.0,147.0,10.7354466743806,184,2025-10-08,69.37340000000002,86.12130000000002,S2B_MSIL1C_20251008T062649_N0511_R077_T45WVS_20251008T081233,Sentinel-2B,184,Yenisey,186.602181771461,75.0513382947172,0.9167746472499363,"{""type"":""MultiPoint"",""coordinates"":[]}"
20251008T062649_20251008T062648_T45WVT_1,40.0,16.999999999999996,1967.0000000000005,194,1453.0,910.9999999999999,598.0,527.9999999999999,457.00000000000006,404.0000000000001,296.99999999999994,336.0,147.0,34.4485353399624,194,2025-10-08,69.37340000000002,86.12130000000002,S2B_MSIL1C_20251008T062649_N0511_R077_T45WVT_20251008T081233,Sentinel-2B,194,Yenisey,186.470043647094,75.9375675701293,0.9163141685147439,"{""type"":""MultiPoint"",""coordinates"":[]}"
20251010T011711_20251010T011705_T57WWS_3,49.99999999999999,28.0,2079.0,351,1666.0,1153.0,812.0,637.0,455.99999999999994,395.00000000000006,291.0,332.0,135.0,8.29863537280898,351,2025-10-10,68.75,161.3,S2C_MSIL1C_20251010T011711_N0511_R031_T57WWS_20251010T030918,Sentinel-2C,351,Kolyma,183.160904050155,75.6241825201826,0.9165376668323331,"{""type"":""MultiPoint"",""coordinates"":[]}"
20251010T061811_20251010T061807_T44WPC_1,53.0,25.0,2001.0,335,1516.9999999999998,928.0000000000001,601.9999999999998,523.9999999999999,466.99999999999994,399.0,321.0,334.99999999999994,158.99999999999994,0.0,335,2025-10-10,69.37340000000002,86.12130000000002,S2C_MSIL1C_20251010T061811_N0511_R034_T44WPC_20251010T081545,Sentinel-2C,335,Yenisey,183.281166683387,76.5608419970319,0.8918949386843988,"{""type"":""MultiPoint"",""coordinates"":[]}"
20251010T061811_20251010T061807_T45WVS_1,53.0,24.999999999999996,2010.9999999999998,221,1519.0,927.9999999999999,603.0,523.9999999999999,465.99999999999994,405.0,320.0,348.0,161.0,0.0682612201021231,221,2025-10-10,69.37340000000002,86.12130000000002,S2C_MSIL1C_20251010T061811_N0511_R034_T45WVS_20251010T081545,Sentinel-2C,221,Yenisey,184.22157120052,75.7293040127745,0.8923493226369222,"{""type"":""MultiPoint"",""coordinates"":[]}"
20251010T061811_20251010T061807_T45WVT_1,53.0,25.000000000000004,2009.0,152,1522.0,928.0000000000001,613.0,534.0,466.00000000000006,414.00000000000006,331.00000000000006,349.0,156.0,0.0,152,2025-10-10,69.37340000000002,86.12130000000002,S2C_MSIL1C_20251010T061811_N0511_R034_T45WVT_20251010T081545,Sentinel-2C,152,Yenisey,184.099053386445,76.6204646460502,0.8919082784508541,"{""type"":""MultiPoint"",""coordinates"":[]}"
20251011T072841_20251011T072842_T41WPP_0,53.99999999999999,30.999999999999993,1956.418428470754,350,1485.0,943.0,696.4,632.5,468.55994729907775,409.82952390458127,302.41721686135094,341.28258830884647,144.37301876480234,3.18471736988265,350,2025-10-11,66.63000000000001,66.6,S2C_MSIL1C_20251011T072841_N0511_R049_T41WPP_20251011T074353,Sentinel-2C,350,Ob,182.656833250939,73.3691188441868,0.8938141266504923,"{""type"":""MultiPoint"",""coordinates"":[]}"
20251011T072841_20251011T072842_T41WPQ_0,53.99999999999999,30.999999999999993,1956.586216037111,350,1485.0,943.0,696.6,632.3333333333334,468.09149623250806,409.6623687908091,302.3244274809161,345.84884736290604,144.40256320224717,26.1006599181821,350,2025-10-11,66.63000000000001,66.6,S2C_MSIL1C_20251011T072841_N0511_R049_T41WPQ_20251011T074353,Sentinel-2C,350,Ob,182.714890180069,74.264385916275,0.8938448429107666,"{""type"":""MultiPoint"",""coordinates"":[]}"
20251011T205411_20251011T205413_T08WNV_5,166.5,129.0,2021.9999999999998,171,1707.0,1316.0,1079.0,917.0,613.0,562.8361858190709,416.3333333333333,480.38543247344467,169.0,7.67393804910469,171,2025-10-11,67.45,-133.74,S2C_MSIL1C_20251011T205411_N0511_R057_T08WNV_20251011T210928,Sentinel-2C,171,Mackenzie,183.861228580599,74.5344177528344,0.7721723505161628,"{""type"":""MultiPoint"",""coordinates"":[]}"
20251012T010649_20251012T010722_T57WWS_3,31.0,13.0,2168.0,351,1674.9999999999998,1151.9999999999998,784.0,640.9999999999998,457.0,411.99999999999994,283.00000000000006,331.99999999999994,120.0,33.2770552002576,351,2025-10-12,68.75,161.3,S2B_MSIL1C_20251012T010649_N0511_R131_T57WWS_20251012T025137,Sentinel-2B,351,Kolyma,180.670188626555,76.3458617484801,0.9470266857473066,"{""type"":""MultiPoint"",""coordinates"":[]}"
20251012T060709_20251012T060708_T44WPC_1,30.0,15.0,2108.0,116,1536.0000000000002,924.0,590.0,500.0,400.0000000000001,370.0,265.00000000000006,309.0,126.0,5.24332118910964,116,2025-10-12,69.37340000000002,86.12130000000002,S2B_MSIL1C_20251012T060709_N0511_R134_T44WPC_20251012T075427,Sentinel-2B,116,Yenisey,180.799271345347,77.2811603557542,0.9363957643508911,"{""type"":""MultiPoint"",""coordinates"":[]}"
20251012T060709_20251012T060708_T45WVS_1,33.0,13.0,2105.0,18,1542.0,930.0,594.0,499.0,414.0,368.0,274.0,311.0,123.0,0.159910175572713,18,2025-10-12,69.37340000000002,86.12130000000002,S2B_MSIL1C_20251012T060709_N0511_R134_T45WVS_20251012T075427,Sentinel-2B,18,Yenisey,181.728067830118,76.434149002436,0.9304531216621399,"{""type"":""MultiPoint"",""coordinates"":[]}"
20251012T060709_20251012T060708_T45WVT_1,29.0,11.0,2107.0,25,1536.0,931.0,594.0,502.0,413.0,370.0,275.0,311.0,127.0,3.6011834952004,25,2025-10-12,69.37340000000002,86.12130000000002,S2B_MSIL1C_20251012T060709_N0511_R134_T45WVT_20251012T075427,Sentinel-2B,25,Yenisey,181.614773052308,77.3288701774929,0.9395833611488342,"{""type"":""MultiPoint"",""coordinates"":[]}"
20251013T062831_20251013T062831_T44WPC_1,171.00000000000003,130.0,2110.0,346,1639.0,1023.0,738.0,657.0,594.9999999999999,558.0,478.00000000000006,474.0,287.0,11.8801397473797,346,2025-10-13,69.37340000000002,86.12130000000002,S2C_MSIL1C_20251013T062831_N0511_R077_T44WPC_20251013T081823,Sentinel-2C,346,Yenisey,185.971813011382,77.7646000145347,0.7141087258049331,"{""type"":""MultiPoint"",""coordinates"":[]}"
20251013T062831_20251013T062831_T45WVT_1,171.0,130.0,2107.9999999999995,353,1639.0,1024.0,738.0000000000001,657.9999999999999,595.0,558.0,478.00000000000006,473.99999999999994,287.0,23.5982262832572,353,2025-10-13,69.37340000000002,86.12130000000002,S2C_MSIL1C_20251013T062831_N0511_R077_T45WVT_20251013T081823,Sentinel-2C,353,Yenisey,186.782290920974,77.8369673211984,0.7146554613492514,"{""type"":""MultiPoint"",""coordinates"":[]}"
20251015T061729_20251015T061732_T44WPC_1,48.0,23.0,2144.0000000000005,346,1581.0,991.0,656.0,573.0,483.0,459.0,312.0,358.00000000000006,157.0,49.6780136761325,346,2025-10-15,69.37340000000002,86.12130000000002,S2B_MSIL1C_20251015T061729_N0511_R034_T44WPC_20251015T080246,Sentinel-2B,346,Yenisey,183.493236809787,78.4348665742933,0.9074794758359591,"{""type"":""MultiPoint"",""coordinates"":[]}"
20251015T061729_20251015T061732_T45WVS_1,48.0,22.999999999999996,2143.0,353,1581.0000000000002,990.0,656.0,573.0,483.00000000000006,459.00000000000006,312.0,358.0,158.0,35.8262414524172,353,2025-10-15,69.37340000000002,86.12130000000002,S2B_MSIL1C_20251015T061729_N0511_R034_T45WVS_20251015T080246,Sentinel-2B,353,Yenisey,184.421366633622,77.604681536378,0.9073822667415872,"{""type"":""MultiPoint"",""coordinates"":[]}"
20251015T061729_20251015T061732_T45WVT_1,48.0,22.999999999999996,2144.0,353,1580.9999999999998,990.0,656.0,573.0000000000001,483.99999999999983,459.00000000000006,311.0,358.0,157.99999999999997,40.145480605572,353,2025-10-15,69.37340000000002,86.12130000000002,S2B_MSIL1C_20251015T061729_N0511_R034_T45WVT_20251015T080246,Sentinel-2B,353,Yenisey,184.301698317212,78.4954803241556,0.9074176273522001,"{""type"":""MultiPoint"",""coordinates"":[]}"
20251015T203441_20251015T203438_T08WNV_5,67.0,40.0,1923.0,237,1558.0,1094.0,816.0,668.0,465.0,406.0,297.99999999999994,336.00000000000006,139.00000000000003,0.0,237,2025-10-15,67.45,-133.74,S2C_MSIL1C_20251015T203441_N0511_R114_T08WNV_20251015T204926,Sentinel-2C,237,Mackenzie,178.9727333324,75.9714396834566,0.8856781071430511,"{""type"":""MultiPoint"",""coordinates"":[]}"
20251018T222541_20251018T222544_T03VXJ_4,69.99999999999999,40.0,1583.0,342,1252.0,912.0,854.0,805.0,614.0,577.0,424.0,488.0,130.00000000000003,14.0364597330467,342,2025-10-18,61.93,-162.88,S2C_MSIL1C_20251018T222541_N0511_R015_T03VXJ_20251019T030353,Sentinel-2C,342,Yukon,178.823378802516,71.6857186684567,0.855733316387113,"{""type"":""MultiPoint"",""coordinates"":[]}"
20251028T204611_20251028T204607_T08WNV_5,486.0,391.0,2927.0,113,2469.0,1689.0,1511.0,1385.5,1185.0,1133.0,999.0,1021.5,350.0,0.860282480814596,113,2025-10-28,67.45,-133.74,S2C_MSIL1C_20251028T204611_N0511_R014_T08WNV_20251028T205911,Sentinel-2C,113,Mackenzie,181.939621711657,80.5525388039124,0.5577439665794373,"{""type"":""MultiPoint"",""coordinates"":[]}"
