fid,label2024,first_year,latitude,longitude,area_km2,site_no
"1",7_00000000000000000000,"2024",74.4411418429646,97.0991685886827,0.0105982319737345,est2_005
"2",7_00000000000000000001,"2024",74.4384468948114,97.1196502820457,0.0125271591211997,est2_005
"3",7_0000000000000000001b,"2021",76.0493887123387,98.553283965093,0.160183318735209,est2_005
"4",7_0000000000000000001d,"2021",76.0534182343439,98.5791949397144,0.15236858189857,est2_005
"5",7_0000000000000000001e,"2021",76.0523392888181,98.5814767068921,0.15236858189857,est2_005
"6",7_00000000000000000020,"2021",76.0554226934921,98.5978757165859,0.0761711342041107,est2_005
"7",7_00000000000000000021,"2023",76.0346375821812,98.6116555076714,0.0182040155785702,est2_005
"8",7_00000000000000000022,"2023",76.0585327833878,98.6255346100384,0.0225001913908186,est2_005
"9",7_00000000000000000023,"2023",76.0585327833878,98.6255346100384,0.0225001913908186,est2_005
"10",7_00000000000000000024,"2022",76.0579203310036,98.6781653004984,0.0121163284762102,est2_005
"11",7_00000000000000000025,"2022",76.0603286742192,98.6765995938172,0.0147101916186553,est2_005
"12",7_00000000000000000029,"2022",76.0653909627795,98.7015853009465,0.102069645442937,est2_005
"13",7_0000000000000000002a,"2021",76.0656004272867,98.7049385493278,0.102069645442937,est2_005
"14",7_0000000000000000002b,"2022",76.0578489542614,98.7176093675242,0.0233667735751424,est2_005
"15",7_0000000000000000002c,"2023",76.0639160492683,98.7276688179619,0.0354685791375303,est2_005
"16",7_0000000000000000002d,"2021",76.0639894406556,98.7288102086921,0.0354685791375303,est2_005
"17",7_0000000000000000002e,"2022",76.0405360072703,98.7443544806247,0.0493908697330945,est2_005
"18",7_0000000000000000002f,"2022",76.062744018119,98.7458129585729,0.0346075218934578,est2_005
"19",7_00000000000000000030,"2022",76.062744018119,98.7458129585729,0.0346075218934578,est2_005
"20",7_00000000000000000031,"2023",76.0402045735355,98.7460089552957,0.0493908697330945,est2_005
"21",7_00000000000000000032,"2021",76.0408637972478,98.7555410365847,0.0181965236381717,est2_005
"22",7_00000000000000000033,"2022",76.0491942492461,98.7578581713758,0.0493600526368521,est2_005
"23",7_00000000000000000034,"2022",76.0529955378003,98.7618693546782,0.0484833185053252,est2_005
"24",7_00000000000000000035,"2021",76.0587710801178,98.7946785084889,0.0510576696255029,est2_005
"25",7_00000000000000000036,"2021",76.0693835223767,98.8214137518281,0.0276723825267985,est2_005
"26",7_00000000000000000037,"2022",76.0324985825444,98.8302520892375,0.0208088190905818,est2_005
"27",7_00000000000000000038,"2021",76.0606131959027,98.8527819667348,0.0787419419793618,est2_005
"28",7_00000000000000000039,"2021",76.0582917888832,98.8507618507906,0.0406745244440018,est2_005
"29",7_0000000000000000003a,"2022",76.043704831367,98.9429561687104,0.0259897852343461,est2_005
"30",7_0000000000000000003b,"2021",76.0670773102328,98.9597929570511,0.124548356938873,est2_005
"31",7_0000000000000000003c,"2023",75.966481188201,99.0043605406176,0.0104528838747418,est2_005
"32",7_0000000000000000003e,"2023",75.9044974190609,98.6813713410948,0.0122466009143059,est2_005
"33",7_0000000000000000003f,"2024",75.9063453801023,98.6921895214383,0.0183679320512657,est2_005
"34",7_00000000000000000040,"2016",75.6610862405014,98.1437942302623,0.0880691562109114,est2_005
"35",7_00000000000000000041,"2023",75.6439346585276,98.3633676414617,0.0124686812396324,est2_005
"36",7_00000000000000000042,"2024",75.6149703863295,98.42014114714,0.0160629611959365,est2_005
"37",7_00000000000000000043,"2022",75.6815409319135,98.4770894756601,0.0399738648580163,est2_005
"38",7_00000000000000000044,"2018",75.6141513361831,98.5267697606979,0.0249871406119536,est2_005
"39",7_00000000000000000045,"2023",75.6040509407156,98.5753463387094,0.0357179260260263,est2_005
"40",7_00000000000000000046,"2023",75.6433627003251,98.6001354462692,0.0178144620729012,est2_005
"41",7_00000000000000000047,"2024",75.6544320887865,98.6032306540372,0.0186896633316046,est2_005
"42",7_00000000000000000048,"2024",75.609670330014,98.6094161537606,0.00981984962115202,est2_005
"43",7_00000000000000000049,"2024",75.6066048265346,98.617063107097,0.00982095760737057,est2_005
"44",7_0000000000000000004a,"2024",75.6066048265346,98.617063107097,0.00982095760737057,est2_005
"45",7_0000000000000000004b,"2024",75.6251540195533,98.6179420784069,0.00980939799014925,est2_005
"46",7_0000000000000000004c,"2019",75.6221831269656,98.6302321408205,0.178389981104395,est2_005
"47",7_0000000000000000004d,"2024",75.6072448792941,98.629006435831,0.0232140614606378,est2_005
"48",7_0000000000000000004e,"2023",75.6170236879373,98.625508920822,0.0187373931248351,est2_005
"49",7_0000000000000000004f,"2024",75.6068406317212,98.6317290204629,0.0446433802846556,est2_005
"50",7_00000000000000000050,"2023",75.624875478419,98.6361954396447,0.0169446801261467,est2_005
"51",7_00000000000000000051,"2016",75.6736204141159,98.6394742172303,0.138653443743035,est2_005
"52",7_00000000000000000052,"2023",75.6027370360089,98.6378592617635,0.0384044603605995,est2_005
"53",7_00000000000000000053,"2021",75.6061686910871,98.6362797465173,0.0330368463179202,est2_005
"54",7_00000000000000000054,"2021",75.6013055346099,98.6450152188237,0.0491276194215578,est2_005
"55",7_00000000000000000055,"2024",75.6126347822147,98.6503793364376,0.0107093997234613,est2_005
"56",7_00000000000000000056,"2023",75.6202499232395,98.6496017012836,0.018732713912681,est2_005
"57",7_00000000000000000057,"2023",75.6146041485524,98.6551058543905,0.0116012924377815,est2_005
"58",7_00000000000000000058,"2024",75.6505091233119,98.6546083939579,0.0115724483776625,est2_005
"59",7_00000000000000000059,"2022",75.642968091809,98.6640991249952,0.0231571054305524,est2_005
"60",7_0000000000000000005a,"2023",75.6488190542188,98.6615901640672,0.0169164178947875,est2_005
"61",7_0000000000000000005b,"2018",75.5917538733662,98.6663653893295,0.0983126033537052,est2_005
"62",7_0000000000000000005c,"2018",75.6222484188932,98.6669482478622,0.231907224102236,est2_005
"63",7_0000000000000000005d,"2022",75.642968091809,98.6640991249952,0.0231571054305524,est2_005
"64",7_0000000000000000005e,"2023",75.5999209459652,98.6700887429082,0.0151855301623725,est2_005
"65",7_0000000000000000005f,"2020",75.5923870502514,98.6732737919738,0.117081510209757,est2_005
"66",7_00000000000000000060,"2022",75.5756650219912,98.6779318924936,0.120793970922423,est2_005
"67",7_00000000000000000061,"2021",75.6440204215801,98.6767419210714,0.0694692785603202,est2_005
"68",7_00000000000000000062,"2022",75.6461751458451,98.6817257230944,0.101515453706137,est2_005
"69",7_00000000000000000063,"2021",75.6055732273879,98.671908877408,0.210731942360747,est2_005
"70",7_00000000000000000064,"2021",75.6301277992787,98.672245972441,0.0686410829734954,est2_005
"71",7_00000000000000000065,"2024",75.640211893716,98.6825559727626,0.0418700623209111,est2_005
"72",7_00000000000000000066,"2021",75.5755175119283,98.6793911855531,0.120793970922423,est2_005
"73",7_00000000000000000067,"2022",75.6508308066707,98.6797045089883,0.0640932925926683,est2_005
"74",7_00000000000000000068,"2022",75.5926077952423,98.6768023627796,0.0607735069266483,est2_005
"75",7_00000000000000000069,"2023",75.6458996644601,98.682463549911,0.101515453706137,est2_005
"76",7_0000000000000000006a,"2024",75.640211893716,98.6825559727626,0.0418700623209111,est2_005
"77",7_0000000000000000006b,"2022",75.6501728012697,98.704762307733,0.0373919592679445,est2_005
"78",7_0000000000000000006c,"2024",75.6565624336814,98.700505404906,0.0151283548387868,est2_005
"79",7_0000000000000000006d,"2023",75.6534792299515,98.7112018035353,0.0320420335836497,est2_005
"80",7_0000000000000000006e,"2024",75.634071826575,98.7132452041528,0.00980278958441704,est2_005
"81",7_0000000000000000006f,"2021",75.6268877061595,98.7245127816093,0.0748970413798471,est2_005
"82",7_00000000000000000070,"2024",75.6357867992329,98.7163320937383,0.00980242959866601,est2_005
"83",7_00000000000000000071,"2023",75.5657200129262,98.7156483088815,0.0241738353893226,est2_005
"84",7_00000000000000000072,"2022",75.6493583637742,98.7129963037234,0.0774578895142442,est2_005
"85",7_00000000000000000073,"2023",75.6347088345685,98.7218689705893,0.0098028519451584,est2_005
"86",7_00000000000000000074,"2022",75.6150403131652,98.7256777508688,0.0232017666594337,est2_005
"87",7_00000000000000000075,"2024",75.6424506472083,98.7315217661854,0.00979825230639447,est2_005
"88",7_00000000000000000076,"2022",75.6450578118953,98.7359900498235,0.0694602745871867,est2_005
"89",7_00000000000000000077,"2021",75.6450419944316,98.7379985170975,0.0623360401116557,est2_005
"90",7_00000000000000000078,"2022",75.6534413872486,98.7315416754296,0.0934541482732145,est2_005
"91",7_00000000000000000079,"2023",75.6249930386184,98.7472819216764,0.0124847137294109,est2_005
"92",7_0000000000000000007a,"2021",75.64490699879,98.7362499147991,0.0712414987599753,est2_005
"93",7_0000000000000000007b,"2023",75.6500373584557,98.7524680898955,0.0249274457015125,est2_005
"94",7_0000000000000000007c,"2021",75.6386182876803,98.7533241625662,0.226285207056854,est2_005
"95",7_0000000000000000007d,"2023",75.634236425603,98.7422139441704,0.0926852338752249,est2_005
"96",7_0000000000000000007e,"2023",75.6543055973976,98.7486128774149,0.0391601141816524,est2_005
"97",7_0000000000000000007f,"2023",75.6489675490371,98.7598759003444,0.0195867267859077,est2_005
"98",7_00000000000000000080,"2023",75.6489675490371,98.7598759003444,0.0195867267859077,est2_005
"99",7_00000000000000000081,"2022",75.6322780112855,98.7498774934288,0.100730514901629,est2_005
"100",7_00000000000000000082,"2023",75.6511152679309,98.7657462767622,0.0409469478003248,est2_005
"101",7_00000000000000000083,"2023",75.6511152679309,98.7657462767622,0.0409469478003248,est2_005
"102",7_00000000000000000084,"2024",75.6377650958801,98.7699676509173,0.0142555998016486,est2_005
"103",7_00000000000000000085,"2022",75.6567860187422,98.7693514399889,0.0195766742049011,est2_005
"104",7_00000000000000000086,"2023",75.6540175677722,98.7804792178812,0.0400502670861447,est2_005
"105",7_00000000000000000087,"2023",76.0863164298538,99.4835668383026,0.0198664316758232,est2_005
"106",7_00000000000000000088,"2023",76.0863164298538,99.4835668383026,0.0198664316758232,est2_005
"107",7_00000000000000000089,"2023",76.1059107084365,99.4870188977705,0.0146626986516357,est2_005
"108",7_0000000000000000008f,"2023",75.9727120674454,99.026920070273,0.0208958019875806,est2_005
"109",7_00000000000000000090,"2022",75.972164611856,99.1766385218236,0.0200253219553458,est2_005
"110",7_00000000000000000091,"2023",75.9433777244148,99.1734411341991,0.0383853311475686,est2_005
"111",7_00000000000000000092,"2023",75.972852059911,99.1923628932358,0.0391781490761933,est2_005
"112",7_00000000000000000093,"2024",75.9768689135212,99.200589379373,0.00957412406711798,est2_005
"113",7_00000000000000000094,"2024",75.9294868991888,99.2284697871724,0.00960604374894672,est2_005
"114",7_00000000000000000095,"2021",75.9216841500676,99.23740086719,0.267347430708438,est2_005
"115",7_00000000000000000096,"2022",75.92595472827,99.2328233657427,0.254236467824149,est2_005
"116",7_00000000000000000097,"2022",75.9195677362542,99.2402667746066,0.231540009384788,est2_005
"117",7_00000000000000000098,"2023",75.9189011981276,99.2506923232848,0.0436958313873024,est2_005
"118",7_00000000000000000099,"2023",75.9186060532275,99.2514322501851,0.0436958313873024,est2_005
"119",7_0000000000000000009a,"2021",75.9219142587101,99.260790984379,0.221053387526185,est2_005
"120",7_0000000000000000009b,"2023",76.0601350279751,99.2574832768717,0.0173054711474768,est2_005
"121",7_0000000000000000009c,"2023",75.9254012116341,99.2691618492989,0.0165955375153399,est2_005
"122",7_0000000000000000009d,"2022",75.921215494356,99.2748160989486,0.0166012241305392,est2_005
"123",7_0000000000000000009e,"2022",75.9223341071921,99.2903676183839,0.0594097536797,est2_005
"124",7_0000000000000000009f,"2022",76.0705945044143,99.2945774229952,0.103766058833835,est2_005
"125",7_000000000000000000a0,"2023",75.9284058241815,99.303344895118,0.0165923875156424,est2_005
"126",7_000000000000000000a1,"2024",76.0727109972312,99.3036342842466,0.0095101586232709,est2_005
"127",7_000000000000000000a2,"2024",75.9308308982528,99.3103331929813,0.0183370497601539,est2_005
"128",7_000000000000000000a3,"2024",75.9201280933416,99.3122580704942,0.00961268455067543,est2_005
"129",7_000000000000000000a4,"2024",76.0732010810563,99.3138749967893,0.0181563408956747,est2_005
"130",7_000000000000000000a5,"2023",75.9091541192671,99.3232280802639,0.0148661392748983,est2_005
"131",7_000000000000000000a6,"2022",75.9015236855276,99.3375379755959,0.0542463286564891,est2_005
"132",7_000000000000000000a7,"2023",75.9027072954975,99.3510458549272,0.0332452282685333,est2_005
"133",7_000000000000000000a8,"2023",75.8967494259662,99.3574239272098,0.021005483335755,est2_005
"134",7_000000000000000000a9,"2023",75.9150798181944,99.3614662816212,0.0340925121701142,est2_005
"135",7_000000000000000000aa,"2023",75.8967117691543,99.3669379132932,0.0595172362406142,est2_005
"136",7_000000000000000000ab,"2022",75.9002274991827,99.3930174085384,0.027127419253239,est2_005
"137",7_000000000000000000ac,"2024",75.9181838949418,99.4155515515892,0.0139833549873471,est2_005
"138",7_000000000000000000ad,"2021",75.9270188148184,99.4184549068453,0.0655062482956222,est2_005
"139",7_000000000000000000ae,"2023",75.9305764909573,99.4245925964892,0.0960578623884239,est2_005
"140",7_000000000000000000af,"2024",75.9376452261711,99.4181695350637,0.0104737784725093,est2_005
"141",7_000000000000000000b0,"2024",75.9181838949418,99.4155515515892,0.0139833549873471,est2_005
"142",7_000000000000000000b1,"2023",75.9300933926875,99.4274431500142,0.0960578623884239,est2_005
"143",7_000000000000000000b2,"2024",75.9094021512217,99.4366567449434,0.0262331858507177,est2_005
"144",7_000000000000000000b3,"2024",75.9119085346865,99.4412112201516,0.0104921890673661,est2_005
"145",7_000000000000000000b4,"2024",75.9190231421839,99.478616991179,0.017477130614829,est2_005
"146",7_000000000000000000b5,"2023",75.9074955267324,99.5644714178438,0.0209906571772428,est2_005
"147",7_000000000000000000b6,"2023",75.9095369652845,99.5642490058377,0.0349796140473011,est2_005
"148",7_000000000000000000b7,"2023",75.9048477519162,99.5731154545737,0.0209946244143217,est2_005
"149",7_000000000000000000b8,"2022",75.7727661746863,99.2439300573999,0.0176549040504935,est2_005
"150",7_000000000000000000b9,"2022",75.7700881100318,99.2762845441289,0.053861434702467,est2_005
"151",7_000000000000000000ba,"2024",75.8466907979352,99.2860159407436,0.0140533712989731,est2_005
"152",7_000000000000000000bb,"2023",75.8244697683823,99.2882607957377,0.0105558845733671,est2_005
"153",7_000000000000000000bc,"2021",75.8721969563204,99.2923260931923,0.0192886969643058,est2_005
"154",7_000000000000000000bd,"2022",75.774308984351,99.2898070875412,0.0503114184857266,est2_005
"155",7_000000000000000000be,"2024",75.7751784287683,99.2919189865473,0.0503114184857266,est2_005
"156",7_000000000000000000bf,"2022",75.8376994793137,99.2955685764846,0.0254868124102228,est2_005
"157",7_000000000000000000c0,"2023",75.8215828570921,99.3139199446838,0.0105584802791556,est2_005
"158",7_000000000000000000c1,"2024",75.8554943270318,99.3488195305586,0.0105333929351082,est2_005
"159",7_000000000000000000c2,"2024",75.8153568804206,99.3484946958147,0.0114422720121453,est2_005
"160",7_000000000000000000c3,"2023",75.8583274759248,99.3581050618671,0.0377369467655751,est2_005
"161",7_000000000000000000c4,"2023",75.8583274759248,99.3581050618671,0.0377369467655751,est2_005
"162",7_000000000000000000c5,"2023",75.8669067623134,99.3734372644495,0.0175416052243666,est2_005
"163",7_000000000000000000c6,"2024",75.8729665339431,99.4866211168187,0.0105201069383703,est2_005
"164",7_000000000000000000c7,"2023",75.88379454429,99.4857501324733,0.0166442447242898,est2_005
"165",7_000000000000000000c8,"2022",75.5889295815712,98.7921134372089,0.0500615709536637,est2_005
"166",7_000000000000000000c9,"2023",75.6091734290054,98.7911155703527,0.0303528530538046,est2_005
"167",7_000000000000000000ca,"2023",75.6093554500075,98.7920248030959,0.0303528530538046,est2_005
"168",7_000000000000000000cb,"2022",75.5696946692422,98.7956594437438,0.0232739445907415,est2_005
"169",7_000000000000000000cc,"2022",75.5597985555443,98.7981790946504,0.0609107110651566,est2_005
"170",7_000000000000000000cd,"2022",75.5599908841101,98.7991726011825,0.0609107110651566,est2_005
"171",7_000000000000000000ce,"2024",75.6105213599996,98.8082181137725,0.0169601196785124,est2_005
"172",7_000000000000000000cf,"2022",75.5924710493531,98.8425152661321,0.0232367173573159,est2_005
"173",7_000000000000000000d0,"2024",75.5930001053423,98.8495359970843,0.0125123968118882,est2_005
"174",7_000000000000000000d1,"2023",75.596734593422,98.8487272874872,0.00982846862712178,est2_005
"175",7_000000000000000000d2,"2018",75.7018591083767,98.8777590825801,0.0904828697018022,est2_005
"176",7_000000000000000000d3,"2023",75.5834681119816,98.8788250293174,0.0143082083342674,est2_005
"177",7_000000000000000000d4,"2022",75.577948995956,98.8880004341193,0.0295233998866379,est2_005
"178",7_000000000000000000d5,"2021",75.6944386262977,98.9003723122067,0.00976240502458706,est2_005
"179",7_000000000000000000d6,"2023",75.5489100977035,98.9011337362892,0.060956038357386,est2_005
"180",7_000000000000000000d7,"2023",75.5933314842527,98.9342455608312,0.0178735337349495,est2_005
"181",7_000000000000000000d8,"2023",75.6060219643388,98.9371923556702,0.0250013621259731,est2_005
"182",7_000000000000000000d9,"2023",75.5421641141929,98.940443430653,0.0349728700760885,est2_005
"183",7_000000000000000000da,"2023",75.5385237664827,98.9725601459038,0.00986748149395776,est2_005
"184",7_000000000000000000db,"2023",75.5559663359312,98.9756614515068,0.0241898656274788,est2_005
"185",7_000000000000000000dc,"2023",75.5375564199071,99.0268547553774,0.0170444482070115,est2_005
"186",7_000000000000000000dd,"2024",75.6137127809028,99.1131015983184,0.010709293126576,est2_005
"187",7_000000000000000000de,"2024",75.5690991647465,99.2757538021026,0.00984675866442516,est2_005
"188",7_000000000000000000df,"2022",75.5687852052165,99.2820238791037,0.0286450694444243,est2_005
"189",7_000000000000000000e0,"2023",75.5707862743883,99.28576373009,0.0170062370230617,est2_005
"190",7_000000000000000000e1,"2021",75.5629837930948,99.3015620640417,0.053732045900379,est2_005
"191",7_000000000000000000e2,"2024",75.595836271183,99.3299548897527,0.0107225506928184,est2_005
"192",7_000000000000000000e3,"2023",75.5720620237997,99.3422840838893,0.0187942695961536,est2_005
"193",7_000000000000000000e4,"2023",75.572929237865,99.3844826799782,0.0161081926280327,est2_005
"194",7_000000000000000000e5,"2023",75.5441586497222,99.3961444133923,0.00986333192064406,est2_005
"195",7_000000000000000000e6,"2021",75.5722405526357,99.3958040892652,0.0295333785334938,est2_005
"196",7_000000000000000000e7,"2024",75.547147589957,99.4227508987349,0.00986158475836908,est2_005
"197",7_000000000000000000e8,"2023",75.5469558636957,99.4319883210376,0.0277919472569768,est2_005
"198",7_000000000000000000e9,"2023",75.6128550806871,99.4389133648719,0.0642621821464095,est2_005
"199",7_000000000000000000ea,"2023",75.6128550806871,99.4389133648719,0.0642621821464095,est2_005
"200",7_000000000000000000eb,"2023",75.621380942424,99.4487948749319,0.0214070251173532,est2_005
"201",7_000000000000000000ec,"2024",75.5494574909673,99.4574771766635,0.0188238174290116,est2_005
"202",7_000000000000000000ed,"2024",75.6403927312564,99.5310877331693,0.00979913727305997,est2_005
"203",7_000000000000000000ee,"2023",75.6408231564296,99.5438528545662,0.040976057625776,est2_005
"204",7_000000000000000000ef,"2016",75.3927699212915,98.7388564090257,0.0163058265952466,est2_005
"205",7_000000000000000000f0,"2024",75.3955568693809,98.7569645369276,0.0108687723706303,est2_005
"206",7_000000000000000000f1,"2023",75.532993477685,98.9527468750306,0.0430716793366083,est2_005
"207",7_000000000000000000f2,"2023",75.5385237664827,98.9725601459038,0.00986748149395776,est2_005
"208",7_000000000000000000f3,"2022",75.5295690872687,99.0189737756655,0.0511622264838388,est2_005
"209",7_000000000000000000f4,"2016",75.4173547495898,99.1173621256969,0.0135655747504808,est2_005
"210",7_000000000000000000f5,"2016",75.3582876757135,99.253244436598,0.0853468423462635,est2_005
"211",7_000000000000000000f6,"2020",75.3615043234921,99.2657124535726,0.0127086560845528,est2_005
"212",7_000000000000000000f7,"2019",74.5008998396294,98.6061075531258,0.019196253818544,est2_005
"213",7_000000000000000000f8,"2019",74.4965424023686,98.7194849868829,0.036484122580007,est2_005
"214",7_000000000000000000f9,"2024",74.4532241489781,98.5976931919315,0.011552457937752,est2_005
"215",7_00000000000000000109,"2024",76.2346037670066,100.384993438074,0.00940193864346469,est2_005
"216",7_0000000000000000010a,"2023",76.2164251237827,100.416842988804,0.00941424535856683,est2_005
"217",7_0000000000000000010b,"2024",76.2637336797949,100.492644364566,0.0102346494999774,est2_005
"218",7_0000000000000000010c,"2022",76.2431322375187,100.492662565585,0.0486894228678306,est2_005
"219",7_0000000000000000010d,"2024",76.2476538225705,100.638440976403,0.0153702101650263,est2_005
"220",7_0000000000000000010e,"2023",76.2438730905151,100.647732738318,0.0196454078102974,est2_005
"221",7_0000000000000000010f,"2021",76.2452943082126,100.653264220444,0.0777167181272289,est2_005
"222",7_00000000000000000110,"2023",76.2467686758895,100.65575747103,0.0162256903320563,est2_005
"223",7_00000000000000000111,"2021",76.2445468521904,100.654887155107,0.0777167181272289,est2_005
"224",7_00000000000000000112,"2024",76.2287667799558,100.688398506986,0.0136808876313606,est2_005
"225",7_00000000000000000113,"2024",76.2247467894628,100.695304317788,0.0102638517227592,est2_005
"226",7_00000000000000000114,"2023",76.2573892019449,100.698585459887,0.023893038723259,est2_005
"227",7_00000000000000000115,"2022",76.2424320997239,100.693983912552,0.0418571916764258,est2_005
"228",7_00000000000000000116,"2023",76.2573892019449,100.698585459887,0.023893038723259,est2_005
"229",7_00000000000000000117,"2024",76.2236034705984,100.700522703721,0.0188181306041089,est2_005
"230",7_00000000000000000118,"2022",76.2322935225228,100.706546289252,0.0264980504437588,est2_005
"231",7_00000000000000000119,"2024",76.2405956389457,100.709202479482,0.0119607167919123,est2_005
"232",7_0000000000000000011a,"2020",76.2219620353968,100.71147392504,0.00941071040214758,est2_005
"233",7_0000000000000000011b,"2022",76.230513370466,100.721011827552,0.029922935650917,est2_005
"234",7_0000000000000000011c,"2023",76.245893951294,100.732784675846,0.0170799480063732,est2_005
"235",7_00000000000000000123,"2024",76.0656551686483,100.355336872993,0.0103794030473742,est2_005
"236",7_00000000000000000124,"2023",76.2045796253613,100.479843321402,0.0102778653995888,est2_005
"237",7_00000000000000000125,"2024",76.0764349652788,100.594513228815,0.00950733189904605,est2_005
"238",7_00000000000000000126,"2024",76.0929734053456,100.606938570271,0.0164021569378786,est2_005
"239",7_00000000000000000127,"2023",75.7823993135256,99.6483592768207,0.0405822860873746,est2_005
"240",7_00000000000000000128,"2023",75.7858171358793,99.6602525849401,0.0246959512813783,est2_005
"241",7_00000000000000000129,"2023",75.7858171358793,99.6602525849401,0.0246959512813783,est2_005
"242",7_0000000000000000012a,"2023",75.7878362076806,99.6703266075972,0.0238096473323382,est2_005
"243",7_0000000000000000012b,"2016",75.8294343576351,99.7265728919259,0.0290183234776939,est2_005
"244",7_0000000000000000012c,"2023",75.8258049398583,99.7292048717835,0.018470998769109,est2_005
"245",7_0000000000000000012d,"2024",75.7987439920089,99.7277443081122,0.0255535809848046,est2_005
"246",7_0000000000000000012e,"2024",75.8336203173535,99.7321306185886,0.0105487904876111,est2_005
"247",7_0000000000000000012f,"2019",75.8241880187786,99.7423714072401,0.00967674612197947,est2_005
"248",7_00000000000000000130,"2021",75.8021886747667,99.7378489670678,0.0625491729567777,est2_005
"249",7_00000000000000000131,"2024",75.7258224229578,99.7935754204551,0.0159416914021463,est2_005
"250",7_00000000000000000132,"2022",75.7248656513595,99.8072297447536,0.0637705768316855,est2_005
"251",7_00000000000000000133,"2024",75.6920095675359,99.8259030890901,0.0648008309076837,est2_005
"252",7_00000000000000000134,"2023",75.6870673389405,99.8276962009222,0.047951470354882,est2_005
"253",7_00000000000000000135,"2023",75.6921393726313,99.8277495808169,0.0648008309076837,est2_005
"254",7_00000000000000000136,"2024",75.6974426345095,99.9918820382482,0.0115362806697535,est2_005
"255",7_00000000000000000137,"2022",75.6934590304211,100.050820393611,0.0736724834311017,est2_005
"256",7_00000000000000000138,"2023",75.6879481334494,100.048973270814,0.0115428662597644,est2_005
"257",7_00000000000000000139,"2023",75.6981590582099,100.062841772289,0.043479311225072,est2_005
"258",7_0000000000000000013a,"2022",75.7548405000516,100.077083709188,0.105179659634334,est2_005
"259",7_0000000000000000013b,"2022",75.6919642271629,100.067428140625,0.022194179314414,est2_005
"260",7_0000000000000000013c,"2022",75.6876193937164,100.077826663581,0.0719289767643949,est2_005
"261",7_0000000000000000013d,"2021",75.6771667140125,100.078061262505,0.0879691333295373,est2_005
"262",7_0000000000000000013e,"2021",75.687375405703,100.078199058481,0.0719289767643949,est2_005
"263",7_0000000000000000013f,"2023",75.7060758798334,100.079114316003,0.0150759653812782,est2_005
"264",7_00000000000000000140,"2023",75.7048654425244,100.0826759287,0.0337019048089201,est2_005
"265",7_00000000000000000141,"2024",75.7515650821347,100.082754763512,0.0203332575124843,est2_005
"266",7_00000000000000000142,"2022",75.6776358092273,100.079975574831,0.079081746243677,est2_005
"267",7_00000000000000000143,"2022",75.7049605370027,100.083120538753,0.0337019048089201,est2_005
"268",7_00000000000000000144,"2021",75.7162880965909,100.113241377761,0.137361128567262,est2_005
"269",7_00000000000000000145,"2023",75.7118539077732,100.104547217348,0.182626820361491,est2_005
"270",7_00000000000000000146,"2022",75.7265680675774,100.109424838104,0.0221403319765892,est2_005
"271",7_00000000000000000147,"2022",75.7335903036006,100.111916721431,0.0256691674393366,est2_005
"272",7_00000000000000000148,"2023",75.7260077698595,100.118360776054,0.0141693956959786,est2_005
"273",7_00000000000000000149,"2021",75.7114088418533,100.107068107379,0.182626820361491,est2_005
"274",7_0000000000000000014a,"2023",75.7765198133226,100.126929439515,0.0220642890388623,est2_005
"275",7_0000000000000000014b,"2024",75.7733074048518,100.129931624029,0.0176554173014461,est2_005
"276",7_0000000000000000014c,"2022",75.7642409894942,100.129823872858,0.0194321764950635,est2_005
"277",7_0000000000000000014d,"2021",75.7473600020992,100.134988349337,0.201621943432471,est2_005
"278",7_0000000000000000014e,"2023",75.7666447969804,100.130719263218,0.0194299399589707,est2_005
"279",7_0000000000000000014f,"2024",75.7434407081484,100.137989482093,0.014153716311133,est2_005
"280",7_00000000000000000150,"2022",75.7475662878055,100.135828674628,0.201621943432471,est2_005
"281",7_00000000000000000151,"2021",75.6881238983068,100.122651423625,0.221097718586389,est2_005
"282",7_00000000000000000152,"2022",75.727373970344,100.144916987473,0.120439949948158,est2_005
"283",7_00000000000000000153,"2022",75.7695117183013,100.150263193958,0.0141276239733638,est2_005
"284",7_00000000000000000154,"2024",75.7191423031987,100.150627539468,0.377471950315955,est2_005
"285",7_00000000000000000155,"2022",75.7266501195355,100.144352479892,0.120439949948158,est2_005
"286",7_00000000000000000156,"2024",75.7688068879423,100.157393074993,0.0105955927511693,est2_005
"287",7_00000000000000000157,"2023",75.7770708069083,100.155395862446,0.0185325692426158,est2_005
"288",7_00000000000000000158,"2020",75.7180271506035,100.152574301771,0.377471950315955,est2_005
"289",7_00000000000000000159,"2019",75.7326546093221,100.153680233062,0.285934268149691,est2_005
"290",7_0000000000000000015a,"2022",75.7360597751964,100.17649917302,0.0123906231748404,est2_005
"291",7_0000000000000000015b,"2022",75.7465900454723,100.176025832947,0.314858097325839,est2_005
"292",7_0000000000000000015c,"2022",75.7744753187426,100.184177898388,0.0388369017857116,est2_005
"293",7_0000000000000000015d,"2022",75.7237170476867,100.18287237895,0.179823279415444,est2_005
"294",7_0000000000000000015e,"2023",75.7326903185171,100.185482105107,0.0398356969160669,est2_005
"295",7_0000000000000000015f,"2022",75.7471828525457,100.1953099062,0.0203404243969857,est2_005
"296",7_00000000000000000160,"2022",75.7244498481983,100.18622626962,0.196649319089036,est2_005
"297",7_00000000000000000161,"2022",75.7410600527291,100.2110473347,0.268066963875846,est2_005
"298",7_00000000000000000162,"2024",75.7258647184084,100.194819471371,0.0575688810701798,est2_005
"299",7_00000000000000000163,"2022",75.7359827313602,100.215023283497,0.052216634546845,est2_005
"300",7_00000000000000000164,"2024",75.7820333800452,100.217164272355,0.0167621413603437,est2_005
"301",7_00000000000000000165,"2022",75.7359827313602,100.215023283497,0.052216634546845,est2_005
"302",7_00000000000000000166,"2022",75.7771661888676,100.238279240896,0.0573665614005921,est2_005
"303",7_00000000000000000167,"2022",75.7801845311043,100.25652650636,0.0705871513700194,est2_005
"304",7_00000000000000000168,"2022",75.7588106731973,100.263616767431,0.0468327032254018,est2_005
"305",7_00000000000000000169,"2022",75.774193208371,100.269710097562,0.246277476711553,est2_005
"306",7_0000000000000000016a,"2024",75.7623512518873,100.276313731698,0.00971748457226766,est2_005
"307",7_0000000000000000016b,"2023",75.7571654944183,100.27405571781,0.0141395105861704,est2_005
"308",7_0000000000000000016c,"2022",75.75414932866,100.277667437068,0.0601052327340546,est2_005
"309",7_0000000000000000016d,"2022",75.791341365154,100.291125831492,0.0149877771917834,est2_005
"310",7_0000000000000000016e,"2023",75.7751868474802,100.296501808332,0.223289249148714,est2_005
"311",7_0000000000000000016f,"2022",75.7864353478251,100.298128937325,0.0899614999960575,est2_005
"312",7_00000000000000000170,"2022",75.7746338223334,100.302294113526,0.248888834119224,est2_005
"313",7_00000000000000000171,"2022",75.7743265376513,100.306482155496,0.248888827068355,est2_005
"314",7_00000000000000000172,"2022",75.7729684892308,100.312049012591,0.0308963781813605,est2_005
"315",7_00000000000000000173,"2022",75.7768401215145,100.322558552764,0.0767793293454775,est2_005
"316",7_00000000000000000174,"2024",75.755466898404,100.323132247738,0.0106060868221496,est2_005
"317",7_00000000000000000175,"2022",75.7947356131932,100.325807389271,0.0299692307488109,est2_005
"318",7_00000000000000000176,"2022",75.7828726270106,100.338604508273,0.0890954880650206,est2_005
"319",7_00000000000000000177,"2022",75.7956609445667,100.336794775312,0.234467972819272,est2_005
"320",7_00000000000000000178,"2022",75.771349558696,100.333435570926,0.0450274908669976,est2_005
"321",7_00000000000000000179,"2022",75.771349558696,100.333435570926,0.0450274908669976,est2_005
"322",7_0000000000000000017a,"2020",75.7936309706137,100.33722256036,0.234467972819272,est2_005
"323",7_0000000000000000017b,"2022",75.7848777359547,100.349858003256,0.026461299531213,est2_005
"324",7_0000000000000000017c,"2022",75.7828726270106,100.338604508273,0.0890954880650206,est2_005
"325",7_0000000000000000017d,"2022",75.7933608543033,100.372932954806,0.0282101901803115,est2_005
"326",7_0000000000000000017e,"2022",75.8048292382497,100.375771001207,0.0246647666668848,est2_005
"327",7_0000000000000000017f,"2023",75.7831611341312,100.371748789991,0.0696912480470548,est2_005
"328",7_00000000000000000180,"2024",75.7983165456223,100.38107372835,0.00969420505259186,est2_005
"329",7_00000000000000000181,"2021",75.7953657035788,100.399383678532,0.120754185741851,est2_005
"330",7_00000000000000000182,"2022",75.8110242521732,100.394340970908,0.0140866097608021,est2_005
"331",7_00000000000000000183,"2023",75.5459213768099,99.488669265347,0.0179309453521259,est2_005
"332",7_00000000000000000184,"2023",75.5482136802959,99.4886152061516,0.047511907696314,est2_005
"333",7_00000000000000000185,"2024",75.5393567500447,99.5050202282871,0.00986677026423522,est2_005
"334",7_00000000000000000186,"2023",75.5394597771121,99.5112004248921,0.0143514061593642,est2_005
"335",7_00000000000000000187,"2021",75.5986669279372,99.5481539175113,0.127759666720099,est2_005
"336",7_00000000000000000188,"2023",75.6408231564296,99.5438528545662,0.040976057625776,est2_005
"337",7_00000000000000000189,"2024",75.63564283017,99.5495144222253,0.014257638807891,est2_005
"338",7_0000000000000000018a,"2023",75.6409197440412,99.5624267566834,0.0623561594954198,est2_005
"339",7_0000000000000000018b,"2022",75.664115413156,99.624757637418,0.0720400047904513,est2_005
"340",7_0000000000000000018c,"2021",75.5761990569032,99.6260934293677,0.0724732337648709,est2_005
"341",7_0000000000000000018d,"2023",75.6633922941452,99.6253445588284,0.0533645291095042,est2_005
"342",7_0000000000000000018e,"2022",75.6644282638608,99.6237885670596,0.0480244174793722,est2_005
"343",7_0000000000000000018f,"2023",75.6940284082476,99.6363752836423,0.0239641064704866,est2_005
"344",7_00000000000000000190,"2023",75.5801759112191,99.6492156746011,0.0545643843070734,est2_005
"345",7_00000000000000000191,"2022",75.5963953994768,99.6558103315173,0.016083776565277,est2_005
"346",7_00000000000000000192,"2023",75.5871446605463,99.6544429963669,0.0303967054394702,est2_005
"347",7_00000000000000000193,"2024",75.6734180442983,99.6591221329641,0.00977669525853313,est2_005
"348",7_00000000000000000194,"2024",75.5927543756702,99.6626424546584,0.0116186527700901,est2_005
"349",7_00000000000000000195,"2021",75.570775936201,99.6662044304752,0.0581797786266241,est2_005
"350",7_00000000000000000196,"2022",75.5884373657147,99.665294707739,0.0259253651624987,est2_005
"351",7_00000000000000000197,"2022",75.5761440974183,99.6768042807365,0.0161051659376712,est2_005
"352",7_00000000000000000198,"2022",75.6041334283179,99.6794077543658,0.00982356542201136,est2_005
"353",7_00000000000000000199,"2022",75.5763439254014,99.6893085761815,0.0545777515403649,est2_005
"354",7_0000000000000000019a,"2022",75.5953421947016,99.6978150275324,0.0107229069653831,est2_005
"355",7_0000000000000000019b,"2024",75.6000359061295,99.7016777061513,0.0142925251456652,est2_005
"356",7_0000000000000000019c,"2023",75.5770878262157,99.7057627106312,0.0187878316646789,est2_005
"357",7_0000000000000000019d,"2022",75.5823180300758,99.7043687339893,0.102849831462092,est2_005
"358",7_0000000000000000019e,"2023",75.6112602321477,99.7096274735678,0.0410598575635344,est2_005
"359",7_0000000000000000019f,"2023",75.6108790588844,99.710313923346,0.0410598575635344,est2_005
"360",7_000000000000000001a0,"2024",75.6119782231083,99.7235625312242,0.350769655572305,est2_005
"361",7_000000000000000001a1,"2023",75.5954140795899,99.717550983388,0.0178718720546875,est2_005
"362",7_000000000000000001a2,"2022",75.6117783574048,99.7270691813418,0.350769655572305,est2_005
"363",7_000000000000000001a3,"2023",75.5885592776667,99.735614637572,0.0214556432380236,est2_005
"364",7_000000000000000001a4,"2023",75.5885592776667,99.735614637572,0.0214556432380236,est2_005
"365",7_000000000000000001a5,"2022",75.5915548666618,99.7263085477762,0.135857171228583,est2_005
"366",7_000000000000000001a6,"2023",75.5908057269913,99.7445274322416,0.0116197032848477,est2_005
"367",7_000000000000000001a7,"2023",75.5927026675838,99.7499654880179,0.0205553198465219,est2_005
"368",7_000000000000000001a8,"2023",75.6047809182974,99.7517938425103,0.0241109050266506,est2_005
"369",7_000000000000000001a9,"2021",75.6092696233938,99.7583268497648,0.372266239553359,est2_005
"370",7_000000000000000001aa,"2021",75.5998829607113,99.7675339640811,0.0518108231829717,est2_005
"371",7_000000000000000001ab,"2023",75.6052164364031,99.7703410731527,0.0142880115230189,est2_005
"372",7_000000000000000001ac,"2023",75.602751922997,99.7777251155466,0.0401899077578996,est2_005
"373",7_000000000000000001ad,"2023",75.6025260928273,99.7790702974942,0.0401899077578996,est2_005
"374",7_000000000000000001ae,"2023",75.6870673389405,99.8276962009222,0.047951470354882,est2_005
"375",7_000000000000000001af,"2022",75.6177551992748,99.844509779948,0.0124903902033345,est2_005
"376",7_000000000000000001b0,"2021",75.627469644882,99.8416623114138,0.0686544858722203,est2_005
"377",7_000000000000000001b1,"2024",75.6638387420238,99.8531337298679,0.0106728671412459,est2_005
"378",7_000000000000000001b2,"2023",75.6615445780733,99.8805046663308,0.0329116372779092,est2_005
"379",7_000000000000000001b3,"2023",75.6660346276739,99.8803326383587,0.0337907507128541,est2_005
"380",7_000000000000000001b4,"2023",75.6615445780733,99.8805046663308,0.0329116372779092,est2_005
"381",7_000000000000000001b5,"2022",75.6665277059896,99.8842498202082,0.0337907507128541,est2_005
"382",7_000000000000000001b6,"2022",75.6686267708823,99.9071757920637,0.299618099316183,est2_005
"383",7_000000000000000001b7,"2021",75.6695543941584,99.9165849922072,0.299618099316183,est2_005
"384",7_000000000000000001b8,"2023",75.6182705656774,99.929311873159,0.388910555218629,est2_005
"385",7_000000000000000001b9,"2022",75.6777555691037,99.9328385477678,0.0666428218780772,est2_005
"386",7_000000000000000001ba,"2021",75.6189788660558,99.9382773638971,0.431737069624765,est2_005
"387",7_000000000000000001bb,"2022",75.6201373770783,99.9361738672272,0.471880832839631,est2_005
"388",7_000000000000000001bc,"2022",75.6231918125939,99.9413219550414,0.403170090093445,est2_005
"389",7_000000000000000001bd,"2024",75.6816703283245,99.9458847632112,0.0106600269667227,est2_005
"390",7_000000000000000001be,"2022",75.6240203008725,99.9455388933277,0.0321072636588145,est2_005
"391",7_000000000000000001bf,"2024",75.6209891363811,99.9496128411915,0.0124884387302629,est2_005
"392",7_000000000000000001c0,"2024",75.6533284836038,99.9638958992187,0.00979026196769389,est2_005
"393",7_000000000000000001c1,"2021",75.657229284262,99.9691783710941,0.0560572589592553,est2_005
"394",7_000000000000000001c2,"2022",75.6327690098806,99.9728673398189,0.0588212246785509,est2_005
"395",7_000000000000000001c3,"2023",75.632720673274,99.9731274612598,0.0588212246785509,est2_005
"396",7_000000000000000001c4,"2022",75.6514090929787,99.9834184820191,0.0578619860455417,est2_005
"397",7_000000000000000001c5,"2021",75.6237368286137,99.986879816665,0.127531058703236,est2_005
"398",7_000000000000000001c6,"2023",75.622888917534,99.9867159937581,0.127531058703236,est2_005
"399",7_000000000000000001c7,"2023",75.6707834345651,99.9919649239843,0.0115566804608301,est2_005
"400",7_000000000000000001c8,"2022",75.6362792272376,99.9940070545866,0.0971257131483769,est2_005
"401",7_000000000000000001c9,"2022",75.6344747873467,100.009434765119,0.0623812314517456,est2_005
"402",7_000000000000000001ca,"2024",75.6398537494312,100.002164246307,0.00979906133350086,est2_005
"403",7_000000000000000001cb,"2020",75.6428156324278,100.015125451675,0.0988668264783047,est2_005
"404",7_000000000000000001cc,"2024",75.6658081288111,100.041634923884,0.0115609073664849,est2_005
"405",7_000000000000000001cd,"2022",75.6493064127444,100.041347413277,0.0151356533437757,est2_005
"406",7_000000000000000001ce,"2021",75.6656034100016,100.059754273576,0.044464476276679,est2_005
"407",7_000000000000000001cf,"2024",75.6712498572079,100.065360783283,0.0106678367590815,est2_005
"408",7_000000000000000001d0,"2021",75.6770322860571,100.07579291881,0.0586466623828417,est2_005
"409",7_000000000000000001d1,"2021",75.6764899931463,100.077749994817,0.0239904805822755,est2_005
"410",7_000000000000000001d2,"2022",75.2305978622931,99.5690729372995,0.0402903017228677,est2_005
"411",7_000000000000000001d3,"2019",74.6109234399084,99.0112327742436,0.0133445426268717,est2_005
"412",7_000000000000000001d4,"2016",74.146070251296,99.1011966453556,0.0941993636998279,est2_005
"413",7_000000000000000001ef,"2023",76.2202152924754,100.733133320478,0.02566625628498,est2_005
"414",7_000000000000000001f0,"2023",76.2202152924754,100.733133320478,0.02566625628498,est2_005
"415",7_000000000000000001f1,"2023",76.2194162447849,100.740370106058,0.0179681045543084,est2_005
"416",7_000000000000000001f2,"2024",76.2273519472058,100.748664150362,0.0094060617183884,est2_005
"417",7_000000000000000001f3,"2022",76.2526134816343,100.763633688976,0.0324354703862212,est2_005
"418",7_000000000000000001f4,"2024",76.2301297752844,100.769187257525,0.0111147363696198,est2_005
"419",7_000000000000000001f5,"2021",76.2423965554716,100.770227837114,0.101652620440566,est2_005
"420",7_000000000000000001f6,"2023",76.2171586775803,100.775198619942,0.0145472740340265,est2_005
"421",7_000000000000000001f7,"2024",76.2222473569717,100.775835515682,0.014542508478842,est2_005
"422",7_000000000000000001f8,"2024",76.2194018438943,100.778674223338,0.0239562262178751,est2_005
"423",7_000000000000000001f9,"2022",76.2302973030342,100.779030461928,0.0188085574610866,est2_005
"424",7_000000000000000001fa,"2024",76.2492285172825,100.78946886545,0.014514379987622,est2_005
"425",7_000000000000000001fb,"2022",76.2497136620604,100.800670903352,0.0307373058690625,est2_005
"426",7_000000000000000001fc,"2024",76.2126522220147,100.812362966155,0.0094158488534155,est2_005
"427",7_000000000000000001fd,"2022",76.2550433716601,100.839074356946,0.0119487339416515,est2_005
"428",7_000000000000000001fe,"2024",76.2555061477025,100.849328436568,0.0145081445250695,est2_005
"429",7_000000000000000001ff,"2024",76.2464321480458,100.856030821787,0.0128101601108813,est2_005
"430",7_00000000000000000200,"2024",76.2722227629159,100.86710707642,0.0102290759843305,est2_005
"431",7_00000000000000000201,"2024",76.2452463530512,100.868643189869,0.0128111976367793,est2_005
"432",7_00000000000000000202,"2024",76.2657818348243,100.880501016262,0.0136444619786756,est2_005
"433",7_00000000000000000203,"2024",76.2657818348243,100.880501016262,0.0136444619786756,est2_005
"434",7_00000000000000000204,"2024",76.2386706595635,100.88327669846,0.0102531156966842,est2_005
"435",7_00000000000000000205,"2018",76.2358287324755,100.893015212186,0.00940048912470261,est2_005
"436",7_00000000000000000206,"2023",76.2448998931246,100.903939014834,0.0162282404679662,est2_005
"437",7_00000000000000000207,"2023",76.2448620614614,100.911552694135,0.0119570598356443,est2_005
"438",7_00000000000000000208,"2021",76.2765389492065,100.914224433277,0.0622061959381098,est2_005
"439",7_00000000000000000209,"2023",76.299112650904,100.944019329724,0.0136112919158267,est2_005
"440",7_0000000000000000020a,"2024",76.2879882081626,100.95860041824,0.0102176789760484,est2_005
"441",7_0000000000000000020b,"2024",76.291707223249,100.97633325454,0.012767859263808,est2_005
"442",7_0000000000000000020c,"2023",76.2049630737076,100.99402873089,0.0111343614969165,est2_005
"443",7_0000000000000000020d,"2024",76.1885447436038,100.995251768656,0.00171497085244526,est2_005
"444",7_0000000000000000020e,"2023",76.207953106907,101.007855600519,0.0205521073144378,est2_005
"445",7_0000000000000000020f,"2022",76.1907704007218,101.003786902934,0.0557263417005302,est2_005
"446",7_00000000000000000210,"2024",76.1918941515634,101.015540883113,0.0120021629860964,est2_005
"447",7_00000000000000000211,"2022",76.2610751986933,101.026829920992,0.0247396330472865,est2_005
"448",7_00000000000000000212,"2023",76.2018057358401,101.022751654094,0.0214174833580917,est2_005
"449",7_00000000000000000213,"2022",76.189239881261,101.031910953491,0.0231504575510203,est2_005
"450",7_00000000000000000214,"2023",76.2277298918977,101.031092819929,0.0119708636243026,est2_005
"451",7_00000000000000000215,"2022",76.237087467037,101.037013345933,0.0247806400558967,est2_005
"452",7_00000000000000000216,"2022",76.1954030335165,101.046617522473,0.0351414874799377,est2_005
"453",7_00000000000000000217,"2024",76.1933956123132,101.046186305395,0.00943018625021009,est2_005
"454",7_00000000000000000218,"2024",76.2318108263317,101.053634159612,0.00940272737253088,est2_005
"455",7_0000000000000000021a,"2022",76.1959919882211,101.053630467354,0.0179972581664546,est2_005
"456",7_0000000000000000021b,"2024",76.1989779992226,101.054579184166,0.0119960471940009,est2_005
"457",7_0000000000000000021c,"2020",76.3116301951269,101.05706400511,0.00935050786658342,est2_005
"458",7_0000000000000000021d,"2023",76.3082541833476,101.070427263213,0.0127536562820699,est2_005
"459",7_0000000000000000021e,"2021",76.1997691639278,101.076388602428,0.102819149106694,est2_005
"460",7_0000000000000000021f,"2021",76.3045016914211,101.074190499904,0.0467723771527319,est2_005
"461",7_00000000000000000220,"2021",76.3045016914211,101.074190499904,0.0467723771527319,est2_005
"462",7_00000000000000000222,"2024",76.1901739119113,101.081747228189,0.0377250012288466,est2_005
"463",7_00000000000000000224,"2024",76.1901739119113,101.081747228189,0.0377250012288466,est2_005
"464",7_00000000000000000225,"2019",76.2282828828121,101.086806379336,0.00940535832139207,est2_005
"465",7_00000000000000000226,"2023",76.3281429094437,101.086745256149,0.0118866207690634,est2_005
"466",7_00000000000000000227,"2024",76.1929913289769,101.090383413088,0.0102869553428565,est2_005
"467",7_0000000000000000022c,"2024",76.2175153798877,101.094156230048,0.0102691920398087,est2_005
"468",7_0000000000000000022d,"2023",76.2528681528065,101.103055748991,0.0187781845131767,est2_005
"469",7_0000000000000000022e,"2024",76.2119008939594,101.105385196926,0.0102730339490059,est2_005
"470",7_0000000000000000022f,"2024",76.2116123473754,101.107179123943,0.0196900102437015,est2_005
"471",7_00000000000000000230,"2022",76.1906144747199,101.107029054983,0.0248639454709796,est2_005
"472",7_00000000000000000231,"2024",76.1952920781992,101.112377921561,0.0497105698492334,est2_005
"473",7_00000000000000000232,"2022",76.2512371387911,101.109487454392,0.0153665810690341,est2_005
"474",7_00000000000000000233,"2024",76.2115579106969,101.108839677412,0.0171216366334705,est2_005
"475",7_00000000000000000234,"2021",76.3022016928072,101.112513695404,0.0297697481833127,est2_005
"476",7_00000000000000000235,"2022",76.2076619182861,101.116909059603,0.0179828694410469,est2_005
"477",7_00000000000000000236,"2024",76.333963975718,101.114961220572,0.0127301878713334,est2_005
"478",7_00000000000000000237,"2022",76.216251666214,101.117596912514,0.0590522284642295,est2_005
"479",7_00000000000000000238,"2022",76.1957459996537,101.114100712563,0.0497105698492334,est2_005
"480",7_00000000000000000239,"2022",76.2076619182861,101.116909059603,0.0179828694410469,est2_005
"481",7_0000000000000000023c,"2023",76.2211535151684,101.123261585676,0.0102660354732601,est2_005
"482",7_0000000000000000023d,"2022",76.1968507987711,101.122894006257,0.0179969509843642,est2_005
"483",7_0000000000000000023e,"2023",76.2160331358132,101.128543760098,0.0171170027089615,est2_005
"484",7_0000000000000000023f,"2023",76.2394192418982,101.130987261977,0.015379774717038,est2_005
"485",7_00000000000000000240,"2023",76.2204852958822,101.129143364894,0.0265233132211427,est2_005
"486",7_00000000000000000241,"2024",76.2272049036334,101.131983632783,0.00940657636240012,est2_005
"487",7_00000000000000000242,"2024",76.1980994960388,101.133600514809,0.00942545505096472,est2_005
"488",7_00000000000000000243,"2022",76.2309631348984,101.136808200879,0.0170985069785379,est2_005
"489",7_00000000000000000244,"2024",76.1940297546045,101.13971670823,0.0145711236316496,est2_005
"490",7_00000000000000000246,"2023",76.3025164240413,101.141783319392,0.00935617814031706,est2_005
"491",7_00000000000000000247,"2022",76.2294001374288,101.143191259216,0.0418954941375672,est2_005
"492",7_00000000000000000248,"2023",76.3094129945265,101.143878127841,0.0102021960343038,est2_005
"493",7_00000000000000000249,"2022",76.2294001374288,101.143191259216,0.0418954941375672,est2_005
"494",7_0000000000000000024a,"2023",76.309241742866,101.152177183434,0.0425072347514338,est2_005
"495",7_0000000000000000024b,"2024",76.31063798093,101.152844860649,0.0195510649528655,est2_005
"496",7_0000000000000000024c,"2022",76.220509019593,101.154046914364,0.0153997749255579,est2_005
"497",7_0000000000000000024d,"2024",76.3100665494488,101.152340482202,0.0518570694285996,est2_005
"498",7_0000000000000000024e,"2018",76.1964168248434,101.158326749272,0.0402785263908696,est2_005
"499",7_00000000000000000250,"2023",76.2323094649068,101.161009677919,0.0145320969285254,est2_005
"500",7_00000000000000000251,"2023",76.3080119622356,101.165308988795,0.0187048804642079,est2_005
"501",7_00000000000000000252,"2023",76.1978859141202,101.166052374767,0.0231365560132047,est2_005
"502",7_00000000000000000253,"2022",76.228241665958,101.163643333501,0.0188111230196609,est2_005
"503",7_00000000000000000254,"2023",76.1978859141202,101.166052374767,0.0231365560132047,est2_005
"504",7_00000000000000000255,"2021",76.3419416885528,101.167176505616,0.0228999731558309,est2_005
"505",7_00000000000000000257,"2023",76.3396419761716,101.176304623526,0.0161180892182849,est2_005
"506",7_00000000000000000258,"2018",76.1994477597032,101.175958340853,0.0359866100012223,est2_005
"507",7_00000000000000000259,"2023",76.3151536111839,101.179045287724,0.0339915685415498,est2_005
"508",7_0000000000000000025a,"2022",76.2936101031378,101.178601796172,0.0144677300329726,est2_005
"509",7_0000000000000000025b,"2024",76.3140617993587,101.18182859138,0.0382431289175312,est2_005
"510",7_0000000000000000025c,"2023",76.1915195080915,101.178329034075,0.0257194476059312,est2_005
"511",7_0000000000000000025d,"2021",76.3147904528883,101.180846748161,0.0518402016308104,est2_005
"512",7_0000000000000000025e,"2023",76.2000341555147,101.186431211366,0.0128519570243716,est2_005
"513",7_0000000000000000025f,"2022",76.2952474216765,101.190541359563,0.0161696112713421,est2_005
"514",7_00000000000000000260,"2023",76.3230494463433,101.193168554096,0.0127396847091554,est2_005
"515",7_00000000000000000262,"2024",76.2960485472543,101.195878329651,0.00936033067429932,est2_005
"516",7_00000000000000000263,"2022",76.3105769855833,101.195655638427,0.0178512620684323,est2_005
"517",7_00000000000000000264,"2023",76.3154153764788,101.195804695791,0.0135963838866611,est2_005
"518",7_00000000000000000265,"2022",76.2028900929647,101.196439841773,0.0111356473227722,est2_005
"519",7_00000000000000000266,"2021",76.3196061366144,101.199664666066,0.0382289658075599,est2_005
"520",7_00000000000000000267,"2022",76.2062882699881,101.20336898121,0.06166299017604,est2_005
"521",7_00000000000000000268,"2022",76.2063160207215,101.202064416838,0.0196974007046425,est2_005
"522",7_00000000000000000269,"2022",76.2063173114796,101.205420005348,0.0513862100740952,est2_005
"523",7_0000000000000000026a,"2023",76.2923600549162,101.202664321547,0.0604334416699227,est2_005
"524",7_0000000000000000026d,"2023",76.3020892420604,101.210752644219,0.0306207025611266,est2_005
"525",7_0000000000000000026e,"2022",76.2874144130442,101.20799293585,0.0519404923209935,est2_005
"526",7_0000000000000000026f,"2024",76.2101103812324,101.213370931674,0.0196922707783582,est2_005
"527",7_00000000000000000270,"2024",76.2119522310531,101.214235431756,0.0119857671373493,est2_005
"528",7_00000000000000000271,"2024",76.2101103812324,101.213370931674,0.0196922707783582,est2_005
"529",7_00000000000000000273,"2024",76.3260698603665,101.231184011522,0.0110388443509129,est2_005
"530",7_00000000000000000274,"2021",76.2993072287172,101.232513381145,0.0306281115417154,est2_005
"531",7_00000000000000000275,"2021",76.3284526616309,101.23621624301,0.0331094799821083,est2_005
"532",7_00000000000000000276,"2024",76.2896231534707,101.239827148154,0.0127705685919058,est2_005
"533",7_00000000000000000277,"2022",76.2768254169176,101.246542867447,0.051979895409297,est2_005
"534",7_00000000000000000278,"2022",76.3221659748215,101.243005521513,0.0237823160699924,est2_005
"535",7_00000000000000000279,"2021",76.3076906311395,101.25094691486,0.0348602728701296,est2_005
"536",7_0000000000000000027b,"2023",76.2723186168334,101.258234554118,0.0272754257463638,est2_005
"537",7_0000000000000000027c,"2021",76.277843891054,101.260547157939,0.151663448014727,est2_005
"538",7_0000000000000000027e,"2023",76.3023050585179,101.26515058267,0.01360980563893,est2_005
"539",7_0000000000000000027f,"2023",76.32639484621,101.26945279779,0.0263229850886844,est2_005
"540",7_00000000000000000280,"2021",76.2871668872383,101.264626512616,0.0953651433547873,est2_005
"541",7_00000000000000000281,"2021",76.2757273303148,101.272137263181,0.0954315494804104,est2_005
"542",7_00000000000000000282,"2023",76.32639484621,101.26945279779,0.0263229850886844,est2_005
"543",7_00000000000000000283,"2021",76.2769849334379,101.267669675561,0.166152321760979,est2_005
"544",7_00000000000000000284,"2022",76.2852782789324,101.274507922551,0.0306577896389229,est2_005
"545",7_00000000000000000285,"2023",76.2803774525012,101.281178463587,0.0323718828304378,est2_005
"546",7_00000000000000000289,"2023",76.2803774525012,101.281178463587,0.0323718828304378,est2_005
"547",7_000000000000000002a2,"2024",76.180998881929,101.416202173804,0.0120106812931734,est2_005
"548",7_000000000000000002a3,"2024",76.1804983443748,101.428868560196,0.0120118281733427,est2_005
"549",7_000000000000000002a5,"2024",76.1884737766354,101.438279542383,0.0231528164492515,est2_005
"550",7_000000000000000002a6,"2023",76.1807815919897,101.439082370821,0.0274555282209795,est2_005
"551",7_000000000000000002a7,"2024",76.1884737766354,101.438279542383,0.0231528164492515,est2_005
"552",7_000000000000000002ae,"2023",76.1810930739541,100.936701688105,0.0111534371447841,est2_005
"553",7_000000000000000002af,"2024",76.1261566617049,100.98238334043,0.0137810920650058,est2_005
"554",7_000000000000000002b0,"2023",76.1800556203327,100.982450754971,0.0102962978313812,est2_005
"555",7_000000000000000002b1,"2023",76.1869497114548,100.996506301542,0.0222960761228451,est2_005
"556",7_000000000000000002b2,"2022",76.1473549151318,101.000786137944,0.0232219972465539,est2_005
"557",7_000000000000000002b3,"2024",76.1330672881996,101.007032482722,0.0120523443621047,est2_005
"558",7_000000000000000002b4,"2024",76.1633020105272,101.006121371671,0.0154633388998162,est2_005
"559",7_000000000000000002b5,"2024",76.1640745691092,101.011906601505,0.0214742806301398,est2_005
"560",7_000000000000000002b6,"2024",76.1615503277259,101.017907326913,0.0386626867630813,est2_005
"561",7_000000000000000002b7,"2022",76.1526054038665,101.023509610378,0.0490013208778696,est2_005
"562",7_000000000000000002b8,"2018",76.1796200266282,101.025059021781,0.0540571022994886,est2_005
"563",7_000000000000000002b9,"2024",76.185917097945,101.025098276625,0.0137219536371476,est2_005
"564",7_000000000000000002ba,"2023",76.1616959728645,101.019616288179,0.0386626867630813,est2_005
"565",7_000000000000000002bb,"2018",76.1797209098491,101.026146460635,0.0540571022994886,est2_005
"566",7_000000000000000002bc,"2023",76.148929017208,101.069362750329,0.0137585133417072,est2_005
"567",7_000000000000000002bd,"2022",76.1499594129929,101.07776462107,0.0171963564864122,est2_005
"568",7_000000000000000002be,"2022",76.1499594129929,101.07776462107,0.0171963564864122,est2_005
"569",7_000000000000000002bf,"2023",76.1587532746295,101.07896649796,0.00945231404315011,est2_005
"570",7_000000000000000002c0,"2020",75.8566564253735,100.488546948063,0.0228191896380484,est2_005
"571",7_000000000000000002c1,"2024",75.8447773987788,100.536410340194,0.0131759276009737,est2_005
"572",7_000000000000000002c2,"2023",75.8903029460681,100.549952037174,0.0490362935882694,est2_005
"573",7_000000000000000002c3,"2023",75.891305019084,100.563277611152,0.018388067714501,est2_005
"574",7_000000000000000002c4,"2021",75.8339922659496,100.655984661237,0.0694473293595571,est2_005
"575",7_000000000000000002c5,"2022",75.8340830003308,100.657174962932,0.0720843581758324,est2_005
"576",7_000000000000000002c6,"2023",75.8497872590391,100.723685712814,0.0193190797888725,est2_005
"577",7_000000000000000002c7,"2022",75.8303735604944,100.862044469361,0.0140686661965528,est2_005
"578",7_000000000000000002c8,"2022",75.8551691500756,100.954306305005,0.015799955922331,est2_005
"579",7_000000000000000002c9,"2022",75.8601170897315,100.983638611059,0.0403657852031724,est2_005
"580",7_000000000000000002ca,"2016",75.9344870120153,101.029049849707,0.0192064320597872,est2_005
"581",7_000000000000000002cb,"2021",75.8721682522014,101.051593581569,0.0166575826392995,est2_005
"582",7_000000000000000002cc,"2016",75.9398547291112,101.050564972273,0.0270496187309887,est2_005
"583",7_000000000000000002cd,"2023",75.8689403383585,101.052230472755,0.0455992089967074,est2_005
"584",7_000000000000000002ce,"2023",75.8690513852605,101.052253539572,0.0455992089967074,est2_005
"585",7_000000000000000002cf,"2024",75.8272872342011,101.054405842502,0.0105538810183517,est2_005
"586",7_000000000000000002d0,"2023",75.8689403383585,101.052230472755,0.0455992089967074,est2_005
"587",7_000000000000000002d1,"2023",75.8717538210918,101.058582989552,0.0105215927094433,est2_005
"588",7_000000000000000002d2,"2023",75.8502244038288,101.059681701834,0.0193180254845336,est2_005
"589",7_000000000000000002d3,"2023",75.8274219688391,101.063433893498,0.00967462499712962,est2_005
"590",7_000000000000000002d4,"2023",75.8720110816826,101.064903923765,0.00964477318217964,est2_005
"591",7_000000000000000002d5,"2024",75.8463694864902,101.07019188791,0.0114184479461084,est2_005
"592",7_000000000000000002d6,"2016",75.8434951428632,101.080209089783,0.0281111309577,est2_005
"593",7_000000000000000002d7,"2016",75.8434951428632,101.080209089783,0.0281111309577,est2_005
"594",7_000000000000000002d8,"2023",75.9166246110483,101.100309777632,0.0209767722424004,est2_005
"595",7_000000000000000002d9,"2022",75.8859046736355,101.104309550064,0.0525581970142862,est2_005
"596",7_000000000000000002da,"2021",75.8801651813374,101.132255707169,0.0893790481874286,est2_005
"597",7_000000000000000002db,"2023",75.8838878957098,101.122021936529,0.0516869440095175,est2_005
"598",7_000000000000000002dc,"2022",75.9212980249873,101.134152400827,0.0489312522744063,est2_005
"599",7_000000000000000002dd,"2023",75.8538324319293,101.153445160145,0.00965571574975056,est2_005
"600",7_000000000000000002de,"2023",75.9194495191953,101.159210387679,0.0139822675856681,est2_005
"601",7_000000000000000002df,"2022",75.9192491311169,101.170792267212,0.0122339897588355,est2_005
"602",7_000000000000000002e0,"2022",75.9192491311169,101.170792267212,0.0122339897588355,est2_005
"603",7_000000000000000002e1,"2022",75.9692201907786,101.181589176392,0.0478963578793239,est2_005
"604",7_000000000000000002e2,"2022",75.9742220826752,101.188574370444,0.0243755194175922,est2_005
"605",7_000000000000000002e3,"2022",75.9701530075494,101.19483154798,0.0287350240291023,est2_005
"606",7_000000000000000002e4,"2022",75.8752392471498,101.200138076445,0.0762600429730551,est2_005
"607",7_000000000000000002e5,"2023",75.9686534306141,101.211606864774,0.0156753631777407,est2_005
"608",7_000000000000000002e6,"2022",75.9299283692047,101.22145729327,0.046281856694423,est2_005
"609",7_000000000000000002e7,"2022",75.7952731508817,100.39964044261,0.120754185741851,est2_005
"610",7_000000000000000002e8,"2023",75.8004453933269,100.411788778028,0.021146010566252,est2_005
"611",7_000000000000000002e9,"2022",75.7599785187987,100.424898564217,0.0468304146866084,est2_005
"612",7_000000000000000002ea,"2023",75.8059566706335,100.473564041092,0.0211387728899661,est2_005
"613",7_000000000000000002eb,"2022",75.8141171656943,100.474847372302,0.0448942262558629,est2_005
"614",7_000000000000000002ec,"2024",75.8149173993379,100.576511193282,0.013203064734071,est2_005
"615",7_000000000000000002ed,"2022",75.7962268702513,100.583462602375,0.0149833503769388,est2_005
"616",7_000000000000000002ee,"2019",75.8129076742986,100.597912053135,0.0140850468599294,est2_005
"617",7_000000000000000002ef,"2022",75.8272845048544,100.630905817641,0.0219870509518744,est2_005
"618",7_000000000000000002f0,"2021",75.8341559790941,100.657389537543,0.0738425481029358,est2_005
"619",7_000000000000000002f1,"2024",75.8274219889395,100.665120888452,0.00967380284905822,est2_005
"620",7_000000000000000002f2,"2016",75.8196380790149,100.698219681886,0.0140784829008171,est2_005
"621",7_000000000000000002f3,"2022",75.8000046251765,100.706107821128,0.0264344580805748,est2_005
"622",7_000000000000000002f4,"2022",75.8003983762393,100.707585045323,0.0378873570387322,est2_005
"623",7_000000000000000002f5,"2022",75.8008646298786,100.7085035402,0.0185015583898099,est2_005
"624",7_000000000000000002f6,"2022",75.8277812822303,100.780734056182,0.0105531214209654,est2_005
"625",7_000000000000000002f7,"2021",75.8126936885643,101.026041742878,0.0193680562660874,est2_005
"626",7_000000000000000002f8,"2021",75.8140071050781,101.031423907743,0.010563251760048,est2_005
"627",7_000000000000000002f9,"2021",75.8140071050781,101.031423907743,0.010563251760048,est2_005
"628",7_000000000000000002fa,"2021",75.770157076398,101.078079884246,0.101538582668697,est2_005
"629",7_000000000000000002fb,"2021",75.7723742041815,101.083527054444,0.0653314060157152,est2_005
"630",7_000000000000000002fc,"2021",75.7723742041815,101.083527054444,0.0653314060157152,est2_005
"631",7_000000000000000002fd,"2021",75.7712386662402,101.100136693595,0.0176580718200127,est2_005
"632",7_000000000000000002fe,"2016",75.7658854439335,101.097243854081,0.0300286713109075,est2_005
"633",7_000000000000000002ff,"2024",75.7682801606837,101.100526271485,0.00971325170373805,est2_005
"634",7_00000000000000000300,"2016",75.7684026307318,101.107361556569,0.0105968020562609,est2_005
"635",7_00000000000000000301,"2021",75.7706484152049,101.110146315557,0.0132434822395637,est2_005
"636",7_00000000000000000302,"2018",75.7667033990567,101.117811428694,0.0114810146829599,est2_005
"637",7_00000000000000000303,"2016",75.7685047452514,101.120986441756,0.028257967309585,est2_005
"638",7_00000000000000000304,"2018",75.5121075787934,100.421923554046,0.153658690433775,est2_005
"639",7_00000000000000000305,"2024",75.4735510751235,100.520328813758,0.00991099626758983,est2_005
"640",7_00000000000000000306,"2024",75.4746780535773,100.526747665936,0.00990939920069846,est2_005
"641",7_00000000000000000307,"2023",75.1747060958816,100.505041157143,0.010109829423225,est2_005
"642",7_00000000000000000308,"2016",75.1760959696194,100.518515839855,0.014703838994355,est2_005
"643",7_00000000000000000309,"2021",74.9584002985489,100.108625535736,0.0298302681088849,est2_005
"644",7_0000000000000000030a,"2023",74.959222014347,100.132041565082,0.0214394562229142,est2_005
"645",7_0000000000000000030b,"2023",74.959222014347,100.132041565082,0.0214394562229142,est2_005
"646",7_0000000000000000030c,"2019",74.9610841949457,100.154703022273,0.116502399722724,est2_005
"647",7_0000000000000000030d,"2023",74.9391678259266,100.175718808487,0.0102668275447507,est2_005
"648",7_0000000000000000033a,"2023",75.9926547872192,101.388535907243,0.0130407285786722,est2_005
"649",7_0000000000000000033b,"2022",75.990544951554,101.394622738681,0.0408699467916736,est2_005
"650",7_0000000000000000033c,"2023",75.9875196257966,101.400985312807,0.0252219841257314,est2_005
"651",7_0000000000000000033d,"2022",75.9769528375214,101.597653012956,0.0217596235967606,est2_005
"652",7_0000000000000000033e,"2016",75.9692577088899,101.749134013817,0.0548634740193688,est2_005
"653",7_0000000000000000033f,"2022",75.9659159614714,101.765665810038,0.0574862803859824,est2_005
"654",7_00000000000000000340,"2016",75.9657618012076,101.770245023025,0.0661983517296879,est2_005
"655",7_00000000000000000341,"2016",75.9683921197406,101.772939672852,0.00958020025758963,est2_005
"656",7_00000000000000000342,"2022",76.0150744242279,101.788795323896,0.0138890749211644,est2_005
"657",7_00000000000000000344,"2016",75.9780505735134,101.806445692053,0.0635326709704473,est2_005
"658",7_00000000000000000345,"2024",75.9649056384703,101.813167859566,0.0113247361492011,est2_005
"659",7_00000000000000000346,"2021",75.9638138736836,101.821022868307,0.0392015165503024,est2_005
"660",7_00000000000000000347,"2022",75.9713544509489,101.826128417388,0.0696576960052776,est2_005
"661",7_00000000000000000348,"2023",76.0219200152506,101.823549793357,0.0121474855135506,est2_005
"662",7_00000000000000000349,"2022",75.9670118595559,101.829559419438,0.035709988671214,est2_005
"663",7_0000000000000000034a,"2023",76.0716521731085,101.829135319044,0.0302606868270188,est2_005
"664",7_0000000000000000034b,"2023",75.974915357364,101.827985164143,0.0235046925495669,est2_005
"665",7_0000000000000000034c,"2016",75.9805600725999,101.830868370302,0.114858512690937,est2_005
"666",7_0000000000000000034d,"2023",76.0716521731085,101.829135319044,0.0302606868270188,est2_005
"667",7_0000000000000000034e,"2022",76.0218545638181,101.83088343156,0.0737504376088301,est2_005
"668",7_0000000000000000034f,"2016",75.9808433288026,101.835465164534,0.186200119458772,est2_005
"669",7_00000000000000000350,"2022",76.0116823848571,101.834486827537,0.0833514483717978,est2_005
"670",7_00000000000000000351,"2021",75.9622841680769,101.842394165687,0.281435386195427,est2_005
"671",7_00000000000000000352,"2023",75.9742695154202,101.838567595077,0.0139282297643601,est2_005
"672",7_00000000000000000353,"2016",76.0020728216306,101.843989823348,0.0738524673675576,est2_005
"673",7_00000000000000000354,"2022",75.9809910231,101.844568781681,0.154873961842468,est2_005
"674",7_00000000000000000355,"2021",76.0470287424077,101.844710337831,0.036375820574627,est2_005
"675",7_00000000000000000356,"2022",75.9802604596603,101.850398004708,0.0930961063728399,est2_005
"676",7_00000000000000000357,"2022",75.9819215960939,101.852545052453,0.0635142616223048,est2_005
"677",7_00000000000000000358,"2022",76.0728019937507,101.842048481676,0.0587874120691771,est2_005
"678",7_00000000000000000359,"2023",76.0000909641178,101.852629371716,0.0121651459451948,est2_005
"679",7_0000000000000000035a,"2016",76.0134339825615,101.865410442405,0.388914710337185,est2_005
"680",7_0000000000000000035b,"2022",75.9802571990279,101.852021696378,0.0678654581564219,est2_005
"681",7_0000000000000000035c,"2022",76.0062882115612,101.864125621417,0.0955412134573959,est2_005
"682",7_0000000000000000035d,"2023",76.0012866019284,101.85854489945,0.0165087079312999,est2_005
"683",7_0000000000000000035e,"2021",75.9841334138458,101.861227881538,0.0469752853867166,est2_005
"684",7_0000000000000000035f,"2022",76.045223497055,101.864375572526,0.0580415477196324,est2_005
"685",7_00000000000000000360,"2022",76.0059599672447,101.865755815521,0.0955412134573959,est2_005
"686",7_00000000000000000361,"2023",75.9977965962653,101.875152299893,0.0182502840302798,est2_005
"687",7_00000000000000000362,"2022",75.9923694041472,101.872796374872,0.0234747624942624,est2_005
"688",7_00000000000000000363,"2022",76.0291030354929,101.876271554029,0.0424936915969264,est2_005
"689",7_00000000000000000364,"2022",76.0511551177953,101.881966516029,0.0857214550216591,est2_005
"690",7_00000000000000000365,"2024",76.0347643259511,101.882865736638,0.0138693267914022,est2_005
"691",7_00000000000000000366,"2024",76.0472315503527,101.886323336092,0.00952684115055735,est2_005
"692",7_00000000000000000367,"2019",75.9745028887781,101.894243707608,0.103591648491994,est2_005
"693",7_00000000000000000368,"2022",76.0114816067295,101.890445292262,0.0329944572895787,est2_005
"694",7_00000000000000000369,"2024",76.0286895110566,101.892533963705,0.010406694100256,est2_005
"695",7_0000000000000000036a,"2022",76.0321661041905,101.895816412538,0.0329468574953585,est2_005
"696",7_0000000000000000036b,"2023",75.9602033129434,101.895373368612,0.0322422115628526,est2_005
"697",7_0000000000000000036c,"2022",76.0200685707009,101.898202120083,0.0121481408082193,est2_005
"698",7_0000000000000000036d,"2022",76.0321661041905,101.895816412538,0.0329468574953585,est2_005
"699",7_0000000000000000036e,"2023",76.0094895148004,101.897747231094,0.0156321507920125,est2_005
"700",7_0000000000000000036f,"2022",75.9646585068119,101.898695424618,0.0540097186950015,est2_005
"701",7_00000000000000000370,"2022",76.0744952448132,101.901954068345,0.0172884562822503,est2_005
"702",7_00000000000000000371,"2022",75.9976364253229,101.91613533118,0.0286812210329487,est2_005
"703",7_00000000000000000372,"2021",76.0331148911534,101.908853403613,0.103171377252647,est2_005
"704",7_00000000000000000373,"2020",76.0751762473066,101.918247860695,0.0535905244128511,est2_005
"705",7_00000000000000000374,"2022",75.9610595676246,101.923039199673,0.017426797339043,est2_005
"706",7_00000000000000000375,"2021",76.0230066092645,101.9242616818,0.219463322817597,est2_005
"707",7_00000000000000000376,"2024",75.9947780138937,101.927029322144,0.0104316792733162,est2_005
"708",7_00000000000000000377,"2023",75.961147716427,101.930014318129,0.0130696856135794,est2_005
"709",7_00000000000000000378,"2021",76.0134914238828,101.926044321488,0.0251764009231097,est2_005
"710",7_00000000000000000379,"2023",76.0017604386247,101.935714387661,0.00955802539333246,est2_005
"711",7_0000000000000000037a,"2021",76.0242912443743,101.925614483444,0.219463322817597,est2_005
"712",7_0000000000000000037b,"2022",75.9602364009767,101.937147228561,0.0121991811676135,est2_005
"713",7_0000000000000000037c,"2022",75.9613106921129,101.941826661765,0.036594643010722,est2_005
"714",7_0000000000000000037d,"2022",76.0206439247188,101.9352705879,0.0242953142894952,est2_005
"715",7_0000000000000000037e,"2016",76.0741778275043,101.943666898554,0.191907487922944,est2_005
"716",7_0000000000000000037f,"2019",75.9753084406772,101.929929647619,0.269864202456925,est2_005
"717",7_00000000000000000380,"2022",76.0097780246866,101.943814789374,0.0755465686223574,est2_005
"718",7_00000000000000000381,"2022",76.0018500842579,101.950912887568,0.0356244718398095,est2_005
"719",7_00000000000000000382,"2022",76.0248352758119,101.948735939572,0.0199519491613157,est2_005
"720",7_00000000000000000383,"2021",76.0289079416148,101.952070422969,0.0294849532908557,est2_005
"721",7_00000000000000000384,"2022",76.0372407679881,101.955412601613,0.0130007265675939,est2_005
"722",7_00000000000000000385,"2023",76.0692631965442,101.950831006497,0.0510210640398208,est2_005
"723",7_00000000000000000386,"2022",76.0205665095954,101.959882604864,0.0242971810349142,est2_005
"724",7_00000000000000000387,"2023",76.0250550686677,101.964945696479,0.0208179141316514,est2_005
"725",7_00000000000000000388,"2022",76.0755652869243,101.969377566977,0.0432218162955439,est2_005
"726",7_00000000000000000389,"2022",76.0355773008718,101.968825172572,0.0710796462314548,est2_005
"727",7_0000000000000000038a,"2024",76.0106423524024,101.971954068722,0.0130253098782232,est2_005
"728",7_0000000000000000038b,"2016",75.9742373680744,101.980417539372,0.432652639651869,est2_005
"729",7_0000000000000000038c,"2023",76.023796885827,101.974466778921,0.024291047762965,est2_005
"730",7_0000000000000000038d,"2016",76.0061439240309,101.976859754681,0.157206489689681,est2_005
"731",7_0000000000000000038e,"2023",76.0780804352595,101.983468567079,0.0656838167412022,est2_005
"732",7_0000000000000000038f,"2022",75.9944952485228,101.980070473647,0.0208639590798162,est2_005
"733",7_00000000000000000390,"2023",76.0115569741453,101.981162549448,0.0130241628904253,est2_005
"734",7_00000000000000000391,"2024",76.0111993194977,101.988698760499,0.0260488725431051,est2_005
"735",7_00000000000000000392,"2022",76.0238808339531,101.988746675455,0.0242909974625667,est2_005
"736",7_00000000000000000393,"2024",75.9811686001429,101.990091077885,0.0104414290853559,est2_005
"737",7_00000000000000000394,"2023",76.0769836699627,101.985152722817,0.0656838167412022,est2_005
"738",7_00000000000000000395,"2022",76.0387298821315,101.992191582057,0.0329313930629491,est2_005
"739",7_00000000000000000396,"2024",76.0135805452563,101.99385366209,0.0112854242525783,est2_005
"740",7_00000000000000000397,"2021",75.9661392342455,101.998181786999,0.0731678629227243,est2_005
"741",7_00000000000000000398,"2022",75.9754351769871,102.009727826401,0.0948809544444758,est2_005
"742",7_00000000000000000399,"2022",76.0737050087209,102.010111930203,0.0553271619368372,est2_005
"743",7_0000000000000000039a,"2019",76.0771331189421,102.019108790824,0.0354358099650492,est2_005
"744",7_0000000000000000039b,"2022",75.9885091182594,102.030793223807,0.031307579804086,est2_005
"745",7_0000000000000000039c,"2024",76.0699671090006,102.031727933079,0.0121068914627097,est2_005
"746",7_0000000000000000039d,"2021",75.9888056244438,102.038607582183,0.0130448171307177,est2_005
"747",7_0000000000000000039e,"2024",75.980272933587,102.045947737155,0.014793331494213,est2_005
"748",7_0000000000000000039f,"2021",76.0563379511513,102.050081242766,0.0242347894545568,est2_005
"749",7_000000000000000003a0,"2023",75.97975914834,102.058095700235,0.0156635379759772,est2_005
"750",7_000000000000000003a1,"2024",75.9915441672152,102.062450362391,0.013911463991535,est2_005
"751",7_000000000000000003a2,"2022",75.985955014523,102.071868258262,0.0617568503250517,est2_005
"752",7_000000000000000003a4,"2023",75.9886996509669,102.076369666893,0.0226126066878494,est2_005
"753",7_000000000000000003a6,"2022",76.0610658098796,102.080657056797,0.050184615258776,est2_005
"754",7_000000000000000003a7,"2021",76.0205627479922,102.090634926587,0.0347087546055776,est2_005
"755",7_000000000000000003a8,"2021",76.0473295564579,102.093442228508,0.00952777407104265,est2_005
"756",7_000000000000000003a9,"2024",76.0203415781507,102.098832085665,0.0121482977993667,est2_005
"757",7_000000000000000003ad,"2023",76.0534830062513,102.108309310411,0.010388234325905,est2_005
"758",7_000000000000000003af,"2021",76.0518213314187,102.115081031676,0.0709975137657072,est2_005
"759",7_000000000000000003b0,"2023",76.0474306044217,102.116464603476,0.0233834410671457,est2_005
"760",7_000000000000000003b1,"2023",76.0474306044217,102.116464603476,0.0233834410671457,est2_005
"761",7_000000000000000003b5,"2022",76.0585437456041,102.130860761094,0.0328853859685418,est2_005
"762",7_000000000000000003bd,"2024",75.8477957514862,101.211548130334,0.0131731610531331,est2_005
"763",7_000000000000000003be,"2022",75.8444309191709,101.213996769399,0.0245946710616434,est2_005
"764",7_000000000000000003bf,"2022",75.8444309191709,101.213996769399,0.0245946710616434,est2_005
"765",7_000000000000000003c0,"2022",75.8478282686197,101.218677456896,0.0342507195190888,est2_005
"766",7_000000000000000003c1,"2023",75.8449979912526,101.223757100927,0.0149334626454671,est2_005
"767",7_000000000000000003c2,"2022",75.865921728689,101.2285489355,0.0271917250137952,est2_005
"768",7_000000000000000003c3,"2022",75.8810182002255,101.252439229263,0.0201529922898919,est2_005
"769",7_000000000000000003c4,"2022",75.8810182002255,101.252439229263,0.0201529922898919,est2_005
"770",7_000000000000000003c5,"2022",75.8864963758294,101.254596100703,0.0210222211686018,est2_005
"771",7_000000000000000003c6,"2021",75.8732053844254,101.27366938638,0.0903019932585164,est2_005
"772",7_000000000000000003c7,"2021",75.8560659300543,101.280363812844,0.0649537914098727,est2_005
"773",7_000000000000000003c8,"2022",75.8698150291292,101.286111896067,0.0394601692702888,est2_005
"774",7_000000000000000003c9,"2024",75.9012634354509,101.296681419055,0.0140000359702945,est2_005
"775",7_000000000000000003ca,"2022",75.8797261635312,101.300963172021,0.258466459638249,est2_005
"776",7_000000000000000003cb,"2023",75.8667398034989,101.305525077499,0.0166639025785868,est2_005
"777",7_000000000000000003cc,"2023",75.8861804080806,101.302498263052,0.0376633146231301,est2_005
"778",7_000000000000000003cd,"2023",75.8960625905028,101.30616974036,0.0122538562393767,est2_005
"779",7_000000000000000003ce,"2020",75.8810863346389,101.301780602121,0.258466459638249,est2_005
"780",7_000000000000000003cf,"2022",75.8874703321021,101.315328978378,0.0700649030220483,est2_005
"781",7_000000000000000003d0,"2016",75.8760006363872,101.308651986637,0.178803804594896,est2_005
"782",7_000000000000000003d1,"2022",75.882980755217,101.318665967067,0.0254065183029024,est2_005
"783",7_000000000000000003d2,"2022",75.882973596836,101.319336253075,0.0254065183029024,est2_005
"784",7_000000000000000003d3,"2022",75.8946273387372,101.316911390821,0.0183831960746034,est2_005
"785",7_000000000000000003d4,"2022",75.8810528484265,101.317249069193,0.0254097789300076,est2_005
"786",7_000000000000000003d5,"2022",75.8875220286317,101.31735803058,0.0700649030220483,est2_005
"787",7_000000000000000003d6,"2021",75.8763981033466,101.324250673682,0.0131471503451821,est2_005
"788",7_000000000000000003d7,"2022",75.883476837601,101.328616494055,0.00963689483832035,est2_005
"789",7_000000000000000003d8,"2022",75.8956146468229,101.329092120341,0.014879905196554,est2_005
"790",7_000000000000000003d9,"2021",75.87166056308,101.325320047438,0.122752010933278,est2_005
"791",7_000000000000000003da,"2019",75.952049176053,101.387521512778,0.0252837723823663,est2_005
"792",7_000000000000000003db,"2022",75.8996955123276,101.390265539324,0.0192509628832656,est2_005
"793",7_000000000000000003dc,"2022",75.903621884297,101.385872304994,0.0551174604721763,est2_005
"794",7_000000000000000003dd,"2024",75.9102604284108,101.494873974461,0.0113675674570215,est2_005
"795",7_000000000000000003de,"2024",75.921601329198,101.500626013714,0.013105878641096,est2_005
"796",7_000000000000000003df,"2024",75.9738000572842,101.517830201296,0.0165402754297243,est2_005
"797",7_000000000000000003e0,"2024",75.9063046217669,101.532925220886,0.014869701870002,est2_005
"798",7_000000000000000003e1,"2021",75.9753780850686,101.537823788683,0.0426532073533592,est2_005
"799",7_000000000000000003e2,"2024",75.904901658278,101.537474830488,0.0104969641699516,est2_005
"800",7_000000000000000003e3,"2021",75.9122727903038,101.551465709141,0.0987940388646484,est2_005
"801",7_000000000000000003e4,"2016",75.9250501327959,101.537459639107,0.297871115788788,est2_005
"802",7_000000000000000003e5,"2022",75.9169764888685,101.550829059627,0.0262213952909339,est2_005
"803",7_000000000000000003e6,"2024",75.9205841531694,101.553748161917,0.0113598223810533,est2_005
"804",7_000000000000000003e7,"2023",75.9176127907763,101.558315702807,0.0104883997775252,est2_005
"805",7_000000000000000003e8,"2022",75.9204070306603,101.56663489444,0.0340789911016068,est2_005
"806",7_000000000000000003e9,"2022",75.916117152957,101.570456359472,0.0122369011868313,est2_005
"807",7_000000000000000003ea,"2023",75.9183028883984,101.572594882979,0.013982924956062,est2_005
"808",7_000000000000000003ec,"2023",75.9488603526294,101.588606276886,0.0226750662454543,est2_005
"809",7_000000000000000003ee,"2022",75.9401279132426,101.595790268742,0.032286609896288,est2_005
"810",7_000000000000000003ef,"2021",75.9432555334049,101.624112463395,0.0261735496797392,est2_005
"811",7_000000000000000003f0,"2023",75.9449216193914,101.62829467212,0.00959579234067541,est2_005
"812",7_000000000000000003f1,"2021",75.9467556377672,101.626533293099,0.0340159771441788,est2_005
"813",7_000000000000000003f2,"2023",75.9518899379368,101.639014193708,0.0139501125988334,est2_005
"814",7_000000000000000003f3,"2018",75.9236518026221,101.641515142175,0.0200934970162617,est2_005
"815",7_000000000000000003f4,"2018",75.9236518026221,101.641515142175,0.0200934970162617,est2_005
"816",7_000000000000000003f5,"2023",75.9407628079843,101.642853485937,0.0191967576004806,est2_005
"817",7_000000000000000003f6,"2018",75.954319969333,101.649676668052,0.0313835860853105,est2_005
"818",7_000000000000000003f7,"2023",75.921858999369,101.646993575896,0.0148532336402479,est2_005
"819",7_000000000000000003f8,"2018",75.9457079207678,101.649690222967,0.0732700143726452,est2_005
"820",7_000000000000000003f9,"2024",75.9268115530544,101.651039847298,0.0131009012348277,est2_005
"821",7_000000000000000003fa,"2024",75.9398460994921,101.664631418271,0.0104709736159875,est2_005
"822",7_000000000000000003fb,"2021",75.9416528333013,101.674597538617,0.343757226373021,est2_005
"823",7_000000000000000003fc,"2021",75.9432787968625,101.670005633418,0.261743027256691,est2_005
"824",7_000000000000000003fd,"2022",75.9479105189701,101.673765571211,0.00959356432770721,est2_005
"825",7_000000000000000003fe,"2024",75.9394363275979,101.67665968567,0.143980244283354,est2_005
"826",7_000000000000000003ff,"2022",75.9468508921991,101.68269373698,0.0130828401630929,est2_005
"827",7_00000000000000000400,"2022",75.9411801759305,101.690279340586,0.313253993622928,est2_005
"828",7_00000000000000000401,"2021",75.9399746749127,101.697943208286,0.184982894971755,est2_005
"829",7_00000000000000000402,"2021",75.9304310310367,101.723007828204,0.0768427370867181,est2_005
"830",7_00000000000000000403,"2016",75.9488804648818,101.727139909612,0.0244179827382754,est2_005
"831",7_00000000000000000404,"2019",75.9426883453695,101.733908325811,0.0157037403030162,est2_005
"832",7_00000000000000000405,"2022",75.9339822493837,101.73325853362,0.0226997960965787,est2_005
"833",7_00000000000000000406,"2021",75.9441376137839,101.737562321483,0.00959619020349112,est2_005
"834",7_00000000000000000407,"2021",75.9457012978712,101.735507311848,0.0226795026665656,est2_005
"835",7_00000000000000000408,"2016",75.9438862630317,101.744479724675,0.0689163021033699,est2_005
"836",7_00000000000000000409,"2016",75.949408503054,101.742263587465,0.0619146285412246,est2_005
"837",7_0000000000000000040a,"2016",75.9445069794665,101.744263528062,0.0689163021033699,est2_005
"838",7_0000000000000000040b,"2019",75.9484851928895,101.753088991428,0.0113379004646867,est2_005
"839",7_0000000000000000040c,"2016",75.9624326915662,101.753714446286,0.0688301947089436,est2_005
"840",7_0000000000000000040d,"2022",75.9657939402019,101.764874499563,0.0156788092439877,est2_005
"841",7_0000000000000000040e,"2022",75.9587896189019,101.76772097455,0.0156875435711101,est2_005
"842",7_0000000000000000040f,"2016",75.96565008161,101.771020817882,0.0644563245039508,est2_005
"843",7_00000000000000000410,"2018",75.9502504304188,101.776264629922,0.0139520539093558,est2_005
"844",7_00000000000000000411,"2024",75.947616550504,101.785948768486,0.0122100887326942,est2_005
"845",7_00000000000000000412,"2022",75.9551486553564,101.791147984355,0.051431106577038,est2_005
"846",7_00000000000000000413,"2021",75.9636913563629,101.785764795673,0.0923473719107571,est2_005
"847",7_00000000000000000414,"2021",75.9559852296594,101.805035718773,0.15253348343673,est2_005
"848",7_00000000000000000415,"2022",75.961456772972,101.813270562141,0.0191692312027169,est2_005
"849",7_00000000000000000416,"2022",75.9635035474974,101.821210684855,0.0392015165503024,est2_005
"850",7_00000000000000000417,"2020",75.9613565188649,101.835667312058,0.281435386195427,est2_005
"851",7_00000000000000000418,"2021",75.9333786611999,101.913848695656,0.02968333271068,est2_005
"852",7_0000000000000000041d,"2021",75.0379568133349,100.890015622373,0.0779000727057216,est2_005
"853",7_0000000000000000041e,"2021",75.0141318481118,100.892289572947,0.0501542856187022,est2_005
"854",7_0000000000000000041f,"2021",75.0551399628106,100.9345171246,0.0787371145385841,est2_005
"855",7_00000000000000000420,"2023",74.8884673351989,100.954652645502,0.0177918181746183,est2_005
"856",7_00000000000000000421,"2023",74.8903938171787,100.981825399536,0.0196630694207438,est2_005
"857",7_00000000000000000507,"2022",75.985955014523,102.071868258262,0.0617568503250517,est2_005
"858",7_00000000000000000508,"2022",75.9886345914609,102.076688847758,0.0226126066878494,est2_005
"859",7_00000000000000000509,"2022",75.9915343848488,102.082856666677,0.0313017799784201,est2_005
"860",7_0000000000000000050a,"2022",75.9926182583096,102.091235222584,0.017388536389627,est2_005
"861",7_0000000000000000050b,"2022",76.0135055542326,102.103929382225,0.021704149713505,est2_005
"862",7_0000000000000000050c,"2022",76.0571664960743,102.140620942552,0.0882796007674038,est2_005
"863",7_0000000000000000050d,"2023",76.0498459766791,102.14578150517,0.0216485760658728,est2_005
"864",7_0000000000000000050e,"2022",76.0264723210423,102.153850695235,0.0173464639135423,est2_005
"865",7_0000000000000000050f,"2021",76.028624070113,102.144300414247,0.107535137307942,est2_005
"866",7_00000000000000000512,"2023",76.0023280432448,102.16138648226,0.019984032104073,est2_005
"867",7_00000000000000000513,"2021",76.0149907174091,102.157953578307,0.0251732796750474,est2_005
"868",7_00000000000000000517,"2023",76.0239309847934,102.164604083076,0.0355677295263933,est2_005
"869",7_00000000000000000518,"2024",76.0258943538566,102.165749708792,0.0112758265281726,est2_005
"870",7_00000000000000000519,"2022",76.0238136912634,102.165193912475,0.0355677295263933,est2_005
"871",7_0000000000000000051c,"2021",75.9845276630826,102.173806966386,0.0434967364536725,est2_005
"872",7_0000000000000000051e,"2016",76.016289366908,102.182711528741,0.301169829595448,est2_005
"873",7_00000000000000000522,"2022",76.0035798603974,102.178960083411,0.0139001213323574,est2_005
"874",7_00000000000000000524,"2022",75.9905828612963,102.183632291678,0.0234776081211013,est2_005
"875",7_00000000000000000527,"2022",75.9905828612963,102.183632291678,0.0234776081211013,est2_005
"876",7_00000000000000000528,"2023",76.0100287233599,102.188278043468,0.0130253726370385,est2_005
"877",7_0000000000000000052f,"2018",75.9821429484828,102.191400019927,0.0113108501263555,est2_005
"878",7_00000000000000000532,"2021",76.0018016481786,102.192262166776,0.112950160806372,est2_005
"879",7_0000000000000000053a,"2023",76.0089240656351,102.205562174635,0.0208422967238725,est2_005
"880",7_0000000000000000054a,"2024",75.9932604019946,102.241437367098,0.0165183086059798,est2_005
"881",7_0000000000000000054e,"2024",75.9950476182113,102.243281266021,0.00956241923245643,est2_005
"882",7_00000000000000000556,"2021",75.9971221283005,102.251122282332,0.269423122799589,est2_005
"883",7_0000000000000000055c,"2022",75.9947491856825,102.284202273542,0.0191235069211096,est2_005
"884",7_00000000000000000604,"2024",74.8178952285423,101.238458385963,0.0103481581591233,est2_005
"885",7_00000000000000000605,"2024",74.8216681819066,101.263104895259,0.0103453360280415,est2_005
"886",7_00000000000000000606,"2016",74.7841510155174,101.428586505106,0.0207396118655952,est2_005
"887",7_00000000000000000607,"2016",74.7999782393185,101.475137405894,0.0470860943633683,est2_005
"888",7_00000000000000000608,"2016",74.7999782393185,101.475137405894,0.0470860943633683,est2_005
"889",7_000000000000000006c6,"2019",74.8218340182371,102.205386167991,0.0122255359033173,est2_005
"890",7_000000000000000006c7,"2024",74.2776035075996,101.44202882389,0.011680161003516,est2_005
"891",7_000000000000000006d6,"2019",74.8980095255404,103.182345294047,0.0140374614875292,est2_005
"892",7_000000000000000006d7,"2024",74.6474795608656,102.73366618687,0.016166471232899,est2_005
"893",7_000000000000000006d8,"2016",74.6451246779576,102.738416154958,0.0104625895184594,est2_005
"894",7_000000000000000006d9,"2021",75.3032782151125,104.321907671111,0.0473864646697215,est2_005
"895",7_000000000000000006da,"2023",75.2973995820306,104.340340970825,0.0100276427998544,est2_005
"896",7_000000000000000006db,"2018",74.1953144596859,103.019642983464,0.0420653974273569,est2_005
"897",7_000000000000000006dc,"2020",74.144926032205,103.032567366448,0.016683646485891,est2_005
"898",7_000000000000000006dd,"2021",74.1291646731287,103.171301306619,0.0186637688751952,est2_005
"899",7_000000000000000006de,"2018",75.4670091851631,105.058411419774,0.0279403988570686,est2_005
"900",7_000000000000000006df,"2016",75.4993755614837,105.068932563036,0.0269825665650062,est2_005
"901",7_000000000000000006e0,"2016",75.5010376770355,105.087317538381,0.0449625531689625,est2_005
"902",7_000000000000000006e1,"2024",75.0937107071898,104.884769116055,0.010164062827889,est2_005
"903",7_000000000000000006e2,"2023",74.6095187482371,104.208061041083,0.02955038209525,est2_005
"904",7_000000000000000006e3,"2024",74.662210274729,104.437754929912,0.0123513639257711,est2_005
"905",7_000000000000000006e4,"2024",74.3227715198998,103.762194138306,0.0126174171436706,est2_005
"906",7_000000000000000006e5,"2016",75.4089508323772,105.318873404762,0.0407168113226578,est2_005
"907",7_000000000000000006e6,"2016",75.4112089106122,105.328751764433,0.0199042232725562,est2_005
"908",7_000000000000000006e7,"2023",75.4092077630297,105.340284776453,0.0117629937896102,est2_005
"909",7_000000000000000006e8,"2016",75.5377240200233,105.438989077425,0.0125586457935583,est2_005
"910",7_000000000000000006e9,"2023",74.7045554753283,104.595478353922,0.0142136600709453,est2_005
"911",7_000000000000000006ea,"2024",74.6220175935794,104.849518340845,0.0114301327500953,est2_005
"912",7_000000000000000006eb,"2024",74.586200193355,105.455656661384,0.0219588999122251,est2_005
"913",7_00000000000000000000,"2024",74.4411418429646,97.0991685886827,0.0105982319737345,est2_004
"914",7_00000000000000000001,"2024",74.4384468948114,97.1196502820457,0.0125271591211997,est2_004
"915",7_00000000000000000040,"2016",75.6610862405014,98.1437942302623,0.0880691562109114,est2_004
"916",7_00000000000000000041,"2023",75.6439346585276,98.3633676414617,0.0124686812396324,est2_004
"917",7_00000000000000000042,"2024",75.6149703863295,98.42014114714,0.0160629611959365,est2_004
"918",7_00000000000000000043,"2022",75.6815409319135,98.4770894756601,0.0399738648580163,est2_004
"919",7_00000000000000000044,"2018",75.6141513361831,98.5267697606979,0.0249871406119536,est2_004
"920",7_00000000000000000045,"2023",75.6040509407156,98.5753463387094,0.0357179260260263,est2_004
"921",7_00000000000000000046,"2023",75.6433627003251,98.6001354462692,0.0178144620729012,est2_004
"922",7_00000000000000000047,"2024",75.6544320887865,98.6032306540372,0.0186896633316046,est2_004
"923",7_00000000000000000048,"2024",75.609670330014,98.6094161537606,0.00981984962115202,est2_004
"924",7_00000000000000000049,"2024",75.6066048265346,98.617063107097,0.00982095760737057,est2_004
"925",7_0000000000000000004a,"2024",75.6066048265346,98.617063107097,0.00982095760737057,est2_004
"926",7_0000000000000000004b,"2024",75.6251540195533,98.6179420784069,0.00980939799014925,est2_004
"927",7_0000000000000000004c,"2019",75.6221831269656,98.6302321408205,0.178389981104395,est2_004
"928",7_0000000000000000004d,"2024",75.6072448792941,98.629006435831,0.0232140614606378,est2_004
"929",7_0000000000000000004e,"2023",75.6170236879373,98.625508920822,0.0187373931248351,est2_004
"930",7_0000000000000000004f,"2024",75.6068406317212,98.6317290204629,0.0446433802846556,est2_004
"931",7_00000000000000000050,"2023",75.624875478419,98.6361954396447,0.0169446801261467,est2_004
"932",7_00000000000000000051,"2016",75.6736204141159,98.6394742172303,0.138653443743035,est2_004
"933",7_00000000000000000052,"2023",75.6027370360089,98.6378592617635,0.0384044603605995,est2_004
"934",7_00000000000000000053,"2021",75.6061686910871,98.6362797465173,0.0330368463179202,est2_004
"935",7_00000000000000000054,"2021",75.6013055346099,98.6450152188237,0.0491276194215578,est2_004
"936",7_00000000000000000055,"2024",75.6126347822147,98.6503793364376,0.0107093997234613,est2_004
"937",7_00000000000000000056,"2023",75.6202499232395,98.6496017012836,0.018732713912681,est2_004
"938",7_00000000000000000057,"2023",75.6146041485524,98.6551058543905,0.0116012924377815,est2_004
"939",7_00000000000000000058,"2024",75.6505091233119,98.6546083939579,0.0115724483776625,est2_004
"940",7_00000000000000000059,"2022",75.642968091809,98.6640991249952,0.0231571054305524,est2_004
"941",7_0000000000000000005a,"2023",75.6488190542188,98.6615901640672,0.0169164178947875,est2_004
"942",7_0000000000000000005b,"2018",75.5917538733662,98.6663653893295,0.0983126033537052,est2_004
"943",7_0000000000000000005c,"2018",75.6222484188932,98.6669482478622,0.231907224102236,est2_004
"944",7_0000000000000000005d,"2022",75.642968091809,98.6640991249952,0.0231571054305524,est2_004
"945",7_0000000000000000005e,"2023",75.5999209459652,98.6700887429082,0.0151855301623725,est2_004
"946",7_0000000000000000005f,"2020",75.5923870502514,98.6732737919738,0.117081510209757,est2_004
"947",7_00000000000000000060,"2022",75.5756650219912,98.6779318924936,0.120793970922423,est2_004
"948",7_00000000000000000061,"2021",75.6440204215801,98.6767419210714,0.0694692785603202,est2_004
"949",7_00000000000000000062,"2022",75.6461751458451,98.6817257230944,0.101515453706137,est2_004
"950",7_00000000000000000063,"2021",75.6055732273879,98.671908877408,0.210731942360747,est2_004
"951",7_00000000000000000064,"2021",75.6301277992787,98.672245972441,0.0686410829734954,est2_004
"952",7_00000000000000000065,"2024",75.640211893716,98.6825559727626,0.0418700623209111,est2_004
"953",7_00000000000000000066,"2021",75.5755175119283,98.6793911855531,0.120793970922423,est2_004
"954",7_00000000000000000067,"2022",75.6508308066707,98.6797045089883,0.0640932925926683,est2_004
"955",7_00000000000000000068,"2022",75.5926077952423,98.6768023627796,0.0607735069266483,est2_004
"956",7_00000000000000000069,"2023",75.6458996644601,98.682463549911,0.101515453706137,est2_004
"957",7_0000000000000000006a,"2024",75.640211893716,98.6825559727626,0.0418700623209111,est2_004
"958",7_0000000000000000006b,"2022",75.6501728012697,98.704762307733,0.0373919592679445,est2_004
"959",7_0000000000000000006c,"2024",75.6565624336814,98.700505404906,0.0151283548387868,est2_004
"960",7_0000000000000000006d,"2023",75.6534792299515,98.7112018035353,0.0320420335836497,est2_004
"961",7_0000000000000000006e,"2024",75.634071826575,98.7132452041528,0.00980278958441704,est2_004
"962",7_0000000000000000006f,"2021",75.6268877061595,98.7245127816093,0.0748970413798471,est2_004
"963",7_00000000000000000070,"2024",75.6357867992329,98.7163320937383,0.00980242959866601,est2_004
"964",7_00000000000000000071,"2023",75.5657200129262,98.7156483088815,0.0241738353893226,est2_004
"965",7_00000000000000000072,"2022",75.6493583637742,98.7129963037234,0.0774578895142442,est2_004
"966",7_00000000000000000073,"2023",75.6347088345685,98.7218689705893,0.0098028519451584,est2_004
"967",7_00000000000000000074,"2022",75.6150403131652,98.7256777508688,0.0232017666594337,est2_004
"968",7_00000000000000000075,"2024",75.6424506472083,98.7315217661854,0.00979825230639447,est2_004
"969",7_00000000000000000076,"2022",75.6450578118953,98.7359900498235,0.0694602745871867,est2_004
"970",7_00000000000000000077,"2021",75.6450419944316,98.7379985170975,0.0623360401116557,est2_004
"971",7_00000000000000000078,"2022",75.6534413872486,98.7315416754296,0.0934541482732145,est2_004
"972",7_00000000000000000079,"2023",75.6249930386184,98.7472819216764,0.0124847137294109,est2_004
"973",7_0000000000000000007a,"2021",75.64490699879,98.7362499147991,0.0712414987599753,est2_004
"974",7_0000000000000000007b,"2023",75.6500373584557,98.7524680898955,0.0249274457015125,est2_004
"975",7_0000000000000000007c,"2021",75.6386182876803,98.7533241625662,0.226285207056854,est2_004
"976",7_0000000000000000007d,"2023",75.634236425603,98.7422139441704,0.0926852338752249,est2_004
"977",7_0000000000000000007e,"2023",75.6543055973976,98.7486128774149,0.0391601141816524,est2_004
"978",7_0000000000000000007f,"2023",75.6489675490371,98.7598759003444,0.0195867267859077,est2_004
"979",7_00000000000000000080,"2023",75.6489675490371,98.7598759003444,0.0195867267859077,est2_004
"980",7_00000000000000000081,"2022",75.6322780112855,98.7498774934288,0.100730514901629,est2_004
"981",7_00000000000000000082,"2023",75.6511152679309,98.7657462767622,0.0409469478003248,est2_004
"982",7_00000000000000000083,"2023",75.6511152679309,98.7657462767622,0.0409469478003248,est2_004
"983",7_00000000000000000084,"2024",75.6377650958801,98.7699676509173,0.0142555998016486,est2_004
"984",7_00000000000000000085,"2022",75.6567860187422,98.7693514399889,0.0195766742049011,est2_004
"985",7_00000000000000000086,"2023",75.6540175677722,98.7804792178812,0.0400502670861447,est2_004
"986",7_000000000000000000a6,"2022",75.9015236855276,99.3375379755959,0.0542463286564891,est2_004
"987",7_000000000000000000a7,"2023",75.9027072954975,99.3510458549272,0.0332452282685333,est2_004
"988",7_000000000000000000a8,"2023",75.8967494259662,99.3574239272098,0.021005483335755,est2_004
"989",7_000000000000000000aa,"2023",75.8967117691543,99.3669379132932,0.0595172362406142,est2_004
"990",7_000000000000000000ab,"2022",75.9002274991827,99.3930174085384,0.027127419253239,est2_004
"991",7_000000000000000000ac,"2024",75.9181838949418,99.4155515515892,0.0139833549873471,est2_004
"992",7_000000000000000000b0,"2024",75.9181838949418,99.4155515515892,0.0139833549873471,est2_004
"993",7_000000000000000000b2,"2024",75.9094021512217,99.4366567449434,0.0262331858507177,est2_004
"994",7_000000000000000000b3,"2024",75.9119085346865,99.4412112201516,0.0104921890673661,est2_004
"995",7_000000000000000000b4,"2024",75.9190231421839,99.478616991179,0.017477130614829,est2_004
"996",7_000000000000000000b5,"2023",75.9074955267324,99.5644714178438,0.0209906571772428,est2_004
"997",7_000000000000000000b6,"2023",75.9095369652845,99.5642490058377,0.0349796140473011,est2_004
"998",7_000000000000000000b7,"2023",75.9048477519162,99.5731154545737,0.0209946244143217,est2_004
"999",7_000000000000000000b8,"2022",75.7727661746863,99.2439300573999,0.0176549040504935,est2_004
"1000",7_000000000000000000b9,"2022",75.7700881100318,99.2762845441289,0.053861434702467,est2_004
"1001",7_000000000000000000ba,"2024",75.8466907979352,99.2860159407436,0.0140533712989731,est2_004
"1002",7_000000000000000000bb,"2023",75.8244697683823,99.2882607957377,0.0105558845733671,est2_004
"1003",7_000000000000000000bc,"2021",75.8721969563204,99.2923260931923,0.0192886969643058,est2_004
"1004",7_000000000000000000bd,"2022",75.774308984351,99.2898070875412,0.0503114184857266,est2_004
"1005",7_000000000000000000be,"2024",75.7751784287683,99.2919189865473,0.0503114184857266,est2_004
"1006",7_000000000000000000bf,"2022",75.8376994793137,99.2955685764846,0.0254868124102228,est2_004
"1007",7_000000000000000000c0,"2023",75.8215828570921,99.3139199446838,0.0105584802791556,est2_004
"1008",7_000000000000000000c1,"2024",75.8554943270318,99.3488195305586,0.0105333929351082,est2_004
"1009",7_000000000000000000c2,"2024",75.8153568804206,99.3484946958147,0.0114422720121453,est2_004
"1010",7_000000000000000000c3,"2023",75.8583274759248,99.3581050618671,0.0377369467655751,est2_004
"1011",7_000000000000000000c4,"2023",75.8583274759248,99.3581050618671,0.0377369467655751,est2_004
"1012",7_000000000000000000c5,"2023",75.8669067623134,99.3734372644495,0.0175416052243666,est2_004
"1013",7_000000000000000000c6,"2024",75.8729665339431,99.4866211168187,0.0105201069383703,est2_004
"1014",7_000000000000000000c7,"2023",75.88379454429,99.4857501324733,0.0166442447242898,est2_004
"1015",7_000000000000000000c8,"2022",75.5889295815712,98.7921134372089,0.0500615709536637,est2_004
"1016",7_000000000000000000c9,"2023",75.6091734290054,98.7911155703527,0.0303528530538046,est2_004
"1017",7_000000000000000000ca,"2023",75.6093554500075,98.7920248030959,0.0303528530538046,est2_004
"1018",7_000000000000000000cb,"2022",75.5696946692422,98.7956594437438,0.0232739445907415,est2_004
"1019",7_000000000000000000cc,"2022",75.5597985555443,98.7981790946504,0.0609107110651566,est2_004
"1020",7_000000000000000000cd,"2022",75.5599908841101,98.7991726011825,0.0609107110651566,est2_004
"1021",7_000000000000000000ce,"2024",75.6105213599996,98.8082181137725,0.0169601196785124,est2_004
"1022",7_000000000000000000cf,"2022",75.5924710493531,98.8425152661321,0.0232367173573159,est2_004
"1023",7_000000000000000000d0,"2024",75.5930001053423,98.8495359970843,0.0125123968118882,est2_004
"1024",7_000000000000000000d1,"2023",75.596734593422,98.8487272874872,0.00982846862712178,est2_004
"1025",7_000000000000000000d2,"2018",75.7018591083767,98.8777590825801,0.0904828697018022,est2_004
"1026",7_000000000000000000d3,"2023",75.5834681119816,98.8788250293174,0.0143082083342674,est2_004
"1027",7_000000000000000000d4,"2022",75.577948995956,98.8880004341193,0.0295233998866379,est2_004
"1028",7_000000000000000000d5,"2021",75.6944386262977,98.9003723122067,0.00976240502458706,est2_004
"1029",7_000000000000000000d6,"2023",75.5489100977035,98.9011337362892,0.060956038357386,est2_004
"1030",7_000000000000000000d7,"2023",75.5933314842527,98.9342455608312,0.0178735337349495,est2_004
"1031",7_000000000000000000d8,"2023",75.6060219643388,98.9371923556702,0.0250013621259731,est2_004
"1032",7_000000000000000000d9,"2023",75.5421641141929,98.940443430653,0.0349728700760885,est2_004
"1033",7_000000000000000000da,"2023",75.5385237664827,98.9725601459038,0.00986748149395776,est2_004
"1034",7_000000000000000000db,"2023",75.5559663359312,98.9756614515068,0.0241898656274788,est2_004
"1035",7_000000000000000000dc,"2023",75.5375564199071,99.0268547553774,0.0170444482070115,est2_004
"1036",7_000000000000000000dd,"2024",75.6137127809028,99.1131015983184,0.010709293126576,est2_004
"1037",7_000000000000000000de,"2024",75.5690991647465,99.2757538021026,0.00984675866442516,est2_004
"1038",7_000000000000000000df,"2022",75.5687852052165,99.2820238791037,0.0286450694444243,est2_004
"1039",7_000000000000000000e0,"2023",75.5707862743883,99.28576373009,0.0170062370230617,est2_004
"1040",7_000000000000000000e1,"2021",75.5629837930948,99.3015620640417,0.053732045900379,est2_004
"1041",7_000000000000000000e2,"2024",75.595836271183,99.3299548897527,0.0107225506928184,est2_004
"1042",7_000000000000000000e3,"2023",75.5720620237997,99.3422840838893,0.0187942695961536,est2_004
"1043",7_000000000000000000e4,"2023",75.572929237865,99.3844826799782,0.0161081926280327,est2_004
"1044",7_000000000000000000e5,"2023",75.5441586497222,99.3961444133923,0.00986333192064406,est2_004
"1045",7_000000000000000000e6,"2021",75.5722405526357,99.3958040892652,0.0295333785334938,est2_004
"1046",7_000000000000000000e7,"2024",75.547147589957,99.4227508987349,0.00986158475836908,est2_004
"1047",7_000000000000000000e8,"2023",75.5469558636957,99.4319883210376,0.0277919472569768,est2_004
"1048",7_000000000000000000e9,"2023",75.6128550806871,99.4389133648719,0.0642621821464095,est2_004
"1049",7_000000000000000000ea,"2023",75.6128550806871,99.4389133648719,0.0642621821464095,est2_004
"1050",7_000000000000000000eb,"2023",75.621380942424,99.4487948749319,0.0214070251173532,est2_004
"1051",7_000000000000000000ec,"2024",75.5494574909673,99.4574771766635,0.0188238174290116,est2_004
"1052",7_000000000000000000ed,"2024",75.6403927312564,99.5310877331693,0.00979913727305997,est2_004
"1053",7_000000000000000000ee,"2023",75.6408231564296,99.5438528545662,0.040976057625776,est2_004
"1054",7_000000000000000000ef,"2016",75.3927699212915,98.7388564090257,0.0163058265952466,est2_004
"1055",7_000000000000000000f0,"2024",75.3955568693809,98.7569645369276,0.0108687723706303,est2_004
"1056",7_000000000000000000f1,"2023",75.532993477685,98.9527468750306,0.0430716793366083,est2_004
"1057",7_000000000000000000f2,"2023",75.5385237664827,98.9725601459038,0.00986748149395776,est2_004
"1058",7_000000000000000000f3,"2022",75.5295690872687,99.0189737756655,0.0511622264838388,est2_004
"1059",7_000000000000000000f4,"2016",75.4173547495898,99.1173621256969,0.0135655747504808,est2_004
"1060",7_000000000000000000f5,"2016",75.3582876757135,99.253244436598,0.0853468423462635,est2_004
"1061",7_000000000000000000f6,"2020",75.3615043234921,99.2657124535726,0.0127086560845528,est2_004
"1062",7_000000000000000000f7,"2019",74.5008998396294,98.6061075531258,0.019196253818544,est2_004
"1063",7_000000000000000000f8,"2019",74.4965424023686,98.7194849868829,0.036484122580007,est2_004
"1064",7_000000000000000000f9,"2024",74.4532241489781,98.5976931919315,0.011552457937752,est2_004
"1065",7_00000000000000000109,"2024",76.2346037670066,100.384993438074,0.00940193864346469,est2_004
"1066",7_0000000000000000010a,"2023",76.2164251237827,100.416842988804,0.00941424535856683,est2_004
"1067",7_0000000000000000010b,"2024",76.2637336797949,100.492644364566,0.0102346494999774,est2_004
"1068",7_0000000000000000010c,"2022",76.2431322375187,100.492662565585,0.0486894228678306,est2_004
"1069",7_0000000000000000010d,"2024",76.2476538225705,100.638440976403,0.0153702101650263,est2_004
"1070",7_0000000000000000010e,"2023",76.2438730905151,100.647732738318,0.0196454078102974,est2_004
"1071",7_0000000000000000010f,"2021",76.2452943082126,100.653264220444,0.0777167181272289,est2_004
"1072",7_00000000000000000110,"2023",76.2467686758895,100.65575747103,0.0162256903320563,est2_004
"1073",7_00000000000000000111,"2021",76.2445468521904,100.654887155107,0.0777167181272289,est2_004
"1074",7_00000000000000000112,"2024",76.2287667799558,100.688398506986,0.0136808876313606,est2_004
"1075",7_00000000000000000113,"2024",76.2247467894628,100.695304317788,0.0102638517227592,est2_004
"1076",7_00000000000000000114,"2023",76.2573892019449,100.698585459887,0.023893038723259,est2_004
"1077",7_00000000000000000115,"2022",76.2424320997239,100.693983912552,0.0418571916764258,est2_004
"1078",7_00000000000000000116,"2023",76.2573892019449,100.698585459887,0.023893038723259,est2_004
"1079",7_00000000000000000117,"2024",76.2236034705984,100.700522703721,0.0188181306041089,est2_004
"1080",7_00000000000000000118,"2022",76.2322935225228,100.706546289252,0.0264980504437588,est2_004
"1081",7_00000000000000000119,"2024",76.2405956389457,100.709202479482,0.0119607167919123,est2_004
"1082",7_0000000000000000011a,"2020",76.2219620353968,100.71147392504,0.00941071040214758,est2_004
"1083",7_0000000000000000011b,"2022",76.230513370466,100.721011827552,0.029922935650917,est2_004
"1084",7_0000000000000000011c,"2023",76.245893951294,100.732784675846,0.0170799480063732,est2_004
"1085",7_00000000000000000124,"2023",76.2045796253613,100.479843321402,0.0102778653995888,est2_004
"1086",7_00000000000000000125,"2024",76.0764349652788,100.594513228815,0.00950733189904605,est2_004
"1087",7_00000000000000000126,"2024",76.0929734053456,100.606938570271,0.0164021569378786,est2_004
"1088",7_00000000000000000127,"2023",75.7823993135256,99.6483592768207,0.0405822860873746,est2_004
"1089",7_00000000000000000128,"2023",75.7858171358793,99.6602525849401,0.0246959512813783,est2_004
"1090",7_00000000000000000129,"2023",75.7858171358793,99.6602525849401,0.0246959512813783,est2_004
"1091",7_0000000000000000012a,"2023",75.7878362076806,99.6703266075972,0.0238096473323382,est2_004
"1092",7_0000000000000000012b,"2016",75.8294343576351,99.7265728919259,0.0290183234776939,est2_004
"1093",7_0000000000000000012c,"2023",75.8258049398583,99.7292048717835,0.018470998769109,est2_004
"1094",7_0000000000000000012d,"2024",75.7987439920089,99.7277443081122,0.0255535809848046,est2_004
"1095",7_0000000000000000012e,"2024",75.8336203173535,99.7321306185886,0.0105487904876111,est2_004
"1096",7_0000000000000000012f,"2019",75.8241880187786,99.7423714072401,0.00967674612197947,est2_004
"1097",7_00000000000000000130,"2021",75.8021886747667,99.7378489670678,0.0625491729567777,est2_004
"1098",7_00000000000000000131,"2024",75.7258224229578,99.7935754204551,0.0159416914021463,est2_004
"1099",7_00000000000000000132,"2022",75.7248656513595,99.8072297447536,0.0637705768316855,est2_004
"1100",7_00000000000000000133,"2024",75.6920095675359,99.8259030890901,0.0648008309076837,est2_004
"1101",7_00000000000000000134,"2023",75.6870673389405,99.8276962009222,0.047951470354882,est2_004
"1102",7_00000000000000000135,"2023",75.6921393726313,99.8277495808169,0.0648008309076837,est2_004
"1103",7_00000000000000000136,"2024",75.6974426345095,99.9918820382482,0.0115362806697535,est2_004
"1104",7_00000000000000000137,"2022",75.6934590304211,100.050820393611,0.0736724834311017,est2_004
"1105",7_00000000000000000138,"2023",75.6879481334494,100.048973270814,0.0115428662597644,est2_004
"1106",7_00000000000000000139,"2023",75.6981590582099,100.062841772289,0.043479311225072,est2_004
"1107",7_0000000000000000013a,"2022",75.7548405000516,100.077083709188,0.105179659634334,est2_004
"1108",7_0000000000000000013b,"2022",75.6919642271629,100.067428140625,0.022194179314414,est2_004
"1109",7_0000000000000000013c,"2022",75.6876193937164,100.077826663581,0.0719289767643949,est2_004
"1110",7_0000000000000000013d,"2021",75.6771667140125,100.078061262505,0.0879691333295373,est2_004
"1111",7_0000000000000000013e,"2021",75.687375405703,100.078199058481,0.0719289767643949,est2_004
"1112",7_0000000000000000013f,"2023",75.7060758798334,100.079114316003,0.0150759653812782,est2_004
"1113",7_00000000000000000140,"2023",75.7048654425244,100.0826759287,0.0337019048089201,est2_004
"1114",7_00000000000000000141,"2024",75.7515650821347,100.082754763512,0.0203332575124843,est2_004
"1115",7_00000000000000000142,"2022",75.6776358092273,100.079975574831,0.079081746243677,est2_004
"1116",7_00000000000000000143,"2022",75.7049605370027,100.083120538753,0.0337019048089201,est2_004
"1117",7_00000000000000000144,"2021",75.7162880965909,100.113241377761,0.137361128567262,est2_004
"1118",7_00000000000000000145,"2023",75.7118539077732,100.104547217348,0.182626820361491,est2_004
"1119",7_00000000000000000146,"2022",75.7265680675774,100.109424838104,0.0221403319765892,est2_004
"1120",7_00000000000000000147,"2022",75.7335903036006,100.111916721431,0.0256691674393366,est2_004
"1121",7_00000000000000000148,"2023",75.7260077698595,100.118360776054,0.0141693956959786,est2_004
"1122",7_00000000000000000149,"2021",75.7114088418533,100.107068107379,0.182626820361491,est2_004
"1123",7_0000000000000000014a,"2023",75.7765198133226,100.126929439515,0.0220642890388623,est2_004
"1124",7_0000000000000000014b,"2024",75.7733074048518,100.129931624029,0.0176554173014461,est2_004
"1125",7_0000000000000000014c,"2022",75.7642409894942,100.129823872858,0.0194321764950635,est2_004
"1126",7_0000000000000000014d,"2021",75.7473600020992,100.134988349337,0.201621943432471,est2_004
"1127",7_0000000000000000014e,"2023",75.7666447969804,100.130719263218,0.0194299399589707,est2_004
"1128",7_0000000000000000014f,"2024",75.7434407081484,100.137989482093,0.014153716311133,est2_004
"1129",7_00000000000000000150,"2022",75.7475662878055,100.135828674628,0.201621943432471,est2_004
"1130",7_00000000000000000151,"2021",75.6881238983068,100.122651423625,0.221097718586389,est2_004
"1131",7_00000000000000000152,"2022",75.727373970344,100.144916987473,0.120439949948158,est2_004
"1132",7_00000000000000000153,"2022",75.7695117183013,100.150263193958,0.0141276239733638,est2_004
"1133",7_00000000000000000154,"2024",75.7191423031987,100.150627539468,0.377471950315955,est2_004
"1134",7_00000000000000000155,"2022",75.7266501195355,100.144352479892,0.120439949948158,est2_004
"1135",7_00000000000000000156,"2024",75.7688068879423,100.157393074993,0.0105955927511693,est2_004
"1136",7_00000000000000000157,"2023",75.7770708069083,100.155395862446,0.0185325692426158,est2_004
"1137",7_00000000000000000158,"2020",75.7180271506035,100.152574301771,0.377471950315955,est2_004
"1138",7_00000000000000000159,"2019",75.7326546093221,100.153680233062,0.285934268149691,est2_004
"1139",7_0000000000000000015a,"2022",75.7360597751964,100.17649917302,0.0123906231748404,est2_004
"1140",7_0000000000000000015b,"2022",75.7465900454723,100.176025832947,0.314858097325839,est2_004
"1141",7_0000000000000000015c,"2022",75.7744753187426,100.184177898388,0.0388369017857116,est2_004
"1142",7_0000000000000000015d,"2022",75.7237170476867,100.18287237895,0.179823279415444,est2_004
"1143",7_0000000000000000015e,"2023",75.7326903185171,100.185482105107,0.0398356969160669,est2_004
"1144",7_0000000000000000015f,"2022",75.7471828525457,100.1953099062,0.0203404243969857,est2_004
"1145",7_00000000000000000160,"2022",75.7244498481983,100.18622626962,0.196649319089036,est2_004
"1146",7_00000000000000000161,"2022",75.7410600527291,100.2110473347,0.268066963875846,est2_004
"1147",7_00000000000000000162,"2024",75.7258647184084,100.194819471371,0.0575688810701798,est2_004
"1148",7_00000000000000000163,"2022",75.7359827313602,100.215023283497,0.052216634546845,est2_004
"1149",7_00000000000000000164,"2024",75.7820333800452,100.217164272355,0.0167621413603437,est2_004
"1150",7_00000000000000000165,"2022",75.7359827313602,100.215023283497,0.052216634546845,est2_004
"1151",7_00000000000000000166,"2022",75.7771661888676,100.238279240896,0.0573665614005921,est2_004
"1152",7_00000000000000000167,"2022",75.7801845311043,100.25652650636,0.0705871513700194,est2_004
"1153",7_00000000000000000168,"2022",75.7588106731973,100.263616767431,0.0468327032254018,est2_004
"1154",7_00000000000000000169,"2022",75.774193208371,100.269710097562,0.246277476711553,est2_004
"1155",7_0000000000000000016a,"2024",75.7623512518873,100.276313731698,0.00971748457226766,est2_004
"1156",7_0000000000000000016b,"2023",75.7571654944183,100.27405571781,0.0141395105861704,est2_004
"1157",7_0000000000000000016c,"2022",75.75414932866,100.277667437068,0.0601052327340546,est2_004
"1158",7_0000000000000000016d,"2022",75.791341365154,100.291125831492,0.0149877771917834,est2_004
"1159",7_0000000000000000016e,"2023",75.7751868474802,100.296501808332,0.223289249148714,est2_004
"1160",7_0000000000000000016f,"2022",75.7864353478251,100.298128937325,0.0899614999960575,est2_004
"1161",7_00000000000000000170,"2022",75.7746338223334,100.302294113526,0.248888834119224,est2_004
"1162",7_00000000000000000171,"2022",75.7743265376513,100.306482155496,0.248888827068355,est2_004
"1163",7_00000000000000000172,"2022",75.7729684892308,100.312049012591,0.0308963781813605,est2_004
"1164",7_00000000000000000173,"2022",75.7768401215145,100.322558552764,0.0767793293454775,est2_004
"1165",7_00000000000000000174,"2024",75.755466898404,100.323132247738,0.0106060868221496,est2_004
"1166",7_00000000000000000175,"2022",75.7947356131932,100.325807389271,0.0299692307488109,est2_004
"1167",7_00000000000000000176,"2022",75.7828726270106,100.338604508273,0.0890954880650206,est2_004
"1168",7_00000000000000000177,"2022",75.7956609445667,100.336794775312,0.234467972819272,est2_004
"1169",7_00000000000000000178,"2022",75.771349558696,100.333435570926,0.0450274908669976,est2_004
"1170",7_00000000000000000179,"2022",75.771349558696,100.333435570926,0.0450274908669976,est2_004
"1171",7_0000000000000000017a,"2020",75.7936309706137,100.33722256036,0.234467972819272,est2_004
"1172",7_0000000000000000017b,"2022",75.7848777359547,100.349858003256,0.026461299531213,est2_004
"1173",7_0000000000000000017c,"2022",75.7828726270106,100.338604508273,0.0890954880650206,est2_004
"1174",7_0000000000000000017d,"2022",75.7933608543033,100.372932954806,0.0282101901803115,est2_004
"1175",7_0000000000000000017e,"2022",75.8048292382497,100.375771001207,0.0246647666668848,est2_004
"1176",7_0000000000000000017f,"2023",75.7831611341312,100.371748789991,0.0696912480470548,est2_004
"1177",7_00000000000000000180,"2024",75.7983165456223,100.38107372835,0.00969420505259186,est2_004
"1178",7_00000000000000000181,"2021",75.7953657035788,100.399383678532,0.120754185741851,est2_004
"1179",7_00000000000000000182,"2022",75.8110242521732,100.394340970908,0.0140866097608021,est2_004
"1180",7_00000000000000000183,"2023",75.5459213768099,99.488669265347,0.0179309453521259,est2_004
"1181",7_00000000000000000184,"2023",75.5482136802959,99.4886152061516,0.047511907696314,est2_004
"1182",7_00000000000000000185,"2024",75.5393567500447,99.5050202282871,0.00986677026423522,est2_004
"1183",7_00000000000000000186,"2023",75.5394597771121,99.5112004248921,0.0143514061593642,est2_004
"1184",7_00000000000000000187,"2021",75.5986669279372,99.5481539175113,0.127759666720099,est2_004
"1185",7_00000000000000000188,"2023",75.6408231564296,99.5438528545662,0.040976057625776,est2_004
"1186",7_00000000000000000189,"2024",75.63564283017,99.5495144222253,0.014257638807891,est2_004
"1187",7_0000000000000000018a,"2023",75.6409197440412,99.5624267566834,0.0623561594954198,est2_004
"1188",7_0000000000000000018b,"2022",75.664115413156,99.624757637418,0.0720400047904513,est2_004
"1189",7_0000000000000000018c,"2021",75.5761990569032,99.6260934293677,0.0724732337648709,est2_004
"1190",7_0000000000000000018d,"2023",75.6633922941452,99.6253445588284,0.0533645291095042,est2_004
"1191",7_0000000000000000018e,"2022",75.6644282638608,99.6237885670596,0.0480244174793722,est2_004
"1192",7_0000000000000000018f,"2023",75.6940284082476,99.6363752836423,0.0239641064704866,est2_004
"1193",7_00000000000000000190,"2023",75.5801759112191,99.6492156746011,0.0545643843070734,est2_004
"1194",7_00000000000000000191,"2022",75.5963953994768,99.6558103315173,0.016083776565277,est2_004
"1195",7_00000000000000000192,"2023",75.5871446605463,99.6544429963669,0.0303967054394702,est2_004
"1196",7_00000000000000000193,"2024",75.6734180442983,99.6591221329641,0.00977669525853313,est2_004
"1197",7_00000000000000000194,"2024",75.5927543756702,99.6626424546584,0.0116186527700901,est2_004
"1198",7_00000000000000000195,"2021",75.570775936201,99.6662044304752,0.0581797786266241,est2_004
"1199",7_00000000000000000196,"2022",75.5884373657147,99.665294707739,0.0259253651624987,est2_004
"1200",7_00000000000000000197,"2022",75.5761440974183,99.6768042807365,0.0161051659376712,est2_004
"1201",7_00000000000000000198,"2022",75.6041334283179,99.6794077543658,0.00982356542201136,est2_004
"1202",7_00000000000000000199,"2022",75.5763439254014,99.6893085761815,0.0545777515403649,est2_004
"1203",7_0000000000000000019a,"2022",75.5953421947016,99.6978150275324,0.0107229069653831,est2_004
"1204",7_0000000000000000019b,"2024",75.6000359061295,99.7016777061513,0.0142925251456652,est2_004
"1205",7_0000000000000000019c,"2023",75.5770878262157,99.7057627106312,0.0187878316646789,est2_004
"1206",7_0000000000000000019d,"2022",75.5823180300758,99.7043687339893,0.102849831462092,est2_004
"1207",7_0000000000000000019e,"2023",75.6112602321477,99.7096274735678,0.0410598575635344,est2_004
"1208",7_0000000000000000019f,"2023",75.6108790588844,99.710313923346,0.0410598575635344,est2_004
"1209",7_000000000000000001a0,"2024",75.6119782231083,99.7235625312242,0.350769655572305,est2_004
"1210",7_000000000000000001a1,"2023",75.5954140795899,99.717550983388,0.0178718720546875,est2_004
"1211",7_000000000000000001a2,"2022",75.6117783574048,99.7270691813418,0.350769655572305,est2_004
"1212",7_000000000000000001a3,"2023",75.5885592776667,99.735614637572,0.0214556432380236,est2_004
"1213",7_000000000000000001a4,"2023",75.5885592776667,99.735614637572,0.0214556432380236,est2_004
"1214",7_000000000000000001a5,"2022",75.5915548666618,99.7263085477762,0.135857171228583,est2_004
"1215",7_000000000000000001a6,"2023",75.5908057269913,99.7445274322416,0.0116197032848477,est2_004
"1216",7_000000000000000001a7,"2023",75.5927026675838,99.7499654880179,0.0205553198465219,est2_004
"1217",7_000000000000000001a8,"2023",75.6047809182974,99.7517938425103,0.0241109050266506,est2_004
"1218",7_000000000000000001a9,"2021",75.6092696233938,99.7583268497648,0.372266239553359,est2_004
"1219",7_000000000000000001aa,"2021",75.5998829607113,99.7675339640811,0.0518108231829717,est2_004
"1220",7_000000000000000001ab,"2023",75.6052164364031,99.7703410731527,0.0142880115230189,est2_004
"1221",7_000000000000000001ac,"2023",75.602751922997,99.7777251155466,0.0401899077578996,est2_004
"1222",7_000000000000000001ad,"2023",75.6025260928273,99.7790702974942,0.0401899077578996,est2_004
"1223",7_000000000000000001ae,"2023",75.6870673389405,99.8276962009222,0.047951470354882,est2_004
"1224",7_000000000000000001af,"2022",75.6177551992748,99.844509779948,0.0124903902033345,est2_004
"1225",7_000000000000000001b0,"2021",75.627469644882,99.8416623114138,0.0686544858722203,est2_004
"1226",7_000000000000000001b1,"2024",75.6638387420238,99.8531337298679,0.0106728671412459,est2_004
"1227",7_000000000000000001b2,"2023",75.6615445780733,99.8805046663308,0.0329116372779092,est2_004
"1228",7_000000000000000001b3,"2023",75.6660346276739,99.8803326383587,0.0337907507128541,est2_004
"1229",7_000000000000000001b4,"2023",75.6615445780733,99.8805046663308,0.0329116372779092,est2_004
"1230",7_000000000000000001b5,"2022",75.6665277059896,99.8842498202082,0.0337907507128541,est2_004
"1231",7_000000000000000001b6,"2022",75.6686267708823,99.9071757920637,0.299618099316183,est2_004
"1232",7_000000000000000001b7,"2021",75.6695543941584,99.9165849922072,0.299618099316183,est2_004
"1233",7_000000000000000001b8,"2023",75.6182705656774,99.929311873159,0.388910555218629,est2_004
"1234",7_000000000000000001b9,"2022",75.6777555691037,99.9328385477678,0.0666428218780772,est2_004
"1235",7_000000000000000001ba,"2021",75.6189788660558,99.9382773638971,0.431737069624765,est2_004
"1236",7_000000000000000001bb,"2022",75.6201373770783,99.9361738672272,0.471880832839631,est2_004
"1237",7_000000000000000001bc,"2022",75.6231918125939,99.9413219550414,0.403170090093445,est2_004
"1238",7_000000000000000001bd,"2024",75.6816703283245,99.9458847632112,0.0106600269667227,est2_004
"1239",7_000000000000000001be,"2022",75.6240203008725,99.9455388933277,0.0321072636588145,est2_004
"1240",7_000000000000000001bf,"2024",75.6209891363811,99.9496128411915,0.0124884387302629,est2_004
"1241",7_000000000000000001c0,"2024",75.6533284836038,99.9638958992187,0.00979026196769389,est2_004
"1242",7_000000000000000001c1,"2021",75.657229284262,99.9691783710941,0.0560572589592553,est2_004
"1243",7_000000000000000001c2,"2022",75.6327690098806,99.9728673398189,0.0588212246785509,est2_004
"1244",7_000000000000000001c3,"2023",75.632720673274,99.9731274612598,0.0588212246785509,est2_004
"1245",7_000000000000000001c4,"2022",75.6514090929787,99.9834184820191,0.0578619860455417,est2_004
"1246",7_000000000000000001c5,"2021",75.6237368286137,99.986879816665,0.127531058703236,est2_004
"1247",7_000000000000000001c6,"2023",75.622888917534,99.9867159937581,0.127531058703236,est2_004
"1248",7_000000000000000001c7,"2023",75.6707834345651,99.9919649239843,0.0115566804608301,est2_004
"1249",7_000000000000000001c8,"2022",75.6362792272376,99.9940070545866,0.0971257131483769,est2_004
"1250",7_000000000000000001c9,"2022",75.6344747873467,100.009434765119,0.0623812314517456,est2_004
"1251",7_000000000000000001ca,"2024",75.6398537494312,100.002164246307,0.00979906133350086,est2_004
"1252",7_000000000000000001cb,"2020",75.6428156324278,100.015125451675,0.0988668264783047,est2_004
"1253",7_000000000000000001cc,"2024",75.6658081288111,100.041634923884,0.0115609073664849,est2_004
"1254",7_000000000000000001cd,"2022",75.6493064127444,100.041347413277,0.0151356533437757,est2_004
"1255",7_000000000000000001ce,"2021",75.6656034100016,100.059754273576,0.044464476276679,est2_004
"1256",7_000000000000000001cf,"2024",75.6712498572079,100.065360783283,0.0106678367590815,est2_004
"1257",7_000000000000000001d0,"2021",75.6770322860571,100.07579291881,0.0586466623828417,est2_004
"1258",7_000000000000000001d1,"2021",75.6764899931463,100.077749994817,0.0239904805822755,est2_004
"1259",7_000000000000000001d2,"2022",75.2305978622931,99.5690729372995,0.0402903017228677,est2_004
"1260",7_000000000000000001d3,"2019",74.6109234399084,99.0112327742436,0.0133445426268717,est2_004
"1261",7_000000000000000001d4,"2016",74.146070251296,99.1011966453556,0.0941993636998279,est2_004
"1262",7_000000000000000001ef,"2023",76.2202152924754,100.733133320478,0.02566625628498,est2_004
"1263",7_000000000000000001f0,"2023",76.2202152924754,100.733133320478,0.02566625628498,est2_004
"1264",7_000000000000000001f1,"2023",76.2194162447849,100.740370106058,0.0179681045543084,est2_004
"1265",7_000000000000000001f2,"2024",76.2273519472058,100.748664150362,0.0094060617183884,est2_004
"1266",7_000000000000000001f3,"2022",76.2526134816343,100.763633688976,0.0324354703862212,est2_004
"1267",7_000000000000000001f4,"2024",76.2301297752844,100.769187257525,0.0111147363696198,est2_004
"1268",7_000000000000000001f5,"2021",76.2423965554716,100.770227837114,0.101652620440566,est2_004
"1269",7_000000000000000001f6,"2023",76.2171586775803,100.775198619942,0.0145472740340265,est2_004
"1270",7_000000000000000001f7,"2024",76.2222473569717,100.775835515682,0.014542508478842,est2_004
"1271",7_000000000000000001f8,"2024",76.2194018438943,100.778674223338,0.0239562262178751,est2_004
"1272",7_000000000000000001f9,"2022",76.2302973030342,100.779030461928,0.0188085574610866,est2_004
"1273",7_000000000000000001fa,"2024",76.2492285172825,100.78946886545,0.014514379987622,est2_004
"1274",7_000000000000000001fb,"2022",76.2497136620604,100.800670903352,0.0307373058690625,est2_004
"1275",7_000000000000000001fc,"2024",76.2126522220147,100.812362966155,0.0094158488534155,est2_004
"1276",7_000000000000000001fd,"2022",76.2550433716601,100.839074356946,0.0119487339416515,est2_004
"1277",7_000000000000000001fe,"2024",76.2555061477025,100.849328436568,0.0145081445250695,est2_004
"1278",7_000000000000000001ff,"2024",76.2464321480458,100.856030821787,0.0128101601108813,est2_004
"1279",7_00000000000000000200,"2024",76.2722227629159,100.86710707642,0.0102290759843305,est2_004
"1280",7_00000000000000000201,"2024",76.2452463530512,100.868643189869,0.0128111976367793,est2_004
"1281",7_00000000000000000202,"2024",76.2657818348243,100.880501016262,0.0136444619786756,est2_004
"1282",7_00000000000000000203,"2024",76.2657818348243,100.880501016262,0.0136444619786756,est2_004
"1283",7_00000000000000000204,"2024",76.2386706595635,100.88327669846,0.0102531156966842,est2_004
"1284",7_00000000000000000205,"2018",76.2358287324755,100.893015212186,0.00940048912470261,est2_004
"1285",7_00000000000000000206,"2023",76.2448998931246,100.903939014834,0.0162282404679662,est2_004
"1286",7_00000000000000000207,"2023",76.2448620614614,100.911552694135,0.0119570598356443,est2_004
"1287",7_00000000000000000208,"2021",76.2765389492065,100.914224433277,0.0622061959381098,est2_004
"1288",7_00000000000000000209,"2023",76.299112650904,100.944019329724,0.0136112919158267,est2_004
"1289",7_0000000000000000020a,"2024",76.2879882081626,100.95860041824,0.0102176789760484,est2_004
"1290",7_0000000000000000020b,"2024",76.291707223249,100.97633325454,0.012767859263808,est2_004
"1291",7_0000000000000000020c,"2023",76.2049630737076,100.99402873089,0.0111343614969165,est2_004
"1292",7_0000000000000000020d,"2024",76.1885447436038,100.995251768656,0.00171497085244526,est2_004
"1293",7_0000000000000000020e,"2023",76.207953106907,101.007855600519,0.0205521073144378,est2_004
"1294",7_0000000000000000020f,"2022",76.1907704007218,101.003786902934,0.0557263417005302,est2_004
"1295",7_00000000000000000210,"2024",76.1918941515634,101.015540883113,0.0120021629860964,est2_004
"1296",7_00000000000000000211,"2022",76.2610751986933,101.026829920992,0.0247396330472865,est2_004
"1297",7_00000000000000000212,"2023",76.2018057358401,101.022751654094,0.0214174833580917,est2_004
"1298",7_00000000000000000213,"2022",76.189239881261,101.031910953491,0.0231504575510203,est2_004
"1299",7_00000000000000000214,"2023",76.2277298918977,101.031092819929,0.0119708636243026,est2_004
"1300",7_00000000000000000215,"2022",76.237087467037,101.037013345933,0.0247806400558967,est2_004
"1301",7_00000000000000000216,"2022",76.1954030335165,101.046617522473,0.0351414874799377,est2_004
"1302",7_00000000000000000217,"2024",76.1933956123132,101.046186305395,0.00943018625021009,est2_004
"1303",7_00000000000000000218,"2024",76.2318108263317,101.053634159612,0.00940272737253088,est2_004
"1304",7_0000000000000000021a,"2022",76.1959919882211,101.053630467354,0.0179972581664546,est2_004
"1305",7_0000000000000000021b,"2024",76.1989779992226,101.054579184166,0.0119960471940009,est2_004
"1306",7_0000000000000000021c,"2020",76.3116301951269,101.05706400511,0.00935050786658342,est2_004
"1307",7_0000000000000000021d,"2023",76.3082541833476,101.070427263213,0.0127536562820699,est2_004
"1308",7_0000000000000000021e,"2021",76.1997691639278,101.076388602428,0.102819149106694,est2_004
"1309",7_0000000000000000021f,"2021",76.3045016914211,101.074190499904,0.0467723771527319,est2_004
"1310",7_00000000000000000220,"2021",76.3045016914211,101.074190499904,0.0467723771527319,est2_004
"1311",7_00000000000000000222,"2024",76.1901739119113,101.081747228189,0.0377250012288466,est2_004
"1312",7_00000000000000000224,"2024",76.1901739119113,101.081747228189,0.0377250012288466,est2_004
"1313",7_00000000000000000225,"2019",76.2282828828121,101.086806379336,0.00940535832139207,est2_004
"1314",7_00000000000000000226,"2023",76.3281429094437,101.086745256149,0.0118866207690634,est2_004
"1315",7_00000000000000000227,"2024",76.1929913289769,101.090383413088,0.0102869553428565,est2_004
"1316",7_0000000000000000022c,"2024",76.2175153798877,101.094156230048,0.0102691920398087,est2_004
"1317",7_0000000000000000022d,"2023",76.2528681528065,101.103055748991,0.0187781845131767,est2_004
"1318",7_0000000000000000022e,"2024",76.2119008939594,101.105385196926,0.0102730339490059,est2_004
"1319",7_0000000000000000022f,"2024",76.2116123473754,101.107179123943,0.0196900102437015,est2_004
"1320",7_00000000000000000230,"2022",76.1906144747199,101.107029054983,0.0248639454709796,est2_004
"1321",7_00000000000000000231,"2024",76.1952920781992,101.112377921561,0.0497105698492334,est2_004
"1322",7_00000000000000000232,"2022",76.2512371387911,101.109487454392,0.0153665810690341,est2_004
"1323",7_00000000000000000233,"2024",76.2115579106969,101.108839677412,0.0171216366334705,est2_004
"1324",7_00000000000000000234,"2021",76.3022016928072,101.112513695404,0.0297697481833127,est2_004
"1325",7_00000000000000000235,"2022",76.2076619182861,101.116909059603,0.0179828694410469,est2_004
"1326",7_00000000000000000236,"2024",76.333963975718,101.114961220572,0.0127301878713334,est2_004
"1327",7_00000000000000000237,"2022",76.216251666214,101.117596912514,0.0590522284642295,est2_004
"1328",7_00000000000000000238,"2022",76.1957459996537,101.114100712563,0.0497105698492334,est2_004
"1329",7_00000000000000000239,"2022",76.2076619182861,101.116909059603,0.0179828694410469,est2_004
"1330",7_0000000000000000023c,"2023",76.2211535151684,101.123261585676,0.0102660354732601,est2_004
"1331",7_0000000000000000023d,"2022",76.1968507987711,101.122894006257,0.0179969509843642,est2_004
"1332",7_0000000000000000023e,"2023",76.2160331358132,101.128543760098,0.0171170027089615,est2_004
"1333",7_0000000000000000023f,"2023",76.2394192418982,101.130987261977,0.015379774717038,est2_004
"1334",7_00000000000000000240,"2023",76.2204852958822,101.129143364894,0.0265233132211427,est2_004
"1335",7_00000000000000000241,"2024",76.2272049036334,101.131983632783,0.00940657636240012,est2_004
"1336",7_00000000000000000242,"2024",76.1980994960388,101.133600514809,0.00942545505096472,est2_004
"1337",7_00000000000000000243,"2022",76.2309631348984,101.136808200879,0.0170985069785379,est2_004
"1338",7_00000000000000000244,"2024",76.1940297546045,101.13971670823,0.0145711236316496,est2_004
"1339",7_00000000000000000246,"2023",76.3025164240413,101.141783319392,0.00935617814031706,est2_004
"1340",7_00000000000000000247,"2022",76.2294001374288,101.143191259216,0.0418954941375672,est2_004
"1341",7_00000000000000000248,"2023",76.3094129945265,101.143878127841,0.0102021960343038,est2_004
"1342",7_00000000000000000249,"2022",76.2294001374288,101.143191259216,0.0418954941375672,est2_004
"1343",7_0000000000000000024a,"2023",76.309241742866,101.152177183434,0.0425072347514338,est2_004
"1344",7_0000000000000000024b,"2024",76.31063798093,101.152844860649,0.0195510649528655,est2_004
"1345",7_0000000000000000024c,"2022",76.220509019593,101.154046914364,0.0153997749255579,est2_004
"1346",7_0000000000000000024d,"2024",76.3100665494488,101.152340482202,0.0518570694285996,est2_004
"1347",7_0000000000000000024e,"2018",76.1964168248434,101.158326749272,0.0402785263908696,est2_004
"1348",7_00000000000000000250,"2023",76.2323094649068,101.161009677919,0.0145320969285254,est2_004
"1349",7_00000000000000000251,"2023",76.3080119622356,101.165308988795,0.0187048804642079,est2_004
"1350",7_00000000000000000252,"2023",76.1978859141202,101.166052374767,0.0231365560132047,est2_004
"1351",7_00000000000000000253,"2022",76.228241665958,101.163643333501,0.0188111230196609,est2_004
"1352",7_00000000000000000254,"2023",76.1978859141202,101.166052374767,0.0231365560132047,est2_004
"1353",7_00000000000000000255,"2021",76.3419416885528,101.167176505616,0.0228999731558309,est2_004
"1354",7_00000000000000000257,"2023",76.3396419761716,101.176304623526,0.0161180892182849,est2_004
"1355",7_00000000000000000258,"2018",76.1994477597032,101.175958340853,0.0359866100012223,est2_004
"1356",7_00000000000000000259,"2023",76.3151536111839,101.179045287724,0.0339915685415498,est2_004
"1357",7_0000000000000000025a,"2022",76.2936101031378,101.178601796172,0.0144677300329726,est2_004
"1358",7_0000000000000000025b,"2024",76.3140617993587,101.18182859138,0.0382431289175312,est2_004
"1359",7_0000000000000000025c,"2023",76.1915195080915,101.178329034075,0.0257194476059312,est2_004
"1360",7_0000000000000000025d,"2021",76.3147904528883,101.180846748161,0.0518402016308104,est2_004
"1361",7_0000000000000000025e,"2023",76.2000341555147,101.186431211366,0.0128519570243716,est2_004
"1362",7_0000000000000000025f,"2022",76.2952474216765,101.190541359563,0.0161696112713421,est2_004
"1363",7_00000000000000000260,"2023",76.3230494463433,101.193168554096,0.0127396847091554,est2_004
"1364",7_00000000000000000262,"2024",76.2960485472543,101.195878329651,0.00936033067429932,est2_004
"1365",7_00000000000000000263,"2022",76.3105769855833,101.195655638427,0.0178512620684323,est2_004
"1366",7_00000000000000000264,"2023",76.3154153764788,101.195804695791,0.0135963838866611,est2_004
"1367",7_00000000000000000265,"2022",76.2028900929647,101.196439841773,0.0111356473227722,est2_004
"1368",7_00000000000000000266,"2021",76.3196061366144,101.199664666066,0.0382289658075599,est2_004
"1369",7_00000000000000000267,"2022",76.2062882699881,101.20336898121,0.06166299017604,est2_004
"1370",7_00000000000000000268,"2022",76.2063160207215,101.202064416838,0.0196974007046425,est2_004
"1371",7_00000000000000000269,"2022",76.2063173114796,101.205420005348,0.0513862100740952,est2_004
"1372",7_0000000000000000026a,"2023",76.2923600549162,101.202664321547,0.0604334416699227,est2_004
"1373",7_0000000000000000026d,"2023",76.3020892420604,101.210752644219,0.0306207025611266,est2_004
"1374",7_0000000000000000026e,"2022",76.2874144130442,101.20799293585,0.0519404923209935,est2_004
"1375",7_0000000000000000026f,"2024",76.2101103812324,101.213370931674,0.0196922707783582,est2_004
"1376",7_00000000000000000270,"2024",76.2119522310531,101.214235431756,0.0119857671373493,est2_004
"1377",7_00000000000000000271,"2024",76.2101103812324,101.213370931674,0.0196922707783582,est2_004
"1378",7_00000000000000000273,"2024",76.3260698603665,101.231184011522,0.0110388443509129,est2_004
"1379",7_00000000000000000274,"2021",76.2993072287172,101.232513381145,0.0306281115417154,est2_004
"1380",7_00000000000000000275,"2021",76.3284526616309,101.23621624301,0.0331094799821083,est2_004
"1381",7_00000000000000000276,"2024",76.2896231534707,101.239827148154,0.0127705685919058,est2_004
"1382",7_00000000000000000277,"2022",76.2768254169176,101.246542867447,0.051979895409297,est2_004
"1383",7_00000000000000000278,"2022",76.3221659748215,101.243005521513,0.0237823160699924,est2_004
"1384",7_00000000000000000279,"2021",76.3076906311395,101.25094691486,0.0348602728701296,est2_004
"1385",7_0000000000000000027b,"2023",76.2723186168334,101.258234554118,0.0272754257463638,est2_004
"1386",7_0000000000000000027c,"2021",76.277843891054,101.260547157939,0.151663448014727,est2_004
"1387",7_0000000000000000027e,"2023",76.3023050585179,101.26515058267,0.01360980563893,est2_004
"1388",7_0000000000000000027f,"2023",76.32639484621,101.26945279779,0.0263229850886844,est2_004
"1389",7_00000000000000000280,"2021",76.2871668872383,101.264626512616,0.0953651433547873,est2_004
"1390",7_00000000000000000281,"2021",76.2757273303148,101.272137263181,0.0954315494804104,est2_004
"1391",7_00000000000000000282,"2023",76.32639484621,101.26945279779,0.0263229850886844,est2_004
"1392",7_00000000000000000283,"2021",76.2769849334379,101.267669675561,0.166152321760979,est2_004
"1393",7_00000000000000000284,"2022",76.2852782789324,101.274507922551,0.0306577896389229,est2_004
"1394",7_00000000000000000285,"2023",76.2803774525012,101.281178463587,0.0323718828304378,est2_004
"1395",7_00000000000000000289,"2023",76.2803774525012,101.281178463587,0.0323718828304378,est2_004
"1396",7_000000000000000002a2,"2024",76.180998881929,101.416202173804,0.0120106812931734,est2_004
"1397",7_000000000000000002a3,"2024",76.1804983443748,101.428868560196,0.0120118281733427,est2_004
"1398",7_000000000000000002a5,"2024",76.1884737766354,101.438279542383,0.0231528164492515,est2_004
"1399",7_000000000000000002a6,"2023",76.1807815919897,101.439082370821,0.0274555282209795,est2_004
"1400",7_000000000000000002a7,"2024",76.1884737766354,101.438279542383,0.0231528164492515,est2_004
"1401",7_000000000000000002ae,"2023",76.1810930739541,100.936701688105,0.0111534371447841,est2_004
"1402",7_000000000000000002af,"2024",76.1261566617049,100.98238334043,0.0137810920650058,est2_004
"1403",7_000000000000000002b0,"2023",76.1800556203327,100.982450754971,0.0102962978313812,est2_004
"1404",7_000000000000000002b1,"2023",76.1869497114548,100.996506301542,0.0222960761228451,est2_004
"1405",7_000000000000000002b2,"2022",76.1473549151318,101.000786137944,0.0232219972465539,est2_004
"1406",7_000000000000000002b3,"2024",76.1330672881996,101.007032482722,0.0120523443621047,est2_004
"1407",7_000000000000000002b4,"2024",76.1633020105272,101.006121371671,0.0154633388998162,est2_004
"1408",7_000000000000000002b5,"2024",76.1640745691092,101.011906601505,0.0214742806301398,est2_004
"1409",7_000000000000000002b6,"2024",76.1615503277259,101.017907326913,0.0386626867630813,est2_004
"1410",7_000000000000000002b7,"2022",76.1526054038665,101.023509610378,0.0490013208778696,est2_004
"1411",7_000000000000000002b8,"2018",76.1796200266282,101.025059021781,0.0540571022994886,est2_004
"1412",7_000000000000000002b9,"2024",76.185917097945,101.025098276625,0.0137219536371476,est2_004
"1413",7_000000000000000002ba,"2023",76.1616959728645,101.019616288179,0.0386626867630813,est2_004
"1414",7_000000000000000002bb,"2018",76.1797209098491,101.026146460635,0.0540571022994886,est2_004
"1415",7_000000000000000002bc,"2023",76.148929017208,101.069362750329,0.0137585133417072,est2_004
"1416",7_000000000000000002bd,"2022",76.1499594129929,101.07776462107,0.0171963564864122,est2_004
"1417",7_000000000000000002be,"2022",76.1499594129929,101.07776462107,0.0171963564864122,est2_004
"1418",7_000000000000000002bf,"2023",76.1587532746295,101.07896649796,0.00945231404315011,est2_004
"1419",7_000000000000000002c0,"2020",75.8566564253735,100.488546948063,0.0228191896380484,est2_004
"1420",7_000000000000000002c1,"2024",75.8447773987788,100.536410340194,0.0131759276009737,est2_004
"1421",7_000000000000000002c2,"2023",75.8903029460681,100.549952037174,0.0490362935882694,est2_004
"1422",7_000000000000000002c3,"2023",75.891305019084,100.563277611152,0.018388067714501,est2_004
"1423",7_000000000000000002c4,"2021",75.8339922659496,100.655984661237,0.0694473293595571,est2_004
"1424",7_000000000000000002c5,"2022",75.8340830003308,100.657174962932,0.0720843581758324,est2_004
"1425",7_000000000000000002c6,"2023",75.8497872590391,100.723685712814,0.0193190797888725,est2_004
"1426",7_000000000000000002c7,"2022",75.8303735604944,100.862044469361,0.0140686661965528,est2_004
"1427",7_000000000000000002c8,"2022",75.8551691500756,100.954306305005,0.015799955922331,est2_004
"1428",7_000000000000000002c9,"2022",75.8601170897315,100.983638611059,0.0403657852031724,est2_004
"1429",7_000000000000000002ca,"2016",75.9344870120153,101.029049849707,0.0192064320597872,est2_004
"1430",7_000000000000000002cb,"2021",75.8721682522014,101.051593581569,0.0166575826392995,est2_004
"1431",7_000000000000000002cc,"2016",75.9398547291112,101.050564972273,0.0270496187309887,est2_004
"1432",7_000000000000000002cd,"2023",75.8689403383585,101.052230472755,0.0455992089967074,est2_004
"1433",7_000000000000000002ce,"2023",75.8690513852605,101.052253539572,0.0455992089967074,est2_004
"1434",7_000000000000000002cf,"2024",75.8272872342011,101.054405842502,0.0105538810183517,est2_004
"1435",7_000000000000000002d0,"2023",75.8689403383585,101.052230472755,0.0455992089967074,est2_004
"1436",7_000000000000000002d1,"2023",75.8717538210918,101.058582989552,0.0105215927094433,est2_004
"1437",7_000000000000000002d2,"2023",75.8502244038288,101.059681701834,0.0193180254845336,est2_004
"1438",7_000000000000000002d3,"2023",75.8274219688391,101.063433893498,0.00967462499712962,est2_004
"1439",7_000000000000000002d4,"2023",75.8720110816826,101.064903923765,0.00964477318217964,est2_004
"1440",7_000000000000000002d5,"2024",75.8463694864902,101.07019188791,0.0114184479461084,est2_004
"1441",7_000000000000000002d6,"2016",75.8434951428632,101.080209089783,0.0281111309577,est2_004
"1442",7_000000000000000002d7,"2016",75.8434951428632,101.080209089783,0.0281111309577,est2_004
"1443",7_000000000000000002d8,"2023",75.9166246110483,101.100309777632,0.0209767722424004,est2_004
"1444",7_000000000000000002d9,"2022",75.8859046736355,101.104309550064,0.0525581970142862,est2_004
"1445",7_000000000000000002da,"2021",75.8801651813374,101.132255707169,0.0893790481874286,est2_004
"1446",7_000000000000000002db,"2023",75.8838878957098,101.122021936529,0.0516869440095175,est2_004
"1447",7_000000000000000002dc,"2022",75.9212980249873,101.134152400827,0.0489312522744063,est2_004
"1448",7_000000000000000002dd,"2023",75.8538324319293,101.153445160145,0.00965571574975056,est2_004
"1449",7_000000000000000002de,"2023",75.9194495191953,101.159210387679,0.0139822675856681,est2_004
"1450",7_000000000000000002df,"2022",75.9192491311169,101.170792267212,0.0122339897588355,est2_004
"1451",7_000000000000000002e0,"2022",75.9192491311169,101.170792267212,0.0122339897588355,est2_004
"1452",7_000000000000000002e1,"2022",75.9692201907786,101.181589176392,0.0478963578793239,est2_004
"1453",7_000000000000000002e2,"2022",75.9742220826752,101.188574370444,0.0243755194175922,est2_004
"1454",7_000000000000000002e3,"2022",75.9701530075494,101.19483154798,0.0287350240291023,est2_004
"1455",7_000000000000000002e4,"2022",75.8752392471498,101.200138076445,0.0762600429730551,est2_004
"1456",7_000000000000000002e5,"2023",75.9686534306141,101.211606864774,0.0156753631777407,est2_004
"1457",7_000000000000000002e6,"2022",75.9299283692047,101.22145729327,0.046281856694423,est2_004
"1458",7_000000000000000002e7,"2022",75.7952731508817,100.39964044261,0.120754185741851,est2_004
"1459",7_000000000000000002e8,"2023",75.8004453933269,100.411788778028,0.021146010566252,est2_004
"1460",7_000000000000000002e9,"2022",75.7599785187987,100.424898564217,0.0468304146866084,est2_004
"1461",7_000000000000000002ea,"2023",75.8059566706335,100.473564041092,0.0211387728899661,est2_004
"1462",7_000000000000000002eb,"2022",75.8141171656943,100.474847372302,0.0448942262558629,est2_004
"1463",7_000000000000000002ec,"2024",75.8149173993379,100.576511193282,0.013203064734071,est2_004
"1464",7_000000000000000002ed,"2022",75.7962268702513,100.583462602375,0.0149833503769388,est2_004
"1465",7_000000000000000002ee,"2019",75.8129076742986,100.597912053135,0.0140850468599294,est2_004
"1466",7_000000000000000002ef,"2022",75.8272845048544,100.630905817641,0.0219870509518744,est2_004
"1467",7_000000000000000002f0,"2021",75.8341559790941,100.657389537543,0.0738425481029358,est2_004
"1468",7_000000000000000002f1,"2024",75.8274219889395,100.665120888452,0.00967380284905822,est2_004
"1469",7_000000000000000002f2,"2016",75.8196380790149,100.698219681886,0.0140784829008171,est2_004
"1470",7_000000000000000002f3,"2022",75.8000046251765,100.706107821128,0.0264344580805748,est2_004
"1471",7_000000000000000002f4,"2022",75.8003983762393,100.707585045323,0.0378873570387322,est2_004
"1472",7_000000000000000002f5,"2022",75.8008646298786,100.7085035402,0.0185015583898099,est2_004
"1473",7_000000000000000002f6,"2022",75.8277812822303,100.780734056182,0.0105531214209654,est2_004
"1474",7_000000000000000002f7,"2021",75.8126936885643,101.026041742878,0.0193680562660874,est2_004
"1475",7_000000000000000002f8,"2021",75.8140071050781,101.031423907743,0.010563251760048,est2_004
"1476",7_000000000000000002f9,"2021",75.8140071050781,101.031423907743,0.010563251760048,est2_004
"1477",7_000000000000000002fa,"2021",75.770157076398,101.078079884246,0.101538582668697,est2_004
"1478",7_000000000000000002fb,"2021",75.7723742041815,101.083527054444,0.0653314060157152,est2_004
"1479",7_000000000000000002fc,"2021",75.7723742041815,101.083527054444,0.0653314060157152,est2_004
"1480",7_000000000000000002fd,"2021",75.7712386662402,101.100136693595,0.0176580718200127,est2_004
"1481",7_000000000000000002fe,"2016",75.7658854439335,101.097243854081,0.0300286713109075,est2_004
"1482",7_000000000000000002ff,"2024",75.7682801606837,101.100526271485,0.00971325170373805,est2_004
"1483",7_00000000000000000300,"2016",75.7684026307318,101.107361556569,0.0105968020562609,est2_004
"1484",7_00000000000000000301,"2021",75.7706484152049,101.110146315557,0.0132434822395637,est2_004
"1485",7_00000000000000000302,"2018",75.7667033990567,101.117811428694,0.0114810146829599,est2_004
"1486",7_00000000000000000303,"2016",75.7685047452514,101.120986441756,0.028257967309585,est2_004
"1487",7_00000000000000000304,"2018",75.5121075787934,100.421923554046,0.153658690433775,est2_004
"1488",7_00000000000000000305,"2024",75.4735510751235,100.520328813758,0.00991099626758983,est2_004
"1489",7_00000000000000000306,"2024",75.4746780535773,100.526747665936,0.00990939920069846,est2_004
"1490",7_00000000000000000307,"2023",75.1747060958816,100.505041157143,0.010109829423225,est2_004
"1491",7_00000000000000000308,"2016",75.1760959696194,100.518515839855,0.014703838994355,est2_004
"1492",7_00000000000000000309,"2021",74.9584002985489,100.108625535736,0.0298302681088849,est2_004
"1493",7_0000000000000000030a,"2023",74.959222014347,100.132041565082,0.0214394562229142,est2_004
"1494",7_0000000000000000030b,"2023",74.959222014347,100.132041565082,0.0214394562229142,est2_004
"1495",7_0000000000000000030c,"2019",74.9610841949457,100.154703022273,0.116502399722724,est2_004
"1496",7_0000000000000000030d,"2023",74.9391678259266,100.175718808487,0.0102668275447507,est2_004
"1497",7_0000000000000000033a,"2023",75.9926547872192,101.388535907243,0.0130407285786722,est2_004
"1498",7_0000000000000000033b,"2022",75.990544951554,101.394622738681,0.0408699467916736,est2_004
"1499",7_0000000000000000033c,"2023",75.9875196257966,101.400985312807,0.0252219841257314,est2_004
"1500",7_0000000000000000033d,"2022",75.9769528375214,101.597653012956,0.0217596235967606,est2_004
"1501",7_0000000000000000033e,"2016",75.9692577088899,101.749134013817,0.0548634740193688,est2_004
"1502",7_0000000000000000033f,"2022",75.9659159614714,101.765665810038,0.0574862803859824,est2_004
"1503",7_00000000000000000340,"2016",75.9657618012076,101.770245023025,0.0661983517296879,est2_004
"1504",7_00000000000000000341,"2016",75.9683921197406,101.772939672852,0.00958020025758963,est2_004
"1505",7_00000000000000000342,"2022",76.0150744242279,101.788795323896,0.0138890749211644,est2_004
"1506",7_00000000000000000344,"2016",75.9780505735134,101.806445692053,0.0635326709704473,est2_004
"1507",7_00000000000000000345,"2024",75.9649056384703,101.813167859566,0.0113247361492011,est2_004
"1508",7_00000000000000000346,"2021",75.9638138736836,101.821022868307,0.0392015165503024,est2_004
"1509",7_00000000000000000347,"2022",75.9713544509489,101.826128417388,0.0696576960052776,est2_004
"1510",7_00000000000000000348,"2023",76.0219200152506,101.823549793357,0.0121474855135506,est2_004
"1511",7_00000000000000000349,"2022",75.9670118595559,101.829559419438,0.035709988671214,est2_004
"1512",7_0000000000000000034a,"2023",76.0716521731085,101.829135319044,0.0302606868270188,est2_004
"1513",7_0000000000000000034b,"2023",75.974915357364,101.827985164143,0.0235046925495669,est2_004
"1514",7_0000000000000000034c,"2016",75.9805600725999,101.830868370302,0.114858512690937,est2_004
"1515",7_0000000000000000034d,"2023",76.0716521731085,101.829135319044,0.0302606868270188,est2_004
"1516",7_0000000000000000034e,"2022",76.0218545638181,101.83088343156,0.0737504376088301,est2_004
"1517",7_0000000000000000034f,"2016",75.9808433288026,101.835465164534,0.186200119458772,est2_004
"1518",7_00000000000000000350,"2022",76.0116823848571,101.834486827537,0.0833514483717978,est2_004
"1519",7_00000000000000000351,"2021",75.9622841680769,101.842394165687,0.281435386195427,est2_004
"1520",7_00000000000000000352,"2023",75.9742695154202,101.838567595077,0.0139282297643601,est2_004
"1521",7_00000000000000000353,"2016",76.0020728216306,101.843989823348,0.0738524673675576,est2_004
"1522",7_00000000000000000354,"2022",75.9809910231,101.844568781681,0.154873961842468,est2_004
"1523",7_00000000000000000355,"2021",76.0470287424077,101.844710337831,0.036375820574627,est2_004
"1524",7_00000000000000000356,"2022",75.9802604596603,101.850398004708,0.0930961063728399,est2_004
"1525",7_00000000000000000357,"2022",75.9819215960939,101.852545052453,0.0635142616223048,est2_004
"1526",7_00000000000000000358,"2022",76.0728019937507,101.842048481676,0.0587874120691771,est2_004
"1527",7_00000000000000000359,"2023",76.0000909641178,101.852629371716,0.0121651459451948,est2_004
"1528",7_0000000000000000035a,"2016",76.0134339825615,101.865410442405,0.388914710337185,est2_004
"1529",7_0000000000000000035b,"2022",75.9802571990279,101.852021696378,0.0678654581564219,est2_004
"1530",7_0000000000000000035c,"2022",76.0062882115612,101.864125621417,0.0955412134573959,est2_004
"1531",7_0000000000000000035d,"2023",76.0012866019284,101.85854489945,0.0165087079312999,est2_004
"1532",7_0000000000000000035e,"2021",75.9841334138458,101.861227881538,0.0469752853867166,est2_004
"1533",7_0000000000000000035f,"2022",76.045223497055,101.864375572526,0.0580415477196324,est2_004
"1534",7_00000000000000000360,"2022",76.0059599672447,101.865755815521,0.0955412134573959,est2_004
"1535",7_00000000000000000361,"2023",75.9977965962653,101.875152299893,0.0182502840302798,est2_004
"1536",7_00000000000000000362,"2022",75.9923694041472,101.872796374872,0.0234747624942624,est2_004
"1537",7_00000000000000000363,"2022",76.0291030354929,101.876271554029,0.0424936915969264,est2_004
"1538",7_00000000000000000364,"2022",76.0511551177953,101.881966516029,0.0857214550216591,est2_004
"1539",7_00000000000000000365,"2024",76.0347643259511,101.882865736638,0.0138693267914022,est2_004
"1540",7_00000000000000000366,"2024",76.0472315503527,101.886323336092,0.00952684115055735,est2_004
"1541",7_00000000000000000367,"2019",75.9745028887781,101.894243707608,0.103591648491994,est2_004
"1542",7_00000000000000000368,"2022",76.0114816067295,101.890445292262,0.0329944572895787,est2_004
"1543",7_00000000000000000369,"2024",76.0286895110566,101.892533963705,0.010406694100256,est2_004
"1544",7_0000000000000000036a,"2022",76.0321661041905,101.895816412538,0.0329468574953585,est2_004
"1545",7_0000000000000000036b,"2023",75.9602033129434,101.895373368612,0.0322422115628526,est2_004
"1546",7_0000000000000000036c,"2022",76.0200685707009,101.898202120083,0.0121481408082193,est2_004
"1547",7_0000000000000000036d,"2022",76.0321661041905,101.895816412538,0.0329468574953585,est2_004
"1548",7_0000000000000000036e,"2023",76.0094895148004,101.897747231094,0.0156321507920125,est2_004
"1549",7_0000000000000000036f,"2022",75.9646585068119,101.898695424618,0.0540097186950015,est2_004
"1550",7_00000000000000000370,"2022",76.0744952448132,101.901954068345,0.0172884562822503,est2_004
"1551",7_00000000000000000371,"2022",75.9976364253229,101.91613533118,0.0286812210329487,est2_004
"1552",7_00000000000000000372,"2021",76.0331148911534,101.908853403613,0.103171377252647,est2_004
"1553",7_00000000000000000373,"2020",76.0751762473066,101.918247860695,0.0535905244128511,est2_004
"1554",7_00000000000000000374,"2022",75.9610595676246,101.923039199673,0.017426797339043,est2_004
"1555",7_00000000000000000375,"2021",76.0230066092645,101.9242616818,0.219463322817597,est2_004
"1556",7_00000000000000000376,"2024",75.9947780138937,101.927029322144,0.0104316792733162,est2_004
"1557",7_00000000000000000377,"2023",75.961147716427,101.930014318129,0.0130696856135794,est2_004
"1558",7_00000000000000000378,"2021",76.0134914238828,101.926044321488,0.0251764009231097,est2_004
"1559",7_00000000000000000379,"2023",76.0017604386247,101.935714387661,0.00955802539333246,est2_004
"1560",7_0000000000000000037a,"2021",76.0242912443743,101.925614483444,0.219463322817597,est2_004
"1561",7_0000000000000000037b,"2022",75.9602364009767,101.937147228561,0.0121991811676135,est2_004
"1562",7_0000000000000000037c,"2022",75.9613106921129,101.941826661765,0.036594643010722,est2_004
"1563",7_0000000000000000037d,"2022",76.0206439247188,101.9352705879,0.0242953142894952,est2_004
"1564",7_0000000000000000037e,"2016",76.0741778275043,101.943666898554,0.191907487922944,est2_004
"1565",7_0000000000000000037f,"2019",75.9753084406772,101.929929647619,0.269864202456925,est2_004
"1566",7_00000000000000000380,"2022",76.0097780246866,101.943814789374,0.0755465686223574,est2_004
"1567",7_00000000000000000381,"2022",76.0018500842579,101.950912887568,0.0356244718398095,est2_004
"1568",7_00000000000000000382,"2022",76.0248352758119,101.948735939572,0.0199519491613157,est2_004
"1569",7_00000000000000000383,"2021",76.0289079416148,101.952070422969,0.0294849532908557,est2_004
"1570",7_00000000000000000384,"2022",76.0372407679881,101.955412601613,0.0130007265675939,est2_004
"1571",7_00000000000000000385,"2023",76.0692631965442,101.950831006497,0.0510210640398208,est2_004
"1572",7_00000000000000000386,"2022",76.0205665095954,101.959882604864,0.0242971810349142,est2_004
"1573",7_00000000000000000387,"2023",76.0250550686677,101.964945696479,0.0208179141316514,est2_004
"1574",7_00000000000000000388,"2022",76.0755652869243,101.969377566977,0.0432218162955439,est2_004
"1575",7_00000000000000000389,"2022",76.0355773008718,101.968825172572,0.0710796462314548,est2_004
"1576",7_0000000000000000038a,"2024",76.0106423524024,101.971954068722,0.0130253098782232,est2_004
"1577",7_0000000000000000038b,"2016",75.9742373680744,101.980417539372,0.432652639651869,est2_004
"1578",7_0000000000000000038c,"2023",76.023796885827,101.974466778921,0.024291047762965,est2_004
"1579",7_0000000000000000038d,"2016",76.0061439240309,101.976859754681,0.157206489689681,est2_004
"1580",7_0000000000000000038e,"2023",76.0780804352595,101.983468567079,0.0656838167412022,est2_004
"1581",7_0000000000000000038f,"2022",75.9944952485228,101.980070473647,0.0208639590798162,est2_004
"1582",7_00000000000000000390,"2023",76.0115569741453,101.981162549448,0.0130241628904253,est2_004
"1583",7_00000000000000000391,"2024",76.0111993194977,101.988698760499,0.0260488725431051,est2_004
"1584",7_00000000000000000392,"2022",76.0238808339531,101.988746675455,0.0242909974625667,est2_004
"1585",7_00000000000000000393,"2024",75.9811686001429,101.990091077885,0.0104414290853559,est2_004
"1586",7_00000000000000000394,"2023",76.0769836699627,101.985152722817,0.0656838167412022,est2_004
"1587",7_00000000000000000395,"2022",76.0387298821315,101.992191582057,0.0329313930629491,est2_004
"1588",7_00000000000000000396,"2024",76.0135805452563,101.99385366209,0.0112854242525783,est2_004
"1589",7_00000000000000000397,"2021",75.9661392342455,101.998181786999,0.0731678629227243,est2_004
"1590",7_00000000000000000398,"2022",75.9754351769871,102.009727826401,0.0948809544444758,est2_004
"1591",7_00000000000000000399,"2022",76.0737050087209,102.010111930203,0.0553271619368372,est2_004
"1592",7_0000000000000000039a,"2019",76.0771331189421,102.019108790824,0.0354358099650492,est2_004
"1593",7_0000000000000000039b,"2022",75.9885091182594,102.030793223807,0.031307579804086,est2_004
"1594",7_0000000000000000039c,"2024",76.0699671090006,102.031727933079,0.0121068914627097,est2_004
"1595",7_0000000000000000039d,"2021",75.9888056244438,102.038607582183,0.0130448171307177,est2_004
"1596",7_0000000000000000039e,"2024",75.980272933587,102.045947737155,0.014793331494213,est2_004
"1597",7_0000000000000000039f,"2021",76.0563379511513,102.050081242766,0.0242347894545568,est2_004
"1598",7_000000000000000003a0,"2023",75.97975914834,102.058095700235,0.0156635379759772,est2_004
"1599",7_000000000000000003a1,"2024",75.9915441672152,102.062450362391,0.013911463991535,est2_004
"1600",7_000000000000000003a2,"2022",75.985955014523,102.071868258262,0.0617568503250517,est2_004
"1601",7_000000000000000003a4,"2023",75.9886996509669,102.076369666893,0.0226126066878494,est2_004
"1602",7_000000000000000003a6,"2022",76.0610658098796,102.080657056797,0.050184615258776,est2_004
"1603",7_000000000000000003a7,"2021",76.0205627479922,102.090634926587,0.0347087546055776,est2_004
"1604",7_000000000000000003a8,"2021",76.0473295564579,102.093442228508,0.00952777407104265,est2_004
"1605",7_000000000000000003a9,"2024",76.0203415781507,102.098832085665,0.0121482977993667,est2_004
"1606",7_000000000000000003ad,"2023",76.0534830062513,102.108309310411,0.010388234325905,est2_004
"1607",7_000000000000000003af,"2021",76.0518213314187,102.115081031676,0.0709975137657072,est2_004
"1608",7_000000000000000003b0,"2023",76.0474306044217,102.116464603476,0.0233834410671457,est2_004
"1609",7_000000000000000003b1,"2023",76.0474306044217,102.116464603476,0.0233834410671457,est2_004
"1610",7_000000000000000003b5,"2022",76.0585437456041,102.130860761094,0.0328853859685418,est2_004
"1611",7_000000000000000003bd,"2024",75.8477957514862,101.211548130334,0.0131731610531331,est2_004
"1612",7_000000000000000003be,"2022",75.8444309191709,101.213996769399,0.0245946710616434,est2_004
"1613",7_000000000000000003bf,"2022",75.8444309191709,101.213996769399,0.0245946710616434,est2_004
"1614",7_000000000000000003c0,"2022",75.8478282686197,101.218677456896,0.0342507195190888,est2_004
"1615",7_000000000000000003c1,"2023",75.8449979912526,101.223757100927,0.0149334626454671,est2_004
"1616",7_000000000000000003c2,"2022",75.865921728689,101.2285489355,0.0271917250137952,est2_004
"1617",7_000000000000000003c3,"2022",75.8810182002255,101.252439229263,0.0201529922898919,est2_004
"1618",7_000000000000000003c4,"2022",75.8810182002255,101.252439229263,0.0201529922898919,est2_004
"1619",7_000000000000000003c5,"2022",75.8864963758294,101.254596100703,0.0210222211686018,est2_004
"1620",7_000000000000000003c6,"2021",75.8732053844254,101.27366938638,0.0903019932585164,est2_004
"1621",7_000000000000000003c7,"2021",75.8560659300543,101.280363812844,0.0649537914098727,est2_004
"1622",7_000000000000000003c8,"2022",75.8698150291292,101.286111896067,0.0394601692702888,est2_004
"1623",7_000000000000000003c9,"2024",75.9012634354509,101.296681419055,0.0140000359702945,est2_004
"1624",7_000000000000000003ca,"2022",75.8797261635312,101.300963172021,0.258466459638249,est2_004
"1625",7_000000000000000003cb,"2023",75.8667398034989,101.305525077499,0.0166639025785868,est2_004
"1626",7_000000000000000003cc,"2023",75.8861804080806,101.302498263052,0.0376633146231301,est2_004
"1627",7_000000000000000003cd,"2023",75.8960625905028,101.30616974036,0.0122538562393767,est2_004
"1628",7_000000000000000003ce,"2020",75.8810863346389,101.301780602121,0.258466459638249,est2_004
"1629",7_000000000000000003cf,"2022",75.8874703321021,101.315328978378,0.0700649030220483,est2_004
"1630",7_000000000000000003d0,"2016",75.8760006363872,101.308651986637,0.178803804594896,est2_004
"1631",7_000000000000000003d1,"2022",75.882980755217,101.318665967067,0.0254065183029024,est2_004
"1632",7_000000000000000003d2,"2022",75.882973596836,101.319336253075,0.0254065183029024,est2_004
"1633",7_000000000000000003d3,"2022",75.8946273387372,101.316911390821,0.0183831960746034,est2_004
"1634",7_000000000000000003d4,"2022",75.8810528484265,101.317249069193,0.0254097789300076,est2_004
"1635",7_000000000000000003d5,"2022",75.8875220286317,101.31735803058,0.0700649030220483,est2_004
"1636",7_000000000000000003d6,"2021",75.8763981033466,101.324250673682,0.0131471503451821,est2_004
"1637",7_000000000000000003d7,"2022",75.883476837601,101.328616494055,0.00963689483832035,est2_004
"1638",7_000000000000000003d8,"2022",75.8956146468229,101.329092120341,0.014879905196554,est2_004
"1639",7_000000000000000003d9,"2021",75.87166056308,101.325320047438,0.122752010933278,est2_004
"1640",7_000000000000000003da,"2019",75.952049176053,101.387521512778,0.0252837723823663,est2_004
"1641",7_000000000000000003db,"2022",75.8996955123276,101.390265539324,0.0192509628832656,est2_004
"1642",7_000000000000000003dc,"2022",75.903621884297,101.385872304994,0.0551174604721763,est2_004
"1643",7_000000000000000003dd,"2024",75.9102604284108,101.494873974461,0.0113675674570215,est2_004
"1644",7_000000000000000003de,"2024",75.921601329198,101.500626013714,0.013105878641096,est2_004
"1645",7_000000000000000003df,"2024",75.9738000572842,101.517830201296,0.0165402754297243,est2_004
"1646",7_000000000000000003e0,"2024",75.9063046217669,101.532925220886,0.014869701870002,est2_004
"1647",7_000000000000000003e1,"2021",75.9753780850686,101.537823788683,0.0426532073533592,est2_004
"1648",7_000000000000000003e2,"2024",75.904901658278,101.537474830488,0.0104969641699516,est2_004
"1649",7_000000000000000003e3,"2021",75.9122727903038,101.551465709141,0.0987940388646484,est2_004
"1650",7_000000000000000003e4,"2016",75.9250501327959,101.537459639107,0.297871115788788,est2_004
"1651",7_000000000000000003e5,"2022",75.9169764888685,101.550829059627,0.0262213952909339,est2_004
"1652",7_000000000000000003e6,"2024",75.9205841531694,101.553748161917,0.0113598223810533,est2_004
"1653",7_000000000000000003e7,"2023",75.9176127907763,101.558315702807,0.0104883997775252,est2_004
"1654",7_000000000000000003e8,"2022",75.9204070306603,101.56663489444,0.0340789911016068,est2_004
"1655",7_000000000000000003e9,"2022",75.916117152957,101.570456359472,0.0122369011868313,est2_004
"1656",7_000000000000000003ea,"2023",75.9183028883984,101.572594882979,0.013982924956062,est2_004
"1657",7_000000000000000003ec,"2023",75.9488603526294,101.588606276886,0.0226750662454543,est2_004
"1658",7_000000000000000003ee,"2022",75.9401279132426,101.595790268742,0.032286609896288,est2_004
"1659",7_000000000000000003ef,"2021",75.9432555334049,101.624112463395,0.0261735496797392,est2_004
"1660",7_000000000000000003f0,"2023",75.9449216193914,101.62829467212,0.00959579234067541,est2_004
"1661",7_000000000000000003f1,"2021",75.9467556377672,101.626533293099,0.0340159771441788,est2_004
"1662",7_000000000000000003f2,"2023",75.9518899379368,101.639014193708,0.0139501125988334,est2_004
"1663",7_000000000000000003f3,"2018",75.9236518026221,101.641515142175,0.0200934970162617,est2_004
"1664",7_000000000000000003f4,"2018",75.9236518026221,101.641515142175,0.0200934970162617,est2_004
"1665",7_000000000000000003f5,"2023",75.9407628079843,101.642853485937,0.0191967576004806,est2_004
"1666",7_000000000000000003f6,"2018",75.954319969333,101.649676668052,0.0313835860853105,est2_004
"1667",7_000000000000000003f7,"2023",75.921858999369,101.646993575896,0.0148532336402479,est2_004
"1668",7_000000000000000003f8,"2018",75.9457079207678,101.649690222967,0.0732700143726452,est2_004
"1669",7_000000000000000003f9,"2024",75.9268115530544,101.651039847298,0.0131009012348277,est2_004
"1670",7_000000000000000003fa,"2024",75.9398460994921,101.664631418271,0.0104709736159875,est2_004
"1671",7_000000000000000003fb,"2021",75.9416528333013,101.674597538617,0.343757226373021,est2_004
"1672",7_000000000000000003fc,"2021",75.9432787968625,101.670005633418,0.261743027256691,est2_004
"1673",7_000000000000000003fd,"2022",75.9479105189701,101.673765571211,0.00959356432770721,est2_004
"1674",7_000000000000000003fe,"2024",75.9394363275979,101.67665968567,0.143980244283354,est2_004
"1675",7_000000000000000003ff,"2022",75.9468508921991,101.68269373698,0.0130828401630929,est2_004
"1676",7_00000000000000000400,"2022",75.9411801759305,101.690279340586,0.313253993622928,est2_004
"1677",7_00000000000000000401,"2021",75.9399746749127,101.697943208286,0.184982894971755,est2_004
"1678",7_00000000000000000402,"2021",75.9304310310367,101.723007828204,0.0768427370867181,est2_004
"1679",7_00000000000000000403,"2016",75.9488804648818,101.727139909612,0.0244179827382754,est2_004
"1680",7_00000000000000000404,"2019",75.9426883453695,101.733908325811,0.0157037403030162,est2_004
"1681",7_00000000000000000405,"2022",75.9339822493837,101.73325853362,0.0226997960965787,est2_004
"1682",7_00000000000000000406,"2021",75.9441376137839,101.737562321483,0.00959619020349112,est2_004
"1683",7_00000000000000000407,"2021",75.9457012978712,101.735507311848,0.0226795026665656,est2_004
"1684",7_00000000000000000408,"2016",75.9438862630317,101.744479724675,0.0689163021033699,est2_004
"1685",7_00000000000000000409,"2016",75.949408503054,101.742263587465,0.0619146285412246,est2_004
"1686",7_0000000000000000040a,"2016",75.9445069794665,101.744263528062,0.0689163021033699,est2_004
"1687",7_0000000000000000040b,"2019",75.9484851928895,101.753088991428,0.0113379004646867,est2_004
"1688",7_0000000000000000040c,"2016",75.9624326915662,101.753714446286,0.0688301947089436,est2_004
"1689",7_0000000000000000040d,"2022",75.9657939402019,101.764874499563,0.0156788092439877,est2_004
"1690",7_0000000000000000040e,"2022",75.9587896189019,101.76772097455,0.0156875435711101,est2_004
"1691",7_0000000000000000040f,"2016",75.96565008161,101.771020817882,0.0644563245039508,est2_004
"1692",7_00000000000000000410,"2018",75.9502504304188,101.776264629922,0.0139520539093558,est2_004
"1693",7_00000000000000000411,"2024",75.947616550504,101.785948768486,0.0122100887326942,est2_004
"1694",7_00000000000000000412,"2022",75.9551486553564,101.791147984355,0.051431106577038,est2_004
"1695",7_00000000000000000413,"2021",75.9636913563629,101.785764795673,0.0923473719107571,est2_004
"1696",7_00000000000000000414,"2021",75.9559852296594,101.805035718773,0.15253348343673,est2_004
"1697",7_00000000000000000415,"2022",75.961456772972,101.813270562141,0.0191692312027169,est2_004
"1698",7_00000000000000000416,"2022",75.9635035474974,101.821210684855,0.0392015165503024,est2_004
"1699",7_00000000000000000417,"2020",75.9613565188649,101.835667312058,0.281435386195427,est2_004
"1700",7_00000000000000000418,"2021",75.9333786611999,101.913848695656,0.02968333271068,est2_004
"1701",7_0000000000000000041d,"2021",75.0379568133349,100.890015622373,0.0779000727057216,est2_004
"1702",7_0000000000000000041e,"2021",75.0141318481118,100.892289572947,0.0501542856187022,est2_004
"1703",7_0000000000000000041f,"2021",75.0551399628106,100.9345171246,0.0787371145385841,est2_004
"1704",7_00000000000000000420,"2023",74.8884673351989,100.954652645502,0.0177918181746183,est2_004
"1705",7_00000000000000000421,"2023",74.8903938171787,100.981825399536,0.0196630694207438,est2_004
"1706",7_00000000000000000507,"2022",75.985955014523,102.071868258262,0.0617568503250517,est2_004
"1707",7_00000000000000000508,"2022",75.9886345914609,102.076688847758,0.0226126066878494,est2_004
"1708",7_00000000000000000509,"2022",75.9915343848488,102.082856666677,0.0313017799784201,est2_004
"1709",7_0000000000000000050a,"2022",75.9926182583096,102.091235222584,0.017388536389627,est2_004
"1710",7_0000000000000000050b,"2022",76.0135055542326,102.103929382225,0.021704149713505,est2_004
"1711",7_0000000000000000050c,"2022",76.0571664960743,102.140620942552,0.0882796007674038,est2_004
"1712",7_0000000000000000050d,"2023",76.0498459766791,102.14578150517,0.0216485760658728,est2_004
"1713",7_0000000000000000050e,"2022",76.0264723210423,102.153850695235,0.0173464639135423,est2_004
"1714",7_0000000000000000050f,"2021",76.028624070113,102.144300414247,0.107535137307942,est2_004
"1715",7_00000000000000000512,"2023",76.0023280432448,102.16138648226,0.019984032104073,est2_004
"1716",7_00000000000000000513,"2021",76.0149907174091,102.157953578307,0.0251732796750474,est2_004
"1717",7_00000000000000000517,"2023",76.0239309847934,102.164604083076,0.0355677295263933,est2_004
"1718",7_00000000000000000518,"2024",76.0258943538566,102.165749708792,0.0112758265281726,est2_004
"1719",7_00000000000000000519,"2022",76.0238136912634,102.165193912475,0.0355677295263933,est2_004
"1720",7_0000000000000000051c,"2021",75.9845276630826,102.173806966386,0.0434967364536725,est2_004
"1721",7_0000000000000000051e,"2016",76.016289366908,102.182711528741,0.301169829595448,est2_004
"1722",7_00000000000000000522,"2022",76.0035798603974,102.178960083411,0.0139001213323574,est2_004
"1723",7_00000000000000000524,"2022",75.9905828612963,102.183632291678,0.0234776081211013,est2_004
"1724",7_00000000000000000527,"2022",75.9905828612963,102.183632291678,0.0234776081211013,est2_004
"1725",7_00000000000000000528,"2023",76.0100287233599,102.188278043468,0.0130253726370385,est2_004
"1726",7_0000000000000000052f,"2018",75.9821429484828,102.191400019927,0.0113108501263555,est2_004
"1727",7_00000000000000000532,"2021",76.0018016481786,102.192262166776,0.112950160806372,est2_004
"1728",7_0000000000000000053a,"2023",76.0089240656351,102.205562174635,0.0208422967238725,est2_004
"1729",7_0000000000000000054a,"2024",75.9932604019946,102.241437367098,0.0165183086059798,est2_004
"1730",7_0000000000000000054e,"2024",75.9950476182113,102.243281266021,0.00956241923245643,est2_004
"1731",7_00000000000000000556,"2021",75.9971221283005,102.251122282332,0.269423122799589,est2_004
"1732",7_0000000000000000055c,"2022",75.9947491856825,102.284202273542,0.0191235069211096,est2_004
"1733",7_00000000000000000604,"2024",74.8178952285423,101.238458385963,0.0103481581591233,est2_004
"1734",7_00000000000000000605,"2024",74.8216681819066,101.263104895259,0.0103453360280415,est2_004
"1735",7_00000000000000000606,"2016",74.7841510155174,101.428586505106,0.0207396118655952,est2_004
"1736",7_00000000000000000607,"2016",74.7999782393185,101.475137405894,0.0470860943633683,est2_004
"1737",7_00000000000000000608,"2016",74.7999782393185,101.475137405894,0.0470860943633683,est2_004
"1738",7_000000000000000006c6,"2019",74.8218340182371,102.205386167991,0.0122255359033173,est2_004
"1739",7_000000000000000006c7,"2024",74.2776035075996,101.44202882389,0.011680161003516,est2_004
"1740",7_000000000000000006d6,"2019",74.8980095255404,103.182345294047,0.0140374614875292,est2_004
"1741",7_000000000000000006d7,"2024",74.6474795608656,102.73366618687,0.016166471232899,est2_004
"1742",7_000000000000000006d8,"2016",74.6451246779576,102.738416154958,0.0104625895184594,est2_004
"1743",7_000000000000000006d9,"2021",75.3032782151125,104.321907671111,0.0473864646697215,est2_004
"1744",7_000000000000000006da,"2023",75.2973995820306,104.340340970825,0.0100276427998544,est2_004
"1745",7_000000000000000006db,"2018",74.1953144596859,103.019642983464,0.0420653974273569,est2_004
"1746",7_000000000000000006dc,"2020",74.144926032205,103.032567366448,0.016683646485891,est2_004
"1747",7_000000000000000006dd,"2021",74.1291646731287,103.171301306619,0.0186637688751952,est2_004
"1748",7_000000000000000006de,"2018",75.4670091851631,105.058411419774,0.0279403988570686,est2_004
"1749",7_000000000000000006df,"2016",75.4993755614837,105.068932563036,0.0269825665650062,est2_004
"1750",7_000000000000000006e0,"2016",75.5010376770355,105.087317538381,0.0449625531689625,est2_004
"1751",7_000000000000000006e1,"2024",75.0937107071898,104.884769116055,0.010164062827889,est2_004
"1752",7_000000000000000006e2,"2023",74.6095187482371,104.208061041083,0.02955038209525,est2_004
"1753",7_000000000000000006e3,"2024",74.662210274729,104.437754929912,0.0123513639257711,est2_004
"1754",7_000000000000000006e4,"2024",74.3227715198998,103.762194138306,0.0126174171436706,est2_004
"1755",7_000000000000000006e5,"2016",75.4089508323772,105.318873404762,0.0407168113226578,est2_004
"1756",7_000000000000000006e6,"2016",75.4112089106122,105.328751764433,0.0199042232725562,est2_004
"1757",7_000000000000000006e7,"2023",75.4092077630297,105.340284776453,0.0117629937896102,est2_004
"1758",7_000000000000000006e8,"2016",75.5377240200233,105.438989077425,0.0125586457935583,est2_004
"1759",7_000000000000000006e9,"2023",74.7045554753283,104.595478353922,0.0142136600709453,est2_004
"1760",7_000000000000000006ea,"2024",74.6220175935794,104.849518340845,0.0114301327500953,est2_004
"1761",7_000000000000000006eb,"2024",74.586200193355,105.455656661384,0.0219588999122251,est2_004
"1762",7_00000000000000000000,"2024",74.4411418429646,97.0991685886827,0.0105982319737345,est2_003
"1763",7_00000000000000000001,"2024",74.4384468948114,97.1196502820457,0.0125271591211997,est2_003
"1764",7_00000000000000000040,"2016",75.6610862405014,98.1437942302623,0.0880691562109114,est2_003
"1765",7_00000000000000000041,"2023",75.6439346585276,98.3633676414617,0.0124686812396324,est2_003
"1766",7_00000000000000000042,"2024",75.6149703863295,98.42014114714,0.0160629611959365,est2_003
"1767",7_00000000000000000043,"2022",75.6815409319135,98.4770894756601,0.0399738648580163,est2_003
"1768",7_00000000000000000044,"2018",75.6141513361831,98.5267697606979,0.0249871406119536,est2_003
"1769",7_00000000000000000045,"2023",75.6040509407156,98.5753463387094,0.0357179260260263,est2_003
"1770",7_00000000000000000046,"2023",75.6433627003251,98.6001354462692,0.0178144620729012,est2_003
"1771",7_00000000000000000047,"2024",75.6544320887865,98.6032306540372,0.0186896633316046,est2_003
"1772",7_00000000000000000048,"2024",75.609670330014,98.6094161537606,0.00981984962115202,est2_003
"1773",7_0000000000000000004a,"2024",75.6066048265346,98.617063107097,0.00982095760737057,est2_003
"1774",7_00000000000000000049,"2024",75.6066048265346,98.617063107097,0.00982095760737057,est2_003
"1775",7_0000000000000000004b,"2024",75.6251540195533,98.6179420784069,0.00980939799014925,est2_003
"1776",7_0000000000000000004e,"2023",75.6170236879373,98.625508920822,0.0187373931248351,est2_003
"1777",7_000000000000000000f7,"2019",74.5008998396294,98.6061075531258,0.019196253818544,est2_003
"1778",7_000000000000000000f9,"2024",74.4532241489781,98.5976931919315,0.011552457937752,est2_003
"1779",7_0000000000000000004d,"2024",75.6072448792941,98.629006435831,0.0232140614606378,est2_003
"1780",7_0000000000000000004c,"2019",75.6221831269656,98.6302321408205,0.178389981104395,est2_003
"1781",7_0000000000000000004f,"2024",75.6068406317212,98.6317290204629,0.0446433802846556,est2_003
"1782",7_00000000000000000050,"2023",75.624875478419,98.6361954396447,0.0169446801261467,est2_003
"1783",7_00000000000000000053,"2021",75.6061686910871,98.6362797465173,0.0330368463179202,est2_003
"1784",7_00000000000000000052,"2023",75.6027370360089,98.6378592617635,0.0384044603605995,est2_003
"1785",7_00000000000000000051,"2016",75.6736204141159,98.6394742172303,0.138653443743035,est2_003
"1786",7_00000000000000000054,"2021",75.6013055346099,98.6450152188237,0.0491276194215578,est2_003
"1787",7_00000000000000000056,"2023",75.6202499232395,98.6496017012836,0.018732713912681,est2_003
"1788",7_00000000000000000055,"2024",75.6126347822147,98.6503793364376,0.0107093997234613,est2_003
"1789",7_00000000000000000058,"2024",75.6505091233119,98.6546083939579,0.0115724483776625,est2_003
"1790",7_00000000000000000057,"2023",75.6146041485524,98.6551058543905,0.0116012924377815,est2_003
"1791",7_0000000000000000005a,"2023",75.6488190542188,98.6615901640672,0.0169164178947875,est2_003
"1792",7_00000000000000000059,"2022",75.642968091809,98.6640991249952,0.0231571054305524,est2_003
"1793",7_0000000000000000005d,"2022",75.642968091809,98.6640991249952,0.0231571054305524,est2_003
"1794",7_0000000000000000005b,"2018",75.5917538733662,98.6663653893295,0.0983126033537052,est2_003
"1795",7_0000000000000000005c,"2018",75.6222484188932,98.6669482478622,0.231907224102236,est2_003
"1796",7_0000000000000000005e,"2023",75.5999209459652,98.6700887429082,0.0151855301623725,est2_003
"1797",7_00000000000000000063,"2021",75.6055732273879,98.671908877408,0.210731942360747,est2_003
"1798",7_00000000000000000064,"2021",75.6301277992787,98.672245972441,0.0686410829734954,est2_003
"1799",7_0000000000000000005f,"2020",75.5923870502514,98.6732737919738,0.117081510209757,est2_003
"1800",7_00000000000000000061,"2021",75.6440204215801,98.6767419210714,0.0694692785603202,est2_003
"1801",7_00000000000000000068,"2022",75.5926077952423,98.6768023627796,0.0607735069266483,est2_003
"1802",7_00000000000000000060,"2022",75.5756650219912,98.6779318924936,0.120793970922423,est2_003
"1803",7_00000000000000000066,"2021",75.5755175119283,98.6793911855531,0.120793970922423,est2_003
"1804",7_00000000000000000067,"2022",75.6508308066707,98.6797045089883,0.0640932925926683,est2_003
"1805",7_00000000000000000062,"2022",75.6461751458451,98.6817257230944,0.101515453706137,est2_003
"1806",7_00000000000000000069,"2023",75.6458996644601,98.682463549911,0.101515453706137,est2_003
"1807",7_00000000000000000065,"2024",75.640211893716,98.6825559727626,0.0418700623209111,est2_003
"1808",7_0000000000000000006a,"2024",75.640211893716,98.6825559727626,0.0418700623209111,est2_003
"1809",7_0000000000000000006c,"2024",75.6565624336814,98.700505404906,0.0151283548387868,est2_003
"1810",7_0000000000000000006b,"2022",75.6501728012697,98.704762307733,0.0373919592679445,est2_003
"1811",7_0000000000000000006d,"2023",75.6534792299515,98.7112018035353,0.0320420335836497,est2_003
"1812",7_00000000000000000072,"2022",75.6493583637742,98.7129963037234,0.0774578895142442,est2_003
"1813",7_0000000000000000006e,"2024",75.634071826575,98.7132452041528,0.00980278958441704,est2_003
"1814",7_00000000000000000071,"2023",75.5657200129262,98.7156483088815,0.0241738353893226,est2_003
"1815",7_00000000000000000070,"2024",75.6357867992329,98.7163320937383,0.00980242959866601,est2_003
"1816",7_00000000000000000073,"2023",75.6347088345685,98.7218689705893,0.0098028519451584,est2_003
"1817",7_0000000000000000006f,"2021",75.6268877061595,98.7245127816093,0.0748970413798471,est2_003
"1818",7_00000000000000000074,"2022",75.6150403131652,98.7256777508688,0.0232017666594337,est2_003
"1819",7_00000000000000000075,"2024",75.6424506472083,98.7315217661854,0.00979825230639447,est2_003
"1820",7_00000000000000000078,"2022",75.6534413872486,98.7315416754296,0.0934541482732145,est2_003
"1821",7_00000000000000000076,"2022",75.6450578118953,98.7359900498235,0.0694602745871867,est2_003
"1822",7_0000000000000000007a,"2021",75.64490699879,98.7362499147991,0.0712414987599753,est2_003
"1823",7_00000000000000000077,"2021",75.6450419944316,98.7379985170975,0.0623360401116557,est2_003
"1824",7_0000000000000000007d,"2023",75.634236425603,98.7422139441704,0.0926852338752249,est2_003
"1825",7_00000000000000000079,"2023",75.6249930386184,98.7472819216764,0.0124847137294109,est2_003
"1826",7_0000000000000000007e,"2023",75.6543055973976,98.7486128774149,0.0391601141816524,est2_003
"1827",7_00000000000000000081,"2022",75.6322780112855,98.7498774934288,0.100730514901629,est2_003
"1828",7_0000000000000000007b,"2023",75.6500373584557,98.7524680898955,0.0249274457015125,est2_003
"1829",7_0000000000000000007c,"2021",75.6386182876803,98.7533241625662,0.226285207056854,est2_003
"1830",7_0000000000000000007f,"2023",75.6489675490371,98.7598759003444,0.0195867267859077,est2_003
"1831",7_00000000000000000080,"2023",75.6489675490371,98.7598759003444,0.0195867267859077,est2_003
"1832",7_00000000000000000082,"2023",75.6511152679309,98.7657462767622,0.0409469478003248,est2_003
"1833",7_00000000000000000083,"2023",75.6511152679309,98.7657462767622,0.0409469478003248,est2_003
"1834",7_00000000000000000085,"2022",75.6567860187422,98.7693514399889,0.0195766742049011,est2_003
"1835",7_00000000000000000084,"2024",75.6377650958801,98.7699676509173,0.0142555998016486,est2_003
"1836",7_00000000000000000086,"2023",75.6540175677722,98.7804792178812,0.0400502670861447,est2_003
"1837",7_000000000000000000c9,"2023",75.6091734290054,98.7911155703527,0.0303528530538046,est2_003
"1838",7_000000000000000000ca,"2023",75.6093554500075,98.7920248030959,0.0303528530538046,est2_003
"1839",7_000000000000000000c8,"2022",75.5889295815712,98.7921134372089,0.0500615709536637,est2_003
"1840",7_000000000000000000cb,"2022",75.5696946692422,98.7956594437438,0.0232739445907415,est2_003
"1841",7_000000000000000000cc,"2022",75.5597985555443,98.7981790946504,0.0609107110651566,est2_003
"1842",7_000000000000000000cd,"2022",75.5599908841101,98.7991726011825,0.0609107110651566,est2_003
"1843",7_000000000000000000ce,"2024",75.6105213599996,98.8082181137725,0.0169601196785124,est2_003
"1844",7_000000000000000000ef,"2016",75.3927699212915,98.7388564090257,0.0163058265952466,est2_003
"1845",7_000000000000000000f0,"2024",75.3955568693809,98.7569645369276,0.0108687723706303,est2_003
"1846",7_000000000000000000f8,"2019",74.4965424023686,98.7194849868829,0.036484122580007,est2_003
"1847",7_000000000000000001d3,"2019",74.6109234399084,99.0112327742436,0.0133445426268717,est2_003
"1848",7_000000000000000001d4,"2016",74.146070251296,99.1011966453556,0.0941993636998279,est2_003
"1849",7_000000000000000000b8,"2022",75.7727661746863,99.2439300573999,0.0176549040504935,est2_003
"1850",7_000000000000000000b9,"2022",75.7700881100318,99.2762845441289,0.053861434702467,est2_003
"1851",7_000000000000000000bd,"2022",75.774308984351,99.2898070875412,0.0503114184857266,est2_003
"1852",7_000000000000000000be,"2024",75.7751784287683,99.2919189865473,0.0503114184857266,est2_003
"1853",7_000000000000000000c0,"2023",75.8215828570921,99.3139199446838,0.0105584802791556,est2_003
"1854",7_000000000000000000c2,"2024",75.8153568804206,99.3484946958147,0.0114422720121453,est2_003
"1855",7_00000000000000000127,"2023",75.7823993135256,99.6483592768207,0.0405822860873746,est2_003
"1856",7_00000000000000000129,"2023",75.7858171358793,99.6602525849401,0.0246959512813783,est2_003
"1857",7_00000000000000000128,"2023",75.7858171358793,99.6602525849401,0.0246959512813783,est2_003
"1858",7_0000000000000000012a,"2023",75.7878362076806,99.6703266075972,0.0238096473323382,est2_003
"1859",7_0000000000000000012b,"2016",75.8294343576351,99.7265728919259,0.0290183234776939,est2_003
"1860",7_0000000000000000012d,"2024",75.7987439920089,99.7277443081122,0.0255535809848046,est2_003
"1861",7_0000000000000000012c,"2023",75.8258049398583,99.7292048717835,0.018470998769109,est2_003
"1862",7_0000000000000000012e,"2024",75.8336203173535,99.7321306185886,0.0105487904876111,est2_003
"1863",7_00000000000000000130,"2021",75.8021886747667,99.7378489670678,0.0625491729567777,est2_003
"1864",7_0000000000000000012f,"2019",75.8241880187786,99.7423714072401,0.00967674612197947,est2_003
"1865",7_00000000000000000131,"2024",75.7258224229578,99.7935754204551,0.0159416914021463,est2_003
"1866",7_000000000000000000a6,"2022",75.9015236855276,99.3375379755959,0.0542463286564891,est2_003
"1867",7_000000000000000000a7,"2023",75.9027072954975,99.3510458549272,0.0332452282685333,est2_003
"1868",7_000000000000000000ab,"2022",75.9002274991827,99.3930174085384,0.027127419253239,est2_003
"1869",7_000000000000000000b0,"2024",75.9181838949418,99.4155515515892,0.0139833549873471,est2_003
"1870",7_000000000000000000ac,"2024",75.9181838949418,99.4155515515892,0.0139833549873471,est2_003
"1871",7_000000000000000000b2,"2024",75.9094021512217,99.4366567449434,0.0262331858507177,est2_003
"1872",7_000000000000000000b3,"2024",75.9119085346865,99.4412112201516,0.0104921890673661,est2_003
"1873",7_000000000000000000b4,"2024",75.9190231421839,99.478616991179,0.017477130614829,est2_003
"1874",7_000000000000000000c7,"2023",75.88379454429,99.4857501324733,0.0166442447242898,est2_003
"1875",7_000000000000000000c6,"2024",75.8729665339431,99.4866211168187,0.0105201069383703,est2_003
"1876",7_000000000000000000b6,"2023",75.9095369652845,99.5642490058377,0.0349796140473011,est2_003
"1877",7_000000000000000000b5,"2023",75.9074955267324,99.5644714178438,0.0209906571772428,est2_003
"1878",7_000000000000000000b7,"2023",75.9048477519162,99.5731154545737,0.0209946244143217,est2_003
"1879",7_000000000000000000cf,"2022",75.5924710493531,98.8425152661321,0.0232367173573159,est2_003
"1880",7_000000000000000000d1,"2023",75.596734593422,98.8487272874872,0.00982846862712178,est2_003
"1881",7_000000000000000000d0,"2024",75.5930001053423,98.8495359970843,0.0125123968118882,est2_003
"1882",7_000000000000000000d2,"2018",75.7018591083767,98.8777590825801,0.0904828697018022,est2_003
"1883",7_000000000000000000d3,"2023",75.5834681119816,98.8788250293174,0.0143082083342674,est2_003
"1884",7_000000000000000000d4,"2022",75.577948995956,98.8880004341193,0.0295233998866379,est2_003
"1885",7_000000000000000000d5,"2021",75.6944386262977,98.9003723122067,0.00976240502458706,est2_003
"1886",7_000000000000000000d6,"2023",75.5489100977035,98.9011337362892,0.060956038357386,est2_003
"1887",7_000000000000000000d7,"2023",75.5933314842527,98.9342455608312,0.0178735337349495,est2_003
"1888",7_000000000000000000d8,"2023",75.6060219643388,98.9371923556702,0.0250013621259731,est2_003
"1889",7_000000000000000000d9,"2023",75.5421641141929,98.940443430653,0.0349728700760885,est2_003
"1890",7_000000000000000000f1,"2023",75.532993477685,98.9527468750306,0.0430716793366083,est2_003
"1891",7_000000000000000000da,"2023",75.5385237664827,98.9725601459038,0.00986748149395776,est2_003
"1892",7_000000000000000000f2,"2023",75.5385237664827,98.9725601459038,0.00986748149395776,est2_003
"1893",7_000000000000000000db,"2023",75.5559663359312,98.9756614515068,0.0241898656274788,est2_003
"1894",7_000000000000000000f3,"2022",75.5295690872687,99.0189737756655,0.0511622264838388,est2_003
"1895",7_000000000000000000dc,"2023",75.5375564199071,99.0268547553774,0.0170444482070115,est2_003
"1896",7_000000000000000000dd,"2024",75.6137127809028,99.1131015983184,0.010709293126576,est2_003
"1897",7_000000000000000000f4,"2016",75.4173547495898,99.1173621256969,0.0135655747504808,est2_003
"1898",7_000000000000000000f5,"2016",75.3582876757135,99.253244436598,0.0853468423462635,est2_003
"1899",7_000000000000000000f6,"2020",75.3615043234921,99.2657124535726,0.0127086560845528,est2_003
"1900",7_000000000000000000bf,"2022",75.8376994793137,99.2955685764846,0.0254868124102228,est2_003
"1901",7_000000000000000000ba,"2024",75.8466907979352,99.2860159407436,0.0140533712989731,est2_003
"1902",7_000000000000000000c1,"2024",75.8554943270318,99.3488195305586,0.0105333929351082,est2_003
"1903",7_000000000000000000c3,"2023",75.8583274759248,99.3581050618671,0.0377369467655751,est2_003
"1904",7_000000000000000000c4,"2023",75.8583274759248,99.3581050618671,0.0377369467655751,est2_003
"1905",7_000000000000000000c5,"2023",75.8669067623134,99.3734372644495,0.0175416052243666,est2_003
"1906",7_000000000000000000bc,"2021",75.8721969563204,99.2923260931923,0.0192886969643058,est2_003
"1907",7_000000000000000000bb,"2023",75.8244697683823,99.2882607957377,0.0105558845733671,est2_003
"1908",7_000000000000000000aa,"2023",75.8967117691543,99.3669379132932,0.0595172362406142,est2_003
"1909",7_000000000000000000a8,"2023",75.8967494259662,99.3574239272098,0.021005483335755,est2_003
"1910",7_00000000000000000132,"2022",75.7248656513595,99.8072297447536,0.0637705768316855,est2_003
"1911",7_00000000000000000133,"2024",75.6920095675359,99.8259030890901,0.0648008309076837,est2_003
"1912",7_00000000000000000134,"2023",75.6870673389405,99.8276962009222,0.047951470354882,est2_003
"1913",7_00000000000000000135,"2023",75.6921393726313,99.8277495808169,0.0648008309076837,est2_003
"1914",7_00000000000000000136,"2024",75.6974426345095,99.9918820382482,0.0115362806697535,est2_003
"1915",7_00000000000000000138,"2023",75.6879481334494,100.048973270814,0.0115428662597644,est2_003
"1916",7_00000000000000000137,"2022",75.6934590304211,100.050820393611,0.0736724834311017,est2_003
"1917",7_00000000000000000139,"2023",75.6981590582099,100.062841772289,0.043479311225072,est2_003
"1918",7_0000000000000000013b,"2022",75.6919642271629,100.067428140625,0.022194179314414,est2_003
"1919",7_0000000000000000013a,"2022",75.7548405000516,100.077083709188,0.105179659634334,est2_003
"1920",7_0000000000000000013c,"2022",75.6876193937164,100.077826663581,0.0719289767643949,est2_003
"1921",7_0000000000000000013d,"2021",75.6771667140125,100.078061262505,0.0879691333295373,est2_003
"1922",7_0000000000000000013e,"2021",75.687375405703,100.078199058481,0.0719289767643949,est2_003
"1923",7_0000000000000000013f,"2023",75.7060758798334,100.079114316003,0.0150759653812782,est2_003
"1924",7_00000000000000000142,"2022",75.6776358092273,100.079975574831,0.079081746243677,est2_003
"1925",7_00000000000000000140,"2023",75.7048654425244,100.0826759287,0.0337019048089201,est2_003
"1926",7_00000000000000000141,"2024",75.7515650821347,100.082754763512,0.0203332575124843,est2_003
"1927",7_00000000000000000143,"2022",75.7049605370027,100.083120538753,0.0337019048089201,est2_003
"1928",7_00000000000000000145,"2023",75.7118539077732,100.104547217348,0.182626820361491,est2_003
"1929",7_00000000000000000149,"2021",75.7114088418533,100.107068107379,0.182626820361491,est2_003
"1930",7_00000000000000000146,"2022",75.7265680675774,100.109424838104,0.0221403319765892,est2_003
"1931",7_00000000000000000147,"2022",75.7335903036006,100.111916721431,0.0256691674393366,est2_003
"1932",7_00000000000000000144,"2021",75.7162880965909,100.113241377761,0.137361128567262,est2_003
"1933",7_00000000000000000148,"2023",75.7260077698595,100.118360776054,0.0141693956959786,est2_003
"1934",7_0000000000000000018b,"2022",75.664115413156,99.624757637418,0.0720400047904513,est2_003
"1935",7_0000000000000000018f,"2023",75.6940284082476,99.6363752836423,0.0239641064704866,est2_003
"1936",7_00000000000000000193,"2024",75.6734180442983,99.6591221329641,0.00977669525853313,est2_003
"1937",7_0000000000000000018d,"2023",75.6633922941452,99.6253445588284,0.0533645291095042,est2_003
"1938",7_0000000000000000018e,"2022",75.6644282638608,99.6237885670596,0.0480244174793722,est2_003
"1939",7_000000000000000001ae,"2023",75.6870673389405,99.8276962009222,0.047951470354882,est2_003
"1940",7_000000000000000001b1,"2024",75.6638387420238,99.8531337298679,0.0106728671412459,est2_003
"1941",7_000000000000000001b2,"2023",75.6615445780733,99.8805046663308,0.0329116372779092,est2_003
"1942",7_000000000000000001b3,"2023",75.6660346276739,99.8803326383587,0.0337907507128541,est2_003
"1943",7_000000000000000001b4,"2023",75.6615445780733,99.8805046663308,0.0329116372779092,est2_003
"1944",7_000000000000000001b5,"2022",75.6665277059896,99.8842498202082,0.0337907507128541,est2_003
"1945",7_000000000000000001b6,"2022",75.6686267708823,99.9071757920637,0.299618099316183,est2_003
"1946",7_000000000000000001b7,"2021",75.6695543941584,99.9165849922072,0.299618099316183,est2_003
"1947",7_000000000000000001b9,"2022",75.6777555691037,99.9328385477678,0.0666428218780772,est2_003
"1948",7_000000000000000001bd,"2024",75.6816703283245,99.9458847632112,0.0106600269667227,est2_003
"1949",7_000000000000000001c0,"2024",75.6533284836038,99.9638958992187,0.00979026196769389,est2_003
"1950",7_000000000000000001c1,"2021",75.657229284262,99.9691783710941,0.0560572589592553,est2_003
"1951",7_000000000000000001c4,"2022",75.6514090929787,99.9834184820191,0.0578619860455417,est2_003
"1952",7_000000000000000001c7,"2023",75.6707834345651,99.9919649239843,0.0115566804608301,est2_003
"1953",7_000000000000000001cc,"2024",75.6658081288111,100.041634923884,0.0115609073664849,est2_003
"1954",7_000000000000000001cd,"2022",75.6493064127444,100.041347413277,0.0151356533437757,est2_003
"1955",7_000000000000000001ce,"2021",75.6656034100016,100.059754273576,0.044464476276679,est2_003
"1956",7_000000000000000001cf,"2024",75.6712498572079,100.065360783283,0.0106678367590815,est2_003
"1957",7_000000000000000001d0,"2021",75.6770322860571,100.07579291881,0.0586466623828417,est2_003
"1958",7_000000000000000001d1,"2021",75.6764899931463,100.077749994817,0.0239904805822755,est2_003
"1959",7_0000000000000000014a,"2023",75.7765198133226,100.126929439515,0.0220642890388623,est2_003
"1960",7_0000000000000000014c,"2022",75.7642409894942,100.129823872858,0.0194321764950635,est2_003
"1961",7_0000000000000000014b,"2024",75.7733074048518,100.129931624029,0.0176554173014461,est2_003
"1962",7_0000000000000000014e,"2023",75.7666447969804,100.130719263218,0.0194299399589707,est2_003
"1963",7_0000000000000000014d,"2021",75.7473600020992,100.134988349337,0.201621943432471,est2_003
"1964",7_00000000000000000150,"2022",75.7475662878055,100.135828674628,0.201621943432471,est2_003
"1965",7_0000000000000000014f,"2024",75.7434407081484,100.137989482093,0.014153716311133,est2_003
"1966",7_00000000000000000153,"2022",75.7695117183013,100.150263193958,0.0141276239733638,est2_003
"1967",7_00000000000000000157,"2023",75.7770708069083,100.155395862446,0.0185325692426158,est2_003
"1968",7_00000000000000000156,"2024",75.7688068879423,100.157393074993,0.0105955927511693,est2_003
"1969",7_0000000000000000015c,"2022",75.7744753187426,100.184177898388,0.0388369017857116,est2_003
"1970",7_00000000000000000164,"2024",75.7820333800452,100.217164272355,0.0167621413603437,est2_003
"1971",7_00000000000000000166,"2022",75.7771661888676,100.238279240896,0.0573665614005921,est2_003
"1972",7_00000000000000000309,"2021",74.9584002985489,100.108625535736,0.0298302681088849,est2_003
"1973",7_0000000000000000030a,"2023",74.959222014347,100.132041565082,0.0214394562229142,est2_003
"1974",7_0000000000000000030b,"2023",74.959222014347,100.132041565082,0.0214394562229142,est2_003
"1975",7_0000000000000000030c,"2019",74.9610841949457,100.154703022273,0.116502399722724,est2_003
"1976",7_0000000000000000030d,"2023",74.9391678259266,100.175718808487,0.0102668275447507,est2_003
"1977",7_00000000000000000167,"2022",75.7801845311043,100.25652650636,0.0705871513700194,est2_003
"1978",7_0000000000000000016d,"2022",75.791341365154,100.291125831492,0.0149877771917834,est2_003
"1979",7_0000000000000000016f,"2022",75.7864353478251,100.298128937325,0.0899614999960575,est2_003
"1980",7_00000000000000000304,"2018",75.5121075787934,100.421923554046,0.153658690433775,est2_003
"1981",7_00000000000000000305,"2024",75.4735510751235,100.520328813758,0.00991099626758983,est2_003
"1982",7_00000000000000000306,"2024",75.4746780535773,100.526747665936,0.00990939920069846,est2_003
"1983",7_00000000000000000307,"2023",75.1747060958816,100.505041157143,0.010109829423225,est2_003
"1984",7_00000000000000000308,"2016",75.1760959696194,100.518515839855,0.014703838994355,est2_003
"1985",7_000000000000000000de,"2024",75.5690991647465,99.2757538021026,0.00984675866442516,est2_003
"1986",7_000000000000000000df,"2022",75.5687852052165,99.2820238791037,0.0286450694444243,est2_003
"1987",7_000000000000000000e0,"2023",75.5707862743883,99.28576373009,0.0170062370230617,est2_003
"1988",7_000000000000000000e1,"2021",75.5629837930948,99.3015620640417,0.053732045900379,est2_003
"1989",7_000000000000000000e2,"2024",75.595836271183,99.3299548897527,0.0107225506928184,est2_003
"1990",7_000000000000000000e3,"2023",75.5720620237997,99.3422840838893,0.0187942695961536,est2_003
"1991",7_000000000000000000e4,"2023",75.572929237865,99.3844826799782,0.0161081926280327,est2_003
"1992",7_000000000000000000e6,"2021",75.5722405526357,99.3958040892652,0.0295333785334938,est2_003
"1993",7_000000000000000000e5,"2023",75.5441586497222,99.3961444133923,0.00986333192064406,est2_003
"1994",7_000000000000000000e7,"2024",75.547147589957,99.4227508987349,0.00986158475836908,est2_003
"1995",7_000000000000000000e8,"2023",75.5469558636957,99.4319883210376,0.0277919472569768,est2_003
"1996",7_000000000000000000ea,"2023",75.6128550806871,99.4389133648719,0.0642621821464095,est2_003
"1997",7_000000000000000000e9,"2023",75.6128550806871,99.4389133648719,0.0642621821464095,est2_003
"1998",7_000000000000000000eb,"2023",75.621380942424,99.4487948749319,0.0214070251173532,est2_003
"1999",7_000000000000000000ec,"2024",75.5494574909673,99.4574771766635,0.0188238174290116,est2_003
"2000",7_00000000000000000184,"2023",75.5482136802959,99.4886152061516,0.047511907696314,est2_003
"2001",7_00000000000000000183,"2023",75.5459213768099,99.488669265347,0.0179309453521259,est2_003
"2002",7_00000000000000000185,"2024",75.5393567500447,99.5050202282871,0.00986677026423522,est2_003
"2003",7_00000000000000000186,"2023",75.5394597771121,99.5112004248921,0.0143514061593642,est2_003
"2004",7_000000000000000000ed,"2024",75.6403927312564,99.5310877331693,0.00979913727305997,est2_003
"2005",7_00000000000000000188,"2023",75.6408231564296,99.5438528545662,0.040976057625776,est2_003
"2006",7_000000000000000000ee,"2023",75.6408231564296,99.5438528545662,0.040976057625776,est2_003
"2007",7_00000000000000000187,"2021",75.5986669279372,99.5481539175113,0.127759666720099,est2_003
"2008",7_00000000000000000189,"2024",75.63564283017,99.5495144222253,0.014257638807891,est2_003
"2009",7_0000000000000000018a,"2023",75.6409197440412,99.5624267566834,0.0623561594954198,est2_003
"2010",7_000000000000000001d2,"2022",75.2305978622931,99.5690729372995,0.0402903017228677,est2_003
"2011",7_0000000000000000018c,"2021",75.5761990569032,99.6260934293677,0.0724732337648709,est2_003
"2012",7_00000000000000000190,"2023",75.5801759112191,99.6492156746011,0.0545643843070734,est2_003
"2013",7_00000000000000000192,"2023",75.5871446605463,99.6544429963669,0.0303967054394702,est2_003
"2014",7_00000000000000000191,"2022",75.5963953994768,99.6558103315173,0.016083776565277,est2_003
"2015",7_00000000000000000194,"2024",75.5927543756702,99.6626424546584,0.0116186527700901,est2_003
"2016",7_00000000000000000196,"2022",75.5884373657147,99.665294707739,0.0259253651624987,est2_003
"2017",7_00000000000000000195,"2021",75.570775936201,99.6662044304752,0.0581797786266241,est2_003
"2018",7_00000000000000000197,"2022",75.5761440974183,99.6768042807365,0.0161051659376712,est2_003
"2019",7_00000000000000000198,"2022",75.6041334283179,99.6794077543658,0.00982356542201136,est2_003
"2020",7_00000000000000000199,"2022",75.5763439254014,99.6893085761815,0.0545777515403649,est2_003
"2021",7_0000000000000000019a,"2022",75.5953421947016,99.6978150275324,0.0107229069653831,est2_003
"2022",7_0000000000000000019b,"2024",75.6000359061295,99.7016777061513,0.0142925251456652,est2_003
"2023",7_0000000000000000019d,"2022",75.5823180300758,99.7043687339893,0.102849831462092,est2_003
"2024",7_0000000000000000019c,"2023",75.5770878262157,99.7057627106312,0.0187878316646789,est2_003
"2025",7_0000000000000000019e,"2023",75.6112602321477,99.7096274735678,0.0410598575635344,est2_003
"2026",7_0000000000000000019f,"2023",75.6108790588844,99.710313923346,0.0410598575635344,est2_003
"2027",7_000000000000000001a1,"2023",75.5954140795899,99.717550983388,0.0178718720546875,est2_003
"2028",7_000000000000000001a0,"2024",75.6119782231083,99.7235625312242,0.350769655572305,est2_003
"2029",7_000000000000000001a5,"2022",75.5915548666618,99.7263085477762,0.135857171228583,est2_003
"2030",7_000000000000000001a2,"2022",75.6117783574048,99.7270691813418,0.350769655572305,est2_003
"2031",7_000000000000000001a4,"2023",75.5885592776667,99.735614637572,0.0214556432380236,est2_003
"2032",7_000000000000000001a3,"2023",75.5885592776667,99.735614637572,0.0214556432380236,est2_003
"2033",7_000000000000000001a6,"2023",75.5908057269913,99.7445274322416,0.0116197032848477,est2_003
"2034",7_000000000000000001a7,"2023",75.5927026675838,99.7499654880179,0.0205553198465219,est2_003
"2035",7_000000000000000001a8,"2023",75.6047809182974,99.7517938425103,0.0241109050266506,est2_003
"2036",7_000000000000000001a9,"2021",75.6092696233938,99.7583268497648,0.372266239553359,est2_003
"2037",7_000000000000000001aa,"2021",75.5998829607113,99.7675339640811,0.0518108231829717,est2_003
"2038",7_000000000000000001ab,"2023",75.6052164364031,99.7703410731527,0.0142880115230189,est2_003
"2039",7_000000000000000001ac,"2023",75.602751922997,99.7777251155466,0.0401899077578996,est2_003
"2040",7_000000000000000001ad,"2023",75.6025260928273,99.7790702974942,0.0401899077578996,est2_003
"2041",7_000000000000000001b0,"2021",75.627469644882,99.8416623114138,0.0686544858722203,est2_003
"2042",7_000000000000000001af,"2022",75.6177551992748,99.844509779948,0.0124903902033345,est2_003
"2043",7_000000000000000001b8,"2023",75.6182705656774,99.929311873159,0.388910555218629,est2_003
"2044",7_000000000000000001bb,"2022",75.6201373770783,99.9361738672272,0.471880832839631,est2_003
"2045",7_000000000000000001ba,"2021",75.6189788660558,99.9382773638971,0.431737069624765,est2_003
"2046",7_000000000000000002fe,"2016",75.7658854439335,101.097243854081,0.0300286713109075,est2_003
"2047",7_000000000000000002fd,"2021",75.7712386662402,101.100136693595,0.0176580718200127,est2_003
"2048",7_000000000000000002ff,"2024",75.7682801606837,101.100526271485,0.00971325170373805,est2_003
"2049",7_00000000000000000300,"2016",75.7684026307318,101.107361556569,0.0105968020562609,est2_003
"2050",7_00000000000000000301,"2021",75.7706484152049,101.110146315557,0.0132434822395637,est2_003
"2051",7_00000000000000000302,"2018",75.7667033990567,101.117811428694,0.0114810146829599,est2_003
"2052",7_00000000000000000303,"2016",75.7685047452514,101.120986441756,0.028257967309585,est2_003
"2053",7_0000000000000000041d,"2021",75.0379568133349,100.890015622373,0.0779000727057216,est2_003
"2054",7_0000000000000000041e,"2021",75.0141318481118,100.892289572947,0.0501542856187022,est2_003
"2055",7_0000000000000000041f,"2021",75.0551399628106,100.9345171246,0.0787371145385841,est2_003
"2056",7_00000000000000000420,"2023",74.8884673351989,100.954652645502,0.0177918181746183,est2_003
"2057",7_00000000000000000421,"2023",74.8903938171787,100.981825399536,0.0196630694207438,est2_003
"2058",7_00000000000000000604,"2024",74.8178952285423,101.238458385963,0.0103481581591233,est2_003
"2059",7_00000000000000000605,"2024",74.8216681819066,101.263104895259,0.0103453360280415,est2_003
"2060",7_00000000000000000606,"2016",74.7841510155174,101.428586505106,0.0207396118655952,est2_003
"2061",7_00000000000000000607,"2016",74.7999782393185,101.475137405894,0.0470860943633683,est2_003
"2062",7_00000000000000000608,"2016",74.7999782393185,101.475137405894,0.0470860943633683,est2_003
"2063",7_000000000000000006c7,"2024",74.2776035075996,101.44202882389,0.011680161003516,est2_003
"2064",7_000000000000000006d7,"2024",74.6474795608656,102.73366618687,0.016166471232899,est2_003
"2065",7_000000000000000006c6,"2019",74.8218340182371,102.205386167991,0.0122255359033173,est2_003
"2066",7_000000000000000006e3,"2024",74.662210274729,104.437754929912,0.0123513639257711,est2_003
"2067",7_000000000000000006e2,"2023",74.6095187482371,104.208061041083,0.02955038209525,est2_003
"2068",7_000000000000000006dd,"2021",74.1291646731287,103.171301306619,0.0186637688751952,est2_003
"2069",7_000000000000000006dc,"2020",74.144926032205,103.032567366448,0.016683646485891,est2_003
"2070",7_000000000000000006db,"2018",74.1953144596859,103.019642983464,0.0420653974273569,est2_003
"2071",7_000000000000000006d8,"2016",74.6451246779576,102.738416154958,0.0104625895184594,est2_003
"2072",7_000000000000000006d6,"2019",74.8980095255404,103.182345294047,0.0140374614875292,est2_003
"2073",7_000000000000000006e4,"2024",74.3227715198998,103.762194138306,0.0126174171436706,est2_003
"2074",7_000000000000000006e9,"2023",74.7045554753283,104.595478353922,0.0142136600709453,est2_003
"2075",7_000000000000000006ea,"2024",74.6220175935794,104.849518340845,0.0114301327500953,est2_003
"2076",7_000000000000000006eb,"2024",74.586200193355,105.455656661384,0.0219588999122251,est2_003
"2077",7_000000000000000001bc,"2022",75.6231918125939,99.9413219550414,0.403170090093445,est2_003
"2078",7_000000000000000001be,"2022",75.6240203008725,99.9455388933277,0.0321072636588145,est2_003
"2079",7_000000000000000001bf,"2024",75.6209891363811,99.9496128411915,0.0124884387302629,est2_003
"2080",7_000000000000000001c2,"2022",75.6327690098806,99.9728673398189,0.0588212246785509,est2_003
"2081",7_000000000000000001c3,"2023",75.632720673274,99.9731274612598,0.0588212246785509,est2_003
"2082",7_000000000000000001c6,"2023",75.622888917534,99.9867159937581,0.127531058703236,est2_003
"2083",7_000000000000000001c5,"2021",75.6237368286137,99.986879816665,0.127531058703236,est2_003
"2084",7_000000000000000001c8,"2022",75.6362792272376,99.9940070545866,0.0971257131483769,est2_003
"2085",7_000000000000000001ca,"2024",75.6398537494312,100.002164246307,0.00979906133350086,est2_003
"2086",7_000000000000000001c9,"2022",75.6344747873467,100.009434765119,0.0623812314517456,est2_003
"2087",7_000000000000000001cb,"2020",75.6428156324278,100.015125451675,0.0988668264783047,est2_003
"2088",7_000000000000000006d9,"2021",75.3032782151125,104.321907671111,0.0473864646697215,est2_003
"2089",7_000000000000000006da,"2023",75.2973995820306,104.340340970825,0.0100276427998544,est2_003
"2090",7_000000000000000006e1,"2024",75.0937107071898,104.884769116055,0.010164062827889,est2_003
"2091",7_000000000000000006de,"2018",75.4670091851631,105.058411419774,0.0279403988570686,est2_003
"2092",7_000000000000000006df,"2016",75.4993755614837,105.068932563036,0.0269825665650062,est2_003
"2093",7_000000000000000006e0,"2016",75.5010376770355,105.087317538381,0.0449625531689625,est2_003
"2094",7_000000000000000006e5,"2016",75.4089508323772,105.318873404762,0.0407168113226578,est2_003
"2095",7_000000000000000006e6,"2016",75.4112089106122,105.328751764433,0.0199042232725562,est2_003
"2096",7_000000000000000006e7,"2023",75.4092077630297,105.340284776453,0.0117629937896102,est2_003
"2097",7_000000000000000006e8,"2016",75.5377240200233,105.438989077425,0.0125586457935583,est2_003
"2098",7_00000000000000000000,"2024",74.4411418429646,97.0991685886827,0.0105982319737345,est2_002
"2099",7_00000000000000000001,"2024",74.4384468948114,97.1196502820457,0.0125271591211997,est2_002
"2100",7_00000000000000000040,"2016",75.6610862405014,98.1437942302623,0.0880691562109114,est2_002
"2101",7_00000000000000000041,"2023",75.6439346585276,98.3633676414617,0.0124686812396324,est2_002
"2102",7_00000000000000000042,"2024",75.6149703863295,98.42014114714,0.0160629611959365,est2_002
"2103",7_00000000000000000043,"2022",75.6815409319135,98.4770894756601,0.0399738648580163,est2_002
"2104",7_00000000000000000044,"2018",75.6141513361831,98.5267697606979,0.0249871406119536,est2_002
"2105",7_00000000000000000045,"2023",75.6040509407156,98.5753463387094,0.0357179260260263,est2_002
"2106",7_00000000000000000046,"2023",75.6433627003251,98.6001354462692,0.0178144620729012,est2_002
"2107",7_00000000000000000047,"2024",75.6544320887865,98.6032306540372,0.0186896633316046,est2_002
"2108",7_00000000000000000048,"2024",75.609670330014,98.6094161537606,0.00981984962115202,est2_002
"2109",7_0000000000000000004a,"2024",75.6066048265346,98.617063107097,0.00982095760737057,est2_002
"2110",7_00000000000000000049,"2024",75.6066048265346,98.617063107097,0.00982095760737057,est2_002
"2111",7_0000000000000000004b,"2024",75.6251540195533,98.6179420784069,0.00980939799014925,est2_002
"2112",7_0000000000000000004e,"2023",75.6170236879373,98.625508920822,0.0187373931248351,est2_002
"2113",7_000000000000000000f7,"2019",74.5008998396294,98.6061075531258,0.019196253818544,est2_002
"2114",7_000000000000000000f9,"2024",74.4532241489781,98.5976931919315,0.011552457937752,est2_002
"2115",7_0000000000000000004d,"2024",75.6072448792941,98.629006435831,0.0232140614606378,est2_002
"2116",7_0000000000000000004c,"2019",75.6221831269656,98.6302321408205,0.178389981104395,est2_002
"2117",7_0000000000000000004f,"2024",75.6068406317212,98.6317290204629,0.0446433802846556,est2_002
"2118",7_00000000000000000050,"2023",75.624875478419,98.6361954396447,0.0169446801261467,est2_002
"2119",7_00000000000000000053,"2021",75.6061686910871,98.6362797465173,0.0330368463179202,est2_002
"2120",7_00000000000000000052,"2023",75.6027370360089,98.6378592617635,0.0384044603605995,est2_002
"2121",7_00000000000000000051,"2016",75.6736204141159,98.6394742172303,0.138653443743035,est2_002
"2122",7_00000000000000000054,"2021",75.6013055346099,98.6450152188237,0.0491276194215578,est2_002
"2123",7_00000000000000000056,"2023",75.6202499232395,98.6496017012836,0.018732713912681,est2_002
"2124",7_00000000000000000055,"2024",75.6126347822147,98.6503793364376,0.0107093997234613,est2_002
"2125",7_00000000000000000058,"2024",75.6505091233119,98.6546083939579,0.0115724483776625,est2_002
"2126",7_00000000000000000057,"2023",75.6146041485524,98.6551058543905,0.0116012924377815,est2_002
"2127",7_0000000000000000005a,"2023",75.6488190542188,98.6615901640672,0.0169164178947875,est2_002
"2128",7_00000000000000000059,"2022",75.642968091809,98.6640991249952,0.0231571054305524,est2_002
"2129",7_0000000000000000005d,"2022",75.642968091809,98.6640991249952,0.0231571054305524,est2_002
"2130",7_0000000000000000005b,"2018",75.5917538733662,98.6663653893295,0.0983126033537052,est2_002
"2131",7_0000000000000000005c,"2018",75.6222484188932,98.6669482478622,0.231907224102236,est2_002
"2132",7_0000000000000000005e,"2023",75.5999209459652,98.6700887429082,0.0151855301623725,est2_002
"2133",7_00000000000000000063,"2021",75.6055732273879,98.671908877408,0.210731942360747,est2_002
"2134",7_00000000000000000064,"2021",75.6301277992787,98.672245972441,0.0686410829734954,est2_002
"2135",7_0000000000000000005f,"2020",75.5923870502514,98.6732737919738,0.117081510209757,est2_002
"2136",7_00000000000000000061,"2021",75.6440204215801,98.6767419210714,0.0694692785603202,est2_002
"2137",7_00000000000000000068,"2022",75.5926077952423,98.6768023627796,0.0607735069266483,est2_002
"2138",7_00000000000000000060,"2022",75.5756650219912,98.6779318924936,0.120793970922423,est2_002
"2139",7_00000000000000000066,"2021",75.5755175119283,98.6793911855531,0.120793970922423,est2_002
"2140",7_00000000000000000067,"2022",75.6508308066707,98.6797045089883,0.0640932925926683,est2_002
"2141",7_00000000000000000062,"2022",75.6461751458451,98.6817257230944,0.101515453706137,est2_002
"2142",7_00000000000000000069,"2023",75.6458996644601,98.682463549911,0.101515453706137,est2_002
"2143",7_00000000000000000065,"2024",75.640211893716,98.6825559727626,0.0418700623209111,est2_002
"2144",7_0000000000000000006a,"2024",75.640211893716,98.6825559727626,0.0418700623209111,est2_002
"2145",7_0000000000000000006c,"2024",75.6565624336814,98.700505404906,0.0151283548387868,est2_002
"2146",7_0000000000000000006b,"2022",75.6501728012697,98.704762307733,0.0373919592679445,est2_002
"2147",7_0000000000000000006d,"2023",75.6534792299515,98.7112018035353,0.0320420335836497,est2_002
"2148",7_00000000000000000072,"2022",75.6493583637742,98.7129963037234,0.0774578895142442,est2_002
"2149",7_0000000000000000006e,"2024",75.634071826575,98.7132452041528,0.00980278958441704,est2_002
"2150",7_00000000000000000071,"2023",75.5657200129262,98.7156483088815,0.0241738353893226,est2_002
"2151",7_00000000000000000070,"2024",75.6357867992329,98.7163320937383,0.00980242959866601,est2_002
"2152",7_00000000000000000073,"2023",75.6347088345685,98.7218689705893,0.0098028519451584,est2_002
"2153",7_0000000000000000006f,"2021",75.6268877061595,98.7245127816093,0.0748970413798471,est2_002
"2154",7_00000000000000000074,"2022",75.6150403131652,98.7256777508688,0.0232017666594337,est2_002
"2155",7_00000000000000000075,"2024",75.6424506472083,98.7315217661854,0.00979825230639447,est2_002
"2156",7_00000000000000000078,"2022",75.6534413872486,98.7315416754296,0.0934541482732145,est2_002
"2157",7_00000000000000000076,"2022",75.6450578118953,98.7359900498235,0.0694602745871867,est2_002
"2158",7_0000000000000000007a,"2021",75.64490699879,98.7362499147991,0.0712414987599753,est2_002
"2159",7_00000000000000000077,"2021",75.6450419944316,98.7379985170975,0.0623360401116557,est2_002
"2160",7_0000000000000000007d,"2023",75.634236425603,98.7422139441704,0.0926852338752249,est2_002
"2161",7_00000000000000000079,"2023",75.6249930386184,98.7472819216764,0.0124847137294109,est2_002
"2162",7_0000000000000000007e,"2023",75.6543055973976,98.7486128774149,0.0391601141816524,est2_002
"2163",7_00000000000000000081,"2022",75.6322780112855,98.7498774934288,0.100730514901629,est2_002
"2164",7_0000000000000000007b,"2023",75.6500373584557,98.7524680898955,0.0249274457015125,est2_002
"2165",7_0000000000000000007c,"2021",75.6386182876803,98.7533241625662,0.226285207056854,est2_002
"2166",7_0000000000000000007f,"2023",75.6489675490371,98.7598759003444,0.0195867267859077,est2_002
"2167",7_00000000000000000080,"2023",75.6489675490371,98.7598759003444,0.0195867267859077,est2_002
"2168",7_00000000000000000082,"2023",75.6511152679309,98.7657462767622,0.0409469478003248,est2_002
"2169",7_00000000000000000083,"2023",75.6511152679309,98.7657462767622,0.0409469478003248,est2_002
"2170",7_00000000000000000085,"2022",75.6567860187422,98.7693514399889,0.0195766742049011,est2_002
"2171",7_00000000000000000084,"2024",75.6377650958801,98.7699676509173,0.0142555998016486,est2_002
"2172",7_00000000000000000086,"2023",75.6540175677722,98.7804792178812,0.0400502670861447,est2_002
"2173",7_000000000000000000c9,"2023",75.6091734290054,98.7911155703527,0.0303528530538046,est2_002
"2174",7_000000000000000000ca,"2023",75.6093554500075,98.7920248030959,0.0303528530538046,est2_002
"2175",7_000000000000000000c8,"2022",75.5889295815712,98.7921134372089,0.0500615709536637,est2_002
"2176",7_000000000000000000cb,"2022",75.5696946692422,98.7956594437438,0.0232739445907415,est2_002
"2177",7_000000000000000000cc,"2022",75.5597985555443,98.7981790946504,0.0609107110651566,est2_002
"2178",7_000000000000000000cd,"2022",75.5599908841101,98.7991726011825,0.0609107110651566,est2_002
"2179",7_000000000000000000ce,"2024",75.6105213599996,98.8082181137725,0.0169601196785124,est2_002
"2180",7_000000000000000000ef,"2016",75.3927699212915,98.7388564090257,0.0163058265952466,est2_002
"2181",7_000000000000000000f0,"2024",75.3955568693809,98.7569645369276,0.0108687723706303,est2_002
"2182",7_000000000000000000f8,"2019",74.4965424023686,98.7194849868829,0.036484122580007,est2_002
"2183",7_000000000000000001d3,"2019",74.6109234399084,99.0112327742436,0.0133445426268717,est2_002
"2184",7_000000000000000001d4,"2016",74.146070251296,99.1011966453556,0.0941993636998279,est2_002
"2185",7_00000000000000000131,"2024",75.7258224229578,99.7935754204551,0.0159416914021463,est2_002
"2186",7_000000000000000000cf,"2022",75.5924710493531,98.8425152661321,0.0232367173573159,est2_002
"2187",7_000000000000000000d1,"2023",75.596734593422,98.8487272874872,0.00982846862712178,est2_002
"2188",7_000000000000000000d0,"2024",75.5930001053423,98.8495359970843,0.0125123968118882,est2_002
"2189",7_000000000000000000d2,"2018",75.7018591083767,98.8777590825801,0.0904828697018022,est2_002
"2190",7_000000000000000000d3,"2023",75.5834681119816,98.8788250293174,0.0143082083342674,est2_002
"2191",7_000000000000000000d4,"2022",75.577948995956,98.8880004341193,0.0295233998866379,est2_002
"2192",7_000000000000000000d5,"2021",75.6944386262977,98.9003723122067,0.00976240502458706,est2_002
"2193",7_000000000000000000d6,"2023",75.5489100977035,98.9011337362892,0.060956038357386,est2_002
"2194",7_000000000000000000d7,"2023",75.5933314842527,98.9342455608312,0.0178735337349495,est2_002
"2195",7_000000000000000000d8,"2023",75.6060219643388,98.9371923556702,0.0250013621259731,est2_002
"2196",7_000000000000000000d9,"2023",75.5421641141929,98.940443430653,0.0349728700760885,est2_002
"2197",7_000000000000000000f1,"2023",75.532993477685,98.9527468750306,0.0430716793366083,est2_002
"2198",7_000000000000000000da,"2023",75.5385237664827,98.9725601459038,0.00986748149395776,est2_002
"2199",7_000000000000000000f2,"2023",75.5385237664827,98.9725601459038,0.00986748149395776,est2_002
"2200",7_000000000000000000db,"2023",75.5559663359312,98.9756614515068,0.0241898656274788,est2_002
"2201",7_000000000000000000f3,"2022",75.5295690872687,99.0189737756655,0.0511622264838388,est2_002
"2202",7_000000000000000000dc,"2023",75.5375564199071,99.0268547553774,0.0170444482070115,est2_002
"2203",7_000000000000000000dd,"2024",75.6137127809028,99.1131015983184,0.010709293126576,est2_002
"2204",7_000000000000000000f4,"2016",75.4173547495898,99.1173621256969,0.0135655747504808,est2_002
"2205",7_000000000000000000f5,"2016",75.3582876757135,99.253244436598,0.0853468423462635,est2_002
"2206",7_000000000000000000f6,"2020",75.3615043234921,99.2657124535726,0.0127086560845528,est2_002
"2207",7_00000000000000000132,"2022",75.7248656513595,99.8072297447536,0.0637705768316855,est2_002
"2208",7_00000000000000000133,"2024",75.6920095675359,99.8259030890901,0.0648008309076837,est2_002
"2209",7_00000000000000000134,"2023",75.6870673389405,99.8276962009222,0.047951470354882,est2_002
"2210",7_00000000000000000135,"2023",75.6921393726313,99.8277495808169,0.0648008309076837,est2_002
"2211",7_00000000000000000136,"2024",75.6974426345095,99.9918820382482,0.0115362806697535,est2_002
"2212",7_00000000000000000138,"2023",75.6879481334494,100.048973270814,0.0115428662597644,est2_002
"2213",7_00000000000000000137,"2022",75.6934590304211,100.050820393611,0.0736724834311017,est2_002
"2214",7_00000000000000000139,"2023",75.6981590582099,100.062841772289,0.043479311225072,est2_002
"2215",7_0000000000000000013b,"2022",75.6919642271629,100.067428140625,0.022194179314414,est2_002
"2216",7_0000000000000000013a,"2022",75.7548405000516,100.077083709188,0.105179659634334,est2_002
"2217",7_0000000000000000013c,"2022",75.6876193937164,100.077826663581,0.0719289767643949,est2_002
"2218",7_0000000000000000013d,"2021",75.6771667140125,100.078061262505,0.0879691333295373,est2_002
"2219",7_0000000000000000013e,"2021",75.687375405703,100.078199058481,0.0719289767643949,est2_002
"2220",7_0000000000000000013f,"2023",75.7060758798334,100.079114316003,0.0150759653812782,est2_002
"2221",7_00000000000000000142,"2022",75.6776358092273,100.079975574831,0.079081746243677,est2_002
"2222",7_00000000000000000140,"2023",75.7048654425244,100.0826759287,0.0337019048089201,est2_002
"2223",7_00000000000000000141,"2024",75.7515650821347,100.082754763512,0.0203332575124843,est2_002
"2224",7_00000000000000000143,"2022",75.7049605370027,100.083120538753,0.0337019048089201,est2_002
"2225",7_00000000000000000145,"2023",75.7118539077732,100.104547217348,0.182626820361491,est2_002
"2226",7_00000000000000000149,"2021",75.7114088418533,100.107068107379,0.182626820361491,est2_002
"2227",7_00000000000000000146,"2022",75.7265680675774,100.109424838104,0.0221403319765892,est2_002
"2228",7_00000000000000000147,"2022",75.7335903036006,100.111916721431,0.0256691674393366,est2_002
"2229",7_00000000000000000144,"2021",75.7162880965909,100.113241377761,0.137361128567262,est2_002
"2230",7_00000000000000000148,"2023",75.7260077698595,100.118360776054,0.0141693956959786,est2_002
"2231",7_0000000000000000018b,"2022",75.664115413156,99.624757637418,0.0720400047904513,est2_002
"2232",7_0000000000000000018f,"2023",75.6940284082476,99.6363752836423,0.0239641064704866,est2_002
"2233",7_00000000000000000193,"2024",75.6734180442983,99.6591221329641,0.00977669525853313,est2_002
"2234",7_0000000000000000018d,"2023",75.6633922941452,99.6253445588284,0.0533645291095042,est2_002
"2235",7_0000000000000000018e,"2022",75.6644282638608,99.6237885670596,0.0480244174793722,est2_002
"2236",7_000000000000000001ae,"2023",75.6870673389405,99.8276962009222,0.047951470354882,est2_002
"2237",7_000000000000000001b1,"2024",75.6638387420238,99.8531337298679,0.0106728671412459,est2_002
"2238",7_000000000000000001b2,"2023",75.6615445780733,99.8805046663308,0.0329116372779092,est2_002
"2239",7_000000000000000001b3,"2023",75.6660346276739,99.8803326383587,0.0337907507128541,est2_002
"2240",7_000000000000000001b4,"2023",75.6615445780733,99.8805046663308,0.0329116372779092,est2_002
"2241",7_000000000000000001b5,"2022",75.6665277059896,99.8842498202082,0.0337907507128541,est2_002
"2242",7_000000000000000001b6,"2022",75.6686267708823,99.9071757920637,0.299618099316183,est2_002
"2243",7_000000000000000001b7,"2021",75.6695543941584,99.9165849922072,0.299618099316183,est2_002
"2244",7_000000000000000001b9,"2022",75.6777555691037,99.9328385477678,0.0666428218780772,est2_002
"2245",7_000000000000000001bd,"2024",75.6816703283245,99.9458847632112,0.0106600269667227,est2_002
"2246",7_000000000000000001c0,"2024",75.6533284836038,99.9638958992187,0.00979026196769389,est2_002
"2247",7_000000000000000001c1,"2021",75.657229284262,99.9691783710941,0.0560572589592553,est2_002
"2248",7_000000000000000001c4,"2022",75.6514090929787,99.9834184820191,0.0578619860455417,est2_002
"2249",7_000000000000000001c7,"2023",75.6707834345651,99.9919649239843,0.0115566804608301,est2_002
"2250",7_000000000000000001cc,"2024",75.6658081288111,100.041634923884,0.0115609073664849,est2_002
"2251",7_000000000000000001cd,"2022",75.6493064127444,100.041347413277,0.0151356533437757,est2_002
"2252",7_000000000000000001ce,"2021",75.6656034100016,100.059754273576,0.044464476276679,est2_002
"2253",7_000000000000000001cf,"2024",75.6712498572079,100.065360783283,0.0106678367590815,est2_002
"2254",7_000000000000000001d0,"2021",75.6770322860571,100.07579291881,0.0586466623828417,est2_002
"2255",7_000000000000000001d1,"2021",75.6764899931463,100.077749994817,0.0239904805822755,est2_002
"2256",7_0000000000000000014c,"2022",75.7642409894942,100.129823872858,0.0194321764950635,est2_002
"2257",7_0000000000000000014e,"2023",75.7666447969804,100.130719263218,0.0194299399589707,est2_002
"2258",7_0000000000000000014d,"2021",75.7473600020992,100.134988349337,0.201621943432471,est2_002
"2259",7_00000000000000000150,"2022",75.7475662878055,100.135828674628,0.201621943432471,est2_002
"2260",7_0000000000000000014f,"2024",75.7434407081484,100.137989482093,0.014153716311133,est2_002
"2261",7_00000000000000000309,"2021",74.9584002985489,100.108625535736,0.0298302681088849,est2_002
"2262",7_0000000000000000030a,"2023",74.959222014347,100.132041565082,0.0214394562229142,est2_002
"2263",7_0000000000000000030b,"2023",74.959222014347,100.132041565082,0.0214394562229142,est2_002
"2264",7_0000000000000000030c,"2019",74.9610841949457,100.154703022273,0.116502399722724,est2_002
"2265",7_0000000000000000030d,"2023",74.9391678259266,100.175718808487,0.0102668275447507,est2_002
"2266",7_00000000000000000304,"2018",75.5121075787934,100.421923554046,0.153658690433775,est2_002
"2267",7_00000000000000000305,"2024",75.4735510751235,100.520328813758,0.00991099626758983,est2_002
"2268",7_00000000000000000306,"2024",75.4746780535773,100.526747665936,0.00990939920069846,est2_002
"2269",7_00000000000000000307,"2023",75.1747060958816,100.505041157143,0.010109829423225,est2_002
"2270",7_00000000000000000308,"2016",75.1760959696194,100.518515839855,0.014703838994355,est2_002
"2271",7_000000000000000000de,"2024",75.5690991647465,99.2757538021026,0.00984675866442516,est2_002
"2272",7_000000000000000000df,"2022",75.5687852052165,99.2820238791037,0.0286450694444243,est2_002
"2273",7_000000000000000000e0,"2023",75.5707862743883,99.28576373009,0.0170062370230617,est2_002
"2274",7_000000000000000000e1,"2021",75.5629837930948,99.3015620640417,0.053732045900379,est2_002
"2275",7_000000000000000000e2,"2024",75.595836271183,99.3299548897527,0.0107225506928184,est2_002
"2276",7_000000000000000000e3,"2023",75.5720620237997,99.3422840838893,0.0187942695961536,est2_002
"2277",7_000000000000000000e4,"2023",75.572929237865,99.3844826799782,0.0161081926280327,est2_002
"2278",7_000000000000000000e6,"2021",75.5722405526357,99.3958040892652,0.0295333785334938,est2_002
"2279",7_000000000000000000e5,"2023",75.5441586497222,99.3961444133923,0.00986333192064406,est2_002
"2280",7_000000000000000000e7,"2024",75.547147589957,99.4227508987349,0.00986158475836908,est2_002
"2281",7_000000000000000000e8,"2023",75.5469558636957,99.4319883210376,0.0277919472569768,est2_002
"2282",7_000000000000000000ea,"2023",75.6128550806871,99.4389133648719,0.0642621821464095,est2_002
"2283",7_000000000000000000e9,"2023",75.6128550806871,99.4389133648719,0.0642621821464095,est2_002
"2284",7_000000000000000000eb,"2023",75.621380942424,99.4487948749319,0.0214070251173532,est2_002
"2285",7_000000000000000000ec,"2024",75.5494574909673,99.4574771766635,0.0188238174290116,est2_002
"2286",7_00000000000000000184,"2023",75.5482136802959,99.4886152061516,0.047511907696314,est2_002
"2287",7_00000000000000000183,"2023",75.5459213768099,99.488669265347,0.0179309453521259,est2_002
"2288",7_00000000000000000185,"2024",75.5393567500447,99.5050202282871,0.00986677026423522,est2_002
"2289",7_00000000000000000186,"2023",75.5394597771121,99.5112004248921,0.0143514061593642,est2_002
"2290",7_000000000000000000ed,"2024",75.6403927312564,99.5310877331693,0.00979913727305997,est2_002
"2291",7_00000000000000000188,"2023",75.6408231564296,99.5438528545662,0.040976057625776,est2_002
"2292",7_000000000000000000ee,"2023",75.6408231564296,99.5438528545662,0.040976057625776,est2_002
"2293",7_00000000000000000187,"2021",75.5986669279372,99.5481539175113,0.127759666720099,est2_002
"2294",7_00000000000000000189,"2024",75.63564283017,99.5495144222253,0.014257638807891,est2_002
"2295",7_0000000000000000018a,"2023",75.6409197440412,99.5624267566834,0.0623561594954198,est2_002
"2296",7_000000000000000001d2,"2022",75.2305978622931,99.5690729372995,0.0402903017228677,est2_002
"2297",7_0000000000000000018c,"2021",75.5761990569032,99.6260934293677,0.0724732337648709,est2_002
"2298",7_00000000000000000190,"2023",75.5801759112191,99.6492156746011,0.0545643843070734,est2_002
"2299",7_00000000000000000192,"2023",75.5871446605463,99.6544429963669,0.0303967054394702,est2_002
"2300",7_00000000000000000191,"2022",75.5963953994768,99.6558103315173,0.016083776565277,est2_002
"2301",7_00000000000000000194,"2024",75.5927543756702,99.6626424546584,0.0116186527700901,est2_002
"2302",7_00000000000000000196,"2022",75.5884373657147,99.665294707739,0.0259253651624987,est2_002
"2303",7_00000000000000000195,"2021",75.570775936201,99.6662044304752,0.0581797786266241,est2_002
"2304",7_00000000000000000197,"2022",75.5761440974183,99.6768042807365,0.0161051659376712,est2_002
"2305",7_00000000000000000198,"2022",75.6041334283179,99.6794077543658,0.00982356542201136,est2_002
"2306",7_00000000000000000199,"2022",75.5763439254014,99.6893085761815,0.0545777515403649,est2_002
"2307",7_0000000000000000019a,"2022",75.5953421947016,99.6978150275324,0.0107229069653831,est2_002
"2308",7_0000000000000000019b,"2024",75.6000359061295,99.7016777061513,0.0142925251456652,est2_002
"2309",7_0000000000000000019d,"2022",75.5823180300758,99.7043687339893,0.102849831462092,est2_002
"2310",7_0000000000000000019c,"2023",75.5770878262157,99.7057627106312,0.0187878316646789,est2_002
"2311",7_0000000000000000019e,"2023",75.6112602321477,99.7096274735678,0.0410598575635344,est2_002
"2312",7_0000000000000000019f,"2023",75.6108790588844,99.710313923346,0.0410598575635344,est2_002
"2313",7_000000000000000001a1,"2023",75.5954140795899,99.717550983388,0.0178718720546875,est2_002
"2314",7_000000000000000001a0,"2024",75.6119782231083,99.7235625312242,0.350769655572305,est2_002
"2315",7_000000000000000001a5,"2022",75.5915548666618,99.7263085477762,0.135857171228583,est2_002
"2316",7_000000000000000001a2,"2022",75.6117783574048,99.7270691813418,0.350769655572305,est2_002
"2317",7_000000000000000001a4,"2023",75.5885592776667,99.735614637572,0.0214556432380236,est2_002
"2318",7_000000000000000001a3,"2023",75.5885592776667,99.735614637572,0.0214556432380236,est2_002
"2319",7_000000000000000001a6,"2023",75.5908057269913,99.7445274322416,0.0116197032848477,est2_002
"2320",7_000000000000000001a7,"2023",75.5927026675838,99.7499654880179,0.0205553198465219,est2_002
"2321",7_000000000000000001a8,"2023",75.6047809182974,99.7517938425103,0.0241109050266506,est2_002
"2322",7_000000000000000001a9,"2021",75.6092696233938,99.7583268497648,0.372266239553359,est2_002
"2323",7_000000000000000001aa,"2021",75.5998829607113,99.7675339640811,0.0518108231829717,est2_002
"2324",7_000000000000000001ab,"2023",75.6052164364031,99.7703410731527,0.0142880115230189,est2_002
"2325",7_000000000000000001ac,"2023",75.602751922997,99.7777251155466,0.0401899077578996,est2_002
"2326",7_000000000000000001ad,"2023",75.6025260928273,99.7790702974942,0.0401899077578996,est2_002
"2327",7_000000000000000001b0,"2021",75.627469644882,99.8416623114138,0.0686544858722203,est2_002
"2328",7_000000000000000001af,"2022",75.6177551992748,99.844509779948,0.0124903902033345,est2_002
"2329",7_000000000000000001b8,"2023",75.6182705656774,99.929311873159,0.388910555218629,est2_002
"2330",7_000000000000000001bb,"2022",75.6201373770783,99.9361738672272,0.471880832839631,est2_002
"2331",7_000000000000000001ba,"2021",75.6189788660558,99.9382773638971,0.431737069624765,est2_002
"2332",7_000000000000000002fe,"2016",75.7658854439335,101.097243854081,0.0300286713109075,est2_002
"2333",7_000000000000000002fd,"2021",75.7712386662402,101.100136693595,0.0176580718200127,est2_002
"2334",7_000000000000000002ff,"2024",75.7682801606837,101.100526271485,0.00971325170373805,est2_002
"2335",7_00000000000000000300,"2016",75.7684026307318,101.107361556569,0.0105968020562609,est2_002
"2336",7_00000000000000000301,"2021",75.7706484152049,101.110146315557,0.0132434822395637,est2_002
"2337",7_00000000000000000302,"2018",75.7667033990567,101.117811428694,0.0114810146829599,est2_002
"2338",7_00000000000000000303,"2016",75.7685047452514,101.120986441756,0.028257967309585,est2_002
"2339",7_0000000000000000041d,"2021",75.0379568133349,100.890015622373,0.0779000727057216,est2_002
"2340",7_0000000000000000041e,"2021",75.0141318481118,100.892289572947,0.0501542856187022,est2_002
"2341",7_0000000000000000041f,"2021",75.0551399628106,100.9345171246,0.0787371145385841,est2_002
"2342",7_00000000000000000420,"2023",74.8884673351989,100.954652645502,0.0177918181746183,est2_002
"2343",7_00000000000000000421,"2023",74.8903938171787,100.981825399536,0.0196630694207438,est2_002
"2344",7_00000000000000000604,"2024",74.8178952285423,101.238458385963,0.0103481581591233,est2_002
"2345",7_00000000000000000605,"2024",74.8216681819066,101.263104895259,0.0103453360280415,est2_002
"2346",7_00000000000000000606,"2016",74.7841510155174,101.428586505106,0.0207396118655952,est2_002
"2347",7_00000000000000000607,"2016",74.7999782393185,101.475137405894,0.0470860943633683,est2_002
"2348",7_00000000000000000608,"2016",74.7999782393185,101.475137405894,0.0470860943633683,est2_002
"2349",7_000000000000000006c7,"2024",74.2776035075996,101.44202882389,0.011680161003516,est2_002
"2350",7_000000000000000006d7,"2024",74.6474795608656,102.73366618687,0.016166471232899,est2_002
"2351",7_000000000000000006c6,"2019",74.8218340182371,102.205386167991,0.0122255359033173,est2_002
"2352",7_000000000000000006e3,"2024",74.662210274729,104.437754929912,0.0123513639257711,est2_002
"2353",7_000000000000000006e2,"2023",74.6095187482371,104.208061041083,0.02955038209525,est2_002
"2354",7_000000000000000006dd,"2021",74.1291646731287,103.171301306619,0.0186637688751952,est2_002
"2355",7_000000000000000006dc,"2020",74.144926032205,103.032567366448,0.016683646485891,est2_002
"2356",7_000000000000000006db,"2018",74.1953144596859,103.019642983464,0.0420653974273569,est2_002
"2357",7_000000000000000006d8,"2016",74.6451246779576,102.738416154958,0.0104625895184594,est2_002
"2358",7_000000000000000006d6,"2019",74.8980095255404,103.182345294047,0.0140374614875292,est2_002
"2359",7_000000000000000006e4,"2024",74.3227715198998,103.762194138306,0.0126174171436706,est2_002
"2360",7_000000000000000006e9,"2023",74.7045554753283,104.595478353922,0.0142136600709453,est2_002
"2361",7_000000000000000006ea,"2024",74.6220175935794,104.849518340845,0.0114301327500953,est2_002
"2362",7_000000000000000006eb,"2024",74.586200193355,105.455656661384,0.0219588999122251,est2_002
"2363",7_000000000000000001bc,"2022",75.6231918125939,99.9413219550414,0.403170090093445,est2_002
"2364",7_000000000000000001be,"2022",75.6240203008725,99.9455388933277,0.0321072636588145,est2_002
"2365",7_000000000000000001bf,"2024",75.6209891363811,99.9496128411915,0.0124884387302629,est2_002
"2366",7_000000000000000001c2,"2022",75.6327690098806,99.9728673398189,0.0588212246785509,est2_002
"2367",7_000000000000000001c3,"2023",75.632720673274,99.9731274612598,0.0588212246785509,est2_002
"2368",7_000000000000000001c6,"2023",75.622888917534,99.9867159937581,0.127531058703236,est2_002
"2369",7_000000000000000001c5,"2021",75.6237368286137,99.986879816665,0.127531058703236,est2_002
"2370",7_000000000000000001c8,"2022",75.6362792272376,99.9940070545866,0.0971257131483769,est2_002
"2371",7_000000000000000001ca,"2024",75.6398537494312,100.002164246307,0.00979906133350086,est2_002
"2372",7_000000000000000001c9,"2022",75.6344747873467,100.009434765119,0.0623812314517456,est2_002
"2373",7_000000000000000001cb,"2020",75.6428156324278,100.015125451675,0.0988668264783047,est2_002
"2374",7_000000000000000006d9,"2021",75.3032782151125,104.321907671111,0.0473864646697215,est2_002
"2375",7_000000000000000006da,"2023",75.2973995820306,104.340340970825,0.0100276427998544,est2_002
"2376",7_000000000000000006e1,"2024",75.0937107071898,104.884769116055,0.010164062827889,est2_002
"2377",7_000000000000000006de,"2018",75.4670091851631,105.058411419774,0.0279403988570686,est2_002
"2378",7_000000000000000006df,"2016",75.4993755614837,105.068932563036,0.0269825665650062,est2_002
"2379",7_000000000000000006e0,"2016",75.5010376770355,105.087317538381,0.0449625531689625,est2_002
"2380",7_000000000000000006e5,"2016",75.4089508323772,105.318873404762,0.0407168113226578,est2_002
"2381",7_000000000000000006e6,"2016",75.4112089106122,105.328751764433,0.0199042232725562,est2_002
"2382",7_000000000000000006e7,"2023",75.4092077630297,105.340284776453,0.0117629937896102,est2_002
"2383",7_000000000000000006e8,"2016",75.5377240200233,105.438989077425,0.0125586457935583,est2_002
"2384",7_00000000000000000000,"2024",74.4411418429646,97.0991685886827,0.0105982319737345,est2_001
"2385",7_00000000000000000001,"2024",74.4384468948114,97.1196502820457,0.0125271591211997,est2_001
"2386",7_00000000000000000044,"2018",75.6141513361831,98.5267697606979,0.0249871406119536,est2_001
"2387",7_00000000000000000045,"2023",75.6040509407156,98.5753463387094,0.0357179260260263,est2_001
"2388",7_00000000000000000048,"2024",75.609670330014,98.6094161537606,0.00981984962115202,est2_001
"2389",7_0000000000000000004a,"2024",75.6066048265346,98.617063107097,0.00982095760737057,est2_001
"2390",7_00000000000000000049,"2024",75.6066048265346,98.617063107097,0.00982095760737057,est2_001
"2391",7_0000000000000000004e,"2023",75.6170236879373,98.625508920822,0.0187373931248351,est2_001
"2392",7_000000000000000000f7,"2019",74.5008998396294,98.6061075531258,0.019196253818544,est2_001
"2393",7_000000000000000000f9,"2024",74.4532241489781,98.5976931919315,0.011552457937752,est2_001
"2394",7_0000000000000000004d,"2024",75.6072448792941,98.629006435831,0.0232140614606378,est2_001
"2395",7_0000000000000000004f,"2024",75.6068406317212,98.6317290204629,0.0446433802846556,est2_001
"2396",7_00000000000000000053,"2021",75.6061686910871,98.6362797465173,0.0330368463179202,est2_001
"2397",7_00000000000000000052,"2023",75.6027370360089,98.6378592617635,0.0384044603605995,est2_001
"2398",7_00000000000000000054,"2021",75.6013055346099,98.6450152188237,0.0491276194215578,est2_001
"2399",7_00000000000000000056,"2023",75.6202499232395,98.6496017012836,0.018732713912681,est2_001
"2400",7_00000000000000000055,"2024",75.6126347822147,98.6503793364376,0.0107093997234613,est2_001
"2401",7_00000000000000000057,"2023",75.6146041485524,98.6551058543905,0.0116012924377815,est2_001
"2402",7_0000000000000000005b,"2018",75.5917538733662,98.6663653893295,0.0983126033537052,est2_001
"2403",7_0000000000000000005c,"2018",75.6222484188932,98.6669482478622,0.231907224102236,est2_001
"2404",7_0000000000000000005e,"2023",75.5999209459652,98.6700887429082,0.0151855301623725,est2_001
"2405",7_00000000000000000063,"2021",75.6055732273879,98.671908877408,0.210731942360747,est2_001
"2406",7_0000000000000000005f,"2020",75.5923870502514,98.6732737919738,0.117081510209757,est2_001
"2407",7_00000000000000000068,"2022",75.5926077952423,98.6768023627796,0.0607735069266483,est2_001
"2408",7_00000000000000000060,"2022",75.5756650219912,98.6779318924936,0.120793970922423,est2_001
"2409",7_00000000000000000066,"2021",75.5755175119283,98.6793911855531,0.120793970922423,est2_001
"2410",7_00000000000000000071,"2023",75.5657200129262,98.7156483088815,0.0241738353893226,est2_001
"2411",7_00000000000000000074,"2022",75.6150403131652,98.7256777508688,0.0232017666594337,est2_001
"2412",7_000000000000000000c9,"2023",75.6091734290054,98.7911155703527,0.0303528530538046,est2_001
"2413",7_000000000000000000ca,"2023",75.6093554500075,98.7920248030959,0.0303528530538046,est2_001
"2414",7_000000000000000000c8,"2022",75.5889295815712,98.7921134372089,0.0500615709536637,est2_001
"2415",7_000000000000000000ce,"2024",75.6105213599996,98.8082181137725,0.0169601196785124,est2_001
"2416",7_000000000000000000ef,"2016",75.3927699212915,98.7388564090257,0.0163058265952466,est2_001
"2417",7_000000000000000000f0,"2024",75.3955568693809,98.7569645369276,0.0108687723706303,est2_001
"2418",7_000000000000000000f8,"2019",74.4965424023686,98.7194849868829,0.036484122580007,est2_001
"2419",7_000000000000000001d3,"2019",74.6109234399084,99.0112327742436,0.0133445426268717,est2_001
"2420",7_000000000000000001d4,"2016",74.146070251296,99.1011966453556,0.0941993636998279,est2_001
"2421",7_000000000000000000cf,"2022",75.5924710493531,98.8425152661321,0.0232367173573159,est2_001
"2422",7_000000000000000000d1,"2023",75.596734593422,98.8487272874872,0.00982846862712178,est2_001
"2423",7_000000000000000000d0,"2024",75.5930001053423,98.8495359970843,0.0125123968118882,est2_001
"2424",7_000000000000000000d6,"2023",75.5489100977035,98.9011337362892,0.060956038357386,est2_001
"2425",7_000000000000000000d9,"2023",75.5421641141929,98.940443430653,0.0349728700760885,est2_001
"2426",7_000000000000000000f1,"2023",75.532993477685,98.9527468750306,0.0430716793366083,est2_001
"2427",7_000000000000000000f4,"2016",75.4173547495898,99.1173621256969,0.0135655747504808,est2_001
"2428",7_000000000000000000f5,"2016",75.3582876757135,99.253244436598,0.0853468423462635,est2_001
"2429",7_000000000000000000f6,"2020",75.3615043234921,99.2657124535726,0.0127086560845528,est2_001
"2430",7_0000000000000000013d,"2021",75.6771667140125,100.078061262505,0.0879691333295373,est2_001
"2431",7_00000000000000000142,"2022",75.6776358092273,100.079975574831,0.079081746243677,est2_001
"2432",7_000000000000000001cc,"2024",75.6658081288111,100.041634923884,0.0115609073664849,est2_001
"2433",7_000000000000000001cd,"2022",75.6493064127444,100.041347413277,0.0151356533437757,est2_001
"2434",7_000000000000000001ce,"2021",75.6656034100016,100.059754273576,0.044464476276679,est2_001
"2435",7_000000000000000001cf,"2024",75.6712498572079,100.065360783283,0.0106678367590815,est2_001
"2436",7_000000000000000001d0,"2021",75.6770322860571,100.07579291881,0.0586466623828417,est2_001
"2437",7_000000000000000001d1,"2021",75.6764899931463,100.077749994817,0.0239904805822755,est2_001
"2438",7_00000000000000000309,"2021",74.9584002985489,100.108625535736,0.0298302681088849,est2_001
"2439",7_0000000000000000030a,"2023",74.959222014347,100.132041565082,0.0214394562229142,est2_001
"2440",7_0000000000000000030b,"2023",74.959222014347,100.132041565082,0.0214394562229142,est2_001
"2441",7_0000000000000000030c,"2019",74.9610841949457,100.154703022273,0.116502399722724,est2_001
"2442",7_0000000000000000030d,"2023",74.9391678259266,100.175718808487,0.0102668275447507,est2_001
"2443",7_00000000000000000304,"2018",75.5121075787934,100.421923554046,0.153658690433775,est2_001
"2444",7_00000000000000000305,"2024",75.4735510751235,100.520328813758,0.00991099626758983,est2_001
"2445",7_00000000000000000306,"2024",75.4746780535773,100.526747665936,0.00990939920069846,est2_001
"2446",7_00000000000000000307,"2023",75.1747060958816,100.505041157143,0.010109829423225,est2_001
"2447",7_00000000000000000308,"2016",75.1760959696194,100.518515839855,0.014703838994355,est2_001
"2448",7_000000000000000001d2,"2022",75.2305978622931,99.5690729372995,0.0402903017228677,est2_001
"2449",7_00000000000000000195,"2021",75.570775936201,99.6662044304752,0.0581797786266241,est2_001
"2450",7_00000000000000000197,"2022",75.5761440974183,99.6768042807365,0.0161051659376712,est2_001
"2451",7_00000000000000000199,"2022",75.5763439254014,99.6893085761815,0.0545777515403649,est2_001
"2452",7_0000000000000000019a,"2022",75.5953421947016,99.6978150275324,0.0107229069653831,est2_001
"2453",7_0000000000000000019b,"2024",75.6000359061295,99.7016777061513,0.0142925251456652,est2_001
"2454",7_0000000000000000019d,"2022",75.5823180300758,99.7043687339893,0.102849831462092,est2_001
"2455",7_0000000000000000019c,"2023",75.5770878262157,99.7057627106312,0.0187878316646789,est2_001
"2456",7_000000000000000001a1,"2023",75.5954140795899,99.717550983388,0.0178718720546875,est2_001
"2457",7_000000000000000001a5,"2022",75.5915548666618,99.7263085477762,0.135857171228583,est2_001
"2458",7_000000000000000001a4,"2023",75.5885592776667,99.735614637572,0.0214556432380236,est2_001
"2459",7_000000000000000001a3,"2023",75.5885592776667,99.735614637572,0.0214556432380236,est2_001
"2460",7_000000000000000001a6,"2023",75.5908057269913,99.7445274322416,0.0116197032848477,est2_001
"2461",7_000000000000000001a7,"2023",75.5927026675838,99.7499654880179,0.0205553198465219,est2_001
"2462",7_000000000000000001a8,"2023",75.6047809182974,99.7517938425103,0.0241109050266506,est2_001
"2463",7_000000000000000001a9,"2021",75.6092696233938,99.7583268497648,0.372266239553359,est2_001
"2464",7_000000000000000001aa,"2021",75.5998829607113,99.7675339640811,0.0518108231829717,est2_001
"2465",7_000000000000000001ab,"2023",75.6052164364031,99.7703410731527,0.0142880115230189,est2_001
"2466",7_000000000000000001ac,"2023",75.602751922997,99.7777251155466,0.0401899077578996,est2_001
"2467",7_000000000000000001ad,"2023",75.6025260928273,99.7790702974942,0.0401899077578996,est2_001
"2468",7_000000000000000001af,"2022",75.6177551992748,99.844509779948,0.0124903902033345,est2_001
"2469",7_000000000000000001b8,"2023",75.6182705656774,99.929311873159,0.388910555218629,est2_001
"2470",7_000000000000000001bb,"2022",75.6201373770783,99.9361738672272,0.471880832839631,est2_001
"2471",7_000000000000000001ba,"2021",75.6189788660558,99.9382773638971,0.431737069624765,est2_001
"2472",7_000000000000000002fe,"2016",75.7658854439335,101.097243854081,0.0300286713109075,est2_001
"2473",7_000000000000000002fd,"2021",75.7712386662402,101.100136693595,0.0176580718200127,est2_001
"2474",7_000000000000000002ff,"2024",75.7682801606837,101.100526271485,0.00971325170373805,est2_001
"2475",7_00000000000000000300,"2016",75.7684026307318,101.107361556569,0.0105968020562609,est2_001
"2476",7_00000000000000000301,"2021",75.7706484152049,101.110146315557,0.0132434822395637,est2_001
"2477",7_00000000000000000302,"2018",75.7667033990567,101.117811428694,0.0114810146829599,est2_001
"2478",7_00000000000000000303,"2016",75.7685047452514,101.120986441756,0.028257967309585,est2_001
"2479",7_0000000000000000041d,"2021",75.0379568133349,100.890015622373,0.0779000727057216,est2_001
"2480",7_0000000000000000041e,"2021",75.0141318481118,100.892289572947,0.0501542856187022,est2_001
"2481",7_0000000000000000041f,"2021",75.0551399628106,100.9345171246,0.0787371145385841,est2_001
"2482",7_00000000000000000420,"2023",74.8884673351989,100.954652645502,0.0177918181746183,est2_001
"2483",7_00000000000000000421,"2023",74.8903938171787,100.981825399536,0.0196630694207438,est2_001
"2484",7_00000000000000000604,"2024",74.8178952285423,101.238458385963,0.0103481581591233,est2_001
"2485",7_00000000000000000605,"2024",74.8216681819066,101.263104895259,0.0103453360280415,est2_001
"2486",7_00000000000000000606,"2016",74.7841510155174,101.428586505106,0.0207396118655952,est2_001
"2487",7_00000000000000000607,"2016",74.7999782393185,101.475137405894,0.0470860943633683,est2_001
"2488",7_00000000000000000608,"2016",74.7999782393185,101.475137405894,0.0470860943633683,est2_001
"2489",7_000000000000000006c7,"2024",74.2776035075996,101.44202882389,0.011680161003516,est2_001
"2490",7_000000000000000006d7,"2024",74.6474795608656,102.73366618687,0.016166471232899,est2_001
"2491",7_000000000000000006c6,"2019",74.8218340182371,102.205386167991,0.0122255359033173,est2_001
"2492",7_000000000000000006e3,"2024",74.662210274729,104.437754929912,0.0123513639257711,est2_001
"2493",7_000000000000000006e2,"2023",74.6095187482371,104.208061041083,0.02955038209525,est2_001
"2494",7_000000000000000006dd,"2021",74.1291646731287,103.171301306619,0.0186637688751952,est2_001
"2495",7_000000000000000006dc,"2020",74.144926032205,103.032567366448,0.016683646485891,est2_001
"2496",7_000000000000000006db,"2018",74.1953144596859,103.019642983464,0.0420653974273569,est2_001
"2497",7_000000000000000006d8,"2016",74.6451246779576,102.738416154958,0.0104625895184594,est2_001
"2498",7_000000000000000006d6,"2019",74.8980095255404,103.182345294047,0.0140374614875292,est2_001
"2499",7_000000000000000006e4,"2024",74.3227715198998,103.762194138306,0.0126174171436706,est2_001
"2500",7_000000000000000006e9,"2023",74.7045554753283,104.595478353922,0.0142136600709453,est2_001
"2501",7_000000000000000006ea,"2024",74.6220175935794,104.849518340845,0.0114301327500953,est2_001
"2502",7_000000000000000006eb,"2024",74.586200193355,105.455656661384,0.0219588999122251,est2_001
"2503",7_000000000000000001bc,"2022",75.6231918125939,99.9413219550414,0.403170090093445,est2_001
"2504",7_000000000000000001be,"2022",75.6240203008725,99.9455388933277,0.0321072636588145,est2_001
"2505",7_000000000000000001bf,"2024",75.6209891363811,99.9496128411915,0.0124884387302629,est2_001
"2506",7_000000000000000001c2,"2022",75.6327690098806,99.9728673398189,0.0588212246785509,est2_001
"2507",7_000000000000000001c3,"2023",75.632720673274,99.9731274612598,0.0588212246785509,est2_001
"2508",7_000000000000000001c6,"2023",75.622888917534,99.9867159937581,0.127531058703236,est2_001
"2509",7_000000000000000001c5,"2021",75.6237368286137,99.986879816665,0.127531058703236,est2_001
"2510",7_000000000000000001c8,"2022",75.6362792272376,99.9940070545866,0.0971257131483769,est2_001
"2511",7_000000000000000001ca,"2024",75.6398537494312,100.002164246307,0.00979906133350086,est2_001
"2512",7_000000000000000001c9,"2022",75.6344747873467,100.009434765119,0.0623812314517456,est2_001
"2513",7_000000000000000001cb,"2020",75.6428156324278,100.015125451675,0.0988668264783047,est2_001
"2514",7_000000000000000006d9,"2021",75.3032782151125,104.321907671111,0.0473864646697215,est2_001
"2515",7_000000000000000006da,"2023",75.2973995820306,104.340340970825,0.0100276427998544,est2_001
"2516",7_000000000000000006e1,"2024",75.0937107071898,104.884769116055,0.010164062827889,est2_001
"2517",7_000000000000000006de,"2018",75.4670091851631,105.058411419774,0.0279403988570686,est2_001
"2518",7_000000000000000006df,"2016",75.4993755614837,105.068932563036,0.0269825665650062,est2_001
"2519",7_000000000000000006e0,"2016",75.5010376770355,105.087317538381,0.0449625531689625,est2_001
"2520",7_000000000000000006e5,"2016",75.4089508323772,105.318873404762,0.0407168113226578,est2_001
"2521",7_000000000000000006e6,"2016",75.4112089106122,105.328751764433,0.0199042232725562,est2_001
"2522",7_000000000000000006e7,"2023",75.4092077630297,105.340284776453,0.0117629937896102,est2_001
"2523",7_000000000000000006e8,"2016",75.5377240200233,105.438989077425,0.0125586457935583,est2_001
"2524",7_00000000000000000044,"2018",75.6141513361831,98.5267697606979,0.0249871406119536,g001
"2525",7_00000000000000000045,"2023",75.6040509407156,98.5753463387094,0.0357179260260263,g001
"2526",7_00000000000000000048,"2024",75.609670330014,98.6094161537606,0.00981984962115202,g001
"2527",7_0000000000000000004a,"2024",75.6066048265346,98.617063107097,0.00982095760737057,g001
"2528",7_00000000000000000049,"2024",75.6066048265346,98.617063107097,0.00982095760737057,g001
"2529",7_0000000000000000004e,"2023",75.6170236879373,98.625508920822,0.0187373931248351,g001
"2530",7_0000000000000000004d,"2024",75.6072448792941,98.629006435831,0.0232140614606378,g001
"2531",7_0000000000000000004f,"2024",75.6068406317212,98.6317290204629,0.0446433802846556,g001
"2532",7_00000000000000000053,"2021",75.6061686910871,98.6362797465173,0.0330368463179202,g001
"2533",7_00000000000000000052,"2023",75.6027370360089,98.6378592617635,0.0384044603605995,g001
"2534",7_00000000000000000054,"2021",75.6013055346099,98.6450152188237,0.0491276194215578,g001
"2535",7_00000000000000000056,"2023",75.6202499232395,98.6496017012836,0.018732713912681,g001
"2536",7_00000000000000000055,"2024",75.6126347822147,98.6503793364376,0.0107093997234613,g001
"2537",7_00000000000000000057,"2023",75.6146041485524,98.6551058543905,0.0116012924377815,g001
"2538",7_0000000000000000005b,"2018",75.5917538733662,98.6663653893295,0.0983126033537052,g001
"2539",7_0000000000000000005c,"2018",75.6222484188932,98.6669482478622,0.231907224102236,g001
"2540",7_0000000000000000005e,"2023",75.5999209459652,98.6700887429082,0.0151855301623725,g001
"2541",7_00000000000000000063,"2021",75.6055732273879,98.671908877408,0.210731942360747,g001
"2542",7_0000000000000000005f,"2020",75.5923870502514,98.6732737919738,0.117081510209757,g001
"2543",7_00000000000000000068,"2022",75.5926077952423,98.6768023627796,0.0607735069266483,g001
"2544",7_00000000000000000060,"2022",75.5756650219912,98.6779318924936,0.120793970922423,g001
"2545",7_00000000000000000066,"2021",75.5755175119283,98.6793911855531,0.120793970922423,g001
"2546",7_00000000000000000071,"2023",75.5657200129262,98.7156483088815,0.0241738353893226,g001
"2547",7_00000000000000000074,"2022",75.6150403131652,98.7256777508688,0.0232017666594337,g001
"2548",7_000000000000000000c9,"2023",75.6091734290054,98.7911155703527,0.0303528530538046,g001
"2549",7_000000000000000000ca,"2023",75.6093554500075,98.7920248030959,0.0303528530538046,g001
"2550",7_000000000000000000c8,"2022",75.5889295815712,98.7921134372089,0.0500615709536637,g001
"2551",7_000000000000000000ce,"2024",75.6105213599996,98.8082181137725,0.0169601196785124,g001
"2552",7_000000000000000000ef,"2016",75.3927699212915,98.7388564090257,0.0163058265952466,g001
"2553",7_000000000000000000f0,"2024",75.3955568693809,98.7569645369276,0.0108687723706303,g001
"2554",7_000000000000000000cf,"2022",75.5924710493531,98.8425152661321,0.0232367173573159,g001
"2555",7_000000000000000000d1,"2023",75.596734593422,98.8487272874872,0.00982846862712178,g001
"2556",7_000000000000000000d0,"2024",75.5930001053423,98.8495359970843,0.0125123968118882,g001
"2557",7_000000000000000000d6,"2023",75.5489100977035,98.9011337362892,0.060956038357386,g001
"2558",7_000000000000000000d9,"2023",75.5421641141929,98.940443430653,0.0349728700760885,g001
"2559",7_000000000000000000f1,"2023",75.532993477685,98.9527468750306,0.0430716793366083,g001
"2560",7_000000000000000000f4,"2016",75.4173547495898,99.1173621256969,0.0135655747504808,g001
"2561",7_000000000000000000f5,"2016",75.3582876757135,99.253244436598,0.0853468423462635,g001
"2562",7_000000000000000000f6,"2020",75.3615043234921,99.2657124535726,0.0127086560845528,g001
"2563",7_00000000000000000040,"2016",75.6610862405014,98.1437942302623,0.0880691562109114,e001
"2564",7_00000000000000000041,"2023",75.6439346585276,98.3633676414617,0.0124686812396324,e001
"2565",7_00000000000000000042,"2024",75.6149703863295,98.42014114714,0.0160629611959365,e001
"2566",7_00000000000000000043,"2022",75.6815409319135,98.4770894756601,0.0399738648580163,e001
"2567",7_00000000000000000046,"2023",75.6433627003251,98.6001354462692,0.0178144620729012,e001
"2568",7_00000000000000000047,"2024",75.6544320887865,98.6032306540372,0.0186896633316046,e001
"2569",7_0000000000000000004b,"2024",75.6251540195533,98.6179420784069,0.00980939799014925,e001
"2570",7_0000000000000000004c,"2019",75.6221831269656,98.6302321408205,0.178389981104395,e001
"2571",7_00000000000000000050,"2023",75.624875478419,98.6361954396447,0.0169446801261467,e001
"2572",7_00000000000000000051,"2016",75.6736204141159,98.6394742172303,0.138653443743035,e001
"2573",7_00000000000000000064,"2021",75.6301277992787,98.672245972441,0.0686410829734954,e001
"2574",7_00000000000000000040,"2016",75.6610862405014,98.1437942302623,0.0880691562109114,e002
"2575",7_00000000000000000041,"2023",75.6439346585276,98.3633676414617,0.0124686812396324,e002
"2576",7_00000000000000000042,"2024",75.6149703863295,98.42014114714,0.0160629611959365,e002
"2577",7_0000000000000000001b,"2021",76.0493887123387,98.553283965093,0.160183318735209,a002
"2578",7_0000000000000000001d,"2021",76.0534182343439,98.5791949397144,0.15236858189857,a002
"2579",7_0000000000000000001e,"2021",76.0523392888181,98.5814767068921,0.15236858189857,a002
"2580",7_00000000000000000020,"2021",76.0554226934921,98.5978757165859,0.0761711342041107,a002
"2581",7_00000000000000000021,"2023",76.0346375821812,98.6116555076714,0.0182040155785702,a002
"2582",7_00000000000000000023,"2023",76.0585327833878,98.6255346100384,0.0225001913908186,a002
"2583",7_00000000000000000022,"2023",76.0585327833878,98.6255346100384,0.0225001913908186,a002
"2584",7_00000000000000000025,"2022",76.0603286742192,98.6765995938172,0.0147101916186553,a002
"2585",7_00000000000000000024,"2022",76.0579203310036,98.6781653004984,0.0121163284762102,a002
"2586",7_0000000000000000003e,"2023",75.9044974190609,98.6813713410948,0.0122466009143059,a002
"2587",7_0000000000000000003f,"2024",75.9063453801023,98.6921895214383,0.0183679320512657,a002
"2588",7_00000000000000000029,"2022",76.0653909627795,98.7015853009465,0.102069645442937,a002
"2589",7_0000000000000000002a,"2021",76.0656004272867,98.7049385493278,0.102069645442937,a002
"2590",7_0000000000000000002b,"2022",76.0578489542614,98.7176093675242,0.0233667735751424,a002
"2591",7_0000000000000000002c,"2023",76.0639160492683,98.7276688179619,0.0354685791375303,a002
"2592",7_0000000000000000002d,"2021",76.0639894406556,98.7288102086921,0.0354685791375303,a002
"2593",7_0000000000000000002e,"2022",76.0405360072703,98.7443544806247,0.0493908697330945,a002
"2594",7_00000000000000000030,"2022",76.062744018119,98.7458129585729,0.0346075218934578,a002
"2595",7_0000000000000000002f,"2022",76.062744018119,98.7458129585729,0.0346075218934578,a002
"2596",7_00000000000000000031,"2023",76.0402045735355,98.7460089552957,0.0493908697330945,a002
"2597",7_00000000000000000032,"2021",76.0408637972478,98.7555410365847,0.0181965236381717,a002
"2598",7_00000000000000000033,"2022",76.0491942492461,98.7578581713758,0.0493600526368521,a002
"2599",7_00000000000000000034,"2022",76.0529955378003,98.7618693546782,0.0484833185053252,a002
"2600",7_00000000000000000035,"2021",76.0587710801178,98.7946785084889,0.0510576696255029,a002
"2601",7_00000000000000000036,"2021",76.0693835223767,98.8214137518281,0.0276723825267985,a002
"2602",7_00000000000000000037,"2022",76.0324985825444,98.8302520892375,0.0208088190905818,a002
"2603",7_00000000000000000039,"2021",76.0582917888832,98.8507618507906,0.0406745244440018,a002
"2604",7_00000000000000000038,"2021",76.0606131959027,98.8527819667348,0.0787419419793618,a002
"2605",7_0000000000000000003a,"2022",76.043704831367,98.9429561687104,0.0259897852343461,a002
"2606",7_0000000000000000003b,"2021",76.0670773102328,98.9597929570511,0.124548356938873,a002
"2607",7_0000000000000000003c,"2023",75.966481188201,99.0043605406176,0.0104528838747418,a002
"2608",7_0000000000000000008f,"2023",75.9727120674454,99.026920070273,0.0208958019875806,a002
"2609",7_00000000000000000091,"2023",75.9433777244148,99.1734411341991,0.0383853311475686,a002
"2610",7_00000000000000000090,"2022",75.972164611856,99.1766385218236,0.0200253219553458,a002
"2611",7_00000000000000000092,"2023",75.972852059911,99.1923628932358,0.0391781490761933,a002
"2612",7_00000000000000000093,"2024",75.9768689135212,99.200589379373,0.00957412406711798,a002
"2613",7_0000000000000000009b,"2023",76.0601350279751,99.2574832768717,0.0173054711474768,a002
"2614",7_0000000000000000009f,"2022",76.0705945044143,99.2945774229952,0.103766058833835,a002
"2615",7_000000000000000000a1,"2024",76.0727109972312,99.3036342842466,0.0095101586232709,a002
"2616",7_000000000000000000a4,"2024",76.0732010810563,99.3138749967893,0.0181563408956747,a002
"2617",7_0000000000000000001b,"2021",76.0493887123387,98.553283965093,0.160183318735209,a001
"2618",7_0000000000000000001d,"2021",76.0534182343439,98.5791949397144,0.15236858189857,a001
"2619",7_0000000000000000001e,"2021",76.0523392888181,98.5814767068921,0.15236858189857,a001
"2620",7_00000000000000000020,"2021",76.0554226934921,98.5978757165859,0.0761711342041107,a001
"2621",7_00000000000000000021,"2023",76.0346375821812,98.6116555076714,0.0182040155785702,a001
"2622",7_00000000000000000023,"2023",76.0585327833878,98.6255346100384,0.0225001913908186,a001
"2623",7_00000000000000000022,"2023",76.0585327833878,98.6255346100384,0.0225001913908186,a001
"2624",7_00000000000000000025,"2022",76.0603286742192,98.6765995938172,0.0147101916186553,a001
"2625",7_00000000000000000024,"2022",76.0579203310036,98.6781653004984,0.0121163284762102,a001
"2626",7_0000000000000000003e,"2023",75.9044974190609,98.6813713410948,0.0122466009143059,a001
"2627",7_0000000000000000003f,"2024",75.9063453801023,98.6921895214383,0.0183679320512657,a001
"2628",7_00000000000000000029,"2022",76.0653909627795,98.7015853009465,0.102069645442937,a001
"2629",7_0000000000000000002a,"2021",76.0656004272867,98.7049385493278,0.102069645442937,a001
"2630",7_0000000000000000002b,"2022",76.0578489542614,98.7176093675242,0.0233667735751424,a001
"2631",7_0000000000000000002c,"2023",76.0639160492683,98.7276688179619,0.0354685791375303,a001
"2632",7_0000000000000000002d,"2021",76.0639894406556,98.7288102086921,0.0354685791375303,a001
"2633",7_0000000000000000002e,"2022",76.0405360072703,98.7443544806247,0.0493908697330945,a001
"2634",7_00000000000000000030,"2022",76.062744018119,98.7458129585729,0.0346075218934578,a001
"2635",7_0000000000000000002f,"2022",76.062744018119,98.7458129585729,0.0346075218934578,a001
"2636",7_00000000000000000031,"2023",76.0402045735355,98.7460089552957,0.0493908697330945,a001
"2637",7_00000000000000000032,"2021",76.0408637972478,98.7555410365847,0.0181965236381717,a001
"2638",7_00000000000000000033,"2022",76.0491942492461,98.7578581713758,0.0493600526368521,a001
"2639",7_00000000000000000034,"2022",76.0529955378003,98.7618693546782,0.0484833185053252,a001
"2640",7_00000000000000000035,"2021",76.0587710801178,98.7946785084889,0.0510576696255029,a001
"2641",7_00000000000000000036,"2021",76.0693835223767,98.8214137518281,0.0276723825267985,a001
"2642",7_00000000000000000037,"2022",76.0324985825444,98.8302520892375,0.0208088190905818,a001
"2643",7_00000000000000000039,"2021",76.0582917888832,98.8507618507906,0.0406745244440018,a001
"2644",7_00000000000000000038,"2021",76.0606131959027,98.8527819667348,0.0787419419793618,a001
"2645",7_0000000000000000003a,"2022",76.043704831367,98.9429561687104,0.0259897852343461,a001
"2646",7_0000000000000000003b,"2021",76.0670773102328,98.9597929570511,0.124548356938873,a001
"2647",7_0000000000000000003c,"2023",75.966481188201,99.0043605406176,0.0104528838747418,a001
"2648",7_0000000000000000008f,"2023",75.9727120674454,99.026920070273,0.0208958019875806,a001
"2649",7_00000000000000000091,"2023",75.9433777244148,99.1734411341991,0.0383853311475686,a001
"2650",7_00000000000000000090,"2022",75.972164611856,99.1766385218236,0.0200253219553458,a001
"2651",7_00000000000000000092,"2023",75.972852059911,99.1923628932358,0.0391781490761933,a001
"2652",7_00000000000000000093,"2024",75.9768689135212,99.200589379373,0.00957412406711798,a001
"2653",7_0000000000000000009b,"2023",76.0601350279751,99.2574832768717,0.0173054711474768,a001
"2654",7_00000000000000000151,"2021",75.6881238983068,100.122651423625,0.221097718586389,b001
"2655",7_00000000000000000155,"2022",75.7266501195355,100.144352479892,0.120439949948158,b001
"2656",7_00000000000000000152,"2022",75.727373970344,100.144916987473,0.120439949948158,b001
"2657",7_00000000000000000154,"2024",75.7191423031987,100.150627539468,0.377471950315955,b001
"2658",7_00000000000000000158,"2020",75.7180271506035,100.152574301771,0.377471950315955,b001
"2659",7_00000000000000000159,"2019",75.7326546093221,100.153680233062,0.285934268149691,b001
"2660",7_0000000000000000015b,"2022",75.7465900454723,100.176025832947,0.314858097325839,b001
"2661",7_0000000000000000015a,"2022",75.7360597751964,100.17649917302,0.0123906231748404,b001
"2662",7_0000000000000000015d,"2022",75.7237170476867,100.18287237895,0.179823279415444,b001
"2663",7_0000000000000000015e,"2023",75.7326903185171,100.185482105107,0.0398356969160669,b001
"2664",7_00000000000000000160,"2022",75.7244498481983,100.18622626962,0.196649319089036,b001
"2665",7_00000000000000000162,"2024",75.7258647184084,100.194819471371,0.0575688810701798,b001
"2666",7_0000000000000000015f,"2022",75.7471828525457,100.1953099062,0.0203404243969857,b001
"2667",7_00000000000000000161,"2022",75.7410600527291,100.2110473347,0.268066963875846,b001
"2668",7_00000000000000000163,"2022",75.7359827313602,100.215023283497,0.052216634546845,b001
"2669",7_00000000000000000165,"2022",75.7359827313602,100.215023283497,0.052216634546845,b001
"2670",7_00000000000000000168,"2022",75.7588106731973,100.263616767431,0.0468327032254018,b001
"2671",7_00000000000000000169,"2022",75.774193208371,100.269710097562,0.246277476711553,b001
"2672",7_0000000000000000016b,"2023",75.7571654944183,100.27405571781,0.0141395105861704,b001
"2673",7_0000000000000000016a,"2024",75.7623512518873,100.276313731698,0.00971748457226766,b001
"2674",7_0000000000000000016c,"2022",75.75414932866,100.277667437068,0.0601052327340546,b001
"2675",7_0000000000000000016e,"2023",75.7751868474802,100.296501808332,0.223289249148714,b001
"2676",7_00000000000000000170,"2022",75.7746338223334,100.302294113526,0.248888834119224,b001
"2677",7_00000000000000000171,"2022",75.7743265376513,100.306482155496,0.248888827068355,b001
"2678",7_00000000000000000172,"2022",75.7729684892308,100.312049012591,0.0308963781813605,b001
"2679",7_00000000000000000173,"2022",75.7768401215145,100.322558552764,0.0767793293454775,b001
"2680",7_00000000000000000174,"2024",75.755466898404,100.323132247738,0.0106060868221496,b001
"2681",7_00000000000000000175,"2022",75.7947356131932,100.325807389271,0.0299692307488109,b001
"2682",7_00000000000000000178,"2022",75.771349558696,100.333435570926,0.0450274908669976,b001
"2683",7_00000000000000000179,"2022",75.771349558696,100.333435570926,0.0450274908669976,b001
"2684",7_00000000000000000177,"2022",75.7956609445667,100.336794775312,0.234467972819272,b001
"2685",7_0000000000000000017a,"2020",75.7936309706137,100.33722256036,0.234467972819272,b001
"2686",7_00000000000000000176,"2022",75.7828726270106,100.338604508273,0.0890954880650206,b001
"2687",7_0000000000000000017c,"2022",75.7828726270106,100.338604508273,0.0890954880650206,b001
"2688",7_0000000000000000017b,"2022",75.7848777359547,100.349858003256,0.026461299531213,b001
"2689",7_0000000000000000017f,"2023",75.7831611341312,100.371748789991,0.0696912480470548,b001
"2690",7_0000000000000000017d,"2022",75.7933608543033,100.372932954806,0.0282101901803115,b001
"2691",7_0000000000000000017e,"2022",75.8048292382497,100.375771001207,0.0246647666668848,b001
"2692",7_00000000000000000180,"2024",75.7983165456223,100.38107372835,0.00969420505259186,b001
"2693",7_00000000000000000182,"2022",75.8110242521732,100.394340970908,0.0140866097608021,b001
"2694",7_00000000000000000181,"2021",75.7953657035788,100.399383678532,0.120754185741851,b001
"2695",7_000000000000000002e7,"2022",75.7952731508817,100.39964044261,0.120754185741851,b001
"2696",7_000000000000000002e8,"2023",75.8004453933269,100.411788778028,0.021146010566252,b001
"2697",7_000000000000000002e9,"2022",75.7599785187987,100.424898564217,0.0468304146866084,b001
"2698",7_00000000000000000109,"2024",76.2346037670066,100.384993438074,0.00940193864346469,b001
"2699",7_0000000000000000010a,"2023",76.2164251237827,100.416842988804,0.00941424535856683,b001
"2700",7_00000000000000000124,"2023",76.2045796253613,100.479843321402,0.0102778653995888,b001
"2701",7_0000000000000000010b,"2024",76.2637336797949,100.492644364566,0.0102346494999774,b001
"2702",7_0000000000000000010c,"2022",76.2431322375187,100.492662565585,0.0486894228678306,b001
"2703",7_00000000000000000125,"2024",76.0764349652788,100.594513228815,0.00950733189904605,b001
"2704",7_00000000000000000126,"2024",76.0929734053456,100.606938570271,0.0164021569378786,b001
"2705",7_0000000000000000010d,"2024",76.2476538225705,100.638440976403,0.0153702101650263,b001
"2706",7_0000000000000000010e,"2023",76.2438730905151,100.647732738318,0.0196454078102974,b001
"2707",7_0000000000000000010f,"2021",76.2452943082126,100.653264220444,0.0777167181272289,b001
"2708",7_00000000000000000111,"2021",76.2445468521904,100.654887155107,0.0777167181272289,b001
"2709",7_00000000000000000110,"2023",76.2467686758895,100.65575747103,0.0162256903320563,b001
"2710",7_00000000000000000112,"2024",76.2287667799558,100.688398506986,0.0136808876313606,b001
"2711",7_00000000000000000115,"2022",76.2424320997239,100.693983912552,0.0418571916764258,b001
"2712",7_00000000000000000113,"2024",76.2247467894628,100.695304317788,0.0102638517227592,b001
"2713",7_00000000000000000116,"2023",76.2573892019449,100.698585459887,0.023893038723259,b001
"2714",7_00000000000000000114,"2023",76.2573892019449,100.698585459887,0.023893038723259,b001
"2715",7_00000000000000000117,"2024",76.2236034705984,100.700522703721,0.0188181306041089,b001
"2716",7_00000000000000000118,"2022",76.2322935225228,100.706546289252,0.0264980504437588,b001
"2717",7_00000000000000000119,"2024",76.2405956389457,100.709202479482,0.0119607167919123,b001
"2718",7_0000000000000000011a,"2020",76.2219620353968,100.71147392504,0.00941071040214758,b001
"2719",7_0000000000000000011b,"2022",76.230513370466,100.721011827552,0.029922935650917,b001
"2720",7_0000000000000000011c,"2023",76.245893951294,100.732784675846,0.0170799480063732,b001
"2721",7_000000000000000001f0,"2023",76.2202152924754,100.733133320478,0.02566625628498,b001
"2722",7_000000000000000001ef,"2023",76.2202152924754,100.733133320478,0.02566625628498,b001
"2723",7_000000000000000001f1,"2023",76.2194162447849,100.740370106058,0.0179681045543084,b001
"2724",7_000000000000000001f2,"2024",76.2273519472058,100.748664150362,0.0094060617183884,b001
"2725",7_000000000000000001f3,"2022",76.2526134816343,100.763633688976,0.0324354703862212,b001
"2726",7_000000000000000001f4,"2024",76.2301297752844,100.769187257525,0.0111147363696198,b001
"2727",7_000000000000000001f5,"2021",76.2423965554716,100.770227837114,0.101652620440566,b001
"2728",7_000000000000000001f6,"2023",76.2171586775803,100.775198619942,0.0145472740340265,b001
"2729",7_000000000000000001f7,"2024",76.2222473569717,100.775835515682,0.014542508478842,b001
"2730",7_000000000000000001f8,"2024",76.2194018438943,100.778674223338,0.0239562262178751,b001
"2731",7_000000000000000001f9,"2022",76.2302973030342,100.779030461928,0.0188085574610866,b001
"2732",7_000000000000000001fa,"2024",76.2492285172825,100.78946886545,0.014514379987622,b001
"2733",7_000000000000000001fb,"2022",76.2497136620604,100.800670903352,0.0307373058690625,b001
"2734",7_000000000000000001fc,"2024",76.2126522220147,100.812362966155,0.0094158488534155,b001
"2735",7_000000000000000001fd,"2022",76.2550433716601,100.839074356946,0.0119487339416515,b001
"2736",7_000000000000000001fe,"2024",76.2555061477025,100.849328436568,0.0145081445250695,b001
"2737",7_000000000000000001ff,"2024",76.2464321480458,100.856030821787,0.0128101601108813,b001
"2738",7_00000000000000000200,"2024",76.2722227629159,100.86710707642,0.0102290759843305,b001
"2739",7_00000000000000000201,"2024",76.2452463530512,100.868643189869,0.0128111976367793,b001
"2740",7_00000000000000000202,"2024",76.2657818348243,100.880501016262,0.0136444619786756,b001
"2741",7_00000000000000000203,"2024",76.2657818348243,100.880501016262,0.0136444619786756,b001
"2742",7_00000000000000000204,"2024",76.2386706595635,100.88327669846,0.0102531156966842,b001
"2743",7_00000000000000000205,"2018",76.2358287324755,100.893015212186,0.00940048912470261,b001
"2744",7_00000000000000000206,"2023",76.2448998931246,100.903939014834,0.0162282404679662,b001
"2745",7_00000000000000000207,"2023",76.2448620614614,100.911552694135,0.0119570598356443,b001
"2746",7_00000000000000000208,"2021",76.2765389492065,100.914224433277,0.0622061959381098,b001
"2747",7_000000000000000002ae,"2023",76.1810930739541,100.936701688105,0.0111534371447841,b001
"2748",7_0000000000000000020a,"2024",76.2879882081626,100.95860041824,0.0102176789760484,b001
"2749",7_00000000000000000209,"2023",76.299112650904,100.944019329724,0.0136112919158267,b001
"2750",7_000000000000000002c8,"2022",75.8551691500756,100.954306305005,0.015799955922331,b001
"2751",7_000000000000000002c9,"2022",75.8601170897315,100.983638611059,0.0403657852031724,b001
"2752",7_000000000000000002f7,"2021",75.8126936885643,101.026041742878,0.0193680562660874,b001
"2753",7_000000000000000002f8,"2021",75.8140071050781,101.031423907743,0.010563251760048,b001
"2754",7_000000000000000002f9,"2021",75.8140071050781,101.031423907743,0.010563251760048,b001
"2755",7_000000000000000002cb,"2021",75.8721682522014,101.051593581569,0.0166575826392995,b001
"2756",7_000000000000000002d0,"2023",75.8689403383585,101.052230472755,0.0455992089967074,b001
"2757",7_000000000000000002cd,"2023",75.8689403383585,101.052230472755,0.0455992089967074,b001
"2758",7_000000000000000002ce,"2023",75.8690513852605,101.052253539572,0.0455992089967074,b001
"2759",7_000000000000000002cf,"2024",75.8272872342011,101.054405842502,0.0105538810183517,b001
"2760",7_000000000000000002d1,"2023",75.8717538210918,101.058582989552,0.0105215927094433,b001
"2761",7_000000000000000002d2,"2023",75.8502244038288,101.059681701834,0.0193180254845336,b001
"2762",7_000000000000000002d3,"2023",75.8274219688391,101.063433893498,0.00967462499712962,b001
"2763",7_000000000000000002d4,"2023",75.8720110816826,101.064903923765,0.00964477318217964,b001
"2764",7_000000000000000002d5,"2024",75.8463694864902,101.07019188791,0.0114184479461084,b001
"2765",7_000000000000000002fa,"2021",75.770157076398,101.078079884246,0.101538582668697,b001
"2766",7_000000000000000002d7,"2016",75.8434951428632,101.080209089783,0.0281111309577,b001
"2767",7_000000000000000002d6,"2016",75.8434951428632,101.080209089783,0.0281111309577,b001
"2768",7_000000000000000002fb,"2021",75.7723742041815,101.083527054444,0.0653314060157152,b001
"2769",7_000000000000000002fc,"2021",75.7723742041815,101.083527054444,0.0653314060157152,b001
"2770",7_000000000000000002d9,"2022",75.8859046736355,101.104309550064,0.0525581970142862,b001
"2771",7_000000000000000002db,"2023",75.8838878957098,101.122021936529,0.0516869440095175,b001
"2772",7_000000000000000002da,"2021",75.8801651813374,101.132255707169,0.0893790481874286,b001
"2773",7_000000000000000002dd,"2023",75.8538324319293,101.153445160145,0.00965571574975056,b001
"2774",7_00000000000000000222,"2024",76.1901739119113,101.081747228189,0.0377250012288466,b001
"2775",7_00000000000000000224,"2024",76.1901739119113,101.081747228189,0.0377250012288466,b001
"2776",7_00000000000000000230,"2022",76.1906144747199,101.107029054983,0.0248639454709796,b001
"2777",7_00000000000000000227,"2024",76.1929913289769,101.090383413088,0.0102869553428565,b001
"2778",7_00000000000000000244,"2024",76.1940297546045,101.13971670823,0.0145711236316496,b001
"2779",7_00000000000000000231,"2024",76.1952920781992,101.112377921561,0.0497105698492334,b001
"2780",7_00000000000000000238,"2022",76.1957459996537,101.114100712563,0.0497105698492334,b001
"2781",7_0000000000000000024e,"2018",76.1964168248434,101.158326749272,0.0402785263908696,b001
"2782",7_0000000000000000023d,"2022",76.1968507987711,101.122894006257,0.0179969509843642,b001
"2783",7_00000000000000000252,"2023",76.1978859141202,101.166052374767,0.0231365560132047,b001
"2784",7_00000000000000000254,"2023",76.1978859141202,101.166052374767,0.0231365560132047,b001
"2785",7_00000000000000000242,"2024",76.1980994960388,101.133600514809,0.00942545505096472,b001
"2786",7_00000000000000000258,"2018",76.1994477597032,101.175958340853,0.0359866100012223,b001
"2787",7_0000000000000000021e,"2021",76.1997691639278,101.076388602428,0.102819149106694,b001
"2788",7_00000000000000000235,"2022",76.2076619182861,101.116909059603,0.0179828694410469,b001
"2789",7_00000000000000000239,"2022",76.2076619182861,101.116909059603,0.0179828694410469,b001
"2790",7_00000000000000000233,"2024",76.2115579106969,101.108839677412,0.0171216366334705,b001
"2791",7_0000000000000000022f,"2024",76.2116123473754,101.107179123943,0.0196900102437015,b001
"2792",7_0000000000000000022e,"2024",76.2119008939594,101.105385196926,0.0102730339490059,b001
"2793",7_0000000000000000023e,"2023",76.2160331358132,101.128543760098,0.0171170027089615,b001
"2794",7_00000000000000000237,"2022",76.216251666214,101.117596912514,0.0590522284642295,b001
"2795",7_0000000000000000022c,"2024",76.2175153798877,101.094156230048,0.0102691920398087,b001
"2796",7_00000000000000000240,"2023",76.2204852958822,101.129143364894,0.0265233132211427,b001
"2797",7_0000000000000000024c,"2022",76.220509019593,101.154046914364,0.0153997749255579,b001
"2798",7_0000000000000000023c,"2023",76.2211535151684,101.123261585676,0.0102660354732601,b001
"2799",7_00000000000000000241,"2024",76.2272049036334,101.131983632783,0.00940657636240012,b001
"2800",7_00000000000000000253,"2022",76.228241665958,101.163643333501,0.0188111230196609,b001
"2801",7_00000000000000000225,"2019",76.2282828828121,101.086806379336,0.00940535832139207,b001
"2802",7_00000000000000000247,"2022",76.2294001374288,101.143191259216,0.0418954941375672,b001
"2803",7_00000000000000000249,"2022",76.2294001374288,101.143191259216,0.0418954941375672,b001
"2804",7_00000000000000000243,"2022",76.2309631348984,101.136808200879,0.0170985069785379,b001
"2805",7_00000000000000000250,"2023",76.2323094649068,101.161009677919,0.0145320969285254,b001
"2806",7_0000000000000000023f,"2023",76.2394192418982,101.130987261977,0.015379774717038,b001
"2807",7_00000000000000000232,"2022",76.2512371387911,101.109487454392,0.0153665810690341,b001
"2808",7_0000000000000000022d,"2023",76.2528681528065,101.103055748991,0.0187781845131767,b001
"2809",7_0000000000000000025c,"2023",76.1915195080915,101.178329034075,0.0257194476059312,b001
"2810",7_0000000000000000025e,"2023",76.2000341555147,101.186431211366,0.0128519570243716,b001
"2811",7_00000000000000000265,"2022",76.2028900929647,101.196439841773,0.0111356473227722,b001
"2812",7_00000000000000000267,"2022",76.2062882699881,101.20336898121,0.06166299017604,b001
"2813",7_00000000000000000268,"2022",76.2063160207215,101.202064416838,0.0196974007046425,b001
"2814",7_00000000000000000269,"2022",76.2063173114796,101.205420005348,0.0513862100740952,b001
"2815",7_0000000000000000026f,"2024",76.2101103812324,101.213370931674,0.0196922707783582,b001
"2816",7_00000000000000000270,"2024",76.2119522310531,101.214235431756,0.0119857671373493,b001
"2817",7_00000000000000000271,"2024",76.2101103812324,101.213370931674,0.0196922707783582,b001
"2818",7_000000000000000002a2,"2024",76.180998881929,101.416202173804,0.0120106812931734,b001
"2819",7_000000000000000002a3,"2024",76.1804983443748,101.428868560196,0.0120118281733427,b001
"2820",7_000000000000000002a5,"2024",76.1884737766354,101.438279542383,0.0231528164492515,b001
"2821",7_000000000000000002a6,"2023",76.1807815919897,101.439082370821,0.0274555282209795,b001
"2822",7_000000000000000002a7,"2024",76.1884737766354,101.438279542383,0.0231528164492515,b001
"2823",7_0000000000000000025a,"2022",76.2936101031378,101.178601796172,0.0144677300329726,b001
"2824",7_00000000000000000234,"2021",76.3022016928072,101.112513695404,0.0297697481833127,b001
"2825",7_00000000000000000246,"2023",76.3025164240413,101.141783319392,0.00935617814031706,b001
"2826",7_0000000000000000021f,"2021",76.3045016914211,101.074190499904,0.0467723771527319,b001
"2827",7_00000000000000000220,"2021",76.3045016914211,101.074190499904,0.0467723771527319,b001
"2828",7_00000000000000000251,"2023",76.3080119622356,101.165308988795,0.0187048804642079,b001
"2829",7_0000000000000000021d,"2023",76.3082541833476,101.070427263213,0.0127536562820699,b001
"2830",7_0000000000000000024a,"2023",76.309241742866,101.152177183434,0.0425072347514338,b001
"2831",7_00000000000000000248,"2023",76.3094129945265,101.143878127841,0.0102021960343038,b001
"2832",7_0000000000000000024d,"2024",76.3100665494488,101.152340482202,0.0518570694285996,b001
"2833",7_0000000000000000024b,"2024",76.31063798093,101.152844860649,0.0195510649528655,b001
"2834",7_0000000000000000025b,"2024",76.3140617993587,101.18182859138,0.0382431289175312,b001
"2835",7_00000000000000000259,"2023",76.3151536111839,101.179045287724,0.0339915685415498,b001
"2836",7_00000000000000000226,"2023",76.3281429094437,101.086745256149,0.0118866207690634,b001
"2837",7_00000000000000000236,"2024",76.333963975718,101.114961220572,0.0127301878713334,b001
"2838",7_00000000000000000257,"2023",76.3396419761716,101.176304623526,0.0161180892182849,b001
"2839",7_00000000000000000255,"2021",76.3419416885528,101.167176505616,0.0228999731558309,b001
"2840",7_0000000000000000025d,"2021",76.3147904528883,101.180846748161,0.0518402016308104,b001
"2841",7_0000000000000000025f,"2022",76.2952474216765,101.190541359563,0.0161696112713421,b001
"2842",7_00000000000000000260,"2023",76.3230494463433,101.193168554096,0.0127396847091554,b001
"2843",7_00000000000000000262,"2024",76.2960485472543,101.195878329651,0.00936033067429932,b001
"2844",7_00000000000000000263,"2022",76.3105769855833,101.195655638427,0.0178512620684323,b001
"2845",7_00000000000000000264,"2023",76.3154153764788,101.195804695791,0.0135963838866611,b001
"2846",7_00000000000000000266,"2021",76.3196061366144,101.199664666066,0.0382289658075599,b001
"2847",7_0000000000000000026a,"2023",76.2923600549162,101.202664321547,0.0604334416699227,b001
"2848",7_0000000000000000026d,"2023",76.3020892420604,101.210752644219,0.0306207025611266,b001
"2849",7_0000000000000000026e,"2022",76.2874144130442,101.20799293585,0.0519404923209935,b001
"2850",7_00000000000000000273,"2024",76.3260698603665,101.231184011522,0.0110388443509129,b001
"2851",7_00000000000000000274,"2021",76.2993072287172,101.232513381145,0.0306281115417154,b001
"2852",7_00000000000000000275,"2021",76.3284526616309,101.23621624301,0.0331094799821083,b001
"2853",7_00000000000000000276,"2024",76.2896231534707,101.239827148154,0.0127705685919058,b001
"2854",7_00000000000000000277,"2022",76.2768254169176,101.246542867447,0.051979895409297,b001
"2855",7_00000000000000000278,"2022",76.3221659748215,101.243005521513,0.0237823160699924,b001
"2856",7_00000000000000000279,"2021",76.3076906311395,101.25094691486,0.0348602728701296,b001
"2857",7_0000000000000000027b,"2023",76.2723186168334,101.258234554118,0.0272754257463638,b001
"2858",7_0000000000000000027c,"2021",76.277843891054,101.260547157939,0.151663448014727,b001
"2859",7_0000000000000000027e,"2023",76.3023050585179,101.26515058267,0.01360980563893,b001
"2860",7_0000000000000000027f,"2023",76.32639484621,101.26945279779,0.0263229850886844,b001
"2861",7_00000000000000000280,"2021",76.2871668872383,101.264626512616,0.0953651433547873,b001
"2862",7_00000000000000000281,"2021",76.2757273303148,101.272137263181,0.0954315494804104,b001
"2863",7_00000000000000000282,"2023",76.32639484621,101.26945279779,0.0263229850886844,b001
"2864",7_00000000000000000283,"2021",76.2769849334379,101.267669675561,0.166152321760979,b001
"2865",7_00000000000000000284,"2022",76.2852782789324,101.274507922551,0.0306577896389229,b001
"2866",7_00000000000000000285,"2023",76.2803774525012,101.281178463587,0.0323718828304378,b001
"2867",7_00000000000000000289,"2023",76.2803774525012,101.281178463587,0.0323718828304378,b001
"2868",7_0000000000000000021c,"2020",76.3116301951269,101.05706400511,0.00935050786658342,b001
"2869",7_000000000000000002af,"2024",76.1261566617049,100.98238334043,0.0137810920650058,b001
"2870",7_000000000000000002b3,"2024",76.1330672881996,101.007032482722,0.0120523443621047,b001
"2871",7_000000000000000002b2,"2022",76.1473549151318,101.000786137944,0.0232219972465539,b001
"2872",7_000000000000000002bc,"2023",76.148929017208,101.069362750329,0.0137585133417072,b001
"2873",7_000000000000000002be,"2022",76.1499594129929,101.07776462107,0.0171963564864122,b001
"2874",7_000000000000000002bd,"2022",76.1499594129929,101.07776462107,0.0171963564864122,b001
"2875",7_000000000000000002b7,"2022",76.1526054038665,101.023509610378,0.0490013208778696,b001
"2876",7_000000000000000002bf,"2023",76.1587532746295,101.07896649796,0.00945231404315011,b001
"2877",7_000000000000000002b6,"2024",76.1615503277259,101.017907326913,0.0386626867630813,b001
"2878",7_000000000000000002ba,"2023",76.1616959728645,101.019616288179,0.0386626867630813,b001
"2879",7_000000000000000002b4,"2024",76.1633020105272,101.006121371671,0.0154633388998162,b001
"2880",7_000000000000000002b5,"2024",76.1640745691092,101.011906601505,0.0214742806301398,b001
"2881",7_000000000000000002b8,"2018",76.1796200266282,101.025059021781,0.0540571022994886,b001
"2882",7_000000000000000002bb,"2018",76.1797209098491,101.026146460635,0.0540571022994886,b001
"2883",7_000000000000000002b0,"2023",76.1800556203327,100.982450754971,0.0102962978313812,b001
"2884",7_000000000000000002b9,"2024",76.185917097945,101.025098276625,0.0137219536371476,b001
"2885",7_000000000000000002b1,"2023",76.1869497114548,100.996506301542,0.0222960761228451,b001
"2886",7_0000000000000000020d,"2024",76.1885447436038,100.995251768656,0.00171497085244526,b001
"2887",7_00000000000000000213,"2022",76.189239881261,101.031910953491,0.0231504575510203,b001
"2888",7_0000000000000000020f,"2022",76.1907704007218,101.003786902934,0.0557263417005302,b001
"2889",7_00000000000000000210,"2024",76.1918941515634,101.015540883113,0.0120021629860964,b001
"2890",7_00000000000000000217,"2024",76.1933956123132,101.046186305395,0.00943018625021009,b001
"2891",7_00000000000000000216,"2022",76.1954030335165,101.046617522473,0.0351414874799377,b001
"2892",7_0000000000000000021a,"2022",76.1959919882211,101.053630467354,0.0179972581664546,b001
"2893",7_0000000000000000021b,"2024",76.1989779992226,101.054579184166,0.0119960471940009,b001
"2894",7_00000000000000000212,"2023",76.2018057358401,101.022751654094,0.0214174833580917,b001
"2895",7_0000000000000000020c,"2023",76.2049630737076,100.99402873089,0.0111343614969165,b001
"2896",7_0000000000000000020e,"2023",76.207953106907,101.007855600519,0.0205521073144378,b001
"2897",7_00000000000000000214,"2023",76.2277298918977,101.031092819929,0.0119708636243026,b001
"2898",7_00000000000000000218,"2024",76.2318108263317,101.053634159612,0.00940272737253088,b001
"2899",7_00000000000000000215,"2022",76.237087467037,101.037013345933,0.0247806400558967,b001
"2900",7_00000000000000000211,"2022",76.2610751986933,101.026829920992,0.0247396330472865,b001
"2901",7_0000000000000000020b,"2024",76.291707223249,100.97633325454,0.012767859263808,b001
"2902",7_000000000000000002ea,"2023",75.8059566706335,100.473564041092,0.0211387728899661,b001
"2903",7_000000000000000002eb,"2022",75.8141171656943,100.474847372302,0.0448942262558629,b001
"2904",7_000000000000000002c0,"2020",75.8566564253735,100.488546948063,0.0228191896380484,b001
"2905",7_000000000000000002c1,"2024",75.8447773987788,100.536410340194,0.0131759276009737,b001
"2906",7_000000000000000002c2,"2023",75.8903029460681,100.549952037174,0.0490362935882694,b001
"2907",7_000000000000000002c3,"2023",75.891305019084,100.563277611152,0.018388067714501,b001
"2908",7_000000000000000002ec,"2024",75.8149173993379,100.576511193282,0.013203064734071,b001
"2909",7_000000000000000002ed,"2022",75.7962268702513,100.583462602375,0.0149833503769388,b001
"2910",7_000000000000000002ee,"2019",75.8129076742986,100.597912053135,0.0140850468599294,b001
"2911",7_000000000000000002ef,"2022",75.8272845048544,100.630905817641,0.0219870509518744,b001
"2912",7_000000000000000002c4,"2021",75.8339922659496,100.655984661237,0.0694473293595571,b001
"2913",7_000000000000000002c5,"2022",75.8340830003308,100.657174962932,0.0720843581758324,b001
"2914",7_000000000000000002f0,"2021",75.8341559790941,100.657389537543,0.0738425481029358,b001
"2915",7_000000000000000002f1,"2024",75.8274219889395,100.665120888452,0.00967380284905822,b001
"2916",7_000000000000000002f2,"2016",75.8196380790149,100.698219681886,0.0140784829008171,b001
"2917",7_000000000000000002f3,"2022",75.8000046251765,100.706107821128,0.0264344580805748,b001
"2918",7_000000000000000002f4,"2022",75.8003983762393,100.707585045323,0.0378873570387322,b001
"2919",7_000000000000000002f5,"2022",75.8008646298786,100.7085035402,0.0185015583898099,b001
"2920",7_000000000000000002c6,"2023",75.8497872590391,100.723685712814,0.0193190797888725,b001
"2921",7_000000000000000002f6,"2022",75.8277812822303,100.780734056182,0.0105531214209654,b001
"2922",7_000000000000000002c7,"2022",75.8303735604944,100.862044469361,0.0140686661965528,b001
"2923",7_000000000000000002ca,"2016",75.9344870120153,101.029049849707,0.0192064320597872,b001
"2924",7_000000000000000002cc,"2016",75.9398547291112,101.050564972273,0.0270496187309887,b001
"2925",7_000000000000000002d8,"2023",75.9166246110483,101.100309777632,0.0209767722424004,b001
"2926",7_000000000000000002dc,"2022",75.9212980249873,101.134152400827,0.0489312522744063,b001
"2927",7_000000000000000002de,"2023",75.9194495191953,101.159210387679,0.0139822675856681,b001
"2928",7_000000000000000002df,"2022",75.9192491311169,101.170792267212,0.0122339897588355,b001
"2929",7_000000000000000002e0,"2022",75.9192491311169,101.170792267212,0.0122339897588355,b001
"2930",7_000000000000000002e1,"2022",75.9692201907786,101.181589176392,0.0478963578793239,b001
"2931",7_000000000000000002e2,"2022",75.9742220826752,101.188574370444,0.0243755194175922,b001
"2932",7_000000000000000002e3,"2022",75.9701530075494,101.19483154798,0.0287350240291023,b001
"2933",7_000000000000000002e5,"2023",75.9686534306141,101.211606864774,0.0156753631777407,b001
"2934",7_000000000000000002e6,"2022",75.9299283692047,101.22145729327,0.046281856694423,b001
"2935",7_000000000000000003da,"2019",75.952049176053,101.387521512778,0.0252837723823663,b001
"2936",7_0000000000000000033a,"2023",75.9926547872192,101.388535907243,0.0130407285786722,b001
"2937",7_0000000000000000033b,"2022",75.990544951554,101.394622738681,0.0408699467916736,b001
"2938",7_0000000000000000033c,"2023",75.9875196257966,101.400985312807,0.0252219841257314,b001
"2939",7_000000000000000003dd,"2024",75.9102604284108,101.494873974461,0.0113675674570215,b001
"2940",7_000000000000000003de,"2024",75.921601329198,101.500626013714,0.013105878641096,b001
"2941",7_000000000000000003df,"2024",75.9738000572842,101.517830201296,0.0165402754297243,b001
"2942",7_000000000000000003e0,"2024",75.9063046217669,101.532925220886,0.014869701870002,b001
"2943",7_000000000000000003e4,"2016",75.9250501327959,101.537459639107,0.297871115788788,b001
"2944",7_000000000000000003e2,"2024",75.904901658278,101.537474830488,0.0104969641699516,b001
"2945",7_000000000000000003e1,"2021",75.9753780850686,101.537823788683,0.0426532073533592,b001
"2946",7_000000000000000003e5,"2022",75.9169764888685,101.550829059627,0.0262213952909339,b001
"2947",7_000000000000000003e3,"2021",75.9122727903038,101.551465709141,0.0987940388646484,b001
"2948",7_000000000000000003e6,"2024",75.9205841531694,101.553748161917,0.0113598223810533,b001
"2949",7_000000000000000003e7,"2023",75.9176127907763,101.558315702807,0.0104883997775252,b001
"2950",7_000000000000000003e8,"2022",75.9204070306603,101.56663489444,0.0340789911016068,b001
"2951",7_000000000000000003e9,"2022",75.916117152957,101.570456359472,0.0122369011868313,b001
"2952",7_000000000000000003ea,"2023",75.9183028883984,101.572594882979,0.013982924956062,b001
"2953",7_000000000000000003ec,"2023",75.9488603526294,101.588606276886,0.0226750662454543,b001
"2954",7_000000000000000003ee,"2022",75.9401279132426,101.595790268742,0.032286609896288,b001
"2955",7_0000000000000000033d,"2022",75.9769528375214,101.597653012956,0.0217596235967606,b001
"2956",7_00000000000000000342,"2022",76.0150744242279,101.788795323896,0.0138890749211644,b001
"2957",7_00000000000000000344,"2016",75.9780505735134,101.806445692053,0.0635326709704473,b001
"2958",7_00000000000000000345,"2024",75.9649056384703,101.813167859566,0.0113247361492011,b001
"2959",7_00000000000000000346,"2021",75.9638138736836,101.821022868307,0.0392015165503024,b001
"2960",7_00000000000000000348,"2023",76.0219200152506,101.823549793357,0.0121474855135506,b001
"2961",7_00000000000000000347,"2022",75.9713544509489,101.826128417388,0.0696576960052776,b001
"2962",7_0000000000000000034b,"2023",75.974915357364,101.827985164143,0.0235046925495669,b001
"2963",7_0000000000000000034a,"2023",76.0716521731085,101.829135319044,0.0302606868270188,b001
"2964",7_0000000000000000034d,"2023",76.0716521731085,101.829135319044,0.0302606868270188,b001
"2965",7_00000000000000000349,"2022",75.9670118595559,101.829559419438,0.035709988671214,b001
"2966",7_0000000000000000034c,"2016",75.9805600725999,101.830868370302,0.114858512690937,b001
"2967",7_0000000000000000034e,"2022",76.0218545638181,101.83088343156,0.0737504376088301,b001
"2968",7_00000000000000000350,"2022",76.0116823848571,101.834486827537,0.0833514483717978,b001
"2969",7_0000000000000000034f,"2016",75.9808433288026,101.835465164534,0.186200119458772,b001
"2970",7_00000000000000000352,"2023",75.9742695154202,101.838567595077,0.0139282297643601,b001
"2971",7_00000000000000000358,"2022",76.0728019937507,101.842048481676,0.0587874120691771,b001
"2972",7_00000000000000000351,"2021",75.9622841680769,101.842394165687,0.281435386195427,b001
"2973",7_00000000000000000353,"2016",76.0020728216306,101.843989823348,0.0738524673675576,b001
"2974",7_00000000000000000354,"2022",75.9809910231,101.844568781681,0.154873961842468,b001
"2975",7_00000000000000000355,"2021",76.0470287424077,101.844710337831,0.036375820574627,b001
"2976",7_00000000000000000356,"2022",75.9802604596603,101.850398004708,0.0930961063728399,b001
"2977",7_0000000000000000035b,"2022",75.9802571990279,101.852021696378,0.0678654581564219,b001
"2978",7_00000000000000000357,"2022",75.9819215960939,101.852545052453,0.0635142616223048,b001
"2979",7_00000000000000000359,"2023",76.0000909641178,101.852629371716,0.0121651459451948,b001
"2980",7_0000000000000000035d,"2023",76.0012866019284,101.85854489945,0.0165087079312999,b001
"2981",7_0000000000000000035e,"2021",75.9841334138458,101.861227881538,0.0469752853867166,b001
"2982",7_0000000000000000035c,"2022",76.0062882115612,101.864125621417,0.0955412134573959,b001
"2983",7_0000000000000000035f,"2022",76.045223497055,101.864375572526,0.0580415477196324,b001
"2984",7_0000000000000000035a,"2016",76.0134339825615,101.865410442405,0.388914710337185,b001
"2985",7_00000000000000000360,"2022",76.0059599672447,101.865755815521,0.0955412134573959,b001
"2986",7_00000000000000000414,"2021",75.9559852296594,101.805035718773,0.15253348343673,b001
"2987",7_00000000000000000415,"2022",75.961456772972,101.813270562141,0.0191692312027169,b001
"2988",7_00000000000000000416,"2022",75.9635035474974,101.821210684855,0.0392015165503024,b001
"2989",7_00000000000000000417,"2020",75.9613565188649,101.835667312058,0.281435386195427,b001
"2990",7_00000000000000000362,"2022",75.9923694041472,101.872796374872,0.0234747624942624,b001
"2991",7_00000000000000000361,"2023",75.9977965962653,101.875152299893,0.0182502840302798,b001
"2992",7_00000000000000000363,"2022",76.0291030354929,101.876271554029,0.0424936915969264,b001
"2993",7_00000000000000000364,"2022",76.0511551177953,101.881966516029,0.0857214550216591,b001
"2994",7_00000000000000000365,"2024",76.0347643259511,101.882865736638,0.0138693267914022,b001
"2995",7_00000000000000000366,"2024",76.0472315503527,101.886323336092,0.00952684115055735,b001
"2996",7_00000000000000000368,"2022",76.0114816067295,101.890445292262,0.0329944572895787,b001
"2997",7_00000000000000000369,"2024",76.0286895110566,101.892533963705,0.010406694100256,b001
"2998",7_00000000000000000367,"2019",75.9745028887781,101.894243707608,0.103591648491994,b001
"2999",7_0000000000000000036b,"2023",75.9602033129434,101.895373368612,0.0322422115628526,b001
"3000",7_0000000000000000036a,"2022",76.0321661041905,101.895816412538,0.0329468574953585,b001
"3001",7_0000000000000000036d,"2022",76.0321661041905,101.895816412538,0.0329468574953585,b001
"3002",7_0000000000000000036e,"2023",76.0094895148004,101.897747231094,0.0156321507920125,b001
"3003",7_0000000000000000036c,"2022",76.0200685707009,101.898202120083,0.0121481408082193,b001
"3004",7_0000000000000000036f,"2022",75.9646585068119,101.898695424618,0.0540097186950015,b001
"3005",7_00000000000000000370,"2022",76.0744952448132,101.901954068345,0.0172884562822503,b001
"3006",7_00000000000000000372,"2021",76.0331148911534,101.908853403613,0.103171377252647,b001
"3007",7_00000000000000000371,"2022",75.9976364253229,101.91613533118,0.0286812210329487,b001
"3008",7_00000000000000000373,"2020",76.0751762473066,101.918247860695,0.0535905244128511,b001
"3009",7_00000000000000000374,"2022",75.9610595676246,101.923039199673,0.017426797339043,b001
"3010",7_00000000000000000375,"2021",76.0230066092645,101.9242616818,0.219463322817597,b001
"3011",7_0000000000000000037a,"2021",76.0242912443743,101.925614483444,0.219463322817597,b001
"3012",7_00000000000000000378,"2021",76.0134914238828,101.926044321488,0.0251764009231097,b001
"3013",7_00000000000000000376,"2024",75.9947780138937,101.927029322144,0.0104316792733162,b001
"3014",7_0000000000000000037f,"2019",75.9753084406772,101.929929647619,0.269864202456925,b001
"3015",7_00000000000000000377,"2023",75.961147716427,101.930014318129,0.0130696856135794,b001
"3016",7_0000000000000000037d,"2022",76.0206439247188,101.9352705879,0.0242953142894952,b001
"3017",7_00000000000000000379,"2023",76.0017604386247,101.935714387661,0.00955802539333246,b001
"3018",7_0000000000000000037b,"2022",75.9602364009767,101.937147228561,0.0121991811676135,b001
"3019",7_0000000000000000037c,"2022",75.9613106921129,101.941826661765,0.036594643010722,b001
"3020",7_0000000000000000037e,"2016",76.0741778275043,101.943666898554,0.191907487922944,b001
"3021",7_00000000000000000380,"2022",76.0097780246866,101.943814789374,0.0755465686223574,b001
"3022",7_00000000000000000418,"2021",75.9333786611999,101.913848695656,0.02968333271068,b001
"3023",7_00000000000000000382,"2022",76.0248352758119,101.948735939572,0.0199519491613157,b001
"3024",7_00000000000000000385,"2023",76.0692631965442,101.950831006497,0.0510210640398208,b001
"3025",7_00000000000000000381,"2022",76.0018500842579,101.950912887568,0.0356244718398095,b001
"3026",7_00000000000000000383,"2021",76.0289079416148,101.952070422969,0.0294849532908557,b001
"3027",7_00000000000000000384,"2022",76.0372407679881,101.955412601613,0.0130007265675939,b001
"3028",7_00000000000000000386,"2022",76.0205665095954,101.959882604864,0.0242971810349142,b001
"3029",7_00000000000000000387,"2023",76.0250550686677,101.964945696479,0.0208179141316514,b001
"3030",7_00000000000000000389,"2022",76.0355773008718,101.968825172572,0.0710796462314548,b001
"3031",7_00000000000000000388,"2022",76.0755652869243,101.969377566977,0.0432218162955439,b001
"3032",7_0000000000000000038a,"2024",76.0106423524024,101.971954068722,0.0130253098782232,b001
"3033",7_0000000000000000038c,"2023",76.023796885827,101.974466778921,0.024291047762965,b001
"3034",7_0000000000000000038d,"2016",76.0061439240309,101.976859754681,0.157206489689681,b001
"3035",7_0000000000000000038f,"2022",75.9944952485228,101.980070473647,0.0208639590798162,b001
"3036",7_0000000000000000038b,"2016",75.9742373680744,101.980417539372,0.432652639651869,b001
"3037",7_00000000000000000390,"2023",76.0115569741453,101.981162549448,0.0130241628904253,b001
"3038",7_0000000000000000038e,"2023",76.0780804352595,101.983468567079,0.0656838167412022,b001
"3039",7_00000000000000000394,"2023",76.0769836699627,101.985152722817,0.0656838167412022,b001
"3040",7_00000000000000000391,"2024",76.0111993194977,101.988698760499,0.0260488725431051,b001
"3041",7_00000000000000000392,"2022",76.0238808339531,101.988746675455,0.0242909974625667,b001
"3042",7_00000000000000000393,"2024",75.9811686001429,101.990091077885,0.0104414290853559,b001
"3043",7_00000000000000000395,"2022",76.0387298821315,101.992191582057,0.0329313930629491,b001
"3044",7_00000000000000000396,"2024",76.0135805452563,101.99385366209,0.0112854242525783,b001
"3045",7_00000000000000000397,"2021",75.9661392342455,101.998181786999,0.0731678629227243,b001
"3046",7_00000000000000000398,"2022",75.9754351769871,102.009727826401,0.0948809544444758,b001
"3047",7_00000000000000000399,"2022",76.0737050087209,102.010111930203,0.0553271619368372,b001
"3048",7_0000000000000000039a,"2019",76.0771331189421,102.019108790824,0.0354358099650492,b001
"3049",7_0000000000000000039b,"2022",75.9885091182594,102.030793223807,0.031307579804086,b001
"3050",7_0000000000000000039c,"2024",76.0699671090006,102.031727933079,0.0121068914627097,b001
"3051",7_000000000000000003a6,"2022",76.0610658098796,102.080657056797,0.050184615258776,b001
"3052",7_000000000000000003a4,"2023",75.9886996509669,102.076369666893,0.0226126066878494,b001
"3053",7_00000000000000000507,"2022",75.985955014523,102.071868258262,0.0617568503250517,b001
"3054",7_000000000000000003a2,"2022",75.985955014523,102.071868258262,0.0617568503250517,b001
"3055",7_000000000000000003a0,"2023",75.97975914834,102.058095700235,0.0156635379759772,b001
"3056",7_0000000000000000039d,"2021",75.9888056244438,102.038607582183,0.0130448171307177,b001
"3057",7_000000000000000002e4,"2022",75.8752392471498,101.200138076445,0.0762600429730551,b001
"3058",7_000000000000000003bd,"2024",75.8477957514862,101.211548130334,0.0131731610531331,b001
"3059",7_000000000000000003be,"2022",75.8444309191709,101.213996769399,0.0245946710616434,b001
"3060",7_000000000000000003bf,"2022",75.8444309191709,101.213996769399,0.0245946710616434,b001
"3061",7_000000000000000003c0,"2022",75.8478282686197,101.218677456896,0.0342507195190888,b001
"3062",7_000000000000000003c1,"2023",75.8449979912526,101.223757100927,0.0149334626454671,b001
"3063",7_000000000000000003c2,"2022",75.865921728689,101.2285489355,0.0271917250137952,b001
"3064",7_000000000000000003c3,"2022",75.8810182002255,101.252439229263,0.0201529922898919,b001
"3065",7_000000000000000003c4,"2022",75.8810182002255,101.252439229263,0.0201529922898919,b001
"3066",7_000000000000000003c5,"2022",75.8864963758294,101.254596100703,0.0210222211686018,b001
"3067",7_000000000000000003c6,"2021",75.8732053844254,101.27366938638,0.0903019932585164,b001
"3068",7_000000000000000003c7,"2021",75.8560659300543,101.280363812844,0.0649537914098727,b001
"3069",7_000000000000000003c8,"2022",75.8698150291292,101.286111896067,0.0394601692702888,b001
"3070",7_000000000000000003c9,"2024",75.9012634354509,101.296681419055,0.0140000359702945,b001
"3071",7_000000000000000003ca,"2022",75.8797261635312,101.300963172021,0.258466459638249,b001
"3072",7_000000000000000003ce,"2020",75.8810863346389,101.301780602121,0.258466459638249,b001
"3073",7_000000000000000003cc,"2023",75.8861804080806,101.302498263052,0.0376633146231301,b001
"3074",7_000000000000000003cb,"2023",75.8667398034989,101.305525077499,0.0166639025785868,b001
"3075",7_000000000000000003cd,"2023",75.8960625905028,101.30616974036,0.0122538562393767,b001
"3076",7_000000000000000003d0,"2016",75.8760006363872,101.308651986637,0.178803804594896,b001
"3077",7_000000000000000003cf,"2022",75.8874703321021,101.315328978378,0.0700649030220483,b001
"3078",7_000000000000000003d1,"2022",75.882980755217,101.318665967067,0.0254065183029024,b001
"3079",7_000000000000000003d2,"2022",75.882973596836,101.319336253075,0.0254065183029024,b001
"3080",7_000000000000000003d3,"2022",75.8946273387372,101.316911390821,0.0183831960746034,b001
"3081",7_000000000000000003d4,"2022",75.8810528484265,101.317249069193,0.0254097789300076,b001
"3082",7_000000000000000003d5,"2022",75.8875220286317,101.31735803058,0.0700649030220483,b001
"3083",7_000000000000000003d6,"2021",75.8763981033466,101.324250673682,0.0131471503451821,b001
"3084",7_000000000000000003d7,"2022",75.883476837601,101.328616494055,0.00963689483832035,b001
"3085",7_000000000000000003d8,"2022",75.8956146468229,101.329092120341,0.014879905196554,b001
"3086",7_000000000000000003d9,"2021",75.87166056308,101.325320047438,0.122752010933278,b001
"3087",7_000000000000000003db,"2022",75.8996955123276,101.390265539324,0.0192509628832656,b001
"3088",7_000000000000000003dc,"2022",75.903621884297,101.385872304994,0.0551174604721763,b001
"3089",7_000000000000000003ef,"2021",75.9432555334049,101.624112463395,0.0261735496797392,b001
"3090",7_000000000000000003f1,"2021",75.9467556377672,101.626533293099,0.0340159771441788,b001
"3091",7_000000000000000003f0,"2023",75.9449216193914,101.62829467212,0.00959579234067541,b001
"3092",7_000000000000000003f2,"2023",75.9518899379368,101.639014193708,0.0139501125988334,b001
"3093",7_000000000000000003f3,"2018",75.9236518026221,101.641515142175,0.0200934970162617,b001
"3094",7_000000000000000003f4,"2018",75.9236518026221,101.641515142175,0.0200934970162617,b001
"3095",7_000000000000000003f5,"2023",75.9407628079843,101.642853485937,0.0191967576004806,b001
"3096",7_000000000000000003f7,"2023",75.921858999369,101.646993575896,0.0148532336402479,b001
"3097",7_000000000000000003f6,"2018",75.954319969333,101.649676668052,0.0313835860853105,b001
"3098",7_000000000000000003f8,"2018",75.9457079207678,101.649690222967,0.0732700143726452,b001
"3099",7_000000000000000003f9,"2024",75.9268115530544,101.651039847298,0.0131009012348277,b001
"3100",7_000000000000000003fa,"2024",75.9398460994921,101.664631418271,0.0104709736159875,b001
"3101",7_000000000000000003fc,"2021",75.9432787968625,101.670005633418,0.261743027256691,b001
"3102",7_000000000000000003fd,"2022",75.9479105189701,101.673765571211,0.00959356432770721,b001
"3103",7_000000000000000003fb,"2021",75.9416528333013,101.674597538617,0.343757226373021,b001
"3104",7_0000000000000000033e,"2016",75.9692577088899,101.749134013817,0.0548634740193688,b001
"3105",7_0000000000000000033f,"2022",75.9659159614714,101.765665810038,0.0574862803859824,b001
"3106",7_00000000000000000340,"2016",75.9657618012076,101.770245023025,0.0661983517296879,b001
"3107",7_00000000000000000341,"2016",75.9683921197406,101.772939672852,0.00958020025758963,b001
"3108",7_000000000000000003fe,"2024",75.9394363275979,101.67665968567,0.143980244283354,b001
"3109",7_000000000000000003ff,"2022",75.9468508921991,101.68269373698,0.0130828401630929,b001
"3110",7_00000000000000000400,"2022",75.9411801759305,101.690279340586,0.313253993622928,b001
"3111",7_00000000000000000401,"2021",75.9399746749127,101.697943208286,0.184982894971755,b001
"3112",7_00000000000000000402,"2021",75.9304310310367,101.723007828204,0.0768427370867181,b001
"3113",7_00000000000000000403,"2016",75.9488804648818,101.727139909612,0.0244179827382754,b001
"3114",7_00000000000000000404,"2019",75.9426883453695,101.733908325811,0.0157037403030162,b001
"3115",7_00000000000000000405,"2022",75.9339822493837,101.73325853362,0.0226997960965787,b001
"3116",7_00000000000000000406,"2021",75.9441376137839,101.737562321483,0.00959619020349112,b001
"3117",7_00000000000000000407,"2021",75.9457012978712,101.735507311848,0.0226795026665656,b001
"3118",7_00000000000000000408,"2016",75.9438862630317,101.744479724675,0.0689163021033699,b001
"3119",7_00000000000000000409,"2016",75.949408503054,101.742263587465,0.0619146285412246,b001
"3120",7_0000000000000000040a,"2016",75.9445069794665,101.744263528062,0.0689163021033699,b001
"3121",7_0000000000000000040b,"2019",75.9484851928895,101.753088991428,0.0113379004646867,b001
"3122",7_0000000000000000040c,"2016",75.9624326915662,101.753714446286,0.0688301947089436,b001
"3123",7_0000000000000000040d,"2022",75.9657939402019,101.764874499563,0.0156788092439877,b001
"3124",7_0000000000000000040e,"2022",75.9587896189019,101.76772097455,0.0156875435711101,b001
"3125",7_0000000000000000040f,"2016",75.96565008161,101.771020817882,0.0644563245039508,b001
"3126",7_00000000000000000410,"2018",75.9502504304188,101.776264629922,0.0139520539093558,b001
"3127",7_00000000000000000411,"2024",75.947616550504,101.785948768486,0.0122100887326942,b001
"3128",7_00000000000000000412,"2022",75.9551486553564,101.791147984355,0.051431106577038,b001
"3129",7_00000000000000000413,"2021",75.9636913563629,101.785764795673,0.0923473719107571,b001
"3130",7_0000000000000000054a,"2024",75.9932604019946,102.241437367098,0.0165183086059798,b001
"3131",7_0000000000000000052f,"2018",75.9821429484828,102.191400019927,0.0113108501263555,b001
"3132",7_00000000000000000528,"2023",76.0100287233599,102.188278043468,0.0130253726370385,b001
"3133",7_00000000000000000527,"2022",75.9905828612963,102.183632291678,0.0234776081211013,b001
"3134",7_00000000000000000524,"2022",75.9905828612963,102.183632291678,0.0234776081211013,b001
"3135",7_00000000000000000517,"2023",76.0239309847934,102.164604083076,0.0355677295263933,b001
"3136",7_0000000000000000050d,"2023",76.0498459766791,102.14578150517,0.0216485760658728,b001
"3137",7_000000000000000003b5,"2022",76.0585437456041,102.130860761094,0.0328853859685418,b001
"3138",7_000000000000000003af,"2021",76.0518213314187,102.115081031676,0.0709975137657072,b001
"3139",7_000000000000000003a8,"2021",76.0473295564579,102.093442228508,0.00952777407104265,b001
"3140",7_0000000000000000050a,"2022",75.9926182583096,102.091235222584,0.017388536389627,b001
"3141",7_00000000000000000509,"2022",75.9915343848488,102.082856666677,0.0313017799784201,b001
"3142",7_00000000000000000508,"2022",75.9886345914609,102.076688847758,0.0226126066878494,b001
"3143",7_000000000000000003a1,"2024",75.9915441672152,102.062450362391,0.013911463991535,b001
"3144",7_0000000000000000039f,"2021",76.0563379511513,102.050081242766,0.0242347894545568,b001
"3145",7_0000000000000000039e,"2024",75.980272933587,102.045947737155,0.014793331494213,b001
"3146",7_0000000000000000055c,"2022",75.9947491856825,102.284202273542,0.0191235069211096,b001
"3147",7_00000000000000000556,"2021",75.9971221283005,102.251122282332,0.269423122799589,b001
"3148",7_0000000000000000054e,"2024",75.9950476182113,102.243281266021,0.00956241923245643,b001
"3149",7_0000000000000000053a,"2023",76.0089240656351,102.205562174635,0.0208422967238725,b001
"3150",7_00000000000000000532,"2021",76.0018016481786,102.192262166776,0.112950160806372,b001
"3151",7_00000000000000000522,"2022",76.0035798603974,102.178960083411,0.0139001213323574,b001
"3152",7_0000000000000000051e,"2016",76.016289366908,102.182711528741,0.301169829595448,b001
"3153",7_0000000000000000051c,"2021",75.9845276630826,102.173806966386,0.0434967364536725,b001
"3154",7_00000000000000000519,"2022",76.0238136912634,102.165193912475,0.0355677295263933,b001
"3155",7_00000000000000000518,"2024",76.0258943538566,102.165749708792,0.0112758265281726,b001
"3156",7_00000000000000000513,"2021",76.0149907174091,102.157953578307,0.0251732796750474,b001
"3157",7_00000000000000000512,"2023",76.0023280432448,102.16138648226,0.019984032104073,b001
"3158",7_0000000000000000050f,"2021",76.028624070113,102.144300414247,0.107535137307942,b001
"3159",7_0000000000000000050e,"2022",76.0264723210423,102.153850695235,0.0173464639135423,b001
"3160",7_0000000000000000050c,"2022",76.0571664960743,102.140620942552,0.0882796007674038,b001
"3161",7_000000000000000003b1,"2023",76.0474306044217,102.116464603476,0.0233834410671457,b001
"3162",7_000000000000000003b0,"2023",76.0474306044217,102.116464603476,0.0233834410671457,b001
"3163",7_000000000000000003ad,"2023",76.0534830062513,102.108309310411,0.010388234325905,b001
"3164",7_0000000000000000050b,"2022",76.0135055542326,102.103929382225,0.021704149713505,b001
"3165",7_000000000000000003a9,"2024",76.0203415781507,102.098832085665,0.0121482977993667,b001
"3166",7_000000000000000003a7,"2021",76.0205627479922,102.090634926587,0.0347087546055776,b001
"3167",7_00000000000000000109,"2024",76.2346037670066,100.384993438074,0.00940193864346469,b002
"3168",7_0000000000000000010a,"2023",76.2164251237827,100.416842988804,0.00941424535856683,b002
"3169",7_00000000000000000124,"2023",76.2045796253613,100.479843321402,0.0102778653995888,b002
"3170",7_0000000000000000010b,"2024",76.2637336797949,100.492644364566,0.0102346494999774,b002
"3171",7_0000000000000000010c,"2022",76.2431322375187,100.492662565585,0.0486894228678306,b002
"3172",7_00000000000000000125,"2024",76.0764349652788,100.594513228815,0.00950733189904605,b002
"3173",7_00000000000000000126,"2024",76.0929734053456,100.606938570271,0.0164021569378786,b002
"3174",7_0000000000000000010d,"2024",76.2476538225705,100.638440976403,0.0153702101650263,b002
"3175",7_0000000000000000010e,"2023",76.2438730905151,100.647732738318,0.0196454078102974,b002
"3176",7_0000000000000000010f,"2021",76.2452943082126,100.653264220444,0.0777167181272289,b002
"3177",7_00000000000000000111,"2021",76.2445468521904,100.654887155107,0.0777167181272289,b002
"3178",7_00000000000000000110,"2023",76.2467686758895,100.65575747103,0.0162256903320563,b002
"3179",7_00000000000000000112,"2024",76.2287667799558,100.688398506986,0.0136808876313606,b002
"3180",7_00000000000000000115,"2022",76.2424320997239,100.693983912552,0.0418571916764258,b002
"3181",7_00000000000000000113,"2024",76.2247467894628,100.695304317788,0.0102638517227592,b002
"3182",7_00000000000000000116,"2023",76.2573892019449,100.698585459887,0.023893038723259,b002
"3183",7_00000000000000000114,"2023",76.2573892019449,100.698585459887,0.023893038723259,b002
"3184",7_00000000000000000117,"2024",76.2236034705984,100.700522703721,0.0188181306041089,b002
"3185",7_00000000000000000118,"2022",76.2322935225228,100.706546289252,0.0264980504437588,b002
"3186",7_00000000000000000119,"2024",76.2405956389457,100.709202479482,0.0119607167919123,b002
"3187",7_0000000000000000011a,"2020",76.2219620353968,100.71147392504,0.00941071040214758,b002
"3188",7_0000000000000000011b,"2022",76.230513370466,100.721011827552,0.029922935650917,b002
"3189",7_0000000000000000011c,"2023",76.245893951294,100.732784675846,0.0170799480063732,b002
"3190",7_000000000000000001f0,"2023",76.2202152924754,100.733133320478,0.02566625628498,b002
"3191",7_000000000000000001ef,"2023",76.2202152924754,100.733133320478,0.02566625628498,b002
"3192",7_000000000000000001f1,"2023",76.2194162447849,100.740370106058,0.0179681045543084,b002
"3193",7_000000000000000001f2,"2024",76.2273519472058,100.748664150362,0.0094060617183884,b002
"3194",7_000000000000000001f3,"2022",76.2526134816343,100.763633688976,0.0324354703862212,b002
"3195",7_000000000000000001f4,"2024",76.2301297752844,100.769187257525,0.0111147363696198,b002
"3196",7_000000000000000001f5,"2021",76.2423965554716,100.770227837114,0.101652620440566,b002
"3197",7_000000000000000001f6,"2023",76.2171586775803,100.775198619942,0.0145472740340265,b002
"3198",7_000000000000000001f7,"2024",76.2222473569717,100.775835515682,0.014542508478842,b002
"3199",7_000000000000000001f8,"2024",76.2194018438943,100.778674223338,0.0239562262178751,b002
"3200",7_000000000000000001f9,"2022",76.2302973030342,100.779030461928,0.0188085574610866,b002
"3201",7_000000000000000001fa,"2024",76.2492285172825,100.78946886545,0.014514379987622,b002
"3202",7_000000000000000001fb,"2022",76.2497136620604,100.800670903352,0.0307373058690625,b002
"3203",7_000000000000000001fc,"2024",76.2126522220147,100.812362966155,0.0094158488534155,b002
"3204",7_000000000000000001fd,"2022",76.2550433716601,100.839074356946,0.0119487339416515,b002
"3205",7_000000000000000001fe,"2024",76.2555061477025,100.849328436568,0.0145081445250695,b002
"3206",7_000000000000000001ff,"2024",76.2464321480458,100.856030821787,0.0128101601108813,b002
"3207",7_00000000000000000200,"2024",76.2722227629159,100.86710707642,0.0102290759843305,b002
"3208",7_00000000000000000201,"2024",76.2452463530512,100.868643189869,0.0128111976367793,b002
"3209",7_00000000000000000202,"2024",76.2657818348243,100.880501016262,0.0136444619786756,b002
"3210",7_00000000000000000203,"2024",76.2657818348243,100.880501016262,0.0136444619786756,b002
"3211",7_00000000000000000204,"2024",76.2386706595635,100.88327669846,0.0102531156966842,b002
"3212",7_00000000000000000205,"2018",76.2358287324755,100.893015212186,0.00940048912470261,b002
"3213",7_00000000000000000206,"2023",76.2448998931246,100.903939014834,0.0162282404679662,b002
"3214",7_00000000000000000207,"2023",76.2448620614614,100.911552694135,0.0119570598356443,b002
"3215",7_00000000000000000208,"2021",76.2765389492065,100.914224433277,0.0622061959381098,b002
"3216",7_000000000000000002ae,"2023",76.1810930739541,100.936701688105,0.0111534371447841,b002
"3217",7_0000000000000000020a,"2024",76.2879882081626,100.95860041824,0.0102176789760484,b002
"3218",7_00000000000000000209,"2023",76.299112650904,100.944019329724,0.0136112919158267,b002
"3219",7_000000000000000002c8,"2022",75.8551691500756,100.954306305005,0.015799955922331,b002
"3220",7_000000000000000002c9,"2022",75.8601170897315,100.983638611059,0.0403657852031724,b002
"3221",7_000000000000000002f7,"2021",75.8126936885643,101.026041742878,0.0193680562660874,b002
"3222",7_000000000000000002f8,"2021",75.8140071050781,101.031423907743,0.010563251760048,b002
"3223",7_000000000000000002f9,"2021",75.8140071050781,101.031423907743,0.010563251760048,b002
"3224",7_000000000000000002cb,"2021",75.8721682522014,101.051593581569,0.0166575826392995,b002
"3225",7_000000000000000002d0,"2023",75.8689403383585,101.052230472755,0.0455992089967074,b002
"3226",7_000000000000000002cd,"2023",75.8689403383585,101.052230472755,0.0455992089967074,b002
"3227",7_000000000000000002ce,"2023",75.8690513852605,101.052253539572,0.0455992089967074,b002
"3228",7_000000000000000002cf,"2024",75.8272872342011,101.054405842502,0.0105538810183517,b002
"3229",7_000000000000000002d1,"2023",75.8717538210918,101.058582989552,0.0105215927094433,b002
"3230",7_000000000000000002d2,"2023",75.8502244038288,101.059681701834,0.0193180254845336,b002
"3231",7_000000000000000002d3,"2023",75.8274219688391,101.063433893498,0.00967462499712962,b002
"3232",7_000000000000000002d4,"2023",75.8720110816826,101.064903923765,0.00964477318217964,b002
"3233",7_000000000000000002d5,"2024",75.8463694864902,101.07019188791,0.0114184479461084,b002
"3234",7_000000000000000002fa,"2021",75.770157076398,101.078079884246,0.101538582668697,b002
"3235",7_000000000000000002d7,"2016",75.8434951428632,101.080209089783,0.0281111309577,b002
"3236",7_000000000000000002d6,"2016",75.8434951428632,101.080209089783,0.0281111309577,b002
"3237",7_000000000000000002fb,"2021",75.7723742041815,101.083527054444,0.0653314060157152,b002
"3238",7_000000000000000002fc,"2021",75.7723742041815,101.083527054444,0.0653314060157152,b002
"3239",7_000000000000000002d9,"2022",75.8859046736355,101.104309550064,0.0525581970142862,b002
"3240",7_000000000000000002db,"2023",75.8838878957098,101.122021936529,0.0516869440095175,b002
"3241",7_000000000000000002da,"2021",75.8801651813374,101.132255707169,0.0893790481874286,b002
"3242",7_000000000000000002dd,"2023",75.8538324319293,101.153445160145,0.00965571574975056,b002
"3243",7_00000000000000000222,"2024",76.1901739119113,101.081747228189,0.0377250012288466,b002
"3244",7_00000000000000000224,"2024",76.1901739119113,101.081747228189,0.0377250012288466,b002
"3245",7_00000000000000000230,"2022",76.1906144747199,101.107029054983,0.0248639454709796,b002
"3246",7_00000000000000000227,"2024",76.1929913289769,101.090383413088,0.0102869553428565,b002
"3247",7_00000000000000000244,"2024",76.1940297546045,101.13971670823,0.0145711236316496,b002
"3248",7_00000000000000000231,"2024",76.1952920781992,101.112377921561,0.0497105698492334,b002
"3249",7_00000000000000000238,"2022",76.1957459996537,101.114100712563,0.0497105698492334,b002
"3250",7_0000000000000000024e,"2018",76.1964168248434,101.158326749272,0.0402785263908696,b002
"3251",7_0000000000000000023d,"2022",76.1968507987711,101.122894006257,0.0179969509843642,b002
"3252",7_00000000000000000252,"2023",76.1978859141202,101.166052374767,0.0231365560132047,b002
"3253",7_00000000000000000254,"2023",76.1978859141202,101.166052374767,0.0231365560132047,b002
"3254",7_00000000000000000242,"2024",76.1980994960388,101.133600514809,0.00942545505096472,b002
"3255",7_00000000000000000258,"2018",76.1994477597032,101.175958340853,0.0359866100012223,b002
"3256",7_0000000000000000021e,"2021",76.1997691639278,101.076388602428,0.102819149106694,b002
"3257",7_00000000000000000235,"2022",76.2076619182861,101.116909059603,0.0179828694410469,b002
"3258",7_00000000000000000239,"2022",76.2076619182861,101.116909059603,0.0179828694410469,b002
"3259",7_00000000000000000233,"2024",76.2115579106969,101.108839677412,0.0171216366334705,b002
"3260",7_0000000000000000022f,"2024",76.2116123473754,101.107179123943,0.0196900102437015,b002
"3261",7_0000000000000000022e,"2024",76.2119008939594,101.105385196926,0.0102730339490059,b002
"3262",7_0000000000000000023e,"2023",76.2160331358132,101.128543760098,0.0171170027089615,b002
"3263",7_00000000000000000237,"2022",76.216251666214,101.117596912514,0.0590522284642295,b002
"3264",7_0000000000000000022c,"2024",76.2175153798877,101.094156230048,0.0102691920398087,b002
"3265",7_00000000000000000240,"2023",76.2204852958822,101.129143364894,0.0265233132211427,b002
"3266",7_0000000000000000024c,"2022",76.220509019593,101.154046914364,0.0153997749255579,b002
"3267",7_0000000000000000023c,"2023",76.2211535151684,101.123261585676,0.0102660354732601,b002
"3268",7_00000000000000000241,"2024",76.2272049036334,101.131983632783,0.00940657636240012,b002
"3269",7_00000000000000000253,"2022",76.228241665958,101.163643333501,0.0188111230196609,b002
"3270",7_00000000000000000225,"2019",76.2282828828121,101.086806379336,0.00940535832139207,b002
"3271",7_00000000000000000247,"2022",76.2294001374288,101.143191259216,0.0418954941375672,b002
"3272",7_00000000000000000249,"2022",76.2294001374288,101.143191259216,0.0418954941375672,b002
"3273",7_00000000000000000243,"2022",76.2309631348984,101.136808200879,0.0170985069785379,b002
"3274",7_00000000000000000250,"2023",76.2323094649068,101.161009677919,0.0145320969285254,b002
"3275",7_0000000000000000023f,"2023",76.2394192418982,101.130987261977,0.015379774717038,b002
"3276",7_00000000000000000232,"2022",76.2512371387911,101.109487454392,0.0153665810690341,b002
"3277",7_0000000000000000022d,"2023",76.2528681528065,101.103055748991,0.0187781845131767,b002
"3278",7_0000000000000000025c,"2023",76.1915195080915,101.178329034075,0.0257194476059312,b002
"3279",7_0000000000000000025e,"2023",76.2000341555147,101.186431211366,0.0128519570243716,b002
"3280",7_00000000000000000265,"2022",76.2028900929647,101.196439841773,0.0111356473227722,b002
"3281",7_00000000000000000267,"2022",76.2062882699881,101.20336898121,0.06166299017604,b002
"3282",7_00000000000000000268,"2022",76.2063160207215,101.202064416838,0.0196974007046425,b002
"3283",7_00000000000000000269,"2022",76.2063173114796,101.205420005348,0.0513862100740952,b002
"3284",7_0000000000000000026f,"2024",76.2101103812324,101.213370931674,0.0196922707783582,b002
"3285",7_00000000000000000270,"2024",76.2119522310531,101.214235431756,0.0119857671373493,b002
"3286",7_00000000000000000271,"2024",76.2101103812324,101.213370931674,0.0196922707783582,b002
"3287",7_000000000000000002a2,"2024",76.180998881929,101.416202173804,0.0120106812931734,b002
"3288",7_000000000000000002a3,"2024",76.1804983443748,101.428868560196,0.0120118281733427,b002
"3289",7_000000000000000002a5,"2024",76.1884737766354,101.438279542383,0.0231528164492515,b002
"3290",7_000000000000000002a6,"2023",76.1807815919897,101.439082370821,0.0274555282209795,b002
"3291",7_000000000000000002a7,"2024",76.1884737766354,101.438279542383,0.0231528164492515,b002
"3292",7_0000000000000000025a,"2022",76.2936101031378,101.178601796172,0.0144677300329726,b002
"3293",7_00000000000000000234,"2021",76.3022016928072,101.112513695404,0.0297697481833127,b002
"3294",7_00000000000000000246,"2023",76.3025164240413,101.141783319392,0.00935617814031706,b002
"3295",7_0000000000000000021f,"2021",76.3045016914211,101.074190499904,0.0467723771527319,b002
"3296",7_00000000000000000220,"2021",76.3045016914211,101.074190499904,0.0467723771527319,b002
"3297",7_00000000000000000251,"2023",76.3080119622356,101.165308988795,0.0187048804642079,b002
"3298",7_0000000000000000021d,"2023",76.3082541833476,101.070427263213,0.0127536562820699,b002
"3299",7_0000000000000000024a,"2023",76.309241742866,101.152177183434,0.0425072347514338,b002
"3300",7_00000000000000000248,"2023",76.3094129945265,101.143878127841,0.0102021960343038,b002
"3301",7_0000000000000000024d,"2024",76.3100665494488,101.152340482202,0.0518570694285996,b002
"3302",7_0000000000000000024b,"2024",76.31063798093,101.152844860649,0.0195510649528655,b002
"3303",7_0000000000000000025b,"2024",76.3140617993587,101.18182859138,0.0382431289175312,b002
"3304",7_00000000000000000259,"2023",76.3151536111839,101.179045287724,0.0339915685415498,b002
"3305",7_00000000000000000226,"2023",76.3281429094437,101.086745256149,0.0118866207690634,b002
"3306",7_00000000000000000236,"2024",76.333963975718,101.114961220572,0.0127301878713334,b002
"3307",7_00000000000000000257,"2023",76.3396419761716,101.176304623526,0.0161180892182849,b002
"3308",7_00000000000000000255,"2021",76.3419416885528,101.167176505616,0.0228999731558309,b002
"3309",7_0000000000000000025d,"2021",76.3147904528883,101.180846748161,0.0518402016308104,b002
"3310",7_0000000000000000025f,"2022",76.2952474216765,101.190541359563,0.0161696112713421,b002
"3311",7_00000000000000000260,"2023",76.3230494463433,101.193168554096,0.0127396847091554,b002
"3312",7_00000000000000000262,"2024",76.2960485472543,101.195878329651,0.00936033067429932,b002
"3313",7_00000000000000000263,"2022",76.3105769855833,101.195655638427,0.0178512620684323,b002
"3314",7_00000000000000000264,"2023",76.3154153764788,101.195804695791,0.0135963838866611,b002
"3315",7_00000000000000000266,"2021",76.3196061366144,101.199664666066,0.0382289658075599,b002
"3316",7_0000000000000000026a,"2023",76.2923600549162,101.202664321547,0.0604334416699227,b002
"3317",7_0000000000000000026d,"2023",76.3020892420604,101.210752644219,0.0306207025611266,b002
"3318",7_0000000000000000026e,"2022",76.2874144130442,101.20799293585,0.0519404923209935,b002
"3319",7_00000000000000000273,"2024",76.3260698603665,101.231184011522,0.0110388443509129,b002
"3320",7_00000000000000000274,"2021",76.2993072287172,101.232513381145,0.0306281115417154,b002
"3321",7_00000000000000000275,"2021",76.3284526616309,101.23621624301,0.0331094799821083,b002
"3322",7_00000000000000000276,"2024",76.2896231534707,101.239827148154,0.0127705685919058,b002
"3323",7_00000000000000000277,"2022",76.2768254169176,101.246542867447,0.051979895409297,b002
"3324",7_00000000000000000278,"2022",76.3221659748215,101.243005521513,0.0237823160699924,b002
"3325",7_00000000000000000279,"2021",76.3076906311395,101.25094691486,0.0348602728701296,b002
"3326",7_0000000000000000027b,"2023",76.2723186168334,101.258234554118,0.0272754257463638,b002
"3327",7_0000000000000000027c,"2021",76.277843891054,101.260547157939,0.151663448014727,b002
"3328",7_0000000000000000027e,"2023",76.3023050585179,101.26515058267,0.01360980563893,b002
"3329",7_0000000000000000027f,"2023",76.32639484621,101.26945279779,0.0263229850886844,b002
"3330",7_00000000000000000280,"2021",76.2871668872383,101.264626512616,0.0953651433547873,b002
"3331",7_00000000000000000281,"2021",76.2757273303148,101.272137263181,0.0954315494804104,b002
"3332",7_00000000000000000282,"2023",76.32639484621,101.26945279779,0.0263229850886844,b002
"3333",7_00000000000000000283,"2021",76.2769849334379,101.267669675561,0.166152321760979,b002
"3334",7_00000000000000000284,"2022",76.2852782789324,101.274507922551,0.0306577896389229,b002
"3335",7_00000000000000000285,"2023",76.2803774525012,101.281178463587,0.0323718828304378,b002
"3336",7_00000000000000000289,"2023",76.2803774525012,101.281178463587,0.0323718828304378,b002
"3337",7_0000000000000000021c,"2020",76.3116301951269,101.05706400511,0.00935050786658342,b002
"3338",7_000000000000000002af,"2024",76.1261566617049,100.98238334043,0.0137810920650058,b002
"3339",7_000000000000000002b3,"2024",76.1330672881996,101.007032482722,0.0120523443621047,b002
"3340",7_000000000000000002b2,"2022",76.1473549151318,101.000786137944,0.0232219972465539,b002
"3341",7_000000000000000002bc,"2023",76.148929017208,101.069362750329,0.0137585133417072,b002
"3342",7_000000000000000002be,"2022",76.1499594129929,101.07776462107,0.0171963564864122,b002
"3343",7_000000000000000002bd,"2022",76.1499594129929,101.07776462107,0.0171963564864122,b002
"3344",7_000000000000000002b7,"2022",76.1526054038665,101.023509610378,0.0490013208778696,b002
"3345",7_000000000000000002bf,"2023",76.1587532746295,101.07896649796,0.00945231404315011,b002
"3346",7_000000000000000002b6,"2024",76.1615503277259,101.017907326913,0.0386626867630813,b002
"3347",7_000000000000000002ba,"2023",76.1616959728645,101.019616288179,0.0386626867630813,b002
"3348",7_000000000000000002b4,"2024",76.1633020105272,101.006121371671,0.0154633388998162,b002
"3349",7_000000000000000002b5,"2024",76.1640745691092,101.011906601505,0.0214742806301398,b002
"3350",7_000000000000000002b8,"2018",76.1796200266282,101.025059021781,0.0540571022994886,b002
"3351",7_000000000000000002bb,"2018",76.1797209098491,101.026146460635,0.0540571022994886,b002
"3352",7_000000000000000002b0,"2023",76.1800556203327,100.982450754971,0.0102962978313812,b002
"3353",7_000000000000000002b9,"2024",76.185917097945,101.025098276625,0.0137219536371476,b002
"3354",7_000000000000000002b1,"2023",76.1869497114548,100.996506301542,0.0222960761228451,b002
"3355",7_0000000000000000020d,"2024",76.1885447436038,100.995251768656,0.00171497085244526,b002
"3356",7_00000000000000000213,"2022",76.189239881261,101.031910953491,0.0231504575510203,b002
"3357",7_0000000000000000020f,"2022",76.1907704007218,101.003786902934,0.0557263417005302,b002
"3358",7_00000000000000000210,"2024",76.1918941515634,101.015540883113,0.0120021629860964,b002
"3359",7_00000000000000000217,"2024",76.1933956123132,101.046186305395,0.00943018625021009,b002
"3360",7_00000000000000000216,"2022",76.1954030335165,101.046617522473,0.0351414874799377,b002
"3361",7_0000000000000000021a,"2022",76.1959919882211,101.053630467354,0.0179972581664546,b002
"3362",7_0000000000000000021b,"2024",76.1989779992226,101.054579184166,0.0119960471940009,b002
"3363",7_00000000000000000212,"2023",76.2018057358401,101.022751654094,0.0214174833580917,b002
"3364",7_0000000000000000020c,"2023",76.2049630737076,100.99402873089,0.0111343614969165,b002
"3365",7_0000000000000000020e,"2023",76.207953106907,101.007855600519,0.0205521073144378,b002
"3366",7_00000000000000000214,"2023",76.2277298918977,101.031092819929,0.0119708636243026,b002
"3367",7_00000000000000000218,"2024",76.2318108263317,101.053634159612,0.00940272737253088,b002
"3368",7_00000000000000000215,"2022",76.237087467037,101.037013345933,0.0247806400558967,b002
"3369",7_00000000000000000211,"2022",76.2610751986933,101.026829920992,0.0247396330472865,b002
"3370",7_0000000000000000020b,"2024",76.291707223249,100.97633325454,0.012767859263808,b002
"3371",7_000000000000000002c7,"2022",75.8303735604944,100.862044469361,0.0140686661965528,b002
"3372",7_000000000000000002ca,"2016",75.9344870120153,101.029049849707,0.0192064320597872,b002
"3373",7_000000000000000002cc,"2016",75.9398547291112,101.050564972273,0.0270496187309887,b002
"3374",7_000000000000000002d8,"2023",75.9166246110483,101.100309777632,0.0209767722424004,b002
"3375",7_000000000000000002dc,"2022",75.9212980249873,101.134152400827,0.0489312522744063,b002
"3376",7_000000000000000002de,"2023",75.9194495191953,101.159210387679,0.0139822675856681,b002
"3377",7_000000000000000002df,"2022",75.9192491311169,101.170792267212,0.0122339897588355,b002
"3378",7_000000000000000002e0,"2022",75.9192491311169,101.170792267212,0.0122339897588355,b002
"3379",7_000000000000000002e1,"2022",75.9692201907786,101.181589176392,0.0478963578793239,b002
"3380",7_000000000000000002e2,"2022",75.9742220826752,101.188574370444,0.0243755194175922,b002
"3381",7_000000000000000002e3,"2022",75.9701530075494,101.19483154798,0.0287350240291023,b002
"3382",7_000000000000000002e5,"2023",75.9686534306141,101.211606864774,0.0156753631777407,b002
"3383",7_000000000000000002e6,"2022",75.9299283692047,101.22145729327,0.046281856694423,b002
"3384",7_000000000000000003da,"2019",75.952049176053,101.387521512778,0.0252837723823663,b002
"3385",7_0000000000000000033a,"2023",75.9926547872192,101.388535907243,0.0130407285786722,b002
"3386",7_0000000000000000033b,"2022",75.990544951554,101.394622738681,0.0408699467916736,b002
"3387",7_0000000000000000033c,"2023",75.9875196257966,101.400985312807,0.0252219841257314,b002
"3388",7_000000000000000003dd,"2024",75.9102604284108,101.494873974461,0.0113675674570215,b002
"3389",7_000000000000000003de,"2024",75.921601329198,101.500626013714,0.013105878641096,b002
"3390",7_000000000000000003df,"2024",75.9738000572842,101.517830201296,0.0165402754297243,b002
"3391",7_000000000000000003e0,"2024",75.9063046217669,101.532925220886,0.014869701870002,b002
"3392",7_000000000000000003e4,"2016",75.9250501327959,101.537459639107,0.297871115788788,b002
"3393",7_000000000000000003e2,"2024",75.904901658278,101.537474830488,0.0104969641699516,b002
"3394",7_000000000000000003e1,"2021",75.9753780850686,101.537823788683,0.0426532073533592,b002
"3395",7_000000000000000003e5,"2022",75.9169764888685,101.550829059627,0.0262213952909339,b002
"3396",7_000000000000000003e3,"2021",75.9122727903038,101.551465709141,0.0987940388646484,b002
"3397",7_000000000000000003e6,"2024",75.9205841531694,101.553748161917,0.0113598223810533,b002
"3398",7_000000000000000003e7,"2023",75.9176127907763,101.558315702807,0.0104883997775252,b002
"3399",7_000000000000000003e8,"2022",75.9204070306603,101.56663489444,0.0340789911016068,b002
"3400",7_000000000000000003e9,"2022",75.916117152957,101.570456359472,0.0122369011868313,b002
"3401",7_000000000000000003ea,"2023",75.9183028883984,101.572594882979,0.013982924956062,b002
"3402",7_000000000000000003ec,"2023",75.9488603526294,101.588606276886,0.0226750662454543,b002
"3403",7_000000000000000003ee,"2022",75.9401279132426,101.595790268742,0.032286609896288,b002
"3404",7_0000000000000000033d,"2022",75.9769528375214,101.597653012956,0.0217596235967606,b002
"3405",7_00000000000000000342,"2022",76.0150744242279,101.788795323896,0.0138890749211644,b002
"3406",7_00000000000000000344,"2016",75.9780505735134,101.806445692053,0.0635326709704473,b002
"3407",7_00000000000000000345,"2024",75.9649056384703,101.813167859566,0.0113247361492011,b002
"3408",7_00000000000000000346,"2021",75.9638138736836,101.821022868307,0.0392015165503024,b002
"3409",7_00000000000000000348,"2023",76.0219200152506,101.823549793357,0.0121474855135506,b002
"3410",7_00000000000000000347,"2022",75.9713544509489,101.826128417388,0.0696576960052776,b002
"3411",7_0000000000000000034b,"2023",75.974915357364,101.827985164143,0.0235046925495669,b002
"3412",7_0000000000000000034a,"2023",76.0716521731085,101.829135319044,0.0302606868270188,b002
"3413",7_0000000000000000034d,"2023",76.0716521731085,101.829135319044,0.0302606868270188,b002
"3414",7_00000000000000000349,"2022",75.9670118595559,101.829559419438,0.035709988671214,b002
"3415",7_0000000000000000034c,"2016",75.9805600725999,101.830868370302,0.114858512690937,b002
"3416",7_0000000000000000034e,"2022",76.0218545638181,101.83088343156,0.0737504376088301,b002
"3417",7_00000000000000000350,"2022",76.0116823848571,101.834486827537,0.0833514483717978,b002
"3418",7_0000000000000000034f,"2016",75.9808433288026,101.835465164534,0.186200119458772,b002
"3419",7_00000000000000000352,"2023",75.9742695154202,101.838567595077,0.0139282297643601,b002
"3420",7_00000000000000000358,"2022",76.0728019937507,101.842048481676,0.0587874120691771,b002
"3421",7_00000000000000000351,"2021",75.9622841680769,101.842394165687,0.281435386195427,b002
"3422",7_00000000000000000353,"2016",76.0020728216306,101.843989823348,0.0738524673675576,b002
"3423",7_00000000000000000354,"2022",75.9809910231,101.844568781681,0.154873961842468,b002
"3424",7_00000000000000000355,"2021",76.0470287424077,101.844710337831,0.036375820574627,b002
"3425",7_00000000000000000356,"2022",75.9802604596603,101.850398004708,0.0930961063728399,b002
"3426",7_0000000000000000035b,"2022",75.9802571990279,101.852021696378,0.0678654581564219,b002
"3427",7_00000000000000000357,"2022",75.9819215960939,101.852545052453,0.0635142616223048,b002
"3428",7_00000000000000000359,"2023",76.0000909641178,101.852629371716,0.0121651459451948,b002
"3429",7_0000000000000000035d,"2023",76.0012866019284,101.85854489945,0.0165087079312999,b002
"3430",7_0000000000000000035e,"2021",75.9841334138458,101.861227881538,0.0469752853867166,b002
"3431",7_0000000000000000035c,"2022",76.0062882115612,101.864125621417,0.0955412134573959,b002
"3432",7_0000000000000000035f,"2022",76.045223497055,101.864375572526,0.0580415477196324,b002
"3433",7_0000000000000000035a,"2016",76.0134339825615,101.865410442405,0.388914710337185,b002
"3434",7_00000000000000000360,"2022",76.0059599672447,101.865755815521,0.0955412134573959,b002
"3435",7_00000000000000000414,"2021",75.9559852296594,101.805035718773,0.15253348343673,b002
"3436",7_00000000000000000415,"2022",75.961456772972,101.813270562141,0.0191692312027169,b002
"3437",7_00000000000000000416,"2022",75.9635035474974,101.821210684855,0.0392015165503024,b002
"3438",7_00000000000000000417,"2020",75.9613565188649,101.835667312058,0.281435386195427,b002
"3439",7_00000000000000000362,"2022",75.9923694041472,101.872796374872,0.0234747624942624,b002
"3440",7_00000000000000000361,"2023",75.9977965962653,101.875152299893,0.0182502840302798,b002
"3441",7_00000000000000000363,"2022",76.0291030354929,101.876271554029,0.0424936915969264,b002
"3442",7_00000000000000000364,"2022",76.0511551177953,101.881966516029,0.0857214550216591,b002
"3443",7_00000000000000000365,"2024",76.0347643259511,101.882865736638,0.0138693267914022,b002
"3444",7_00000000000000000366,"2024",76.0472315503527,101.886323336092,0.00952684115055735,b002
"3445",7_00000000000000000368,"2022",76.0114816067295,101.890445292262,0.0329944572895787,b002
"3446",7_00000000000000000369,"2024",76.0286895110566,101.892533963705,0.010406694100256,b002
"3447",7_00000000000000000367,"2019",75.9745028887781,101.894243707608,0.103591648491994,b002
"3448",7_0000000000000000036b,"2023",75.9602033129434,101.895373368612,0.0322422115628526,b002
"3449",7_0000000000000000036a,"2022",76.0321661041905,101.895816412538,0.0329468574953585,b002
"3450",7_0000000000000000036d,"2022",76.0321661041905,101.895816412538,0.0329468574953585,b002
"3451",7_0000000000000000036e,"2023",76.0094895148004,101.897747231094,0.0156321507920125,b002
"3452",7_0000000000000000036c,"2022",76.0200685707009,101.898202120083,0.0121481408082193,b002
"3453",7_0000000000000000036f,"2022",75.9646585068119,101.898695424618,0.0540097186950015,b002
"3454",7_00000000000000000370,"2022",76.0744952448132,101.901954068345,0.0172884562822503,b002
"3455",7_00000000000000000372,"2021",76.0331148911534,101.908853403613,0.103171377252647,b002
"3456",7_00000000000000000371,"2022",75.9976364253229,101.91613533118,0.0286812210329487,b002
"3457",7_00000000000000000373,"2020",76.0751762473066,101.918247860695,0.0535905244128511,b002
"3458",7_00000000000000000374,"2022",75.9610595676246,101.923039199673,0.017426797339043,b002
"3459",7_00000000000000000375,"2021",76.0230066092645,101.9242616818,0.219463322817597,b002
"3460",7_0000000000000000037a,"2021",76.0242912443743,101.925614483444,0.219463322817597,b002
"3461",7_00000000000000000378,"2021",76.0134914238828,101.926044321488,0.0251764009231097,b002
"3462",7_00000000000000000376,"2024",75.9947780138937,101.927029322144,0.0104316792733162,b002
"3463",7_0000000000000000037f,"2019",75.9753084406772,101.929929647619,0.269864202456925,b002
"3464",7_00000000000000000377,"2023",75.961147716427,101.930014318129,0.0130696856135794,b002
"3465",7_0000000000000000037d,"2022",76.0206439247188,101.9352705879,0.0242953142894952,b002
"3466",7_00000000000000000379,"2023",76.0017604386247,101.935714387661,0.00955802539333246,b002
"3467",7_0000000000000000037b,"2022",75.9602364009767,101.937147228561,0.0121991811676135,b002
"3468",7_0000000000000000037c,"2022",75.9613106921129,101.941826661765,0.036594643010722,b002
"3469",7_0000000000000000037e,"2016",76.0741778275043,101.943666898554,0.191907487922944,b002
"3470",7_00000000000000000380,"2022",76.0097780246866,101.943814789374,0.0755465686223574,b002
"3471",7_00000000000000000418,"2021",75.9333786611999,101.913848695656,0.02968333271068,b002
"3472",7_00000000000000000382,"2022",76.0248352758119,101.948735939572,0.0199519491613157,b002
"3473",7_00000000000000000385,"2023",76.0692631965442,101.950831006497,0.0510210640398208,b002
"3474",7_00000000000000000381,"2022",76.0018500842579,101.950912887568,0.0356244718398095,b002
"3475",7_00000000000000000383,"2021",76.0289079416148,101.952070422969,0.0294849532908557,b002
"3476",7_00000000000000000384,"2022",76.0372407679881,101.955412601613,0.0130007265675939,b002
"3477",7_00000000000000000386,"2022",76.0205665095954,101.959882604864,0.0242971810349142,b002
"3478",7_00000000000000000387,"2023",76.0250550686677,101.964945696479,0.0208179141316514,b002
"3479",7_00000000000000000389,"2022",76.0355773008718,101.968825172572,0.0710796462314548,b002
"3480",7_00000000000000000388,"2022",76.0755652869243,101.969377566977,0.0432218162955439,b002
"3481",7_0000000000000000038a,"2024",76.0106423524024,101.971954068722,0.0130253098782232,b002
"3482",7_0000000000000000038c,"2023",76.023796885827,101.974466778921,0.024291047762965,b002
"3483",7_0000000000000000038d,"2016",76.0061439240309,101.976859754681,0.157206489689681,b002
"3484",7_0000000000000000038f,"2022",75.9944952485228,101.980070473647,0.0208639590798162,b002
"3485",7_0000000000000000038b,"2016",75.9742373680744,101.980417539372,0.432652639651869,b002
"3486",7_00000000000000000390,"2023",76.0115569741453,101.981162549448,0.0130241628904253,b002
"3487",7_0000000000000000038e,"2023",76.0780804352595,101.983468567079,0.0656838167412022,b002
"3488",7_00000000000000000394,"2023",76.0769836699627,101.985152722817,0.0656838167412022,b002
"3489",7_00000000000000000391,"2024",76.0111993194977,101.988698760499,0.0260488725431051,b002
"3490",7_00000000000000000392,"2022",76.0238808339531,101.988746675455,0.0242909974625667,b002
"3491",7_00000000000000000393,"2024",75.9811686001429,101.990091077885,0.0104414290853559,b002
"3492",7_00000000000000000395,"2022",76.0387298821315,101.992191582057,0.0329313930629491,b002
"3493",7_00000000000000000396,"2024",76.0135805452563,101.99385366209,0.0112854242525783,b002
"3494",7_00000000000000000397,"2021",75.9661392342455,101.998181786999,0.0731678629227243,b002
"3495",7_00000000000000000398,"2022",75.9754351769871,102.009727826401,0.0948809544444758,b002
"3496",7_00000000000000000399,"2022",76.0737050087209,102.010111930203,0.0553271619368372,b002
"3497",7_0000000000000000039a,"2019",76.0771331189421,102.019108790824,0.0354358099650492,b002
"3498",7_0000000000000000039b,"2022",75.9885091182594,102.030793223807,0.031307579804086,b002
"3499",7_0000000000000000039c,"2024",76.0699671090006,102.031727933079,0.0121068914627097,b002
"3500",7_000000000000000003a6,"2022",76.0610658098796,102.080657056797,0.050184615258776,b002
"3501",7_000000000000000003a4,"2023",75.9886996509669,102.076369666893,0.0226126066878494,b002
"3502",7_00000000000000000507,"2022",75.985955014523,102.071868258262,0.0617568503250517,b002
"3503",7_000000000000000003a2,"2022",75.985955014523,102.071868258262,0.0617568503250517,b002
"3504",7_000000000000000003a0,"2023",75.97975914834,102.058095700235,0.0156635379759772,b002
"3505",7_0000000000000000039d,"2021",75.9888056244438,102.038607582183,0.0130448171307177,b002
"3506",7_000000000000000002e4,"2022",75.8752392471498,101.200138076445,0.0762600429730551,b002
"3507",7_000000000000000003bd,"2024",75.8477957514862,101.211548130334,0.0131731610531331,b002
"3508",7_000000000000000003be,"2022",75.8444309191709,101.213996769399,0.0245946710616434,b002
"3509",7_000000000000000003bf,"2022",75.8444309191709,101.213996769399,0.0245946710616434,b002
"3510",7_000000000000000003c0,"2022",75.8478282686197,101.218677456896,0.0342507195190888,b002
"3511",7_000000000000000003c1,"2023",75.8449979912526,101.223757100927,0.0149334626454671,b002
"3512",7_000000000000000003c2,"2022",75.865921728689,101.2285489355,0.0271917250137952,b002
"3513",7_000000000000000003c3,"2022",75.8810182002255,101.252439229263,0.0201529922898919,b002
"3514",7_000000000000000003c4,"2022",75.8810182002255,101.252439229263,0.0201529922898919,b002
"3515",7_000000000000000003c5,"2022",75.8864963758294,101.254596100703,0.0210222211686018,b002
"3516",7_000000000000000003c6,"2021",75.8732053844254,101.27366938638,0.0903019932585164,b002
"3517",7_000000000000000003c7,"2021",75.8560659300543,101.280363812844,0.0649537914098727,b002
"3518",7_000000000000000003c8,"2022",75.8698150291292,101.286111896067,0.0394601692702888,b002
"3519",7_000000000000000003c9,"2024",75.9012634354509,101.296681419055,0.0140000359702945,b002
"3520",7_000000000000000003ca,"2022",75.8797261635312,101.300963172021,0.258466459638249,b002
"3521",7_000000000000000003ce,"2020",75.8810863346389,101.301780602121,0.258466459638249,b002
"3522",7_000000000000000003cc,"2023",75.8861804080806,101.302498263052,0.0376633146231301,b002
"3523",7_000000000000000003cb,"2023",75.8667398034989,101.305525077499,0.0166639025785868,b002
"3524",7_000000000000000003cd,"2023",75.8960625905028,101.30616974036,0.0122538562393767,b002
"3525",7_000000000000000003d0,"2016",75.8760006363872,101.308651986637,0.178803804594896,b002
"3526",7_000000000000000003cf,"2022",75.8874703321021,101.315328978378,0.0700649030220483,b002
"3527",7_000000000000000003d1,"2022",75.882980755217,101.318665967067,0.0254065183029024,b002
"3528",7_000000000000000003d2,"2022",75.882973596836,101.319336253075,0.0254065183029024,b002
"3529",7_000000000000000003d3,"2022",75.8946273387372,101.316911390821,0.0183831960746034,b002
"3530",7_000000000000000003d4,"2022",75.8810528484265,101.317249069193,0.0254097789300076,b002
"3531",7_000000000000000003d5,"2022",75.8875220286317,101.31735803058,0.0700649030220483,b002
"3532",7_000000000000000003d6,"2021",75.8763981033466,101.324250673682,0.0131471503451821,b002
"3533",7_000000000000000003d7,"2022",75.883476837601,101.328616494055,0.00963689483832035,b002
"3534",7_000000000000000003d8,"2022",75.8956146468229,101.329092120341,0.014879905196554,b002
"3535",7_000000000000000003d9,"2021",75.87166056308,101.325320047438,0.122752010933278,b002
"3536",7_000000000000000003db,"2022",75.8996955123276,101.390265539324,0.0192509628832656,b002
"3537",7_000000000000000003dc,"2022",75.903621884297,101.385872304994,0.0551174604721763,b002
"3538",7_000000000000000003ef,"2021",75.9432555334049,101.624112463395,0.0261735496797392,b002
"3539",7_000000000000000003f1,"2021",75.9467556377672,101.626533293099,0.0340159771441788,b002
"3540",7_000000000000000003f0,"2023",75.9449216193914,101.62829467212,0.00959579234067541,b002
"3541",7_000000000000000003f2,"2023",75.9518899379368,101.639014193708,0.0139501125988334,b002
"3542",7_000000000000000003f3,"2018",75.9236518026221,101.641515142175,0.0200934970162617,b002
"3543",7_000000000000000003f4,"2018",75.9236518026221,101.641515142175,0.0200934970162617,b002
"3544",7_000000000000000003f5,"2023",75.9407628079843,101.642853485937,0.0191967576004806,b002
"3545",7_000000000000000003f7,"2023",75.921858999369,101.646993575896,0.0148532336402479,b002
"3546",7_000000000000000003f6,"2018",75.954319969333,101.649676668052,0.0313835860853105,b002
"3547",7_000000000000000003f8,"2018",75.9457079207678,101.649690222967,0.0732700143726452,b002
"3548",7_000000000000000003f9,"2024",75.9268115530544,101.651039847298,0.0131009012348277,b002
"3549",7_000000000000000003fa,"2024",75.9398460994921,101.664631418271,0.0104709736159875,b002
"3550",7_000000000000000003fc,"2021",75.9432787968625,101.670005633418,0.261743027256691,b002
"3551",7_000000000000000003fd,"2022",75.9479105189701,101.673765571211,0.00959356432770721,b002
"3552",7_000000000000000003fb,"2021",75.9416528333013,101.674597538617,0.343757226373021,b002
"3553",7_0000000000000000033e,"2016",75.9692577088899,101.749134013817,0.0548634740193688,b002
"3554",7_0000000000000000033f,"2022",75.9659159614714,101.765665810038,0.0574862803859824,b002
"3555",7_00000000000000000340,"2016",75.9657618012076,101.770245023025,0.0661983517296879,b002
"3556",7_00000000000000000341,"2016",75.9683921197406,101.772939672852,0.00958020025758963,b002
"3557",7_000000000000000003fe,"2024",75.9394363275979,101.67665968567,0.143980244283354,b002
"3558",7_000000000000000003ff,"2022",75.9468508921991,101.68269373698,0.0130828401630929,b002
"3559",7_00000000000000000400,"2022",75.9411801759305,101.690279340586,0.313253993622928,b002
"3560",7_00000000000000000401,"2021",75.9399746749127,101.697943208286,0.184982894971755,b002
"3561",7_00000000000000000402,"2021",75.9304310310367,101.723007828204,0.0768427370867181,b002
"3562",7_00000000000000000403,"2016",75.9488804648818,101.727139909612,0.0244179827382754,b002
"3563",7_00000000000000000404,"2019",75.9426883453695,101.733908325811,0.0157037403030162,b002
"3564",7_00000000000000000405,"2022",75.9339822493837,101.73325853362,0.0226997960965787,b002
"3565",7_00000000000000000406,"2021",75.9441376137839,101.737562321483,0.00959619020349112,b002
"3566",7_00000000000000000407,"2021",75.9457012978712,101.735507311848,0.0226795026665656,b002
"3567",7_00000000000000000408,"2016",75.9438862630317,101.744479724675,0.0689163021033699,b002
"3568",7_00000000000000000409,"2016",75.949408503054,101.742263587465,0.0619146285412246,b002
"3569",7_0000000000000000040a,"2016",75.9445069794665,101.744263528062,0.0689163021033699,b002
"3570",7_0000000000000000040b,"2019",75.9484851928895,101.753088991428,0.0113379004646867,b002
"3571",7_0000000000000000040c,"2016",75.9624326915662,101.753714446286,0.0688301947089436,b002
"3572",7_0000000000000000040d,"2022",75.9657939402019,101.764874499563,0.0156788092439877,b002
"3573",7_0000000000000000040e,"2022",75.9587896189019,101.76772097455,0.0156875435711101,b002
"3574",7_0000000000000000040f,"2016",75.96565008161,101.771020817882,0.0644563245039508,b002
"3575",7_00000000000000000410,"2018",75.9502504304188,101.776264629922,0.0139520539093558,b002
"3576",7_00000000000000000411,"2024",75.947616550504,101.785948768486,0.0122100887326942,b002
"3577",7_00000000000000000412,"2022",75.9551486553564,101.791147984355,0.051431106577038,b002
"3578",7_00000000000000000413,"2021",75.9636913563629,101.785764795673,0.0923473719107571,b002
"3579",7_0000000000000000054a,"2024",75.9932604019946,102.241437367098,0.0165183086059798,b002
"3580",7_0000000000000000052f,"2018",75.9821429484828,102.191400019927,0.0113108501263555,b002
"3581",7_00000000000000000528,"2023",76.0100287233599,102.188278043468,0.0130253726370385,b002
"3582",7_00000000000000000527,"2022",75.9905828612963,102.183632291678,0.0234776081211013,b002
"3583",7_00000000000000000524,"2022",75.9905828612963,102.183632291678,0.0234776081211013,b002
"3584",7_00000000000000000517,"2023",76.0239309847934,102.164604083076,0.0355677295263933,b002
"3585",7_0000000000000000050d,"2023",76.0498459766791,102.14578150517,0.0216485760658728,b002
"3586",7_000000000000000003b5,"2022",76.0585437456041,102.130860761094,0.0328853859685418,b002
"3587",7_000000000000000003af,"2021",76.0518213314187,102.115081031676,0.0709975137657072,b002
"3588",7_000000000000000003a8,"2021",76.0473295564579,102.093442228508,0.00952777407104265,b002
"3589",7_0000000000000000050a,"2022",75.9926182583096,102.091235222584,0.017388536389627,b002
"3590",7_00000000000000000509,"2022",75.9915343848488,102.082856666677,0.0313017799784201,b002
"3591",7_00000000000000000508,"2022",75.9886345914609,102.076688847758,0.0226126066878494,b002
"3592",7_000000000000000003a1,"2024",75.9915441672152,102.062450362391,0.013911463991535,b002
"3593",7_0000000000000000039f,"2021",76.0563379511513,102.050081242766,0.0242347894545568,b002
"3594",7_0000000000000000039e,"2024",75.980272933587,102.045947737155,0.014793331494213,b002
"3595",7_0000000000000000055c,"2022",75.9947491856825,102.284202273542,0.0191235069211096,b002
"3596",7_00000000000000000556,"2021",75.9971221283005,102.251122282332,0.269423122799589,b002
"3597",7_0000000000000000054e,"2024",75.9950476182113,102.243281266021,0.00956241923245643,b002
"3598",7_0000000000000000053a,"2023",76.0089240656351,102.205562174635,0.0208422967238725,b002
"3599",7_00000000000000000532,"2021",76.0018016481786,102.192262166776,0.112950160806372,b002
"3600",7_00000000000000000522,"2022",76.0035798603974,102.178960083411,0.0139001213323574,b002
"3601",7_0000000000000000051e,"2016",76.016289366908,102.182711528741,0.301169829595448,b002
"3602",7_0000000000000000051c,"2021",75.9845276630826,102.173806966386,0.0434967364536725,b002
"3603",7_00000000000000000519,"2022",76.0238136912634,102.165193912475,0.0355677295263933,b002
"3604",7_00000000000000000518,"2024",76.0258943538566,102.165749708792,0.0112758265281726,b002
"3605",7_00000000000000000513,"2021",76.0149907174091,102.157953578307,0.0251732796750474,b002
"3606",7_00000000000000000512,"2023",76.0023280432448,102.16138648226,0.019984032104073,b002
"3607",7_0000000000000000050f,"2021",76.028624070113,102.144300414247,0.107535137307942,b002
"3608",7_0000000000000000050e,"2022",76.0264723210423,102.153850695235,0.0173464639135423,b002
"3609",7_0000000000000000050c,"2022",76.0571664960743,102.140620942552,0.0882796007674038,b002
"3610",7_000000000000000003b1,"2023",76.0474306044217,102.116464603476,0.0233834410671457,b002
"3611",7_000000000000000003b0,"2023",76.0474306044217,102.116464603476,0.0233834410671457,b002
"3612",7_000000000000000003ad,"2023",76.0534830062513,102.108309310411,0.010388234325905,b002
"3613",7_0000000000000000050b,"2022",76.0135055542326,102.103929382225,0.021704149713505,b002
"3614",7_000000000000000003a9,"2024",76.0203415781507,102.098832085665,0.0121482977993667,b002
"3615",7_000000000000000003a7,"2021",76.0205627479922,102.090634926587,0.0347087546055776,b002
"3616",7_00000000000000000151,"2021",75.6881238983068,100.122651423625,0.221097718586389,d001
"3617",7_00000000000000000155,"2022",75.7266501195355,100.144352479892,0.120439949948158,d001
"3618",7_00000000000000000152,"2022",75.727373970344,100.144916987473,0.120439949948158,d001
"3619",7_00000000000000000154,"2024",75.7191423031987,100.150627539468,0.377471950315955,d001
"3620",7_00000000000000000158,"2020",75.7180271506035,100.152574301771,0.377471950315955,d001
"3621",7_00000000000000000159,"2019",75.7326546093221,100.153680233062,0.285934268149691,d001
"3622",7_0000000000000000015b,"2022",75.7465900454723,100.176025832947,0.314858097325839,d001
"3623",7_0000000000000000015a,"2022",75.7360597751964,100.17649917302,0.0123906231748404,d001
"3624",7_0000000000000000015d,"2022",75.7237170476867,100.18287237895,0.179823279415444,d001
"3625",7_0000000000000000015e,"2023",75.7326903185171,100.185482105107,0.0398356969160669,d001
"3626",7_00000000000000000160,"2022",75.7244498481983,100.18622626962,0.196649319089036,d001
"3627",7_00000000000000000162,"2024",75.7258647184084,100.194819471371,0.0575688810701798,d001
"3628",7_0000000000000000015f,"2022",75.7471828525457,100.1953099062,0.0203404243969857,d001
"3629",7_00000000000000000161,"2022",75.7410600527291,100.2110473347,0.268066963875846,d001
"3630",7_00000000000000000163,"2022",75.7359827313602,100.215023283497,0.052216634546845,d001
"3631",7_00000000000000000165,"2022",75.7359827313602,100.215023283497,0.052216634546845,d001
"3632",7_00000000000000000168,"2022",75.7588106731973,100.263616767431,0.0468327032254018,d001
"3633",7_00000000000000000169,"2022",75.774193208371,100.269710097562,0.246277476711553,d001
"3634",7_0000000000000000016b,"2023",75.7571654944183,100.27405571781,0.0141395105861704,d001
"3635",7_0000000000000000016a,"2024",75.7623512518873,100.276313731698,0.00971748457226766,d001
"3636",7_0000000000000000016c,"2022",75.75414932866,100.277667437068,0.0601052327340546,d001
"3637",7_0000000000000000016e,"2023",75.7751868474802,100.296501808332,0.223289249148714,d001
"3638",7_00000000000000000170,"2022",75.7746338223334,100.302294113526,0.248888834119224,d001
"3639",7_00000000000000000171,"2022",75.7743265376513,100.306482155496,0.248888827068355,d001
"3640",7_00000000000000000172,"2022",75.7729684892308,100.312049012591,0.0308963781813605,d001
"3641",7_00000000000000000173,"2022",75.7768401215145,100.322558552764,0.0767793293454775,d001
"3642",7_00000000000000000174,"2024",75.755466898404,100.323132247738,0.0106060868221496,d001
"3643",7_00000000000000000175,"2022",75.7947356131932,100.325807389271,0.0299692307488109,d001
"3644",7_00000000000000000178,"2022",75.771349558696,100.333435570926,0.0450274908669976,d001
"3645",7_00000000000000000179,"2022",75.771349558696,100.333435570926,0.0450274908669976,d001
"3646",7_00000000000000000177,"2022",75.7956609445667,100.336794775312,0.234467972819272,d001
"3647",7_0000000000000000017a,"2020",75.7936309706137,100.33722256036,0.234467972819272,d001
"3648",7_00000000000000000176,"2022",75.7828726270106,100.338604508273,0.0890954880650206,d001
"3649",7_0000000000000000017c,"2022",75.7828726270106,100.338604508273,0.0890954880650206,d001
"3650",7_0000000000000000017b,"2022",75.7848777359547,100.349858003256,0.026461299531213,d001
"3651",7_0000000000000000017f,"2023",75.7831611341312,100.371748789991,0.0696912480470548,d001
"3652",7_0000000000000000017d,"2022",75.7933608543033,100.372932954806,0.0282101901803115,d001
"3653",7_0000000000000000017e,"2022",75.8048292382497,100.375771001207,0.0246647666668848,d001
"3654",7_00000000000000000180,"2024",75.7983165456223,100.38107372835,0.00969420505259186,d001
"3655",7_00000000000000000182,"2022",75.8110242521732,100.394340970908,0.0140866097608021,d001
"3656",7_00000000000000000181,"2021",75.7953657035788,100.399383678532,0.120754185741851,d001
"3657",7_000000000000000002e7,"2022",75.7952731508817,100.39964044261,0.120754185741851,d001
"3658",7_000000000000000002e8,"2023",75.8004453933269,100.411788778028,0.021146010566252,d001
"3659",7_000000000000000002e9,"2022",75.7599785187987,100.424898564217,0.0468304146866084,d001
"3660",7_000000000000000002ea,"2023",75.8059566706335,100.473564041092,0.0211387728899661,d001
"3661",7_000000000000000002eb,"2022",75.8141171656943,100.474847372302,0.0448942262558629,d001
"3662",7_000000000000000002c0,"2020",75.8566564253735,100.488546948063,0.0228191896380484,d001
"3663",7_000000000000000002c1,"2024",75.8447773987788,100.536410340194,0.0131759276009737,d001
"3664",7_000000000000000002c2,"2023",75.8903029460681,100.549952037174,0.0490362935882694,d001
"3665",7_000000000000000002c3,"2023",75.891305019084,100.563277611152,0.018388067714501,d001
"3666",7_000000000000000002ec,"2024",75.8149173993379,100.576511193282,0.013203064734071,d001
"3667",7_000000000000000002ed,"2022",75.7962268702513,100.583462602375,0.0149833503769388,d001
"3668",7_000000000000000002ee,"2019",75.8129076742986,100.597912053135,0.0140850468599294,d001
"3669",7_000000000000000002ef,"2022",75.8272845048544,100.630905817641,0.0219870509518744,d001
"3670",7_000000000000000002c4,"2021",75.8339922659496,100.655984661237,0.0694473293595571,d001
"3671",7_000000000000000002c5,"2022",75.8340830003308,100.657174962932,0.0720843581758324,d001
"3672",7_000000000000000002f0,"2021",75.8341559790941,100.657389537543,0.0738425481029358,d001
"3673",7_000000000000000002f1,"2024",75.8274219889395,100.665120888452,0.00967380284905822,d001
"3674",7_000000000000000002f2,"2016",75.8196380790149,100.698219681886,0.0140784829008171,d001
"3675",7_000000000000000002f3,"2022",75.8000046251765,100.706107821128,0.0264344580805748,d001
"3676",7_000000000000000002f4,"2022",75.8003983762393,100.707585045323,0.0378873570387322,d001
"3677",7_000000000000000002f5,"2022",75.8008646298786,100.7085035402,0.0185015583898099,d001
"3678",7_000000000000000002c6,"2023",75.8497872590391,100.723685712814,0.0193190797888725,d001
"3679",7_000000000000000002f6,"2022",75.8277812822303,100.780734056182,0.0105531214209654,d001
"3680",7_00000000000000000109,"2024",76.2346037670066,100.384993438074,0.00940193864346469,b003
"3681",7_0000000000000000010a,"2023",76.2164251237827,100.416842988804,0.00941424535856683,b003
"3682",7_00000000000000000124,"2023",76.2045796253613,100.479843321402,0.0102778653995888,b003
"3683",7_0000000000000000010b,"2024",76.2637336797949,100.492644364566,0.0102346494999774,b003
"3684",7_0000000000000000010c,"2022",76.2431322375187,100.492662565585,0.0486894228678306,b003
"3685",7_00000000000000000125,"2024",76.0764349652788,100.594513228815,0.00950733189904605,b003
"3686",7_00000000000000000126,"2024",76.0929734053456,100.606938570271,0.0164021569378786,b003
"3687",7_0000000000000000010d,"2024",76.2476538225705,100.638440976403,0.0153702101650263,b003
"3688",7_0000000000000000010e,"2023",76.2438730905151,100.647732738318,0.0196454078102974,b003
"3689",7_0000000000000000010f,"2021",76.2452943082126,100.653264220444,0.0777167181272289,b003
"3690",7_00000000000000000111,"2021",76.2445468521904,100.654887155107,0.0777167181272289,b003
"3691",7_00000000000000000110,"2023",76.2467686758895,100.65575747103,0.0162256903320563,b003
"3692",7_00000000000000000112,"2024",76.2287667799558,100.688398506986,0.0136808876313606,b003
"3693",7_00000000000000000115,"2022",76.2424320997239,100.693983912552,0.0418571916764258,b003
"3694",7_00000000000000000113,"2024",76.2247467894628,100.695304317788,0.0102638517227592,b003
"3695",7_00000000000000000116,"2023",76.2573892019449,100.698585459887,0.023893038723259,b003
"3696",7_00000000000000000114,"2023",76.2573892019449,100.698585459887,0.023893038723259,b003
"3697",7_00000000000000000117,"2024",76.2236034705984,100.700522703721,0.0188181306041089,b003
"3698",7_00000000000000000118,"2022",76.2322935225228,100.706546289252,0.0264980504437588,b003
"3699",7_00000000000000000119,"2024",76.2405956389457,100.709202479482,0.0119607167919123,b003
"3700",7_0000000000000000011a,"2020",76.2219620353968,100.71147392504,0.00941071040214758,b003
"3701",7_0000000000000000011b,"2022",76.230513370466,100.721011827552,0.029922935650917,b003
"3702",7_0000000000000000011c,"2023",76.245893951294,100.732784675846,0.0170799480063732,b003
"3703",7_000000000000000001f0,"2023",76.2202152924754,100.733133320478,0.02566625628498,b003
"3704",7_000000000000000001ef,"2023",76.2202152924754,100.733133320478,0.02566625628498,b003
"3705",7_000000000000000001f1,"2023",76.2194162447849,100.740370106058,0.0179681045543084,b003
"3706",7_000000000000000001f2,"2024",76.2273519472058,100.748664150362,0.0094060617183884,b003
"3707",7_000000000000000001f3,"2022",76.2526134816343,100.763633688976,0.0324354703862212,b003
"3708",7_000000000000000001f4,"2024",76.2301297752844,100.769187257525,0.0111147363696198,b003
"3709",7_000000000000000001f5,"2021",76.2423965554716,100.770227837114,0.101652620440566,b003
"3710",7_000000000000000001f6,"2023",76.2171586775803,100.775198619942,0.0145472740340265,b003
"3711",7_000000000000000001f7,"2024",76.2222473569717,100.775835515682,0.014542508478842,b003
"3712",7_000000000000000001f8,"2024",76.2194018438943,100.778674223338,0.0239562262178751,b003
"3713",7_000000000000000001f9,"2022",76.2302973030342,100.779030461928,0.0188085574610866,b003
"3714",7_000000000000000001fa,"2024",76.2492285172825,100.78946886545,0.014514379987622,b003
"3715",7_000000000000000001fb,"2022",76.2497136620604,100.800670903352,0.0307373058690625,b003
"3716",7_000000000000000001fc,"2024",76.2126522220147,100.812362966155,0.0094158488534155,b003
"3717",7_000000000000000001fd,"2022",76.2550433716601,100.839074356946,0.0119487339416515,b003
"3718",7_000000000000000001fe,"2024",76.2555061477025,100.849328436568,0.0145081445250695,b003
"3719",7_000000000000000001ff,"2024",76.2464321480458,100.856030821787,0.0128101601108813,b003
"3720",7_00000000000000000200,"2024",76.2722227629159,100.86710707642,0.0102290759843305,b003
"3721",7_00000000000000000201,"2024",76.2452463530512,100.868643189869,0.0128111976367793,b003
"3722",7_00000000000000000202,"2024",76.2657818348243,100.880501016262,0.0136444619786756,b003
"3723",7_00000000000000000203,"2024",76.2657818348243,100.880501016262,0.0136444619786756,b003
"3724",7_00000000000000000204,"2024",76.2386706595635,100.88327669846,0.0102531156966842,b003
"3725",7_00000000000000000205,"2018",76.2358287324755,100.893015212186,0.00940048912470261,b003
"3726",7_00000000000000000206,"2023",76.2448998931246,100.903939014834,0.0162282404679662,b003
"3727",7_00000000000000000207,"2023",76.2448620614614,100.911552694135,0.0119570598356443,b003
"3728",7_00000000000000000208,"2021",76.2765389492065,100.914224433277,0.0622061959381098,b003
"3729",7_000000000000000002ae,"2023",76.1810930739541,100.936701688105,0.0111534371447841,b003
"3730",7_0000000000000000020a,"2024",76.2879882081626,100.95860041824,0.0102176789760484,b003
"3731",7_00000000000000000209,"2023",76.299112650904,100.944019329724,0.0136112919158267,b003
"3732",7_000000000000000002c8,"2022",75.8551691500756,100.954306305005,0.015799955922331,b003
"3733",7_000000000000000002c9,"2022",75.8601170897315,100.983638611059,0.0403657852031724,b003
"3734",7_000000000000000002f7,"2021",75.8126936885643,101.026041742878,0.0193680562660874,b003
"3735",7_000000000000000002f8,"2021",75.8140071050781,101.031423907743,0.010563251760048,b003
"3736",7_000000000000000002f9,"2021",75.8140071050781,101.031423907743,0.010563251760048,b003
"3737",7_000000000000000002cb,"2021",75.8721682522014,101.051593581569,0.0166575826392995,b003
"3738",7_000000000000000002d0,"2023",75.8689403383585,101.052230472755,0.0455992089967074,b003
"3739",7_000000000000000002cd,"2023",75.8689403383585,101.052230472755,0.0455992089967074,b003
"3740",7_000000000000000002ce,"2023",75.8690513852605,101.052253539572,0.0455992089967074,b003
"3741",7_000000000000000002cf,"2024",75.8272872342011,101.054405842502,0.0105538810183517,b003
"3742",7_000000000000000002d1,"2023",75.8717538210918,101.058582989552,0.0105215927094433,b003
"3743",7_000000000000000002d2,"2023",75.8502244038288,101.059681701834,0.0193180254845336,b003
"3744",7_000000000000000002d3,"2023",75.8274219688391,101.063433893498,0.00967462499712962,b003
"3745",7_000000000000000002d4,"2023",75.8720110816826,101.064903923765,0.00964477318217964,b003
"3746",7_000000000000000002d5,"2024",75.8463694864902,101.07019188791,0.0114184479461084,b003
"3747",7_000000000000000002fa,"2021",75.770157076398,101.078079884246,0.101538582668697,b003
"3748",7_000000000000000002d7,"2016",75.8434951428632,101.080209089783,0.0281111309577,b003
"3749",7_000000000000000002d6,"2016",75.8434951428632,101.080209089783,0.0281111309577,b003
"3750",7_000000000000000002fb,"2021",75.7723742041815,101.083527054444,0.0653314060157152,b003
"3751",7_000000000000000002fc,"2021",75.7723742041815,101.083527054444,0.0653314060157152,b003
"3752",7_000000000000000002d9,"2022",75.8859046736355,101.104309550064,0.0525581970142862,b003
"3753",7_000000000000000002db,"2023",75.8838878957098,101.122021936529,0.0516869440095175,b003
"3754",7_000000000000000002da,"2021",75.8801651813374,101.132255707169,0.0893790481874286,b003
"3755",7_000000000000000002dd,"2023",75.8538324319293,101.153445160145,0.00965571574975056,b003
"3756",7_00000000000000000222,"2024",76.1901739119113,101.081747228189,0.0377250012288466,b003
"3757",7_00000000000000000224,"2024",76.1901739119113,101.081747228189,0.0377250012288466,b003
"3758",7_00000000000000000230,"2022",76.1906144747199,101.107029054983,0.0248639454709796,b003
"3759",7_00000000000000000227,"2024",76.1929913289769,101.090383413088,0.0102869553428565,b003
"3760",7_00000000000000000244,"2024",76.1940297546045,101.13971670823,0.0145711236316496,b003
"3761",7_00000000000000000231,"2024",76.1952920781992,101.112377921561,0.0497105698492334,b003
"3762",7_00000000000000000238,"2022",76.1957459996537,101.114100712563,0.0497105698492334,b003
"3763",7_0000000000000000024e,"2018",76.1964168248434,101.158326749272,0.0402785263908696,b003
"3764",7_0000000000000000023d,"2022",76.1968507987711,101.122894006257,0.0179969509843642,b003
"3765",7_00000000000000000252,"2023",76.1978859141202,101.166052374767,0.0231365560132047,b003
"3766",7_00000000000000000254,"2023",76.1978859141202,101.166052374767,0.0231365560132047,b003
"3767",7_00000000000000000242,"2024",76.1980994960388,101.133600514809,0.00942545505096472,b003
"3768",7_00000000000000000258,"2018",76.1994477597032,101.175958340853,0.0359866100012223,b003
"3769",7_0000000000000000021e,"2021",76.1997691639278,101.076388602428,0.102819149106694,b003
"3770",7_00000000000000000235,"2022",76.2076619182861,101.116909059603,0.0179828694410469,b003
"3771",7_00000000000000000239,"2022",76.2076619182861,101.116909059603,0.0179828694410469,b003
"3772",7_00000000000000000233,"2024",76.2115579106969,101.108839677412,0.0171216366334705,b003
"3773",7_0000000000000000022f,"2024",76.2116123473754,101.107179123943,0.0196900102437015,b003
"3774",7_0000000000000000022e,"2024",76.2119008939594,101.105385196926,0.0102730339490059,b003
"3775",7_0000000000000000023e,"2023",76.2160331358132,101.128543760098,0.0171170027089615,b003
"3776",7_00000000000000000237,"2022",76.216251666214,101.117596912514,0.0590522284642295,b003
"3777",7_0000000000000000022c,"2024",76.2175153798877,101.094156230048,0.0102691920398087,b003
"3778",7_00000000000000000240,"2023",76.2204852958822,101.129143364894,0.0265233132211427,b003
"3779",7_0000000000000000024c,"2022",76.220509019593,101.154046914364,0.0153997749255579,b003
"3780",7_0000000000000000023c,"2023",76.2211535151684,101.123261585676,0.0102660354732601,b003
"3781",7_00000000000000000241,"2024",76.2272049036334,101.131983632783,0.00940657636240012,b003
"3782",7_00000000000000000253,"2022",76.228241665958,101.163643333501,0.0188111230196609,b003
"3783",7_00000000000000000225,"2019",76.2282828828121,101.086806379336,0.00940535832139207,b003
"3784",7_00000000000000000247,"2022",76.2294001374288,101.143191259216,0.0418954941375672,b003
"3785",7_00000000000000000249,"2022",76.2294001374288,101.143191259216,0.0418954941375672,b003
"3786",7_00000000000000000243,"2022",76.2309631348984,101.136808200879,0.0170985069785379,b003
"3787",7_00000000000000000250,"2023",76.2323094649068,101.161009677919,0.0145320969285254,b003
"3788",7_0000000000000000023f,"2023",76.2394192418982,101.130987261977,0.015379774717038,b003
"3789",7_00000000000000000232,"2022",76.2512371387911,101.109487454392,0.0153665810690341,b003
"3790",7_0000000000000000022d,"2023",76.2528681528065,101.103055748991,0.0187781845131767,b003
"3791",7_0000000000000000025c,"2023",76.1915195080915,101.178329034075,0.0257194476059312,b003
"3792",7_0000000000000000025e,"2023",76.2000341555147,101.186431211366,0.0128519570243716,b003
"3793",7_00000000000000000265,"2022",76.2028900929647,101.196439841773,0.0111356473227722,b003
"3794",7_00000000000000000267,"2022",76.2062882699881,101.20336898121,0.06166299017604,b003
"3795",7_00000000000000000268,"2022",76.2063160207215,101.202064416838,0.0196974007046425,b003
"3796",7_00000000000000000269,"2022",76.2063173114796,101.205420005348,0.0513862100740952,b003
"3797",7_0000000000000000026f,"2024",76.2101103812324,101.213370931674,0.0196922707783582,b003
"3798",7_00000000000000000270,"2024",76.2119522310531,101.214235431756,0.0119857671373493,b003
"3799",7_00000000000000000271,"2024",76.2101103812324,101.213370931674,0.0196922707783582,b003
"3800",7_000000000000000002a2,"2024",76.180998881929,101.416202173804,0.0120106812931734,b003
"3801",7_000000000000000002a3,"2024",76.1804983443748,101.428868560196,0.0120118281733427,b003
"3802",7_000000000000000002a5,"2024",76.1884737766354,101.438279542383,0.0231528164492515,b003
"3803",7_000000000000000002a6,"2023",76.1807815919897,101.439082370821,0.0274555282209795,b003
"3804",7_000000000000000002a7,"2024",76.1884737766354,101.438279542383,0.0231528164492515,b003
"3805",7_0000000000000000025a,"2022",76.2936101031378,101.178601796172,0.0144677300329726,b003
"3806",7_00000000000000000234,"2021",76.3022016928072,101.112513695404,0.0297697481833127,b003
"3807",7_00000000000000000246,"2023",76.3025164240413,101.141783319392,0.00935617814031706,b003
"3808",7_0000000000000000021f,"2021",76.3045016914211,101.074190499904,0.0467723771527319,b003
"3809",7_00000000000000000220,"2021",76.3045016914211,101.074190499904,0.0467723771527319,b003
"3810",7_00000000000000000251,"2023",76.3080119622356,101.165308988795,0.0187048804642079,b003
"3811",7_0000000000000000021d,"2023",76.3082541833476,101.070427263213,0.0127536562820699,b003
"3812",7_0000000000000000024a,"2023",76.309241742866,101.152177183434,0.0425072347514338,b003
"3813",7_00000000000000000248,"2023",76.3094129945265,101.143878127841,0.0102021960343038,b003
"3814",7_0000000000000000024d,"2024",76.3100665494488,101.152340482202,0.0518570694285996,b003
"3815",7_0000000000000000024b,"2024",76.31063798093,101.152844860649,0.0195510649528655,b003
"3816",7_0000000000000000025b,"2024",76.3140617993587,101.18182859138,0.0382431289175312,b003
"3817",7_00000000000000000259,"2023",76.3151536111839,101.179045287724,0.0339915685415498,b003
"3818",7_00000000000000000226,"2023",76.3281429094437,101.086745256149,0.0118866207690634,b003
"3819",7_00000000000000000236,"2024",76.333963975718,101.114961220572,0.0127301878713334,b003
"3820",7_00000000000000000257,"2023",76.3396419761716,101.176304623526,0.0161180892182849,b003
"3821",7_00000000000000000255,"2021",76.3419416885528,101.167176505616,0.0228999731558309,b003
"3822",7_0000000000000000025d,"2021",76.3147904528883,101.180846748161,0.0518402016308104,b003
"3823",7_0000000000000000025f,"2022",76.2952474216765,101.190541359563,0.0161696112713421,b003
"3824",7_00000000000000000260,"2023",76.3230494463433,101.193168554096,0.0127396847091554,b003
"3825",7_00000000000000000262,"2024",76.2960485472543,101.195878329651,0.00936033067429932,b003
"3826",7_00000000000000000263,"2022",76.3105769855833,101.195655638427,0.0178512620684323,b003
"3827",7_00000000000000000264,"2023",76.3154153764788,101.195804695791,0.0135963838866611,b003
"3828",7_00000000000000000266,"2021",76.3196061366144,101.199664666066,0.0382289658075599,b003
"3829",7_0000000000000000026a,"2023",76.2923600549162,101.202664321547,0.0604334416699227,b003
"3830",7_0000000000000000026d,"2023",76.3020892420604,101.210752644219,0.0306207025611266,b003
"3831",7_0000000000000000026e,"2022",76.2874144130442,101.20799293585,0.0519404923209935,b003
"3832",7_00000000000000000273,"2024",76.3260698603665,101.231184011522,0.0110388443509129,b003
"3833",7_00000000000000000274,"2021",76.2993072287172,101.232513381145,0.0306281115417154,b003
"3834",7_00000000000000000275,"2021",76.3284526616309,101.23621624301,0.0331094799821083,b003
"3835",7_00000000000000000276,"2024",76.2896231534707,101.239827148154,0.0127705685919058,b003
"3836",7_00000000000000000277,"2022",76.2768254169176,101.246542867447,0.051979895409297,b003
"3837",7_00000000000000000278,"2022",76.3221659748215,101.243005521513,0.0237823160699924,b003
"3838",7_00000000000000000279,"2021",76.3076906311395,101.25094691486,0.0348602728701296,b003
"3839",7_0000000000000000027b,"2023",76.2723186168334,101.258234554118,0.0272754257463638,b003
"3840",7_0000000000000000027c,"2021",76.277843891054,101.260547157939,0.151663448014727,b003
"3841",7_0000000000000000027e,"2023",76.3023050585179,101.26515058267,0.01360980563893,b003
"3842",7_0000000000000000027f,"2023",76.32639484621,101.26945279779,0.0263229850886844,b003
"3843",7_00000000000000000280,"2021",76.2871668872383,101.264626512616,0.0953651433547873,b003
"3844",7_00000000000000000281,"2021",76.2757273303148,101.272137263181,0.0954315494804104,b003
"3845",7_00000000000000000282,"2023",76.32639484621,101.26945279779,0.0263229850886844,b003
"3846",7_00000000000000000283,"2021",76.2769849334379,101.267669675561,0.166152321760979,b003
"3847",7_00000000000000000284,"2022",76.2852782789324,101.274507922551,0.0306577896389229,b003
"3848",7_00000000000000000285,"2023",76.2803774525012,101.281178463587,0.0323718828304378,b003
"3849",7_00000000000000000289,"2023",76.2803774525012,101.281178463587,0.0323718828304378,b003
"3850",7_0000000000000000021c,"2020",76.3116301951269,101.05706400511,0.00935050786658342,b003
"3851",7_000000000000000002af,"2024",76.1261566617049,100.98238334043,0.0137810920650058,b003
"3852",7_000000000000000002b3,"2024",76.1330672881996,101.007032482722,0.0120523443621047,b003
"3853",7_000000000000000002b2,"2022",76.1473549151318,101.000786137944,0.0232219972465539,b003
"3854",7_000000000000000002bc,"2023",76.148929017208,101.069362750329,0.0137585133417072,b003
"3855",7_000000000000000002be,"2022",76.1499594129929,101.07776462107,0.0171963564864122,b003
"3856",7_000000000000000002bd,"2022",76.1499594129929,101.07776462107,0.0171963564864122,b003
"3857",7_000000000000000002b7,"2022",76.1526054038665,101.023509610378,0.0490013208778696,b003
"3858",7_000000000000000002bf,"2023",76.1587532746295,101.07896649796,0.00945231404315011,b003
"3859",7_000000000000000002b6,"2024",76.1615503277259,101.017907326913,0.0386626867630813,b003
"3860",7_000000000000000002ba,"2023",76.1616959728645,101.019616288179,0.0386626867630813,b003
"3861",7_000000000000000002b4,"2024",76.1633020105272,101.006121371671,0.0154633388998162,b003
"3862",7_000000000000000002b5,"2024",76.1640745691092,101.011906601505,0.0214742806301398,b003
"3863",7_000000000000000002b8,"2018",76.1796200266282,101.025059021781,0.0540571022994886,b003
"3864",7_000000000000000002bb,"2018",76.1797209098491,101.026146460635,0.0540571022994886,b003
"3865",7_000000000000000002b0,"2023",76.1800556203327,100.982450754971,0.0102962978313812,b003
"3866",7_000000000000000002b9,"2024",76.185917097945,101.025098276625,0.0137219536371476,b003
"3867",7_000000000000000002b1,"2023",76.1869497114548,100.996506301542,0.0222960761228451,b003
"3868",7_0000000000000000020d,"2024",76.1885447436038,100.995251768656,0.00171497085244526,b003
"3869",7_00000000000000000213,"2022",76.189239881261,101.031910953491,0.0231504575510203,b003
"3870",7_0000000000000000020f,"2022",76.1907704007218,101.003786902934,0.0557263417005302,b003
"3871",7_00000000000000000210,"2024",76.1918941515634,101.015540883113,0.0120021629860964,b003
"3872",7_00000000000000000217,"2024",76.1933956123132,101.046186305395,0.00943018625021009,b003
"3873",7_00000000000000000216,"2022",76.1954030335165,101.046617522473,0.0351414874799377,b003
"3874",7_0000000000000000021a,"2022",76.1959919882211,101.053630467354,0.0179972581664546,b003
"3875",7_0000000000000000021b,"2024",76.1989779992226,101.054579184166,0.0119960471940009,b003
"3876",7_00000000000000000212,"2023",76.2018057358401,101.022751654094,0.0214174833580917,b003
"3877",7_0000000000000000020c,"2023",76.2049630737076,100.99402873089,0.0111343614969165,b003
"3878",7_0000000000000000020e,"2023",76.207953106907,101.007855600519,0.0205521073144378,b003
"3879",7_00000000000000000214,"2023",76.2277298918977,101.031092819929,0.0119708636243026,b003
"3880",7_00000000000000000218,"2024",76.2318108263317,101.053634159612,0.00940272737253088,b003
"3881",7_00000000000000000215,"2022",76.237087467037,101.037013345933,0.0247806400558967,b003
"3882",7_00000000000000000211,"2022",76.2610751986933,101.026829920992,0.0247396330472865,b003
"3883",7_0000000000000000020b,"2024",76.291707223249,100.97633325454,0.012767859263808,b003
"3884",7_000000000000000002c7,"2022",75.8303735604944,100.862044469361,0.0140686661965528,b003
"3885",7_000000000000000002ca,"2016",75.9344870120153,101.029049849707,0.0192064320597872,b003
"3886",7_000000000000000002cc,"2016",75.9398547291112,101.050564972273,0.0270496187309887,b003
"3887",7_000000000000000002d8,"2023",75.9166246110483,101.100309777632,0.0209767722424004,b003
"3888",7_000000000000000002dc,"2022",75.9212980249873,101.134152400827,0.0489312522744063,b003
"3889",7_000000000000000002de,"2023",75.9194495191953,101.159210387679,0.0139822675856681,b003
"3890",7_000000000000000002df,"2022",75.9192491311169,101.170792267212,0.0122339897588355,b003
"3891",7_000000000000000002e0,"2022",75.9192491311169,101.170792267212,0.0122339897588355,b003
"3892",7_000000000000000002e1,"2022",75.9692201907786,101.181589176392,0.0478963578793239,b003
"3893",7_000000000000000002e2,"2022",75.9742220826752,101.188574370444,0.0243755194175922,b003
"3894",7_000000000000000002e3,"2022",75.9701530075494,101.19483154798,0.0287350240291023,b003
"3895",7_000000000000000002e5,"2023",75.9686534306141,101.211606864774,0.0156753631777407,b003
"3896",7_000000000000000002e6,"2022",75.9299283692047,101.22145729327,0.046281856694423,b003
"3897",7_000000000000000003da,"2019",75.952049176053,101.387521512778,0.0252837723823663,b003
"3898",7_0000000000000000033a,"2023",75.9926547872192,101.388535907243,0.0130407285786722,b003
"3899",7_0000000000000000033b,"2022",75.990544951554,101.394622738681,0.0408699467916736,b003
"3900",7_0000000000000000033c,"2023",75.9875196257966,101.400985312807,0.0252219841257314,b003
"3901",7_000000000000000003dd,"2024",75.9102604284108,101.494873974461,0.0113675674570215,b003
"3902",7_000000000000000003de,"2024",75.921601329198,101.500626013714,0.013105878641096,b003
"3903",7_000000000000000003df,"2024",75.9738000572842,101.517830201296,0.0165402754297243,b003
"3904",7_000000000000000003e0,"2024",75.9063046217669,101.532925220886,0.014869701870002,b003
"3905",7_000000000000000003e4,"2016",75.9250501327959,101.537459639107,0.297871115788788,b003
"3906",7_000000000000000003e2,"2024",75.904901658278,101.537474830488,0.0104969641699516,b003
"3907",7_000000000000000003e1,"2021",75.9753780850686,101.537823788683,0.0426532073533592,b003
"3908",7_000000000000000003e5,"2022",75.9169764888685,101.550829059627,0.0262213952909339,b003
"3909",7_000000000000000003e3,"2021",75.9122727903038,101.551465709141,0.0987940388646484,b003
"3910",7_000000000000000003e6,"2024",75.9205841531694,101.553748161917,0.0113598223810533,b003
"3911",7_000000000000000003e7,"2023",75.9176127907763,101.558315702807,0.0104883997775252,b003
"3912",7_000000000000000003e8,"2022",75.9204070306603,101.56663489444,0.0340789911016068,b003
"3913",7_000000000000000003e9,"2022",75.916117152957,101.570456359472,0.0122369011868313,b003
"3914",7_000000000000000003ea,"2023",75.9183028883984,101.572594882979,0.013982924956062,b003
"3915",7_000000000000000003ec,"2023",75.9488603526294,101.588606276886,0.0226750662454543,b003
"3916",7_000000000000000003ee,"2022",75.9401279132426,101.595790268742,0.032286609896288,b003
"3917",7_0000000000000000033d,"2022",75.9769528375214,101.597653012956,0.0217596235967606,b003
"3918",7_00000000000000000342,"2022",76.0150744242279,101.788795323896,0.0138890749211644,b003
"3919",7_00000000000000000344,"2016",75.9780505735134,101.806445692053,0.0635326709704473,b003
"3920",7_00000000000000000345,"2024",75.9649056384703,101.813167859566,0.0113247361492011,b003
"3921",7_00000000000000000346,"2021",75.9638138736836,101.821022868307,0.0392015165503024,b003
"3922",7_00000000000000000348,"2023",76.0219200152506,101.823549793357,0.0121474855135506,b003
"3923",7_00000000000000000347,"2022",75.9713544509489,101.826128417388,0.0696576960052776,b003
"3924",7_0000000000000000034b,"2023",75.974915357364,101.827985164143,0.0235046925495669,b003
"3925",7_0000000000000000034a,"2023",76.0716521731085,101.829135319044,0.0302606868270188,b003
"3926",7_0000000000000000034d,"2023",76.0716521731085,101.829135319044,0.0302606868270188,b003
"3927",7_00000000000000000349,"2022",75.9670118595559,101.829559419438,0.035709988671214,b003
"3928",7_0000000000000000034c,"2016",75.9805600725999,101.830868370302,0.114858512690937,b003
"3929",7_0000000000000000034e,"2022",76.0218545638181,101.83088343156,0.0737504376088301,b003
"3930",7_00000000000000000350,"2022",76.0116823848571,101.834486827537,0.0833514483717978,b003
"3931",7_0000000000000000034f,"2016",75.9808433288026,101.835465164534,0.186200119458772,b003
"3932",7_00000000000000000352,"2023",75.9742695154202,101.838567595077,0.0139282297643601,b003
"3933",7_00000000000000000358,"2022",76.0728019937507,101.842048481676,0.0587874120691771,b003
"3934",7_00000000000000000351,"2021",75.9622841680769,101.842394165687,0.281435386195427,b003
"3935",7_00000000000000000353,"2016",76.0020728216306,101.843989823348,0.0738524673675576,b003
"3936",7_00000000000000000354,"2022",75.9809910231,101.844568781681,0.154873961842468,b003
"3937",7_00000000000000000355,"2021",76.0470287424077,101.844710337831,0.036375820574627,b003
"3938",7_00000000000000000356,"2022",75.9802604596603,101.850398004708,0.0930961063728399,b003
"3939",7_0000000000000000035b,"2022",75.9802571990279,101.852021696378,0.0678654581564219,b003
"3940",7_00000000000000000357,"2022",75.9819215960939,101.852545052453,0.0635142616223048,b003
"3941",7_00000000000000000359,"2023",76.0000909641178,101.852629371716,0.0121651459451948,b003
"3942",7_0000000000000000035d,"2023",76.0012866019284,101.85854489945,0.0165087079312999,b003
"3943",7_0000000000000000035e,"2021",75.9841334138458,101.861227881538,0.0469752853867166,b003
"3944",7_0000000000000000035c,"2022",76.0062882115612,101.864125621417,0.0955412134573959,b003
"3945",7_0000000000000000035f,"2022",76.045223497055,101.864375572526,0.0580415477196324,b003
"3946",7_0000000000000000035a,"2016",76.0134339825615,101.865410442405,0.388914710337185,b003
"3947",7_00000000000000000360,"2022",76.0059599672447,101.865755815521,0.0955412134573959,b003
"3948",7_00000000000000000414,"2021",75.9559852296594,101.805035718773,0.15253348343673,b003
"3949",7_00000000000000000415,"2022",75.961456772972,101.813270562141,0.0191692312027169,b003
"3950",7_00000000000000000416,"2022",75.9635035474974,101.821210684855,0.0392015165503024,b003
"3951",7_00000000000000000417,"2020",75.9613565188649,101.835667312058,0.281435386195427,b003
"3952",7_00000000000000000362,"2022",75.9923694041472,101.872796374872,0.0234747624942624,b003
"3953",7_00000000000000000361,"2023",75.9977965962653,101.875152299893,0.0182502840302798,b003
"3954",7_00000000000000000363,"2022",76.0291030354929,101.876271554029,0.0424936915969264,b003
"3955",7_00000000000000000364,"2022",76.0511551177953,101.881966516029,0.0857214550216591,b003
"3956",7_00000000000000000365,"2024",76.0347643259511,101.882865736638,0.0138693267914022,b003
"3957",7_00000000000000000366,"2024",76.0472315503527,101.886323336092,0.00952684115055735,b003
"3958",7_00000000000000000368,"2022",76.0114816067295,101.890445292262,0.0329944572895787,b003
"3959",7_00000000000000000369,"2024",76.0286895110566,101.892533963705,0.010406694100256,b003
"3960",7_00000000000000000367,"2019",75.9745028887781,101.894243707608,0.103591648491994,b003
"3961",7_0000000000000000036b,"2023",75.9602033129434,101.895373368612,0.0322422115628526,b003
"3962",7_0000000000000000036a,"2022",76.0321661041905,101.895816412538,0.0329468574953585,b003
"3963",7_0000000000000000036d,"2022",76.0321661041905,101.895816412538,0.0329468574953585,b003
"3964",7_0000000000000000036e,"2023",76.0094895148004,101.897747231094,0.0156321507920125,b003
"3965",7_0000000000000000036c,"2022",76.0200685707009,101.898202120083,0.0121481408082193,b003
"3966",7_0000000000000000036f,"2022",75.9646585068119,101.898695424618,0.0540097186950015,b003
"3967",7_00000000000000000370,"2022",76.0744952448132,101.901954068345,0.0172884562822503,b003
"3968",7_00000000000000000372,"2021",76.0331148911534,101.908853403613,0.103171377252647,b003
"3969",7_00000000000000000371,"2022",75.9976364253229,101.91613533118,0.0286812210329487,b003
"3970",7_00000000000000000373,"2020",76.0751762473066,101.918247860695,0.0535905244128511,b003
"3971",7_00000000000000000374,"2022",75.9610595676246,101.923039199673,0.017426797339043,b003
"3972",7_00000000000000000375,"2021",76.0230066092645,101.9242616818,0.219463322817597,b003
"3973",7_0000000000000000037a,"2021",76.0242912443743,101.925614483444,0.219463322817597,b003
"3974",7_00000000000000000378,"2021",76.0134914238828,101.926044321488,0.0251764009231097,b003
"3975",7_00000000000000000376,"2024",75.9947780138937,101.927029322144,0.0104316792733162,b003
"3976",7_0000000000000000037f,"2019",75.9753084406772,101.929929647619,0.269864202456925,b003
"3977",7_00000000000000000377,"2023",75.961147716427,101.930014318129,0.0130696856135794,b003
"3978",7_0000000000000000037d,"2022",76.0206439247188,101.9352705879,0.0242953142894952,b003
"3979",7_00000000000000000379,"2023",76.0017604386247,101.935714387661,0.00955802539333246,b003
"3980",7_0000000000000000037b,"2022",75.9602364009767,101.937147228561,0.0121991811676135,b003
"3981",7_0000000000000000037c,"2022",75.9613106921129,101.941826661765,0.036594643010722,b003
"3982",7_0000000000000000037e,"2016",76.0741778275043,101.943666898554,0.191907487922944,b003
"3983",7_00000000000000000380,"2022",76.0097780246866,101.943814789374,0.0755465686223574,b003
"3984",7_00000000000000000418,"2021",75.9333786611999,101.913848695656,0.02968333271068,b003
"3985",7_00000000000000000382,"2022",76.0248352758119,101.948735939572,0.0199519491613157,b003
"3986",7_00000000000000000385,"2023",76.0692631965442,101.950831006497,0.0510210640398208,b003
"3987",7_00000000000000000381,"2022",76.0018500842579,101.950912887568,0.0356244718398095,b003
"3988",7_00000000000000000383,"2021",76.0289079416148,101.952070422969,0.0294849532908557,b003
"3989",7_00000000000000000384,"2022",76.0372407679881,101.955412601613,0.0130007265675939,b003
"3990",7_00000000000000000386,"2022",76.0205665095954,101.959882604864,0.0242971810349142,b003
"3991",7_00000000000000000387,"2023",76.0250550686677,101.964945696479,0.0208179141316514,b003
"3992",7_00000000000000000389,"2022",76.0355773008718,101.968825172572,0.0710796462314548,b003
"3993",7_00000000000000000388,"2022",76.0755652869243,101.969377566977,0.0432218162955439,b003
"3994",7_0000000000000000038a,"2024",76.0106423524024,101.971954068722,0.0130253098782232,b003
"3995",7_0000000000000000038c,"2023",76.023796885827,101.974466778921,0.024291047762965,b003
"3996",7_0000000000000000038d,"2016",76.0061439240309,101.976859754681,0.157206489689681,b003
"3997",7_0000000000000000038f,"2022",75.9944952485228,101.980070473647,0.0208639590798162,b003
"3998",7_0000000000000000038b,"2016",75.9742373680744,101.980417539372,0.432652639651869,b003
"3999",7_00000000000000000390,"2023",76.0115569741453,101.981162549448,0.0130241628904253,b003
"4000",7_0000000000000000038e,"2023",76.0780804352595,101.983468567079,0.0656838167412022,b003
"4001",7_00000000000000000394,"2023",76.0769836699627,101.985152722817,0.0656838167412022,b003
"4002",7_00000000000000000391,"2024",76.0111993194977,101.988698760499,0.0260488725431051,b003
"4003",7_00000000000000000392,"2022",76.0238808339531,101.988746675455,0.0242909974625667,b003
"4004",7_00000000000000000393,"2024",75.9811686001429,101.990091077885,0.0104414290853559,b003
"4005",7_00000000000000000395,"2022",76.0387298821315,101.992191582057,0.0329313930629491,b003
"4006",7_00000000000000000396,"2024",76.0135805452563,101.99385366209,0.0112854242525783,b003
"4007",7_00000000000000000397,"2021",75.9661392342455,101.998181786999,0.0731678629227243,b003
"4008",7_00000000000000000398,"2022",75.9754351769871,102.009727826401,0.0948809544444758,b003
"4009",7_00000000000000000399,"2022",76.0737050087209,102.010111930203,0.0553271619368372,b003
"4010",7_0000000000000000039a,"2019",76.0771331189421,102.019108790824,0.0354358099650492,b003
"4011",7_0000000000000000039b,"2022",75.9885091182594,102.030793223807,0.031307579804086,b003
"4012",7_0000000000000000039c,"2024",76.0699671090006,102.031727933079,0.0121068914627097,b003
"4013",7_000000000000000003a6,"2022",76.0610658098796,102.080657056797,0.050184615258776,b003
"4014",7_000000000000000003a4,"2023",75.9886996509669,102.076369666893,0.0226126066878494,b003
"4015",7_00000000000000000507,"2022",75.985955014523,102.071868258262,0.0617568503250517,b003
"4016",7_000000000000000003a2,"2022",75.985955014523,102.071868258262,0.0617568503250517,b003
"4017",7_000000000000000003a0,"2023",75.97975914834,102.058095700235,0.0156635379759772,b003
"4018",7_0000000000000000039d,"2021",75.9888056244438,102.038607582183,0.0130448171307177,b003
"4019",7_000000000000000002e4,"2022",75.8752392471498,101.200138076445,0.0762600429730551,b003
"4020",7_000000000000000003bd,"2024",75.8477957514862,101.211548130334,0.0131731610531331,b003
"4021",7_000000000000000003be,"2022",75.8444309191709,101.213996769399,0.0245946710616434,b003
"4022",7_000000000000000003bf,"2022",75.8444309191709,101.213996769399,0.0245946710616434,b003
"4023",7_000000000000000003c0,"2022",75.8478282686197,101.218677456896,0.0342507195190888,b003
"4024",7_000000000000000003c1,"2023",75.8449979912526,101.223757100927,0.0149334626454671,b003
"4025",7_000000000000000003c2,"2022",75.865921728689,101.2285489355,0.0271917250137952,b003
"4026",7_000000000000000003c3,"2022",75.8810182002255,101.252439229263,0.0201529922898919,b003
"4027",7_000000000000000003c4,"2022",75.8810182002255,101.252439229263,0.0201529922898919,b003
"4028",7_000000000000000003c5,"2022",75.8864963758294,101.254596100703,0.0210222211686018,b003
"4029",7_000000000000000003c6,"2021",75.8732053844254,101.27366938638,0.0903019932585164,b003
"4030",7_000000000000000003c7,"2021",75.8560659300543,101.280363812844,0.0649537914098727,b003
"4031",7_000000000000000003c8,"2022",75.8698150291292,101.286111896067,0.0394601692702888,b003
"4032",7_000000000000000003c9,"2024",75.9012634354509,101.296681419055,0.0140000359702945,b003
"4033",7_000000000000000003ca,"2022",75.8797261635312,101.300963172021,0.258466459638249,b003
"4034",7_000000000000000003ce,"2020",75.8810863346389,101.301780602121,0.258466459638249,b003
"4035",7_000000000000000003cc,"2023",75.8861804080806,101.302498263052,0.0376633146231301,b003
"4036",7_000000000000000003cb,"2023",75.8667398034989,101.305525077499,0.0166639025785868,b003
"4037",7_000000000000000003cd,"2023",75.8960625905028,101.30616974036,0.0122538562393767,b003
"4038",7_000000000000000003d0,"2016",75.8760006363872,101.308651986637,0.178803804594896,b003
"4039",7_000000000000000003cf,"2022",75.8874703321021,101.315328978378,0.0700649030220483,b003
"4040",7_000000000000000003d1,"2022",75.882980755217,101.318665967067,0.0254065183029024,b003
"4041",7_000000000000000003d2,"2022",75.882973596836,101.319336253075,0.0254065183029024,b003
"4042",7_000000000000000003d3,"2022",75.8946273387372,101.316911390821,0.0183831960746034,b003
"4043",7_000000000000000003d4,"2022",75.8810528484265,101.317249069193,0.0254097789300076,b003
"4044",7_000000000000000003d5,"2022",75.8875220286317,101.31735803058,0.0700649030220483,b003
"4045",7_000000000000000003d6,"2021",75.8763981033466,101.324250673682,0.0131471503451821,b003
"4046",7_000000000000000003d7,"2022",75.883476837601,101.328616494055,0.00963689483832035,b003
"4047",7_000000000000000003d8,"2022",75.8956146468229,101.329092120341,0.014879905196554,b003
"4048",7_000000000000000003d9,"2021",75.87166056308,101.325320047438,0.122752010933278,b003
"4049",7_000000000000000003db,"2022",75.8996955123276,101.390265539324,0.0192509628832656,b003
"4050",7_000000000000000003dc,"2022",75.903621884297,101.385872304994,0.0551174604721763,b003
"4051",7_000000000000000003ef,"2021",75.9432555334049,101.624112463395,0.0261735496797392,b003
"4052",7_000000000000000003f1,"2021",75.9467556377672,101.626533293099,0.0340159771441788,b003
"4053",7_000000000000000003f0,"2023",75.9449216193914,101.62829467212,0.00959579234067541,b003
"4054",7_000000000000000003f2,"2023",75.9518899379368,101.639014193708,0.0139501125988334,b003
"4055",7_000000000000000003f3,"2018",75.9236518026221,101.641515142175,0.0200934970162617,b003
"4056",7_000000000000000003f4,"2018",75.9236518026221,101.641515142175,0.0200934970162617,b003
"4057",7_000000000000000003f5,"2023",75.9407628079843,101.642853485937,0.0191967576004806,b003
"4058",7_000000000000000003f7,"2023",75.921858999369,101.646993575896,0.0148532336402479,b003
"4059",7_000000000000000003f6,"2018",75.954319969333,101.649676668052,0.0313835860853105,b003
"4060",7_000000000000000003f8,"2018",75.9457079207678,101.649690222967,0.0732700143726452,b003
"4061",7_000000000000000003f9,"2024",75.9268115530544,101.651039847298,0.0131009012348277,b003
"4062",7_000000000000000003fa,"2024",75.9398460994921,101.664631418271,0.0104709736159875,b003
"4063",7_000000000000000003fc,"2021",75.9432787968625,101.670005633418,0.261743027256691,b003
"4064",7_000000000000000003fd,"2022",75.9479105189701,101.673765571211,0.00959356432770721,b003
"4065",7_000000000000000003fb,"2021",75.9416528333013,101.674597538617,0.343757226373021,b003
"4066",7_0000000000000000033e,"2016",75.9692577088899,101.749134013817,0.0548634740193688,b003
"4067",7_0000000000000000033f,"2022",75.9659159614714,101.765665810038,0.0574862803859824,b003
"4068",7_00000000000000000340,"2016",75.9657618012076,101.770245023025,0.0661983517296879,b003
"4069",7_00000000000000000341,"2016",75.9683921197406,101.772939672852,0.00958020025758963,b003
"4070",7_000000000000000003fe,"2024",75.9394363275979,101.67665968567,0.143980244283354,b003
"4071",7_000000000000000003ff,"2022",75.9468508921991,101.68269373698,0.0130828401630929,b003
"4072",7_00000000000000000400,"2022",75.9411801759305,101.690279340586,0.313253993622928,b003
"4073",7_00000000000000000401,"2021",75.9399746749127,101.697943208286,0.184982894971755,b003
"4074",7_00000000000000000402,"2021",75.9304310310367,101.723007828204,0.0768427370867181,b003
"4075",7_00000000000000000403,"2016",75.9488804648818,101.727139909612,0.0244179827382754,b003
"4076",7_00000000000000000404,"2019",75.9426883453695,101.733908325811,0.0157037403030162,b003
"4077",7_00000000000000000405,"2022",75.9339822493837,101.73325853362,0.0226997960965787,b003
"4078",7_00000000000000000406,"2021",75.9441376137839,101.737562321483,0.00959619020349112,b003
"4079",7_00000000000000000407,"2021",75.9457012978712,101.735507311848,0.0226795026665656,b003
"4080",7_00000000000000000408,"2016",75.9438862630317,101.744479724675,0.0689163021033699,b003
"4081",7_00000000000000000409,"2016",75.949408503054,101.742263587465,0.0619146285412246,b003
"4082",7_0000000000000000040a,"2016",75.9445069794665,101.744263528062,0.0689163021033699,b003
"4083",7_0000000000000000040b,"2019",75.9484851928895,101.753088991428,0.0113379004646867,b003
"4084",7_0000000000000000040c,"2016",75.9624326915662,101.753714446286,0.0688301947089436,b003
"4085",7_0000000000000000040d,"2022",75.9657939402019,101.764874499563,0.0156788092439877,b003
"4086",7_0000000000000000040e,"2022",75.9587896189019,101.76772097455,0.0156875435711101,b003
"4087",7_0000000000000000040f,"2016",75.96565008161,101.771020817882,0.0644563245039508,b003
"4088",7_00000000000000000410,"2018",75.9502504304188,101.776264629922,0.0139520539093558,b003
"4089",7_00000000000000000411,"2024",75.947616550504,101.785948768486,0.0122100887326942,b003
"4090",7_00000000000000000412,"2022",75.9551486553564,101.791147984355,0.051431106577038,b003
"4091",7_00000000000000000413,"2021",75.9636913563629,101.785764795673,0.0923473719107571,b003
"4092",7_0000000000000000054a,"2024",75.9932604019946,102.241437367098,0.0165183086059798,b003
"4093",7_0000000000000000052f,"2018",75.9821429484828,102.191400019927,0.0113108501263555,b003
"4094",7_00000000000000000528,"2023",76.0100287233599,102.188278043468,0.0130253726370385,b003
"4095",7_00000000000000000527,"2022",75.9905828612963,102.183632291678,0.0234776081211013,b003
"4096",7_00000000000000000524,"2022",75.9905828612963,102.183632291678,0.0234776081211013,b003
"4097",7_00000000000000000517,"2023",76.0239309847934,102.164604083076,0.0355677295263933,b003
"4098",7_0000000000000000050d,"2023",76.0498459766791,102.14578150517,0.0216485760658728,b003
"4099",7_000000000000000003b5,"2022",76.0585437456041,102.130860761094,0.0328853859685418,b003
"4100",7_000000000000000003af,"2021",76.0518213314187,102.115081031676,0.0709975137657072,b003
"4101",7_000000000000000003a8,"2021",76.0473295564579,102.093442228508,0.00952777407104265,b003
"4102",7_0000000000000000050a,"2022",75.9926182583096,102.091235222584,0.017388536389627,b003
"4103",7_00000000000000000509,"2022",75.9915343848488,102.082856666677,0.0313017799784201,b003
"4104",7_00000000000000000508,"2022",75.9886345914609,102.076688847758,0.0226126066878494,b003
"4105",7_000000000000000003a1,"2024",75.9915441672152,102.062450362391,0.013911463991535,b003
"4106",7_0000000000000000039f,"2021",76.0563379511513,102.050081242766,0.0242347894545568,b003
"4107",7_0000000000000000039e,"2024",75.980272933587,102.045947737155,0.014793331494213,b003
"4108",7_0000000000000000055c,"2022",75.9947491856825,102.284202273542,0.0191235069211096,b003
"4109",7_00000000000000000556,"2021",75.9971221283005,102.251122282332,0.269423122799589,b003
"4110",7_0000000000000000054e,"2024",75.9950476182113,102.243281266021,0.00956241923245643,b003
"4111",7_0000000000000000053a,"2023",76.0089240656351,102.205562174635,0.0208422967238725,b003
"4112",7_00000000000000000532,"2021",76.0018016481786,102.192262166776,0.112950160806372,b003
"4113",7_00000000000000000522,"2022",76.0035798603974,102.178960083411,0.0139001213323574,b003
"4114",7_0000000000000000051e,"2016",76.016289366908,102.182711528741,0.301169829595448,b003
"4115",7_0000000000000000051c,"2021",75.9845276630826,102.173806966386,0.0434967364536725,b003
"4116",7_00000000000000000519,"2022",76.0238136912634,102.165193912475,0.0355677295263933,b003
"4117",7_00000000000000000518,"2024",76.0258943538566,102.165749708792,0.0112758265281726,b003
"4118",7_00000000000000000513,"2021",76.0149907174091,102.157953578307,0.0251732796750474,b003
"4119",7_00000000000000000512,"2023",76.0023280432448,102.16138648226,0.019984032104073,b003
"4120",7_0000000000000000050f,"2021",76.028624070113,102.144300414247,0.107535137307942,b003
"4121",7_0000000000000000050e,"2022",76.0264723210423,102.153850695235,0.0173464639135423,b003
"4122",7_0000000000000000050c,"2022",76.0571664960743,102.140620942552,0.0882796007674038,b003
"4123",7_000000000000000003b1,"2023",76.0474306044217,102.116464603476,0.0233834410671457,b003
"4124",7_000000000000000003b0,"2023",76.0474306044217,102.116464603476,0.0233834410671457,b003
"4125",7_000000000000000003ad,"2023",76.0534830062513,102.108309310411,0.010388234325905,b003
"4126",7_0000000000000000050b,"2022",76.0135055542326,102.103929382225,0.021704149713505,b003
"4127",7_000000000000000003a9,"2024",76.0203415781507,102.098832085665,0.0121482977993667,b003
"4128",7_000000000000000003a7,"2021",76.0205627479922,102.090634926587,0.0347087546055776,b003
"4129",7_00000000000000000109,"2024",76.2346037670066,100.384993438074,0.00940193864346469,b004
"4130",7_0000000000000000010a,"2023",76.2164251237827,100.416842988804,0.00941424535856683,b004
"4131",7_00000000000000000124,"2023",76.2045796253613,100.479843321402,0.0102778653995888,b004
"4132",7_0000000000000000010b,"2024",76.2637336797949,100.492644364566,0.0102346494999774,b004
"4133",7_0000000000000000010c,"2022",76.2431322375187,100.492662565585,0.0486894228678306,b004
"4134",7_0000000000000000010d,"2024",76.2476538225705,100.638440976403,0.0153702101650263,b004
"4135",7_0000000000000000010e,"2023",76.2438730905151,100.647732738318,0.0196454078102974,b004
"4136",7_0000000000000000010f,"2021",76.2452943082126,100.653264220444,0.0777167181272289,b004
"4137",7_00000000000000000111,"2021",76.2445468521904,100.654887155107,0.0777167181272289,b004
"4138",7_00000000000000000110,"2023",76.2467686758895,100.65575747103,0.0162256903320563,b004
"4139",7_00000000000000000112,"2024",76.2287667799558,100.688398506986,0.0136808876313606,b004
"4140",7_00000000000000000115,"2022",76.2424320997239,100.693983912552,0.0418571916764258,b004
"4141",7_00000000000000000113,"2024",76.2247467894628,100.695304317788,0.0102638517227592,b004
"4142",7_00000000000000000116,"2023",76.2573892019449,100.698585459887,0.023893038723259,b004
"4143",7_00000000000000000114,"2023",76.2573892019449,100.698585459887,0.023893038723259,b004
"4144",7_00000000000000000117,"2024",76.2236034705984,100.700522703721,0.0188181306041089,b004
"4145",7_00000000000000000118,"2022",76.2322935225228,100.706546289252,0.0264980504437588,b004
"4146",7_00000000000000000119,"2024",76.2405956389457,100.709202479482,0.0119607167919123,b004
"4147",7_0000000000000000011a,"2020",76.2219620353968,100.71147392504,0.00941071040214758,b004
"4148",7_0000000000000000011b,"2022",76.230513370466,100.721011827552,0.029922935650917,b004
"4149",7_0000000000000000011c,"2023",76.245893951294,100.732784675846,0.0170799480063732,b004
"4150",7_000000000000000001f0,"2023",76.2202152924754,100.733133320478,0.02566625628498,b004
"4151",7_000000000000000001ef,"2023",76.2202152924754,100.733133320478,0.02566625628498,b004
"4152",7_000000000000000001f1,"2023",76.2194162447849,100.740370106058,0.0179681045543084,b004
"4153",7_000000000000000001f2,"2024",76.2273519472058,100.748664150362,0.0094060617183884,b004
"4154",7_000000000000000001f3,"2022",76.2526134816343,100.763633688976,0.0324354703862212,b004
"4155",7_000000000000000001f4,"2024",76.2301297752844,100.769187257525,0.0111147363696198,b004
"4156",7_000000000000000001f5,"2021",76.2423965554716,100.770227837114,0.101652620440566,b004
"4157",7_000000000000000001f6,"2023",76.2171586775803,100.775198619942,0.0145472740340265,b004
"4158",7_000000000000000001f7,"2024",76.2222473569717,100.775835515682,0.014542508478842,b004
"4159",7_000000000000000001f8,"2024",76.2194018438943,100.778674223338,0.0239562262178751,b004
"4160",7_000000000000000001f9,"2022",76.2302973030342,100.779030461928,0.0188085574610866,b004
"4161",7_000000000000000001fa,"2024",76.2492285172825,100.78946886545,0.014514379987622,b004
"4162",7_000000000000000001fb,"2022",76.2497136620604,100.800670903352,0.0307373058690625,b004
"4163",7_000000000000000001fc,"2024",76.2126522220147,100.812362966155,0.0094158488534155,b004
"4164",7_000000000000000001fd,"2022",76.2550433716601,100.839074356946,0.0119487339416515,b004
"4165",7_000000000000000001fe,"2024",76.2555061477025,100.849328436568,0.0145081445250695,b004
"4166",7_000000000000000001ff,"2024",76.2464321480458,100.856030821787,0.0128101601108813,b004
"4167",7_00000000000000000200,"2024",76.2722227629159,100.86710707642,0.0102290759843305,b004
"4168",7_00000000000000000201,"2024",76.2452463530512,100.868643189869,0.0128111976367793,b004
"4169",7_00000000000000000202,"2024",76.2657818348243,100.880501016262,0.0136444619786756,b004
"4170",7_00000000000000000203,"2024",76.2657818348243,100.880501016262,0.0136444619786756,b004
"4171",7_00000000000000000204,"2024",76.2386706595635,100.88327669846,0.0102531156966842,b004
"4172",7_00000000000000000205,"2018",76.2358287324755,100.893015212186,0.00940048912470261,b004
"4173",7_00000000000000000206,"2023",76.2448998931246,100.903939014834,0.0162282404679662,b004
"4174",7_00000000000000000207,"2023",76.2448620614614,100.911552694135,0.0119570598356443,b004
"4175",7_00000000000000000208,"2021",76.2765389492065,100.914224433277,0.0622061959381098,b004
"4176",7_000000000000000002ae,"2023",76.1810930739541,100.936701688105,0.0111534371447841,b004
"4177",7_0000000000000000020a,"2024",76.2879882081626,100.95860041824,0.0102176789760484,b004
"4178",7_00000000000000000209,"2023",76.299112650904,100.944019329724,0.0136112919158267,b004
"4179",7_00000000000000000222,"2024",76.1901739119113,101.081747228189,0.0377250012288466,b004
"4180",7_00000000000000000224,"2024",76.1901739119113,101.081747228189,0.0377250012288466,b004
"4181",7_00000000000000000230,"2022",76.1906144747199,101.107029054983,0.0248639454709796,b004
"4182",7_00000000000000000227,"2024",76.1929913289769,101.090383413088,0.0102869553428565,b004
"4183",7_00000000000000000244,"2024",76.1940297546045,101.13971670823,0.0145711236316496,b004
"4184",7_00000000000000000231,"2024",76.1952920781992,101.112377921561,0.0497105698492334,b004
"4185",7_00000000000000000238,"2022",76.1957459996537,101.114100712563,0.0497105698492334,b004
"4186",7_0000000000000000024e,"2018",76.1964168248434,101.158326749272,0.0402785263908696,b004
"4187",7_0000000000000000023d,"2022",76.1968507987711,101.122894006257,0.0179969509843642,b004
"4188",7_00000000000000000252,"2023",76.1978859141202,101.166052374767,0.0231365560132047,b004
"4189",7_00000000000000000254,"2023",76.1978859141202,101.166052374767,0.0231365560132047,b004
"4190",7_00000000000000000242,"2024",76.1980994960388,101.133600514809,0.00942545505096472,b004
"4191",7_00000000000000000258,"2018",76.1994477597032,101.175958340853,0.0359866100012223,b004
"4192",7_0000000000000000021e,"2021",76.1997691639278,101.076388602428,0.102819149106694,b004
"4193",7_00000000000000000235,"2022",76.2076619182861,101.116909059603,0.0179828694410469,b004
"4194",7_00000000000000000239,"2022",76.2076619182861,101.116909059603,0.0179828694410469,b004
"4195",7_00000000000000000233,"2024",76.2115579106969,101.108839677412,0.0171216366334705,b004
"4196",7_0000000000000000022f,"2024",76.2116123473754,101.107179123943,0.0196900102437015,b004
"4197",7_0000000000000000022e,"2024",76.2119008939594,101.105385196926,0.0102730339490059,b004
"4198",7_0000000000000000023e,"2023",76.2160331358132,101.128543760098,0.0171170027089615,b004
"4199",7_00000000000000000237,"2022",76.216251666214,101.117596912514,0.0590522284642295,b004
"4200",7_0000000000000000022c,"2024",76.2175153798877,101.094156230048,0.0102691920398087,b004
"4201",7_00000000000000000240,"2023",76.2204852958822,101.129143364894,0.0265233132211427,b004
"4202",7_0000000000000000024c,"2022",76.220509019593,101.154046914364,0.0153997749255579,b004
"4203",7_0000000000000000023c,"2023",76.2211535151684,101.123261585676,0.0102660354732601,b004
"4204",7_00000000000000000241,"2024",76.2272049036334,101.131983632783,0.00940657636240012,b004
"4205",7_00000000000000000253,"2022",76.228241665958,101.163643333501,0.0188111230196609,b004
"4206",7_00000000000000000225,"2019",76.2282828828121,101.086806379336,0.00940535832139207,b004
"4207",7_00000000000000000247,"2022",76.2294001374288,101.143191259216,0.0418954941375672,b004
"4208",7_00000000000000000249,"2022",76.2294001374288,101.143191259216,0.0418954941375672,b004
"4209",7_00000000000000000243,"2022",76.2309631348984,101.136808200879,0.0170985069785379,b004
"4210",7_00000000000000000250,"2023",76.2323094649068,101.161009677919,0.0145320969285254,b004
"4211",7_0000000000000000023f,"2023",76.2394192418982,101.130987261977,0.015379774717038,b004
"4212",7_00000000000000000232,"2022",76.2512371387911,101.109487454392,0.0153665810690341,b004
"4213",7_0000000000000000022d,"2023",76.2528681528065,101.103055748991,0.0187781845131767,b004
"4214",7_0000000000000000025c,"2023",76.1915195080915,101.178329034075,0.0257194476059312,b004
"4215",7_0000000000000000025e,"2023",76.2000341555147,101.186431211366,0.0128519570243716,b004
"4216",7_00000000000000000265,"2022",76.2028900929647,101.196439841773,0.0111356473227722,b004
"4217",7_00000000000000000267,"2022",76.2062882699881,101.20336898121,0.06166299017604,b004
"4218",7_00000000000000000268,"2022",76.2063160207215,101.202064416838,0.0196974007046425,b004
"4219",7_00000000000000000269,"2022",76.2063173114796,101.205420005348,0.0513862100740952,b004
"4220",7_0000000000000000026f,"2024",76.2101103812324,101.213370931674,0.0196922707783582,b004
"4221",7_00000000000000000270,"2024",76.2119522310531,101.214235431756,0.0119857671373493,b004
"4222",7_00000000000000000271,"2024",76.2101103812324,101.213370931674,0.0196922707783582,b004
"4223",7_000000000000000002a2,"2024",76.180998881929,101.416202173804,0.0120106812931734,b004
"4224",7_000000000000000002a3,"2024",76.1804983443748,101.428868560196,0.0120118281733427,b004
"4225",7_000000000000000002a5,"2024",76.1884737766354,101.438279542383,0.0231528164492515,b004
"4226",7_000000000000000002a6,"2023",76.1807815919897,101.439082370821,0.0274555282209795,b004
"4227",7_000000000000000002a7,"2024",76.1884737766354,101.438279542383,0.0231528164492515,b004
"4228",7_0000000000000000025a,"2022",76.2936101031378,101.178601796172,0.0144677300329726,b004
"4229",7_00000000000000000234,"2021",76.3022016928072,101.112513695404,0.0297697481833127,b004
"4230",7_00000000000000000246,"2023",76.3025164240413,101.141783319392,0.00935617814031706,b004
"4231",7_0000000000000000021f,"2021",76.3045016914211,101.074190499904,0.0467723771527319,b004
"4232",7_00000000000000000220,"2021",76.3045016914211,101.074190499904,0.0467723771527319,b004
"4233",7_00000000000000000251,"2023",76.3080119622356,101.165308988795,0.0187048804642079,b004
"4234",7_0000000000000000021d,"2023",76.3082541833476,101.070427263213,0.0127536562820699,b004
"4235",7_0000000000000000024a,"2023",76.309241742866,101.152177183434,0.0425072347514338,b004
"4236",7_00000000000000000248,"2023",76.3094129945265,101.143878127841,0.0102021960343038,b004
"4237",7_0000000000000000024d,"2024",76.3100665494488,101.152340482202,0.0518570694285996,b004
"4238",7_0000000000000000024b,"2024",76.31063798093,101.152844860649,0.0195510649528655,b004
"4239",7_0000000000000000025b,"2024",76.3140617993587,101.18182859138,0.0382431289175312,b004
"4240",7_00000000000000000259,"2023",76.3151536111839,101.179045287724,0.0339915685415498,b004
"4241",7_00000000000000000226,"2023",76.3281429094437,101.086745256149,0.0118866207690634,b004
"4242",7_00000000000000000236,"2024",76.333963975718,101.114961220572,0.0127301878713334,b004
"4243",7_00000000000000000257,"2023",76.3396419761716,101.176304623526,0.0161180892182849,b004
"4244",7_00000000000000000255,"2021",76.3419416885528,101.167176505616,0.0228999731558309,b004
"4245",7_0000000000000000025d,"2021",76.3147904528883,101.180846748161,0.0518402016308104,b004
"4246",7_0000000000000000025f,"2022",76.2952474216765,101.190541359563,0.0161696112713421,b004
"4247",7_00000000000000000260,"2023",76.3230494463433,101.193168554096,0.0127396847091554,b004
"4248",7_00000000000000000262,"2024",76.2960485472543,101.195878329651,0.00936033067429932,b004
"4249",7_00000000000000000263,"2022",76.3105769855833,101.195655638427,0.0178512620684323,b004
"4250",7_00000000000000000264,"2023",76.3154153764788,101.195804695791,0.0135963838866611,b004
"4251",7_00000000000000000266,"2021",76.3196061366144,101.199664666066,0.0382289658075599,b004
"4252",7_0000000000000000026a,"2023",76.2923600549162,101.202664321547,0.0604334416699227,b004
"4253",7_0000000000000000026d,"2023",76.3020892420604,101.210752644219,0.0306207025611266,b004
"4254",7_0000000000000000026e,"2022",76.2874144130442,101.20799293585,0.0519404923209935,b004
"4255",7_00000000000000000273,"2024",76.3260698603665,101.231184011522,0.0110388443509129,b004
"4256",7_00000000000000000274,"2021",76.2993072287172,101.232513381145,0.0306281115417154,b004
"4257",7_00000000000000000275,"2021",76.3284526616309,101.23621624301,0.0331094799821083,b004
"4258",7_00000000000000000276,"2024",76.2896231534707,101.239827148154,0.0127705685919058,b004
"4259",7_00000000000000000277,"2022",76.2768254169176,101.246542867447,0.051979895409297,b004
"4260",7_00000000000000000278,"2022",76.3221659748215,101.243005521513,0.0237823160699924,b004
"4261",7_00000000000000000279,"2021",76.3076906311395,101.25094691486,0.0348602728701296,b004
"4262",7_0000000000000000027b,"2023",76.2723186168334,101.258234554118,0.0272754257463638,b004
"4263",7_0000000000000000027c,"2021",76.277843891054,101.260547157939,0.151663448014727,b004
"4264",7_0000000000000000027e,"2023",76.3023050585179,101.26515058267,0.01360980563893,b004
"4265",7_0000000000000000027f,"2023",76.32639484621,101.26945279779,0.0263229850886844,b004
"4266",7_00000000000000000280,"2021",76.2871668872383,101.264626512616,0.0953651433547873,b004
"4267",7_00000000000000000281,"2021",76.2757273303148,101.272137263181,0.0954315494804104,b004
"4268",7_00000000000000000282,"2023",76.32639484621,101.26945279779,0.0263229850886844,b004
"4269",7_00000000000000000283,"2021",76.2769849334379,101.267669675561,0.166152321760979,b004
"4270",7_00000000000000000284,"2022",76.2852782789324,101.274507922551,0.0306577896389229,b004
"4271",7_00000000000000000285,"2023",76.2803774525012,101.281178463587,0.0323718828304378,b004
"4272",7_00000000000000000289,"2023",76.2803774525012,101.281178463587,0.0323718828304378,b004
"4273",7_0000000000000000021c,"2020",76.3116301951269,101.05706400511,0.00935050786658342,b004
"4274",7_000000000000000002af,"2024",76.1261566617049,100.98238334043,0.0137810920650058,b004
"4275",7_000000000000000002b3,"2024",76.1330672881996,101.007032482722,0.0120523443621047,b004
"4276",7_000000000000000002b2,"2022",76.1473549151318,101.000786137944,0.0232219972465539,b004
"4277",7_000000000000000002bc,"2023",76.148929017208,101.069362750329,0.0137585133417072,b004
"4278",7_000000000000000002be,"2022",76.1499594129929,101.07776462107,0.0171963564864122,b004
"4279",7_000000000000000002bd,"2022",76.1499594129929,101.07776462107,0.0171963564864122,b004
"4280",7_000000000000000002b7,"2022",76.1526054038665,101.023509610378,0.0490013208778696,b004
"4281",7_000000000000000002bf,"2023",76.1587532746295,101.07896649796,0.00945231404315011,b004
"4282",7_000000000000000002b6,"2024",76.1615503277259,101.017907326913,0.0386626867630813,b004
"4283",7_000000000000000002ba,"2023",76.1616959728645,101.019616288179,0.0386626867630813,b004
"4284",7_000000000000000002b4,"2024",76.1633020105272,101.006121371671,0.0154633388998162,b004
"4285",7_000000000000000002b5,"2024",76.1640745691092,101.011906601505,0.0214742806301398,b004
"4286",7_000000000000000002b8,"2018",76.1796200266282,101.025059021781,0.0540571022994886,b004
"4287",7_000000000000000002bb,"2018",76.1797209098491,101.026146460635,0.0540571022994886,b004
"4288",7_000000000000000002b0,"2023",76.1800556203327,100.982450754971,0.0102962978313812,b004
"4289",7_000000000000000002b9,"2024",76.185917097945,101.025098276625,0.0137219536371476,b004
"4290",7_000000000000000002b1,"2023",76.1869497114548,100.996506301542,0.0222960761228451,b004
"4291",7_0000000000000000020d,"2024",76.1885447436038,100.995251768656,0.00171497085244526,b004
"4292",7_00000000000000000213,"2022",76.189239881261,101.031910953491,0.0231504575510203,b004
"4293",7_0000000000000000020f,"2022",76.1907704007218,101.003786902934,0.0557263417005302,b004
"4294",7_00000000000000000210,"2024",76.1918941515634,101.015540883113,0.0120021629860964,b004
"4295",7_00000000000000000217,"2024",76.1933956123132,101.046186305395,0.00943018625021009,b004
"4296",7_00000000000000000216,"2022",76.1954030335165,101.046617522473,0.0351414874799377,b004
"4297",7_0000000000000000021a,"2022",76.1959919882211,101.053630467354,0.0179972581664546,b004
"4298",7_0000000000000000021b,"2024",76.1989779992226,101.054579184166,0.0119960471940009,b004
"4299",7_00000000000000000212,"2023",76.2018057358401,101.022751654094,0.0214174833580917,b004
"4300",7_0000000000000000020c,"2023",76.2049630737076,100.99402873089,0.0111343614969165,b004
"4301",7_0000000000000000020e,"2023",76.207953106907,101.007855600519,0.0205521073144378,b004
"4302",7_00000000000000000214,"2023",76.2277298918977,101.031092819929,0.0119708636243026,b004
"4303",7_00000000000000000218,"2024",76.2318108263317,101.053634159612,0.00940272737253088,b004
"4304",7_00000000000000000215,"2022",76.237087467037,101.037013345933,0.0247806400558967,b004
"4305",7_00000000000000000211,"2022",76.2610751986933,101.026829920992,0.0247396330472865,b004
"4306",7_0000000000000000020b,"2024",76.291707223249,100.97633325454,0.012767859263808,b004
"4307",7_000000000000000002e1,"2022",75.9692201907786,101.181589176392,0.0478963578793239,b004
"4308",7_000000000000000002e2,"2022",75.9742220826752,101.188574370444,0.0243755194175922,b004
"4309",7_000000000000000002e3,"2022",75.9701530075494,101.19483154798,0.0287350240291023,b004
"4310",7_000000000000000002e5,"2023",75.9686534306141,101.211606864774,0.0156753631777407,b004
"4311",7_000000000000000003da,"2019",75.952049176053,101.387521512778,0.0252837723823663,b004
"4312",7_0000000000000000033a,"2023",75.9926547872192,101.388535907243,0.0130407285786722,b004
"4313",7_0000000000000000033b,"2022",75.990544951554,101.394622738681,0.0408699467916736,b004
"4314",7_0000000000000000033c,"2023",75.9875196257966,101.400985312807,0.0252219841257314,b004
"4315",7_000000000000000003de,"2024",75.921601329198,101.500626013714,0.013105878641096,b004
"4316",7_000000000000000003df,"2024",75.9738000572842,101.517830201296,0.0165402754297243,b004
"4317",7_000000000000000003e0,"2024",75.9063046217669,101.532925220886,0.014869701870002,b004
"4318",7_000000000000000003e4,"2016",75.9250501327959,101.537459639107,0.297871115788788,b004
"4319",7_000000000000000003e2,"2024",75.904901658278,101.537474830488,0.0104969641699516,b004
"4320",7_000000000000000003e1,"2021",75.9753780850686,101.537823788683,0.0426532073533592,b004
"4321",7_000000000000000003e5,"2022",75.9169764888685,101.550829059627,0.0262213952909339,b004
"4322",7_000000000000000003e3,"2021",75.9122727903038,101.551465709141,0.0987940388646484,b004
"4323",7_000000000000000003e6,"2024",75.9205841531694,101.553748161917,0.0113598223810533,b004
"4324",7_000000000000000003e7,"2023",75.9176127907763,101.558315702807,0.0104883997775252,b004
"4325",7_000000000000000003e8,"2022",75.9204070306603,101.56663489444,0.0340789911016068,b004
"4326",7_000000000000000003e9,"2022",75.916117152957,101.570456359472,0.0122369011868313,b004
"4327",7_000000000000000003ea,"2023",75.9183028883984,101.572594882979,0.013982924956062,b004
"4328",7_000000000000000003ec,"2023",75.9488603526294,101.588606276886,0.0226750662454543,b004
"4329",7_000000000000000003ee,"2022",75.9401279132426,101.595790268742,0.032286609896288,b004
"4330",7_0000000000000000033d,"2022",75.9769528375214,101.597653012956,0.0217596235967606,b004
"4331",7_00000000000000000342,"2022",76.0150744242279,101.788795323896,0.0138890749211644,b004
"4332",7_00000000000000000344,"2016",75.9780505735134,101.806445692053,0.0635326709704473,b004
"4333",7_00000000000000000345,"2024",75.9649056384703,101.813167859566,0.0113247361492011,b004
"4334",7_00000000000000000346,"2021",75.9638138736836,101.821022868307,0.0392015165503024,b004
"4335",7_00000000000000000348,"2023",76.0219200152506,101.823549793357,0.0121474855135506,b004
"4336",7_00000000000000000347,"2022",75.9713544509489,101.826128417388,0.0696576960052776,b004
"4337",7_0000000000000000034b,"2023",75.974915357364,101.827985164143,0.0235046925495669,b004
"4338",7_0000000000000000034a,"2023",76.0716521731085,101.829135319044,0.0302606868270188,b004
"4339",7_0000000000000000034d,"2023",76.0716521731085,101.829135319044,0.0302606868270188,b004
"4340",7_00000000000000000349,"2022",75.9670118595559,101.829559419438,0.035709988671214,b004
"4341",7_0000000000000000034c,"2016",75.9805600725999,101.830868370302,0.114858512690937,b004
"4342",7_0000000000000000034e,"2022",76.0218545638181,101.83088343156,0.0737504376088301,b004
"4343",7_00000000000000000350,"2022",76.0116823848571,101.834486827537,0.0833514483717978,b004
"4344",7_0000000000000000034f,"2016",75.9808433288026,101.835465164534,0.186200119458772,b004
"4345",7_00000000000000000352,"2023",75.9742695154202,101.838567595077,0.0139282297643601,b004
"4346",7_00000000000000000358,"2022",76.0728019937507,101.842048481676,0.0587874120691771,b004
"4347",7_00000000000000000351,"2021",75.9622841680769,101.842394165687,0.281435386195427,b004
"4348",7_00000000000000000353,"2016",76.0020728216306,101.843989823348,0.0738524673675576,b004
"4349",7_00000000000000000354,"2022",75.9809910231,101.844568781681,0.154873961842468,b004
"4350",7_00000000000000000355,"2021",76.0470287424077,101.844710337831,0.036375820574627,b004
"4351",7_00000000000000000356,"2022",75.9802604596603,101.850398004708,0.0930961063728399,b004
"4352",7_0000000000000000035b,"2022",75.9802571990279,101.852021696378,0.0678654581564219,b004
"4353",7_00000000000000000357,"2022",75.9819215960939,101.852545052453,0.0635142616223048,b004
"4354",7_00000000000000000359,"2023",76.0000909641178,101.852629371716,0.0121651459451948,b004
"4355",7_0000000000000000035d,"2023",76.0012866019284,101.85854489945,0.0165087079312999,b004
"4356",7_0000000000000000035e,"2021",75.9841334138458,101.861227881538,0.0469752853867166,b004
"4357",7_0000000000000000035c,"2022",76.0062882115612,101.864125621417,0.0955412134573959,b004
"4358",7_0000000000000000035f,"2022",76.045223497055,101.864375572526,0.0580415477196324,b004
"4359",7_0000000000000000035a,"2016",76.0134339825615,101.865410442405,0.388914710337185,b004
"4360",7_00000000000000000360,"2022",76.0059599672447,101.865755815521,0.0955412134573959,b004
"4361",7_00000000000000000414,"2021",75.9559852296594,101.805035718773,0.15253348343673,b004
"4362",7_00000000000000000415,"2022",75.961456772972,101.813270562141,0.0191692312027169,b004
"4363",7_00000000000000000416,"2022",75.9635035474974,101.821210684855,0.0392015165503024,b004
"4364",7_00000000000000000417,"2020",75.9613565188649,101.835667312058,0.281435386195427,b004
"4365",7_00000000000000000362,"2022",75.9923694041472,101.872796374872,0.0234747624942624,b004
"4366",7_00000000000000000361,"2023",75.9977965962653,101.875152299893,0.0182502840302798,b004
"4367",7_00000000000000000363,"2022",76.0291030354929,101.876271554029,0.0424936915969264,b004
"4368",7_00000000000000000364,"2022",76.0511551177953,101.881966516029,0.0857214550216591,b004
"4369",7_00000000000000000365,"2024",76.0347643259511,101.882865736638,0.0138693267914022,b004
"4370",7_00000000000000000366,"2024",76.0472315503527,101.886323336092,0.00952684115055735,b004
"4371",7_00000000000000000368,"2022",76.0114816067295,101.890445292262,0.0329944572895787,b004
"4372",7_00000000000000000369,"2024",76.0286895110566,101.892533963705,0.010406694100256,b004
"4373",7_00000000000000000367,"2019",75.9745028887781,101.894243707608,0.103591648491994,b004
"4374",7_0000000000000000036b,"2023",75.9602033129434,101.895373368612,0.0322422115628526,b004
"4375",7_0000000000000000036a,"2022",76.0321661041905,101.895816412538,0.0329468574953585,b004
"4376",7_0000000000000000036d,"2022",76.0321661041905,101.895816412538,0.0329468574953585,b004
"4377",7_0000000000000000036e,"2023",76.0094895148004,101.897747231094,0.0156321507920125,b004
"4378",7_0000000000000000036c,"2022",76.0200685707009,101.898202120083,0.0121481408082193,b004
"4379",7_0000000000000000036f,"2022",75.9646585068119,101.898695424618,0.0540097186950015,b004
"4380",7_00000000000000000370,"2022",76.0744952448132,101.901954068345,0.0172884562822503,b004
"4381",7_00000000000000000372,"2021",76.0331148911534,101.908853403613,0.103171377252647,b004
"4382",7_00000000000000000371,"2022",75.9976364253229,101.91613533118,0.0286812210329487,b004
"4383",7_00000000000000000373,"2020",76.0751762473066,101.918247860695,0.0535905244128511,b004
"4384",7_00000000000000000374,"2022",75.9610595676246,101.923039199673,0.017426797339043,b004
"4385",7_00000000000000000375,"2021",76.0230066092645,101.9242616818,0.219463322817597,b004
"4386",7_0000000000000000037a,"2021",76.0242912443743,101.925614483444,0.219463322817597,b004
"4387",7_00000000000000000378,"2021",76.0134914238828,101.926044321488,0.0251764009231097,b004
"4388",7_00000000000000000376,"2024",75.9947780138937,101.927029322144,0.0104316792733162,b004
"4389",7_0000000000000000037f,"2019",75.9753084406772,101.929929647619,0.269864202456925,b004
"4390",7_00000000000000000377,"2023",75.961147716427,101.930014318129,0.0130696856135794,b004
"4391",7_0000000000000000037d,"2022",76.0206439247188,101.9352705879,0.0242953142894952,b004
"4392",7_00000000000000000379,"2023",76.0017604386247,101.935714387661,0.00955802539333246,b004
"4393",7_0000000000000000037b,"2022",75.9602364009767,101.937147228561,0.0121991811676135,b004
"4394",7_0000000000000000037c,"2022",75.9613106921129,101.941826661765,0.036594643010722,b004
"4395",7_0000000000000000037e,"2016",76.0741778275043,101.943666898554,0.191907487922944,b004
"4396",7_00000000000000000380,"2022",76.0097780246866,101.943814789374,0.0755465686223574,b004
"4397",7_00000000000000000418,"2021",75.9333786611999,101.913848695656,0.02968333271068,b004
"4398",7_00000000000000000382,"2022",76.0248352758119,101.948735939572,0.0199519491613157,b004
"4399",7_00000000000000000385,"2023",76.0692631965442,101.950831006497,0.0510210640398208,b004
"4400",7_00000000000000000381,"2022",76.0018500842579,101.950912887568,0.0356244718398095,b004
"4401",7_00000000000000000383,"2021",76.0289079416148,101.952070422969,0.0294849532908557,b004
"4402",7_00000000000000000384,"2022",76.0372407679881,101.955412601613,0.0130007265675939,b004
"4403",7_00000000000000000386,"2022",76.0205665095954,101.959882604864,0.0242971810349142,b004
"4404",7_00000000000000000387,"2023",76.0250550686677,101.964945696479,0.0208179141316514,b004
"4405",7_00000000000000000389,"2022",76.0355773008718,101.968825172572,0.0710796462314548,b004
"4406",7_00000000000000000388,"2022",76.0755652869243,101.969377566977,0.0432218162955439,b004
"4407",7_0000000000000000038a,"2024",76.0106423524024,101.971954068722,0.0130253098782232,b004
"4408",7_0000000000000000038c,"2023",76.023796885827,101.974466778921,0.024291047762965,b004
"4409",7_0000000000000000038d,"2016",76.0061439240309,101.976859754681,0.157206489689681,b004
"4410",7_0000000000000000038f,"2022",75.9944952485228,101.980070473647,0.0208639590798162,b004
"4411",7_0000000000000000038b,"2016",75.9742373680744,101.980417539372,0.432652639651869,b004
"4412",7_00000000000000000390,"2023",76.0115569741453,101.981162549448,0.0130241628904253,b004
"4413",7_0000000000000000038e,"2023",76.0780804352595,101.983468567079,0.0656838167412022,b004
"4414",7_00000000000000000394,"2023",76.0769836699627,101.985152722817,0.0656838167412022,b004
"4415",7_00000000000000000391,"2024",76.0111993194977,101.988698760499,0.0260488725431051,b004
"4416",7_00000000000000000392,"2022",76.0238808339531,101.988746675455,0.0242909974625667,b004
"4417",7_00000000000000000393,"2024",75.9811686001429,101.990091077885,0.0104414290853559,b004
"4418",7_00000000000000000395,"2022",76.0387298821315,101.992191582057,0.0329313930629491,b004
"4419",7_00000000000000000396,"2024",76.0135805452563,101.99385366209,0.0112854242525783,b004
"4420",7_00000000000000000397,"2021",75.9661392342455,101.998181786999,0.0731678629227243,b004
"4421",7_00000000000000000398,"2022",75.9754351769871,102.009727826401,0.0948809544444758,b004
"4422",7_00000000000000000399,"2022",76.0737050087209,102.010111930203,0.0553271619368372,b004
"4423",7_0000000000000000039a,"2019",76.0771331189421,102.019108790824,0.0354358099650492,b004
"4424",7_0000000000000000039b,"2022",75.9885091182594,102.030793223807,0.031307579804086,b004
"4425",7_0000000000000000039c,"2024",76.0699671090006,102.031727933079,0.0121068914627097,b004
"4426",7_000000000000000003a6,"2022",76.0610658098796,102.080657056797,0.050184615258776,b004
"4427",7_000000000000000003a4,"2023",75.9886996509669,102.076369666893,0.0226126066878494,b004
"4428",7_00000000000000000507,"2022",75.985955014523,102.071868258262,0.0617568503250517,b004
"4429",7_000000000000000003a2,"2022",75.985955014523,102.071868258262,0.0617568503250517,b004
"4430",7_000000000000000003a0,"2023",75.97975914834,102.058095700235,0.0156635379759772,b004
"4431",7_0000000000000000039d,"2021",75.9888056244438,102.038607582183,0.0130448171307177,b004
"4432",7_000000000000000003ef,"2021",75.9432555334049,101.624112463395,0.0261735496797392,b004
"4433",7_000000000000000003f1,"2021",75.9467556377672,101.626533293099,0.0340159771441788,b004
"4434",7_000000000000000003f0,"2023",75.9449216193914,101.62829467212,0.00959579234067541,b004
"4435",7_000000000000000003f2,"2023",75.9518899379368,101.639014193708,0.0139501125988334,b004
"4436",7_000000000000000003f3,"2018",75.9236518026221,101.641515142175,0.0200934970162617,b004
"4437",7_000000000000000003f4,"2018",75.9236518026221,101.641515142175,0.0200934970162617,b004
"4438",7_000000000000000003f5,"2023",75.9407628079843,101.642853485937,0.0191967576004806,b004
"4439",7_000000000000000003f7,"2023",75.921858999369,101.646993575896,0.0148532336402479,b004
"4440",7_000000000000000003f6,"2018",75.954319969333,101.649676668052,0.0313835860853105,b004
"4441",7_000000000000000003f8,"2018",75.9457079207678,101.649690222967,0.0732700143726452,b004
"4442",7_000000000000000003f9,"2024",75.9268115530544,101.651039847298,0.0131009012348277,b004
"4443",7_000000000000000003fa,"2024",75.9398460994921,101.664631418271,0.0104709736159875,b004
"4444",7_000000000000000003fc,"2021",75.9432787968625,101.670005633418,0.261743027256691,b004
"4445",7_000000000000000003fd,"2022",75.9479105189701,101.673765571211,0.00959356432770721,b004
"4446",7_000000000000000003fb,"2021",75.9416528333013,101.674597538617,0.343757226373021,b004
"4447",7_0000000000000000033e,"2016",75.9692577088899,101.749134013817,0.0548634740193688,b004
"4448",7_0000000000000000033f,"2022",75.9659159614714,101.765665810038,0.0574862803859824,b004
"4449",7_00000000000000000340,"2016",75.9657618012076,101.770245023025,0.0661983517296879,b004
"4450",7_00000000000000000341,"2016",75.9683921197406,101.772939672852,0.00958020025758963,b004
"4451",7_000000000000000003fe,"2024",75.9394363275979,101.67665968567,0.143980244283354,b004
"4452",7_000000000000000003ff,"2022",75.9468508921991,101.68269373698,0.0130828401630929,b004
"4453",7_00000000000000000400,"2022",75.9411801759305,101.690279340586,0.313253993622928,b004
"4454",7_00000000000000000401,"2021",75.9399746749127,101.697943208286,0.184982894971755,b004
"4455",7_00000000000000000402,"2021",75.9304310310367,101.723007828204,0.0768427370867181,b004
"4456",7_00000000000000000403,"2016",75.9488804648818,101.727139909612,0.0244179827382754,b004
"4457",7_00000000000000000404,"2019",75.9426883453695,101.733908325811,0.0157037403030162,b004
"4458",7_00000000000000000405,"2022",75.9339822493837,101.73325853362,0.0226997960965787,b004
"4459",7_00000000000000000406,"2021",75.9441376137839,101.737562321483,0.00959619020349112,b004
"4460",7_00000000000000000407,"2021",75.9457012978712,101.735507311848,0.0226795026665656,b004
"4461",7_00000000000000000408,"2016",75.9438862630317,101.744479724675,0.0689163021033699,b004
"4462",7_00000000000000000409,"2016",75.949408503054,101.742263587465,0.0619146285412246,b004
"4463",7_0000000000000000040a,"2016",75.9445069794665,101.744263528062,0.0689163021033699,b004
"4464",7_0000000000000000040b,"2019",75.9484851928895,101.753088991428,0.0113379004646867,b004
"4465",7_0000000000000000040c,"2016",75.9624326915662,101.753714446286,0.0688301947089436,b004
"4466",7_0000000000000000040d,"2022",75.9657939402019,101.764874499563,0.0156788092439877,b004
"4467",7_0000000000000000040e,"2022",75.9587896189019,101.76772097455,0.0156875435711101,b004
"4468",7_0000000000000000040f,"2016",75.96565008161,101.771020817882,0.0644563245039508,b004
"4469",7_00000000000000000410,"2018",75.9502504304188,101.776264629922,0.0139520539093558,b004
"4470",7_00000000000000000411,"2024",75.947616550504,101.785948768486,0.0122100887326942,b004
"4471",7_00000000000000000412,"2022",75.9551486553564,101.791147984355,0.051431106577038,b004
"4472",7_00000000000000000413,"2021",75.9636913563629,101.785764795673,0.0923473719107571,b004
"4473",7_0000000000000000054a,"2024",75.9932604019946,102.241437367098,0.0165183086059798,b004
"4474",7_0000000000000000052f,"2018",75.9821429484828,102.191400019927,0.0113108501263555,b004
"4475",7_00000000000000000528,"2023",76.0100287233599,102.188278043468,0.0130253726370385,b004
"4476",7_00000000000000000527,"2022",75.9905828612963,102.183632291678,0.0234776081211013,b004
"4477",7_00000000000000000524,"2022",75.9905828612963,102.183632291678,0.0234776081211013,b004
"4478",7_00000000000000000517,"2023",76.0239309847934,102.164604083076,0.0355677295263933,b004
"4479",7_0000000000000000050d,"2023",76.0498459766791,102.14578150517,0.0216485760658728,b004
"4480",7_000000000000000003b5,"2022",76.0585437456041,102.130860761094,0.0328853859685418,b004
"4481",7_000000000000000003af,"2021",76.0518213314187,102.115081031676,0.0709975137657072,b004
"4482",7_000000000000000003a8,"2021",76.0473295564579,102.093442228508,0.00952777407104265,b004
"4483",7_0000000000000000050a,"2022",75.9926182583096,102.091235222584,0.017388536389627,b004
"4484",7_00000000000000000509,"2022",75.9915343848488,102.082856666677,0.0313017799784201,b004
"4485",7_00000000000000000508,"2022",75.9886345914609,102.076688847758,0.0226126066878494,b004
"4486",7_000000000000000003a1,"2024",75.9915441672152,102.062450362391,0.013911463991535,b004
"4487",7_0000000000000000039f,"2021",76.0563379511513,102.050081242766,0.0242347894545568,b004
"4488",7_0000000000000000039e,"2024",75.980272933587,102.045947737155,0.014793331494213,b004
"4489",7_0000000000000000055c,"2022",75.9947491856825,102.284202273542,0.0191235069211096,b004
"4490",7_00000000000000000556,"2021",75.9971221283005,102.251122282332,0.269423122799589,b004
"4491",7_0000000000000000054e,"2024",75.9950476182113,102.243281266021,0.00956241923245643,b004
"4492",7_0000000000000000053a,"2023",76.0089240656351,102.205562174635,0.0208422967238725,b004
"4493",7_00000000000000000532,"2021",76.0018016481786,102.192262166776,0.112950160806372,b004
"4494",7_00000000000000000522,"2022",76.0035798603974,102.178960083411,0.0139001213323574,b004
"4495",7_0000000000000000051e,"2016",76.016289366908,102.182711528741,0.301169829595448,b004
"4496",7_0000000000000000051c,"2021",75.9845276630826,102.173806966386,0.0434967364536725,b004
"4497",7_00000000000000000519,"2022",76.0238136912634,102.165193912475,0.0355677295263933,b004
"4498",7_00000000000000000518,"2024",76.0258943538566,102.165749708792,0.0112758265281726,b004
"4499",7_00000000000000000513,"2021",76.0149907174091,102.157953578307,0.0251732796750474,b004
"4500",7_00000000000000000512,"2023",76.0023280432448,102.16138648226,0.019984032104073,b004
"4501",7_0000000000000000050f,"2021",76.028624070113,102.144300414247,0.107535137307942,b004
"4502",7_0000000000000000050e,"2022",76.0264723210423,102.153850695235,0.0173464639135423,b004
"4503",7_0000000000000000050c,"2022",76.0571664960743,102.140620942552,0.0882796007674038,b004
"4504",7_000000000000000003b1,"2023",76.0474306044217,102.116464603476,0.0233834410671457,b004
"4505",7_000000000000000003b0,"2023",76.0474306044217,102.116464603476,0.0233834410671457,b004
"4506",7_000000000000000003ad,"2023",76.0534830062513,102.108309310411,0.010388234325905,b004
"4507",7_0000000000000000050b,"2022",76.0135055542326,102.103929382225,0.021704149713505,b004
"4508",7_000000000000000003a9,"2024",76.0203415781507,102.098832085665,0.0121482977993667,b004
"4509",7_000000000000000003a7,"2021",76.0205627479922,102.090634926587,0.0347087546055776,b004
"4510",7_00000000000000000109,"2024",76.2346037670066,100.384993438074,0.00940193864346469,b005
"4511",7_0000000000000000010a,"2023",76.2164251237827,100.416842988804,0.00941424535856683,b005
"4512",7_00000000000000000124,"2023",76.2045796253613,100.479843321402,0.0102778653995888,b005
"4513",7_0000000000000000010b,"2024",76.2637336797949,100.492644364566,0.0102346494999774,b005
"4514",7_0000000000000000010c,"2022",76.2431322375187,100.492662565585,0.0486894228678306,b005
"4515",7_0000000000000000010d,"2024",76.2476538225705,100.638440976403,0.0153702101650263,b005
"4516",7_0000000000000000010e,"2023",76.2438730905151,100.647732738318,0.0196454078102974,b005
"4517",7_0000000000000000010f,"2021",76.2452943082126,100.653264220444,0.0777167181272289,b005
"4518",7_00000000000000000111,"2021",76.2445468521904,100.654887155107,0.0777167181272289,b005
"4519",7_00000000000000000110,"2023",76.2467686758895,100.65575747103,0.0162256903320563,b005
"4520",7_00000000000000000112,"2024",76.2287667799558,100.688398506986,0.0136808876313606,b005
"4521",7_00000000000000000115,"2022",76.2424320997239,100.693983912552,0.0418571916764258,b005
"4522",7_00000000000000000113,"2024",76.2247467894628,100.695304317788,0.0102638517227592,b005
"4523",7_00000000000000000116,"2023",76.2573892019449,100.698585459887,0.023893038723259,b005
"4524",7_00000000000000000114,"2023",76.2573892019449,100.698585459887,0.023893038723259,b005
"4525",7_00000000000000000117,"2024",76.2236034705984,100.700522703721,0.0188181306041089,b005
"4526",7_00000000000000000118,"2022",76.2322935225228,100.706546289252,0.0264980504437588,b005
"4527",7_00000000000000000119,"2024",76.2405956389457,100.709202479482,0.0119607167919123,b005
"4528",7_0000000000000000011a,"2020",76.2219620353968,100.71147392504,0.00941071040214758,b005
"4529",7_0000000000000000011b,"2022",76.230513370466,100.721011827552,0.029922935650917,b005
"4530",7_0000000000000000011c,"2023",76.245893951294,100.732784675846,0.0170799480063732,b005
"4531",7_000000000000000001f0,"2023",76.2202152924754,100.733133320478,0.02566625628498,b005
"4532",7_000000000000000001ef,"2023",76.2202152924754,100.733133320478,0.02566625628498,b005
"4533",7_000000000000000001f1,"2023",76.2194162447849,100.740370106058,0.0179681045543084,b005
"4534",7_000000000000000001f2,"2024",76.2273519472058,100.748664150362,0.0094060617183884,b005
"4535",7_000000000000000001f3,"2022",76.2526134816343,100.763633688976,0.0324354703862212,b005
"4536",7_000000000000000001f4,"2024",76.2301297752844,100.769187257525,0.0111147363696198,b005
"4537",7_000000000000000001f5,"2021",76.2423965554716,100.770227837114,0.101652620440566,b005
"4538",7_000000000000000001f6,"2023",76.2171586775803,100.775198619942,0.0145472740340265,b005
"4539",7_000000000000000001f7,"2024",76.2222473569717,100.775835515682,0.014542508478842,b005
"4540",7_000000000000000001f8,"2024",76.2194018438943,100.778674223338,0.0239562262178751,b005
"4541",7_000000000000000001f9,"2022",76.2302973030342,100.779030461928,0.0188085574610866,b005
"4542",7_000000000000000001fa,"2024",76.2492285172825,100.78946886545,0.014514379987622,b005
"4543",7_000000000000000001fb,"2022",76.2497136620604,100.800670903352,0.0307373058690625,b005
"4544",7_000000000000000001fc,"2024",76.2126522220147,100.812362966155,0.0094158488534155,b005
"4545",7_000000000000000001fd,"2022",76.2550433716601,100.839074356946,0.0119487339416515,b005
"4546",7_000000000000000001fe,"2024",76.2555061477025,100.849328436568,0.0145081445250695,b005
"4547",7_000000000000000001ff,"2024",76.2464321480458,100.856030821787,0.0128101601108813,b005
"4548",7_00000000000000000200,"2024",76.2722227629159,100.86710707642,0.0102290759843305,b005
"4549",7_00000000000000000201,"2024",76.2452463530512,100.868643189869,0.0128111976367793,b005
"4550",7_00000000000000000202,"2024",76.2657818348243,100.880501016262,0.0136444619786756,b005
"4551",7_00000000000000000203,"2024",76.2657818348243,100.880501016262,0.0136444619786756,b005
"4552",7_00000000000000000204,"2024",76.2386706595635,100.88327669846,0.0102531156966842,b005
"4553",7_00000000000000000205,"2018",76.2358287324755,100.893015212186,0.00940048912470261,b005
"4554",7_00000000000000000206,"2023",76.2448998931246,100.903939014834,0.0162282404679662,b005
"4555",7_00000000000000000207,"2023",76.2448620614614,100.911552694135,0.0119570598356443,b005
"4556",7_00000000000000000208,"2021",76.2765389492065,100.914224433277,0.0622061959381098,b005
"4557",7_000000000000000002ae,"2023",76.1810930739541,100.936701688105,0.0111534371447841,b005
"4558",7_0000000000000000020a,"2024",76.2879882081626,100.95860041824,0.0102176789760484,b005
"4559",7_00000000000000000209,"2023",76.299112650904,100.944019329724,0.0136112919158267,b005
"4560",7_00000000000000000222,"2024",76.1901739119113,101.081747228189,0.0377250012288466,b005
"4561",7_00000000000000000224,"2024",76.1901739119113,101.081747228189,0.0377250012288466,b005
"4562",7_00000000000000000230,"2022",76.1906144747199,101.107029054983,0.0248639454709796,b005
"4563",7_00000000000000000227,"2024",76.1929913289769,101.090383413088,0.0102869553428565,b005
"4564",7_00000000000000000244,"2024",76.1940297546045,101.13971670823,0.0145711236316496,b005
"4565",7_00000000000000000231,"2024",76.1952920781992,101.112377921561,0.0497105698492334,b005
"4566",7_00000000000000000238,"2022",76.1957459996537,101.114100712563,0.0497105698492334,b005
"4567",7_0000000000000000024e,"2018",76.1964168248434,101.158326749272,0.0402785263908696,b005
"4568",7_0000000000000000023d,"2022",76.1968507987711,101.122894006257,0.0179969509843642,b005
"4569",7_00000000000000000252,"2023",76.1978859141202,101.166052374767,0.0231365560132047,b005
"4570",7_00000000000000000254,"2023",76.1978859141202,101.166052374767,0.0231365560132047,b005
"4571",7_00000000000000000242,"2024",76.1980994960388,101.133600514809,0.00942545505096472,b005
"4572",7_00000000000000000258,"2018",76.1994477597032,101.175958340853,0.0359866100012223,b005
"4573",7_0000000000000000021e,"2021",76.1997691639278,101.076388602428,0.102819149106694,b005
"4574",7_00000000000000000235,"2022",76.2076619182861,101.116909059603,0.0179828694410469,b005
"4575",7_00000000000000000239,"2022",76.2076619182861,101.116909059603,0.0179828694410469,b005
"4576",7_00000000000000000233,"2024",76.2115579106969,101.108839677412,0.0171216366334705,b005
"4577",7_0000000000000000022f,"2024",76.2116123473754,101.107179123943,0.0196900102437015,b005
"4578",7_0000000000000000022e,"2024",76.2119008939594,101.105385196926,0.0102730339490059,b005
"4579",7_0000000000000000023e,"2023",76.2160331358132,101.128543760098,0.0171170027089615,b005
"4580",7_00000000000000000237,"2022",76.216251666214,101.117596912514,0.0590522284642295,b005
"4581",7_0000000000000000022c,"2024",76.2175153798877,101.094156230048,0.0102691920398087,b005
"4582",7_00000000000000000240,"2023",76.2204852958822,101.129143364894,0.0265233132211427,b005
"4583",7_0000000000000000024c,"2022",76.220509019593,101.154046914364,0.0153997749255579,b005
"4584",7_0000000000000000023c,"2023",76.2211535151684,101.123261585676,0.0102660354732601,b005
"4585",7_00000000000000000241,"2024",76.2272049036334,101.131983632783,0.00940657636240012,b005
"4586",7_00000000000000000253,"2022",76.228241665958,101.163643333501,0.0188111230196609,b005
"4587",7_00000000000000000225,"2019",76.2282828828121,101.086806379336,0.00940535832139207,b005
"4588",7_00000000000000000247,"2022",76.2294001374288,101.143191259216,0.0418954941375672,b005
"4589",7_00000000000000000249,"2022",76.2294001374288,101.143191259216,0.0418954941375672,b005
"4590",7_00000000000000000243,"2022",76.2309631348984,101.136808200879,0.0170985069785379,b005
"4591",7_00000000000000000250,"2023",76.2323094649068,101.161009677919,0.0145320969285254,b005
"4592",7_0000000000000000023f,"2023",76.2394192418982,101.130987261977,0.015379774717038,b005
"4593",7_00000000000000000232,"2022",76.2512371387911,101.109487454392,0.0153665810690341,b005
"4594",7_0000000000000000022d,"2023",76.2528681528065,101.103055748991,0.0187781845131767,b005
"4595",7_0000000000000000025c,"2023",76.1915195080915,101.178329034075,0.0257194476059312,b005
"4596",7_0000000000000000025e,"2023",76.2000341555147,101.186431211366,0.0128519570243716,b005
"4597",7_00000000000000000265,"2022",76.2028900929647,101.196439841773,0.0111356473227722,b005
"4598",7_00000000000000000267,"2022",76.2062882699881,101.20336898121,0.06166299017604,b005
"4599",7_00000000000000000268,"2022",76.2063160207215,101.202064416838,0.0196974007046425,b005
"4600",7_00000000000000000269,"2022",76.2063173114796,101.205420005348,0.0513862100740952,b005
"4601",7_0000000000000000026f,"2024",76.2101103812324,101.213370931674,0.0196922707783582,b005
"4602",7_00000000000000000270,"2024",76.2119522310531,101.214235431756,0.0119857671373493,b005
"4603",7_00000000000000000271,"2024",76.2101103812324,101.213370931674,0.0196922707783582,b005
"4604",7_0000000000000000025a,"2022",76.2936101031378,101.178601796172,0.0144677300329726,b005
"4605",7_00000000000000000234,"2021",76.3022016928072,101.112513695404,0.0297697481833127,b005
"4606",7_00000000000000000246,"2023",76.3025164240413,101.141783319392,0.00935617814031706,b005
"4607",7_0000000000000000021f,"2021",76.3045016914211,101.074190499904,0.0467723771527319,b005
"4608",7_00000000000000000220,"2021",76.3045016914211,101.074190499904,0.0467723771527319,b005
"4609",7_00000000000000000251,"2023",76.3080119622356,101.165308988795,0.0187048804642079,b005
"4610",7_0000000000000000021d,"2023",76.3082541833476,101.070427263213,0.0127536562820699,b005
"4611",7_0000000000000000024a,"2023",76.309241742866,101.152177183434,0.0425072347514338,b005
"4612",7_00000000000000000248,"2023",76.3094129945265,101.143878127841,0.0102021960343038,b005
"4613",7_0000000000000000024d,"2024",76.3100665494488,101.152340482202,0.0518570694285996,b005
"4614",7_0000000000000000024b,"2024",76.31063798093,101.152844860649,0.0195510649528655,b005
"4615",7_0000000000000000025b,"2024",76.3140617993587,101.18182859138,0.0382431289175312,b005
"4616",7_00000000000000000259,"2023",76.3151536111839,101.179045287724,0.0339915685415498,b005
"4617",7_00000000000000000226,"2023",76.3281429094437,101.086745256149,0.0118866207690634,b005
"4618",7_00000000000000000236,"2024",76.333963975718,101.114961220572,0.0127301878713334,b005
"4619",7_00000000000000000257,"2023",76.3396419761716,101.176304623526,0.0161180892182849,b005
"4620",7_00000000000000000255,"2021",76.3419416885528,101.167176505616,0.0228999731558309,b005
"4621",7_0000000000000000025d,"2021",76.3147904528883,101.180846748161,0.0518402016308104,b005
"4622",7_0000000000000000025f,"2022",76.2952474216765,101.190541359563,0.0161696112713421,b005
"4623",7_00000000000000000260,"2023",76.3230494463433,101.193168554096,0.0127396847091554,b005
"4624",7_00000000000000000262,"2024",76.2960485472543,101.195878329651,0.00936033067429932,b005
"4625",7_00000000000000000263,"2022",76.3105769855833,101.195655638427,0.0178512620684323,b005
"4626",7_00000000000000000264,"2023",76.3154153764788,101.195804695791,0.0135963838866611,b005
"4627",7_00000000000000000266,"2021",76.3196061366144,101.199664666066,0.0382289658075599,b005
"4628",7_0000000000000000026a,"2023",76.2923600549162,101.202664321547,0.0604334416699227,b005
"4629",7_0000000000000000026d,"2023",76.3020892420604,101.210752644219,0.0306207025611266,b005
"4630",7_0000000000000000026e,"2022",76.2874144130442,101.20799293585,0.0519404923209935,b005
"4631",7_00000000000000000273,"2024",76.3260698603665,101.231184011522,0.0110388443509129,b005
"4632",7_00000000000000000274,"2021",76.2993072287172,101.232513381145,0.0306281115417154,b005
"4633",7_00000000000000000275,"2021",76.3284526616309,101.23621624301,0.0331094799821083,b005
"4634",7_00000000000000000276,"2024",76.2896231534707,101.239827148154,0.0127705685919058,b005
"4635",7_00000000000000000277,"2022",76.2768254169176,101.246542867447,0.051979895409297,b005
"4636",7_00000000000000000278,"2022",76.3221659748215,101.243005521513,0.0237823160699924,b005
"4637",7_00000000000000000279,"2021",76.3076906311395,101.25094691486,0.0348602728701296,b005
"4638",7_0000000000000000027b,"2023",76.2723186168334,101.258234554118,0.0272754257463638,b005
"4639",7_0000000000000000027c,"2021",76.277843891054,101.260547157939,0.151663448014727,b005
"4640",7_0000000000000000027e,"2023",76.3023050585179,101.26515058267,0.01360980563893,b005
"4641",7_0000000000000000027f,"2023",76.32639484621,101.26945279779,0.0263229850886844,b005
"4642",7_00000000000000000280,"2021",76.2871668872383,101.264626512616,0.0953651433547873,b005
"4643",7_00000000000000000281,"2021",76.2757273303148,101.272137263181,0.0954315494804104,b005
"4644",7_00000000000000000282,"2023",76.32639484621,101.26945279779,0.0263229850886844,b005
"4645",7_00000000000000000283,"2021",76.2769849334379,101.267669675561,0.166152321760979,b005
"4646",7_00000000000000000284,"2022",76.2852782789324,101.274507922551,0.0306577896389229,b005
"4647",7_00000000000000000285,"2023",76.2803774525012,101.281178463587,0.0323718828304378,b005
"4648",7_00000000000000000289,"2023",76.2803774525012,101.281178463587,0.0323718828304378,b005
"4649",7_0000000000000000021c,"2020",76.3116301951269,101.05706400511,0.00935050786658342,b005
"4650",7_000000000000000002af,"2024",76.1261566617049,100.98238334043,0.0137810920650058,b005
"4651",7_000000000000000002b3,"2024",76.1330672881996,101.007032482722,0.0120523443621047,b005
"4652",7_000000000000000002b2,"2022",76.1473549151318,101.000786137944,0.0232219972465539,b005
"4653",7_000000000000000002bc,"2023",76.148929017208,101.069362750329,0.0137585133417072,b005
"4654",7_000000000000000002be,"2022",76.1499594129929,101.07776462107,0.0171963564864122,b005
"4655",7_000000000000000002bd,"2022",76.1499594129929,101.07776462107,0.0171963564864122,b005
"4656",7_000000000000000002b7,"2022",76.1526054038665,101.023509610378,0.0490013208778696,b005
"4657",7_000000000000000002bf,"2023",76.1587532746295,101.07896649796,0.00945231404315011,b005
"4658",7_000000000000000002b6,"2024",76.1615503277259,101.017907326913,0.0386626867630813,b005
"4659",7_000000000000000002ba,"2023",76.1616959728645,101.019616288179,0.0386626867630813,b005
"4660",7_000000000000000002b4,"2024",76.1633020105272,101.006121371671,0.0154633388998162,b005
"4661",7_000000000000000002b5,"2024",76.1640745691092,101.011906601505,0.0214742806301398,b005
"4662",7_000000000000000002b8,"2018",76.1796200266282,101.025059021781,0.0540571022994886,b005
"4663",7_000000000000000002bb,"2018",76.1797209098491,101.026146460635,0.0540571022994886,b005
"4664",7_000000000000000002b0,"2023",76.1800556203327,100.982450754971,0.0102962978313812,b005
"4665",7_000000000000000002b9,"2024",76.185917097945,101.025098276625,0.0137219536371476,b005
"4666",7_000000000000000002b1,"2023",76.1869497114548,100.996506301542,0.0222960761228451,b005
"4667",7_0000000000000000020d,"2024",76.1885447436038,100.995251768656,0.00171497085244526,b005
"4668",7_00000000000000000213,"2022",76.189239881261,101.031910953491,0.0231504575510203,b005
"4669",7_0000000000000000020f,"2022",76.1907704007218,101.003786902934,0.0557263417005302,b005
"4670",7_00000000000000000210,"2024",76.1918941515634,101.015540883113,0.0120021629860964,b005
"4671",7_00000000000000000217,"2024",76.1933956123132,101.046186305395,0.00943018625021009,b005
"4672",7_00000000000000000216,"2022",76.1954030335165,101.046617522473,0.0351414874799377,b005
"4673",7_0000000000000000021a,"2022",76.1959919882211,101.053630467354,0.0179972581664546,b005
"4674",7_0000000000000000021b,"2024",76.1989779992226,101.054579184166,0.0119960471940009,b005
"4675",7_00000000000000000212,"2023",76.2018057358401,101.022751654094,0.0214174833580917,b005
"4676",7_0000000000000000020c,"2023",76.2049630737076,100.99402873089,0.0111343614969165,b005
"4677",7_0000000000000000020e,"2023",76.207953106907,101.007855600519,0.0205521073144378,b005
"4678",7_00000000000000000214,"2023",76.2277298918977,101.031092819929,0.0119708636243026,b005
"4679",7_00000000000000000218,"2024",76.2318108263317,101.053634159612,0.00940272737253088,b005
"4680",7_00000000000000000215,"2022",76.237087467037,101.037013345933,0.0247806400558967,b005
"4681",7_00000000000000000211,"2022",76.2610751986933,101.026829920992,0.0247396330472865,b005
"4682",7_0000000000000000020b,"2024",76.291707223249,100.97633325454,0.012767859263808,b005
"4683",7_00000000000000000109,"2024",76.2346037670066,100.384993438074,0.00940193864346469,b007
"4684",7_0000000000000000010a,"2023",76.2164251237827,100.416842988804,0.00941424535856683,b007
"4685",7_00000000000000000124,"2023",76.2045796253613,100.479843321402,0.0102778653995888,b007
"4686",7_0000000000000000010b,"2024",76.2637336797949,100.492644364566,0.0102346494999774,b007
"4687",7_0000000000000000010c,"2022",76.2431322375187,100.492662565585,0.0486894228678306,b007
"4688",7_0000000000000000010d,"2024",76.2476538225705,100.638440976403,0.0153702101650263,b007
"4689",7_0000000000000000010e,"2023",76.2438730905151,100.647732738318,0.0196454078102974,b007
"4690",7_0000000000000000010f,"2021",76.2452943082126,100.653264220444,0.0777167181272289,b007
"4691",7_00000000000000000111,"2021",76.2445468521904,100.654887155107,0.0777167181272289,b007
"4692",7_00000000000000000110,"2023",76.2467686758895,100.65575747103,0.0162256903320563,b007
"4693",7_00000000000000000112,"2024",76.2287667799558,100.688398506986,0.0136808876313606,b007
"4694",7_00000000000000000115,"2022",76.2424320997239,100.693983912552,0.0418571916764258,b007
"4695",7_00000000000000000113,"2024",76.2247467894628,100.695304317788,0.0102638517227592,b007
"4696",7_00000000000000000116,"2023",76.2573892019449,100.698585459887,0.023893038723259,b007
"4697",7_00000000000000000114,"2023",76.2573892019449,100.698585459887,0.023893038723259,b007
"4698",7_00000000000000000117,"2024",76.2236034705984,100.700522703721,0.0188181306041089,b007
"4699",7_00000000000000000118,"2022",76.2322935225228,100.706546289252,0.0264980504437588,b007
"4700",7_00000000000000000119,"2024",76.2405956389457,100.709202479482,0.0119607167919123,b007
"4701",7_0000000000000000011a,"2020",76.2219620353968,100.71147392504,0.00941071040214758,b007
"4702",7_0000000000000000011b,"2022",76.230513370466,100.721011827552,0.029922935650917,b007
"4703",7_0000000000000000011c,"2023",76.245893951294,100.732784675846,0.0170799480063732,b007
"4704",7_000000000000000001f0,"2023",76.2202152924754,100.733133320478,0.02566625628498,b007
"4705",7_000000000000000001ef,"2023",76.2202152924754,100.733133320478,0.02566625628498,b007
"4706",7_000000000000000001f1,"2023",76.2194162447849,100.740370106058,0.0179681045543084,b007
"4707",7_000000000000000001f2,"2024",76.2273519472058,100.748664150362,0.0094060617183884,b007
"4708",7_000000000000000001f3,"2022",76.2526134816343,100.763633688976,0.0324354703862212,b007
"4709",7_000000000000000001f4,"2024",76.2301297752844,100.769187257525,0.0111147363696198,b007
"4710",7_000000000000000001f5,"2021",76.2423965554716,100.770227837114,0.101652620440566,b007
"4711",7_000000000000000001f6,"2023",76.2171586775803,100.775198619942,0.0145472740340265,b007
"4712",7_000000000000000001f7,"2024",76.2222473569717,100.775835515682,0.014542508478842,b007
"4713",7_000000000000000001f8,"2024",76.2194018438943,100.778674223338,0.0239562262178751,b007
"4714",7_000000000000000001f9,"2022",76.2302973030342,100.779030461928,0.0188085574610866,b007
"4715",7_000000000000000001fa,"2024",76.2492285172825,100.78946886545,0.014514379987622,b007
"4716",7_000000000000000001fb,"2022",76.2497136620604,100.800670903352,0.0307373058690625,b007
"4717",7_000000000000000001fc,"2024",76.2126522220147,100.812362966155,0.0094158488534155,b007
"4718",7_000000000000000001fd,"2022",76.2550433716601,100.839074356946,0.0119487339416515,b007
"4719",7_000000000000000001fe,"2024",76.2555061477025,100.849328436568,0.0145081445250695,b007
"4720",7_000000000000000001ff,"2024",76.2464321480458,100.856030821787,0.0128101601108813,b007
"4721",7_00000000000000000200,"2024",76.2722227629159,100.86710707642,0.0102290759843305,b007
"4722",7_00000000000000000201,"2024",76.2452463530512,100.868643189869,0.0128111976367793,b007
"4723",7_00000000000000000204,"2024",76.2386706595635,100.88327669846,0.0102531156966842,b007
"4724",7_00000000000000000205,"2018",76.2358287324755,100.893015212186,0.00940048912470261,b007
"4725",7_00000000000000000206,"2023",76.2448998931246,100.903939014834,0.0162282404679662,b007
"4726",7_00000000000000000207,"2023",76.2448620614614,100.911552694135,0.0119570598356443,b007
"4727",7_000000000000000002ae,"2023",76.1810930739541,100.936701688105,0.0111534371447841,b007
"4728",7_000000000000000002b2,"2022",76.1473549151318,101.000786137944,0.0232219972465539,b007
"4729",7_000000000000000002b7,"2022",76.1526054038665,101.023509610378,0.0490013208778696,b007
"4730",7_000000000000000002b6,"2024",76.1615503277259,101.017907326913,0.0386626867630813,b007
"4731",7_000000000000000002ba,"2023",76.1616959728645,101.019616288179,0.0386626867630813,b007
"4732",7_000000000000000002b4,"2024",76.1633020105272,101.006121371671,0.0154633388998162,b007
"4733",7_000000000000000002b5,"2024",76.1640745691092,101.011906601505,0.0214742806301398,b007
"4734",7_000000000000000002b8,"2018",76.1796200266282,101.025059021781,0.0540571022994886,b007
"4735",7_000000000000000002bb,"2018",76.1797209098491,101.026146460635,0.0540571022994886,b007
"4736",7_000000000000000002b0,"2023",76.1800556203327,100.982450754971,0.0102962978313812,b007
"4737",7_000000000000000002b9,"2024",76.185917097945,101.025098276625,0.0137219536371476,b007
"4738",7_000000000000000002b1,"2023",76.1869497114548,100.996506301542,0.0222960761228451,b007
"4739",7_0000000000000000020d,"2024",76.1885447436038,100.995251768656,0.00171497085244526,b007
"4740",7_00000000000000000213,"2022",76.189239881261,101.031910953491,0.0231504575510203,b007
"4741",7_0000000000000000020f,"2022",76.1907704007218,101.003786902934,0.0557263417005302,b007
"4742",7_00000000000000000210,"2024",76.1918941515634,101.015540883113,0.0120021629860964,b007
"4743",7_000000000000000002a2,"2024",76.180998881929,101.416202173804,0.0120106812931734,b006
"4744",7_000000000000000002a3,"2024",76.1804983443748,101.428868560196,0.0120118281733427,b006
"4745",7_000000000000000002a5,"2024",76.1884737766354,101.438279542383,0.0231528164492515,b006
"4746",7_000000000000000002a6,"2023",76.1807815919897,101.439082370821,0.0274555282209795,b006
"4747",7_000000000000000002a7,"2024",76.1884737766354,101.438279542383,0.0231528164492515,b006
"4748",7_000000000000000003df,"2024",75.9738000572842,101.517830201296,0.0165402754297243,b006
"4749",7_000000000000000003e1,"2021",75.9753780850686,101.537823788683,0.0426532073533592,b006
"4750",7_0000000000000000033d,"2022",75.9769528375214,101.597653012956,0.0217596235967606,b006
"4751",7_00000000000000000342,"2022",76.0150744242279,101.788795323896,0.0138890749211644,b006
"4752",7_00000000000000000344,"2016",75.9780505735134,101.806445692053,0.0635326709704473,b006
"4753",7_00000000000000000345,"2024",75.9649056384703,101.813167859566,0.0113247361492011,b006
"4754",7_00000000000000000346,"2021",75.9638138736836,101.821022868307,0.0392015165503024,b006
"4755",7_00000000000000000348,"2023",76.0219200152506,101.823549793357,0.0121474855135506,b006
"4756",7_00000000000000000347,"2022",75.9713544509489,101.826128417388,0.0696576960052776,b006
"4757",7_0000000000000000034b,"2023",75.974915357364,101.827985164143,0.0235046925495669,b006
"4758",7_0000000000000000034a,"2023",76.0716521731085,101.829135319044,0.0302606868270188,b006
"4759",7_0000000000000000034d,"2023",76.0716521731085,101.829135319044,0.0302606868270188,b006
"4760",7_00000000000000000349,"2022",75.9670118595559,101.829559419438,0.035709988671214,b006
"4761",7_0000000000000000034c,"2016",75.9805600725999,101.830868370302,0.114858512690937,b006
"4762",7_0000000000000000034e,"2022",76.0218545638181,101.83088343156,0.0737504376088301,b006
"4763",7_00000000000000000350,"2022",76.0116823848571,101.834486827537,0.0833514483717978,b006
"4764",7_0000000000000000034f,"2016",75.9808433288026,101.835465164534,0.186200119458772,b006
"4765",7_00000000000000000352,"2023",75.9742695154202,101.838567595077,0.0139282297643601,b006
"4766",7_00000000000000000358,"2022",76.0728019937507,101.842048481676,0.0587874120691771,b006
"4767",7_00000000000000000351,"2021",75.9622841680769,101.842394165687,0.281435386195427,b006
"4768",7_00000000000000000353,"2016",76.0020728216306,101.843989823348,0.0738524673675576,b006
"4769",7_00000000000000000354,"2022",75.9809910231,101.844568781681,0.154873961842468,b006
"4770",7_00000000000000000355,"2021",76.0470287424077,101.844710337831,0.036375820574627,b006
"4771",7_00000000000000000356,"2022",75.9802604596603,101.850398004708,0.0930961063728399,b006
"4772",7_0000000000000000035b,"2022",75.9802571990279,101.852021696378,0.0678654581564219,b006
"4773",7_00000000000000000357,"2022",75.9819215960939,101.852545052453,0.0635142616223048,b006
"4774",7_00000000000000000359,"2023",76.0000909641178,101.852629371716,0.0121651459451948,b006
"4775",7_0000000000000000035d,"2023",76.0012866019284,101.85854489945,0.0165087079312999,b006
"4776",7_0000000000000000035e,"2021",75.9841334138458,101.861227881538,0.0469752853867166,b006
"4777",7_0000000000000000035c,"2022",76.0062882115612,101.864125621417,0.0955412134573959,b006
"4778",7_0000000000000000035f,"2022",76.045223497055,101.864375572526,0.0580415477196324,b006
"4779",7_0000000000000000035a,"2016",76.0134339825615,101.865410442405,0.388914710337185,b006
"4780",7_00000000000000000360,"2022",76.0059599672447,101.865755815521,0.0955412134573959,b006
"4781",7_00000000000000000414,"2021",75.9559852296594,101.805035718773,0.15253348343673,b006
"4782",7_00000000000000000415,"2022",75.961456772972,101.813270562141,0.0191692312027169,b006
"4783",7_00000000000000000416,"2022",75.9635035474974,101.821210684855,0.0392015165503024,b006
"4784",7_00000000000000000417,"2020",75.9613565188649,101.835667312058,0.281435386195427,b006
"4785",7_00000000000000000362,"2022",75.9923694041472,101.872796374872,0.0234747624942624,b006
"4786",7_00000000000000000361,"2023",75.9977965962653,101.875152299893,0.0182502840302798,b006
"4787",7_00000000000000000363,"2022",76.0291030354929,101.876271554029,0.0424936915969264,b006
"4788",7_00000000000000000364,"2022",76.0511551177953,101.881966516029,0.0857214550216591,b006
"4789",7_00000000000000000365,"2024",76.0347643259511,101.882865736638,0.0138693267914022,b006
"4790",7_00000000000000000366,"2024",76.0472315503527,101.886323336092,0.00952684115055735,b006
"4791",7_00000000000000000368,"2022",76.0114816067295,101.890445292262,0.0329944572895787,b006
"4792",7_00000000000000000369,"2024",76.0286895110566,101.892533963705,0.010406694100256,b006
"4793",7_00000000000000000367,"2019",75.9745028887781,101.894243707608,0.103591648491994,b006
"4794",7_0000000000000000036b,"2023",75.9602033129434,101.895373368612,0.0322422115628526,b006
"4795",7_0000000000000000036a,"2022",76.0321661041905,101.895816412538,0.0329468574953585,b006
"4796",7_0000000000000000036d,"2022",76.0321661041905,101.895816412538,0.0329468574953585,b006
"4797",7_0000000000000000036e,"2023",76.0094895148004,101.897747231094,0.0156321507920125,b006
"4798",7_0000000000000000036c,"2022",76.0200685707009,101.898202120083,0.0121481408082193,b006
"4799",7_0000000000000000036f,"2022",75.9646585068119,101.898695424618,0.0540097186950015,b006
"4800",7_00000000000000000370,"2022",76.0744952448132,101.901954068345,0.0172884562822503,b006
"4801",7_00000000000000000372,"2021",76.0331148911534,101.908853403613,0.103171377252647,b006
"4802",7_00000000000000000371,"2022",75.9976364253229,101.91613533118,0.0286812210329487,b006
"4803",7_00000000000000000373,"2020",76.0751762473066,101.918247860695,0.0535905244128511,b006
"4804",7_00000000000000000374,"2022",75.9610595676246,101.923039199673,0.017426797339043,b006
"4805",7_00000000000000000375,"2021",76.0230066092645,101.9242616818,0.219463322817597,b006
"4806",7_0000000000000000037a,"2021",76.0242912443743,101.925614483444,0.219463322817597,b006
"4807",7_00000000000000000378,"2021",76.0134914238828,101.926044321488,0.0251764009231097,b006
"4808",7_00000000000000000376,"2024",75.9947780138937,101.927029322144,0.0104316792733162,b006
"4809",7_0000000000000000037f,"2019",75.9753084406772,101.929929647619,0.269864202456925,b006
"4810",7_00000000000000000377,"2023",75.961147716427,101.930014318129,0.0130696856135794,b006
"4811",7_0000000000000000037d,"2022",76.0206439247188,101.9352705879,0.0242953142894952,b006
"4812",7_00000000000000000379,"2023",76.0017604386247,101.935714387661,0.00955802539333246,b006
"4813",7_0000000000000000037b,"2022",75.9602364009767,101.937147228561,0.0121991811676135,b006
"4814",7_0000000000000000037c,"2022",75.9613106921129,101.941826661765,0.036594643010722,b006
"4815",7_0000000000000000037e,"2016",76.0741778275043,101.943666898554,0.191907487922944,b006
"4816",7_00000000000000000380,"2022",76.0097780246866,101.943814789374,0.0755465686223574,b006
"4817",7_00000000000000000418,"2021",75.9333786611999,101.913848695656,0.02968333271068,b006
"4818",7_00000000000000000382,"2022",76.0248352758119,101.948735939572,0.0199519491613157,b006
"4819",7_00000000000000000385,"2023",76.0692631965442,101.950831006497,0.0510210640398208,b006
"4820",7_00000000000000000381,"2022",76.0018500842579,101.950912887568,0.0356244718398095,b006
"4821",7_00000000000000000383,"2021",76.0289079416148,101.952070422969,0.0294849532908557,b006
"4822",7_00000000000000000384,"2022",76.0372407679881,101.955412601613,0.0130007265675939,b006
"4823",7_00000000000000000386,"2022",76.0205665095954,101.959882604864,0.0242971810349142,b006
"4824",7_00000000000000000387,"2023",76.0250550686677,101.964945696479,0.0208179141316514,b006
"4825",7_00000000000000000389,"2022",76.0355773008718,101.968825172572,0.0710796462314548,b006
"4826",7_00000000000000000388,"2022",76.0755652869243,101.969377566977,0.0432218162955439,b006
"4827",7_0000000000000000038a,"2024",76.0106423524024,101.971954068722,0.0130253098782232,b006
"4828",7_0000000000000000038c,"2023",76.023796885827,101.974466778921,0.024291047762965,b006
"4829",7_0000000000000000038d,"2016",76.0061439240309,101.976859754681,0.157206489689681,b006
"4830",7_0000000000000000038f,"2022",75.9944952485228,101.980070473647,0.0208639590798162,b006
"4831",7_0000000000000000038b,"2016",75.9742373680744,101.980417539372,0.432652639651869,b006
"4832",7_00000000000000000390,"2023",76.0115569741453,101.981162549448,0.0130241628904253,b006
"4833",7_0000000000000000038e,"2023",76.0780804352595,101.983468567079,0.0656838167412022,b006
"4834",7_00000000000000000394,"2023",76.0769836699627,101.985152722817,0.0656838167412022,b006
"4835",7_00000000000000000391,"2024",76.0111993194977,101.988698760499,0.0260488725431051,b006
"4836",7_00000000000000000392,"2022",76.0238808339531,101.988746675455,0.0242909974625667,b006
"4837",7_00000000000000000393,"2024",75.9811686001429,101.990091077885,0.0104414290853559,b006
"4838",7_00000000000000000395,"2022",76.0387298821315,101.992191582057,0.0329313930629491,b006
"4839",7_00000000000000000396,"2024",76.0135805452563,101.99385366209,0.0112854242525783,b006
"4840",7_00000000000000000397,"2021",75.9661392342455,101.998181786999,0.0731678629227243,b006
"4841",7_00000000000000000398,"2022",75.9754351769871,102.009727826401,0.0948809544444758,b006
"4842",7_00000000000000000399,"2022",76.0737050087209,102.010111930203,0.0553271619368372,b006
"4843",7_0000000000000000039a,"2019",76.0771331189421,102.019108790824,0.0354358099650492,b006
"4844",7_0000000000000000039b,"2022",75.9885091182594,102.030793223807,0.031307579804086,b006
"4845",7_0000000000000000039c,"2024",76.0699671090006,102.031727933079,0.0121068914627097,b006
"4846",7_000000000000000003a6,"2022",76.0610658098796,102.080657056797,0.050184615258776,b006
"4847",7_000000000000000003a4,"2023",75.9886996509669,102.076369666893,0.0226126066878494,b006
"4848",7_00000000000000000507,"2022",75.985955014523,102.071868258262,0.0617568503250517,b006
"4849",7_000000000000000003a2,"2022",75.985955014523,102.071868258262,0.0617568503250517,b006
"4850",7_000000000000000003a0,"2023",75.97975914834,102.058095700235,0.0156635379759772,b006
"4851",7_0000000000000000039d,"2021",75.9888056244438,102.038607582183,0.0130448171307177,b006
"4852",7_000000000000000003f2,"2023",75.9518899379368,101.639014193708,0.0139501125988334,b006
"4853",7_000000000000000003f6,"2018",75.954319969333,101.649676668052,0.0313835860853105,b006
"4854",7_000000000000000003f8,"2018",75.9457079207678,101.649690222967,0.0732700143726452,b006
"4855",7_000000000000000003fa,"2024",75.9398460994921,101.664631418271,0.0104709736159875,b006
"4856",7_000000000000000003fc,"2021",75.9432787968625,101.670005633418,0.261743027256691,b006
"4857",7_000000000000000003fd,"2022",75.9479105189701,101.673765571211,0.00959356432770721,b006
"4858",7_000000000000000003fb,"2021",75.9416528333013,101.674597538617,0.343757226373021,b006
"4859",7_0000000000000000033e,"2016",75.9692577088899,101.749134013817,0.0548634740193688,b006
"4860",7_0000000000000000033f,"2022",75.9659159614714,101.765665810038,0.0574862803859824,b006
"4861",7_00000000000000000340,"2016",75.9657618012076,101.770245023025,0.0661983517296879,b006
"4862",7_00000000000000000341,"2016",75.9683921197406,101.772939672852,0.00958020025758963,b006
"4863",7_000000000000000003fe,"2024",75.9394363275979,101.67665968567,0.143980244283354,b006
"4864",7_000000000000000003ff,"2022",75.9468508921991,101.68269373698,0.0130828401630929,b006
"4865",7_00000000000000000400,"2022",75.9411801759305,101.690279340586,0.313253993622928,b006
"4866",7_00000000000000000401,"2021",75.9399746749127,101.697943208286,0.184982894971755,b006
"4867",7_00000000000000000402,"2021",75.9304310310367,101.723007828204,0.0768427370867181,b006
"4868",7_00000000000000000403,"2016",75.9488804648818,101.727139909612,0.0244179827382754,b006
"4869",7_00000000000000000404,"2019",75.9426883453695,101.733908325811,0.0157037403030162,b006
"4870",7_00000000000000000405,"2022",75.9339822493837,101.73325853362,0.0226997960965787,b006
"4871",7_00000000000000000406,"2021",75.9441376137839,101.737562321483,0.00959619020349112,b006
"4872",7_00000000000000000407,"2021",75.9457012978712,101.735507311848,0.0226795026665656,b006
"4873",7_00000000000000000408,"2016",75.9438862630317,101.744479724675,0.0689163021033699,b006
"4874",7_00000000000000000409,"2016",75.949408503054,101.742263587465,0.0619146285412246,b006
"4875",7_0000000000000000040a,"2016",75.9445069794665,101.744263528062,0.0689163021033699,b006
"4876",7_0000000000000000040b,"2019",75.9484851928895,101.753088991428,0.0113379004646867,b006
"4877",7_0000000000000000040c,"2016",75.9624326915662,101.753714446286,0.0688301947089436,b006
"4878",7_0000000000000000040d,"2022",75.9657939402019,101.764874499563,0.0156788092439877,b006
"4879",7_0000000000000000040e,"2022",75.9587896189019,101.76772097455,0.0156875435711101,b006
"4880",7_0000000000000000040f,"2016",75.96565008161,101.771020817882,0.0644563245039508,b006
"4881",7_00000000000000000410,"2018",75.9502504304188,101.776264629922,0.0139520539093558,b006
"4882",7_00000000000000000411,"2024",75.947616550504,101.785948768486,0.0122100887326942,b006
"4883",7_00000000000000000412,"2022",75.9551486553564,101.791147984355,0.051431106577038,b006
"4884",7_00000000000000000413,"2021",75.9636913563629,101.785764795673,0.0923473719107571,b006
"4885",7_0000000000000000054a,"2024",75.9932604019946,102.241437367098,0.0165183086059798,b006
"4886",7_0000000000000000052f,"2018",75.9821429484828,102.191400019927,0.0113108501263555,b006
"4887",7_00000000000000000528,"2023",76.0100287233599,102.188278043468,0.0130253726370385,b006
"4888",7_00000000000000000527,"2022",75.9905828612963,102.183632291678,0.0234776081211013,b006
"4889",7_00000000000000000524,"2022",75.9905828612963,102.183632291678,0.0234776081211013,b006
"4890",7_00000000000000000517,"2023",76.0239309847934,102.164604083076,0.0355677295263933,b006
"4891",7_0000000000000000050d,"2023",76.0498459766791,102.14578150517,0.0216485760658728,b006
"4892",7_000000000000000003b5,"2022",76.0585437456041,102.130860761094,0.0328853859685418,b006
"4893",7_000000000000000003af,"2021",76.0518213314187,102.115081031676,0.0709975137657072,b006
"4894",7_000000000000000003a8,"2021",76.0473295564579,102.093442228508,0.00952777407104265,b006
"4895",7_0000000000000000050a,"2022",75.9926182583096,102.091235222584,0.017388536389627,b006
"4896",7_00000000000000000509,"2022",75.9915343848488,102.082856666677,0.0313017799784201,b006
"4897",7_00000000000000000508,"2022",75.9886345914609,102.076688847758,0.0226126066878494,b006
"4898",7_000000000000000003a1,"2024",75.9915441672152,102.062450362391,0.013911463991535,b006
"4899",7_0000000000000000039f,"2021",76.0563379511513,102.050081242766,0.0242347894545568,b006
"4900",7_0000000000000000039e,"2024",75.980272933587,102.045947737155,0.014793331494213,b006
"4901",7_0000000000000000055c,"2022",75.9947491856825,102.284202273542,0.0191235069211096,b006
"4902",7_00000000000000000556,"2021",75.9971221283005,102.251122282332,0.269423122799589,b006
"4903",7_0000000000000000054e,"2024",75.9950476182113,102.243281266021,0.00956241923245643,b006
"4904",7_0000000000000000053a,"2023",76.0089240656351,102.205562174635,0.0208422967238725,b006
"4905",7_00000000000000000532,"2021",76.0018016481786,102.192262166776,0.112950160806372,b006
"4906",7_00000000000000000522,"2022",76.0035798603974,102.178960083411,0.0139001213323574,b006
"4907",7_0000000000000000051e,"2016",76.016289366908,102.182711528741,0.301169829595448,b006
"4908",7_0000000000000000051c,"2021",75.9845276630826,102.173806966386,0.0434967364536725,b006
"4909",7_00000000000000000519,"2022",76.0238136912634,102.165193912475,0.0355677295263933,b006
"4910",7_00000000000000000518,"2024",76.0258943538566,102.165749708792,0.0112758265281726,b006
"4911",7_00000000000000000513,"2021",76.0149907174091,102.157953578307,0.0251732796750474,b006
"4912",7_00000000000000000512,"2023",76.0023280432448,102.16138648226,0.019984032104073,b006
"4913",7_0000000000000000050f,"2021",76.028624070113,102.144300414247,0.107535137307942,b006
"4914",7_0000000000000000050e,"2022",76.0264723210423,102.153850695235,0.0173464639135423,b006
"4915",7_0000000000000000050c,"2022",76.0571664960743,102.140620942552,0.0882796007674038,b006
"4916",7_000000000000000003b1,"2023",76.0474306044217,102.116464603476,0.0233834410671457,b006
"4917",7_000000000000000003b0,"2023",76.0474306044217,102.116464603476,0.0233834410671457,b006
"4918",7_000000000000000003ad,"2023",76.0534830062513,102.108309310411,0.010388234325905,b006
"4919",7_0000000000000000050b,"2022",76.0135055542326,102.103929382225,0.021704149713505,b006
"4920",7_000000000000000003a9,"2024",76.0203415781507,102.098832085665,0.0121482977993667,b006
"4921",7_000000000000000003a7,"2021",76.0205627479922,102.090634926587,0.0347087546055776,b006
"4922",7_00000000000000000109,"2024",76.2346037670066,100.384993438074,0.00940193864346469,b008
"4923",7_0000000000000000010a,"2023",76.2164251237827,100.416842988804,0.00941424535856683,b008
"4924",7_00000000000000000124,"2023",76.2045796253613,100.479843321402,0.0102778653995888,b008
"4925",7_0000000000000000010b,"2024",76.2637336797949,100.492644364566,0.0102346494999774,b008
"4926",7_0000000000000000010c,"2022",76.2431322375187,100.492662565585,0.0486894228678306,b008
"4927",7_0000000000000000010d,"2024",76.2476538225705,100.638440976403,0.0153702101650263,b008
"4928",7_0000000000000000010e,"2023",76.2438730905151,100.647732738318,0.0196454078102974,b008
"4929",7_0000000000000000010f,"2021",76.2452943082126,100.653264220444,0.0777167181272289,b008
"4930",7_00000000000000000111,"2021",76.2445468521904,100.654887155107,0.0777167181272289,b008
"4931",7_00000000000000000110,"2023",76.2467686758895,100.65575747103,0.0162256903320563,b008
"4932",7_00000000000000000112,"2024",76.2287667799558,100.688398506986,0.0136808876313606,b008
"4933",7_00000000000000000115,"2022",76.2424320997239,100.693983912552,0.0418571916764258,b008
"4934",7_00000000000000000113,"2024",76.2247467894628,100.695304317788,0.0102638517227592,b008
"4935",7_00000000000000000116,"2023",76.2573892019449,100.698585459887,0.023893038723259,b008
"4936",7_00000000000000000114,"2023",76.2573892019449,100.698585459887,0.023893038723259,b008
"4937",7_00000000000000000117,"2024",76.2236034705984,100.700522703721,0.0188181306041089,b008
"4938",7_00000000000000000118,"2022",76.2322935225228,100.706546289252,0.0264980504437588,b008
"4939",7_00000000000000000119,"2024",76.2405956389457,100.709202479482,0.0119607167919123,b008
"4940",7_0000000000000000011a,"2020",76.2219620353968,100.71147392504,0.00941071040214758,b008
"4941",7_0000000000000000011b,"2022",76.230513370466,100.721011827552,0.029922935650917,b008
"4942",7_0000000000000000011c,"2023",76.245893951294,100.732784675846,0.0170799480063732,b008
"4943",7_000000000000000001f0,"2023",76.2202152924754,100.733133320478,0.02566625628498,b008
"4944",7_000000000000000001ef,"2023",76.2202152924754,100.733133320478,0.02566625628498,b008
"4945",7_000000000000000001f1,"2023",76.2194162447849,100.740370106058,0.0179681045543084,b008
"4946",7_000000000000000001f2,"2024",76.2273519472058,100.748664150362,0.0094060617183884,b008
"4947",7_000000000000000001f3,"2022",76.2526134816343,100.763633688976,0.0324354703862212,b008
"4948",7_000000000000000001f4,"2024",76.2301297752844,100.769187257525,0.0111147363696198,b008
"4949",7_000000000000000001f5,"2021",76.2423965554716,100.770227837114,0.101652620440566,b008
"4950",7_000000000000000001f6,"2023",76.2171586775803,100.775198619942,0.0145472740340265,b008
"4951",7_000000000000000001f7,"2024",76.2222473569717,100.775835515682,0.014542508478842,b008
"4952",7_000000000000000001f8,"2024",76.2194018438943,100.778674223338,0.0239562262178751,b008
"4953",7_000000000000000001f9,"2022",76.2302973030342,100.779030461928,0.0188085574610866,b008
"4954",7_000000000000000001fa,"2024",76.2492285172825,100.78946886545,0.014514379987622,b008
"4955",7_000000000000000001fb,"2022",76.2497136620604,100.800670903352,0.0307373058690625,b008
"4956",7_000000000000000001fc,"2024",76.2126522220147,100.812362966155,0.0094158488534155,b008
"4957",7_000000000000000001fd,"2022",76.2550433716601,100.839074356946,0.0119487339416515,b008
"4958",7_000000000000000001fe,"2024",76.2555061477025,100.849328436568,0.0145081445250695,b008
"4959",7_000000000000000001ff,"2024",76.2464321480458,100.856030821787,0.0128101601108813,b008
"4960",7_00000000000000000200,"2024",76.2722227629159,100.86710707642,0.0102290759843305,b008
"4961",7_00000000000000000201,"2024",76.2452463530512,100.868643189869,0.0128111976367793,b008
"4962",7_00000000000000000204,"2024",76.2386706595635,100.88327669846,0.0102531156966842,b008
"4963",7_00000000000000000205,"2018",76.2358287324755,100.893015212186,0.00940048912470261,b008
"4964",7_00000000000000000206,"2023",76.2448998931246,100.903939014834,0.0162282404679662,b008
"4965",7_00000000000000000207,"2023",76.2448620614614,100.911552694135,0.0119570598356443,b008
"4966",7_00000000000000000000,"2024",74.4411418429646,97.0991685886827,0.0105982319737345,control_003
"4967",7_00000000000000000001,"2024",74.4384468948114,97.1196502820457,0.0125271591211997,control_003
