"","Date","Area","ID","MaskSize","ImageSize","RollingMedian","Images"
"1",2019-09-12,900,"ID108177341327213",15400,1000000,16600,12
"2",2021-07-17,16600,"ID108177341327213",15400,1000000,16600,12
"3",2022-07-20,15900,"ID108177341327213",15400,1000000,15900,12
"4",2022-08-05,17700,"ID108177341327213",15400,1000000,16600,12
"5",2023-07-09,13900,"ID108177341327213",15400,1000000,16800,12
"6",2023-07-27,16800,"ID108177341327213",15400,1000000,17200,12
"7",2023-07-29,17500,"ID108177341327213",15400,1000000,17200,12
"8",2023-08-17,17200,"ID108177341327213",15400,1000000,17500,12
"9",2023-08-22,30200,"ID108177341327213",15400,1000000,17500,12
"10",2024-07-06,26700,"ID108177341327213",15400,1000000,17700,12
"11",2024-07-08,17200,"ID108177341327213",15400,1000000,26700,12
"12",2024-07-26,17700,"ID108177341327213",15400,1000000,26700,12
"13",2019-07-18,62600,"ID109169478772258",46600,1000000,17800,21
"14",2020-08-14,60300,"ID109169478772258",46600,1000000,17800,21
"15",2020-08-23,17600,"ID109169478772258",46600,1000000,22100,21
"16",2020-09-09,17700,"ID109169478772258",46600,1000000,22100,21
"17",2021-07-17,22100,"ID109169478772258",46600,1000000,22100,21
"18",2021-08-03,25700,"ID109169478772258",46600,1000000,25700,21
"19",2022-07-20,31200,"ID109169478772258",46600,1000000,25700,21
"20",2022-08-04,25700,"ID109169478772258",46600,1000000,30500,21
"21",2023-07-05,30500,"ID109169478772258",46600,1000000,30500,21
"22",2023-07-09,33300,"ID109169478772258",46600,1000000,29900,21
"23",2023-07-27,29500,"ID109169478772258",46600,1000000,29900,21
"24",2023-07-29,29900,"ID109169478772258",46600,1000000,29500,21
"25",2023-08-08,29000,"ID109169478772258",46600,1000000,29500,21
"26",2023-08-17,27000,"ID109169478772258",46600,1000000,29900,21
"27",2023-08-22,30200,"ID109169478772258",46600,1000000,30000,21
"28",2024-07-06,30000,"ID109169478772258",46600,1000000,30000,21
"29",2024-07-08,30100,"ID109169478772258",46600,1000000,30100,21
"30",2024-07-26,29100,"ID109169478772258",46600,1000000,30100,21
"31",2024-07-30,30400,"ID109169478772258",46600,1000000,30400,21
"32",2024-08-05,31000,"ID109169478772258",46600,1000000,30400,21
"33",2024-08-14,31100,"ID109169478772258",46600,1000000,31000,21
"34",2021-07-17,27300,"ID109581795632210",83800,1000000,35000,18
"35",2021-08-03,40800,"ID109581795632210",83800,1000000,40800,18
"36",2022-07-20,48000,"ID109581795632210",83800,1000000,48000,18
"37",2022-08-04,48000,"ID109581795632210",83800,1000000,48000,18
"38",2022-08-16,50700,"ID109581795632210",83800,1000000,50700,18
"39",2023-07-09,53200,"ID109581795632210",83800,1000000,50700,18
"40",2023-07-27,50700,"ID109581795632210",83800,1000000,53000,18
"41",2023-07-29,53000,"ID109581795632210",83800,1000000,53200,18
"42",2023-08-08,54200,"ID109581795632210",83800,1000000,54200,18
"43",2023-08-17,54500,"ID109581795632210",83800,1000000,54500,18
"44",2023-08-22,56000,"ID109581795632210",83800,1000000,56000,18
"45",2023-09-07,56800,"ID109581795632210",83800,1000000,56800,18
"46",2024-07-06,56900,"ID109581795632210",83800,1000000,56900,18
"47",2024-07-08,57400,"ID109581795632210",83800,1000000,57400,18
"48",2024-07-26,58700,"ID109581795632210",83800,1000000,58700,18
"49",2024-07-30,61200,"ID109581795632210",83800,1000000,58900,18
"50",2024-08-05,61100,"ID109581795632210",83800,1000000,58900,18
"51",2024-08-14,58900,"ID109581795632210",83800,1000000,61100,18
"52",2019-08-01,90500,"ID109629040272438",82100,1000000,58900,17
"53",2020-07-05,69300,"ID109629040272438",82100,1000000,68300,17
"54",2020-07-17,55800,"ID109629040272438",82100,1000000,68300,17
"55",2020-08-01,68300,"ID109629040272438",82100,1000000,68300,17
"56",2020-08-23,66500,"ID109629040272438",82100,1000000,68300,17
"57",2020-09-09,74200,"ID109629040272438",82100,1000000,74200,17
"58",2021-07-17,111200,"ID109629040272438",82100,1000000,111200,17
"59",2021-08-03,132600,"ID109629040272438",82100,1000000,132600,17
"60",2022-07-20,147100,"ID109629040272438",82100,1000000,147100,17
"61",2022-08-04,149400,"ID109629040272438",82100,1000000,149400,17
"62",2022-08-16,156100,"ID109629040272438",82100,1000000,156100,17
"63",2023-07-05,163100,"ID109629040272438",82100,1000000,157600,17
"64",2023-07-09,160800,"ID109629040272438",82100,1000000,160200,17
"65",2023-07-27,157600,"ID109629040272438",82100,1000000,160800,17
"66",2023-07-29,160200,"ID109629040272438",82100,1000000,160200,17
"67",2023-08-08,161400,"ID109629040272438",82100,1000000,157600,17
"68",2023-08-17,156000,"ID109629040272438",82100,1000000,156000,17
"69",2019-09-12,32300,"ID109994112492440",30700,1000000,32300,22
"70",2020-09-09,33000,"ID109994112492440",30700,1000000,33000,22
"71",2021-07-17,34700,"ID109994112492440",30700,1000000,34700,22
"72",2021-08-03,41600,"ID109994112492440",30700,1000000,41600,22
"73",2022-07-14,41600,"ID109994112492440",30700,1000000,41600,22
"74",2022-07-20,41600,"ID109994112492440",30700,1000000,41600,22
"75",2022-08-04,44300,"ID109994112492440",30700,1000000,41600,22
"76",2022-08-16,47300,"ID109994112492440",30700,1000000,43000,22
"77",2023-07-05,34500,"ID109994112492440",30700,1000000,43300,22
"78",2023-07-09,43000,"ID109994112492440",30700,1000000,43300,22
"79",2023-07-27,43300,"ID109994112492440",30700,1000000,43300,22
"80",2023-07-29,45300,"ID109994112492440",30700,1000000,44100,22
"81",2023-08-08,45300,"ID109994112492440",30700,1000000,45300,22
"82",2023-08-17,44100,"ID109994112492440",30700,1000000,45300,22
"83",2023-08-22,49600,"ID109994112492440",30700,1000000,45700,22
"84",2023-09-07,45700,"ID109994112492440",30700,1000000,48700,22
"85",2024-07-06,48700,"ID109994112492440",30700,1000000,48700,22
"86",2024-07-08,49800,"ID109994112492440",30700,1000000,48700,22
"87",2024-07-26,47300,"ID109994112492440",30700,1000000,48700,22
"88",2024-07-30,49300,"ID109994112492440",30700,1000000,49000,22
"89",2024-08-05,47800,"ID109994112492440",30700,1000000,47800,22
"90",2024-08-14,49000,"ID109994112492440",30700,1000000,47800,22
"91",2021-07-17,15000,"ID110148731314980",39900,1000000,15300,16
"92",2022-07-14,14800,"ID110148731314980",39900,1000000,15300,16
"93",2022-07-20,15300,"ID110148731314980",39900,1000000,15300,16
"94",2022-08-16,16800,"ID110148731314980",39900,1000000,16500,16
"95",2023-07-09,19700,"ID110148731314980",39900,1000000,16800,16
"96",2023-07-27,16500,"ID110148731314980",39900,1000000,17000,16
"97",2023-07-29,17000,"ID110148731314980",39900,1000000,17200,16
"98",2023-08-08,17300,"ID110148731314980",39900,1000000,17200,16
"99",2023-08-17,17200,"ID110148731314980",39900,1000000,17300,16
"100",2023-08-22,17400,"ID110148731314980",39900,1000000,17300,16
"101",2023-09-07,17700,"ID110148731314980",39900,1000000,17400,16
"102",2024-07-06,17100,"ID110148731314980",39900,1000000,17700,16
"103",2024-07-08,17900,"ID110148731314980",39900,1000000,17700,16
"104",2024-07-30,18300,"ID110148731314980",39900,1000000,17900,16
"105",2024-08-05,17700,"ID110148731314980",39900,1000000,18300,16
"106",2024-08-14,18600,"ID110148731314980",39900,1000000,18600,16
"107",2019-09-12,34900,"ID110290465235891",41300,1000000,34900,6
"108",2020-08-14,43400,"ID110290465235891",41300,1000000,43400,6
"109",2020-08-23,48400,"ID110290465235891",41300,1000000,48400,6
"110",2020-09-09,54300,"ID110290465235891",41300,1000000,54300,6
"111",2021-07-17,59400,"ID110290465235891",41300,1000000,59400,6
"112",2021-08-03,65200,"ID110290465235891",41300,1000000,65200,6
"113",2019-09-12,2900,"ID110436494123715",18300,1000000,20600,22
"114",2020-09-09,20600,"ID110436494123715",18300,1000000,17700,22
"115",2021-07-17,17100,"ID110436494123715",18300,1000000,17700,22
"116",2021-07-22,17700,"ID110436494123715",18300,1000000,18400,22
"117",2021-08-03,18400,"ID110436494123715",18300,1000000,18400,22
"118",2022-07-14,36000,"ID110436494123715",18300,1000000,25100,22
"119",2022-07-20,25100,"ID110436494123715",18300,1000000,26300,22
"120",2022-08-04,26300,"ID110436494123715",18300,1000000,26300,22
"121",2022-08-05,26400,"ID110436494123715",18300,1000000,26300,22
"122",2022-08-16,25300,"ID110436494123715",18300,1000000,26400,22
"123",2023-07-27,27900,"ID110436494123715",18300,1000000,27900,22
"124",2023-07-29,27900,"ID110436494123715",18300,1000000,27900,22
"125",2023-08-08,28900,"ID110436494123715",18300,1000000,27900,22
"126",2023-08-17,27200,"ID110436494123715",18300,1000000,27900,22
"127",2023-08-22,28000,"ID110436494123715",18300,1000000,28000,22
"128",2023-09-07,27500,"ID110436494123715",18300,1000000,28000,22
"129",2024-07-06,29400,"ID110436494123715",18300,1000000,29400,22
"130",2024-07-08,31200,"ID110436494123715",18300,1000000,29500,22
"131",2024-07-26,29500,"ID110436494123715",18300,1000000,30200,22
"132",2024-07-30,31900,"ID110436494123715",18300,1000000,30200,22
"133",2024-08-05,30200,"ID110436494123715",18300,1000000,30000,22
"134",2024-08-14,30000,"ID110436494123715",18300,1000000,30200,22
"135",2020-08-14,5200,"ID110475148829594",29800,1000000,8200,20
"136",2020-08-23,6000,"ID110475148829594",29800,1000000,8200,20
"137",2020-09-09,8200,"ID110475148829594",29800,1000000,8200,20
"138",2021-07-17,11400,"ID110475148829594",29800,1000000,11400,20
"139",2021-08-03,14800,"ID110475148829594",29800,1000000,14800,20
"140",2022-07-20,31200,"ID110475148829594",29800,1000000,31200,20
"141",2022-08-04,32900,"ID110475148829594",29800,1000000,32900,20
"142",2022-08-16,34500,"ID110475148829594",29800,1000000,34500,20
"143",2023-07-09,34800,"ID110475148829594",29800,1000000,34800,20
"144",2023-07-27,35400,"ID110475148829594",29800,1000000,35400,20
"145",2023-08-08,35900,"ID110475148829594",29800,1000000,35900,20
"146",2023-08-17,36200,"ID110475148829594",29800,1000000,36200,20
"147",2023-08-22,37500,"ID110475148829594",29800,1000000,36700,20
"148",2023-09-07,36700,"ID110475148829594",29800,1000000,37500,20
"149",2024-07-06,37600,"ID110475148829594",29800,1000000,37600,20
"150",2024-07-08,38400,"ID110475148829594",29800,1000000,38400,20
"151",2024-07-26,39800,"ID110475148829594",29800,1000000,39800,20
"152",2024-07-30,40800,"ID110475148829594",29800,1000000,40800,20
"153",2024-08-05,42000,"ID110475148829594",29800,1000000,40800,20
"154",2024-08-14,40800,"ID110475148829594",29800,1000000,40800,20
"155",2019-08-01,126300,"ID110522393470713",78000,1000000,33700,25
"156",2020-07-05,27300,"ID110522393470713",78000,1000000,29300,25
"157",2020-07-17,28300,"ID110522393470713",78000,1000000,29300,25
"158",2020-08-01,29300,"ID110522393470713",78000,1000000,29300,25
"159",2020-08-14,45700,"ID110522393470713",78000,1000000,33800,25
"160",2020-08-23,33800,"ID110522393470713",78000,1000000,39400,25
"161",2020-09-09,39400,"ID110522393470713",78000,1000000,42100,25
"162",2021-07-17,42100,"ID110522393470713",78000,1000000,42100,25
"163",2021-08-03,63700,"ID110522393470713",78000,1000000,63700,25
"164",2022-07-14,80400,"ID110522393470713",78000,1000000,66600,25
"165",2022-07-20,71700,"ID110522393470713",78000,1000000,66600,25
"166",2022-08-04,66600,"ID110522393470713",78000,1000000,69900,25
"167",2022-08-16,55400,"ID110522393470713",78000,1000000,68400,25
"168",2023-07-09,69900,"ID110522393470713",78000,1000000,68400,25
"169",2023-07-27,68400,"ID110522393470713",78000,1000000,68400,25
"170",2023-07-29,69300,"ID110522393470713",78000,1000000,68400,25
"171",2023-08-08,68200,"ID110522393470713",78000,1000000,68400,25
"172",2023-08-17,59000,"ID110522393470713",78000,1000000,68200,25
"173",2023-08-22,68900,"ID110522393470713",78000,1000000,68200,25
"174",2024-07-06,59500,"ID110522393470713",78000,1000000,68700,25
"175",2024-07-08,68700,"ID110522393470713",78000,1000000,68900,25
"176",2024-07-26,69200,"ID110522393470713",78000,1000000,69200,25
"177",2024-07-30,70600,"ID110522393470713",78000,1000000,69200,25
"178",2024-08-05,69900,"ID110522393470713",78000,1000000,69200,25
"179",2024-08-14,62200,"ID110522393470713",78000,1000000,62200,25
"180",2020-08-15,28400,"ID110530983404168",57400,1000000,33700,24
"181",2020-08-23,29900,"ID110530983404168",57400,1000000,33700,24
"182",2020-09-09,33700,"ID110530983404168",57400,1000000,32700,24
"183",2021-07-17,34100,"ID110530983404168",57400,1000000,33700,24
"184",2021-07-22,32700,"ID110530983404168",57400,1000000,34100,24
"185",2022-07-14,58000,"ID110530983404168",57400,1000000,39100,24
"186",2022-07-20,40100,"ID110530983404168",57400,1000000,40100,24
"187",2022-08-04,39100,"ID110530983404168",57400,1000000,40900,24
"188",2022-08-05,40900,"ID110530983404168",57400,1000000,40900,24
"189",2022-08-16,44300,"ID110530983404168",57400,1000000,44300,24
"190",2023-07-02,58100,"ID110530983404168",57400,1000000,44300,24
"191",2023-07-09,45600,"ID110530983404168",57400,1000000,44300,24
"192",2023-07-27,41400,"ID110530983404168",57400,1000000,42500,24
"193",2023-07-29,41800,"ID110530983404168",57400,1000000,41800,24
"194",2023-08-08,42500,"ID110530983404168",57400,1000000,41800,24
"195",2023-08-17,41800,"ID110530983404168",57400,1000000,41800,24
"196",2023-08-22,45500,"ID110530983404168",57400,1000000,42500,24
"197",2023-09-07,39500,"ID110530983404168",57400,1000000,44500,24
"198",2024-07-06,44500,"ID110530983404168",57400,1000000,44500,24
"199",2024-07-08,45500,"ID110530983404168",57400,1000000,44500,24
"200",2024-07-26,44100,"ID110530983404168",57400,1000000,44900,24
"201",2024-07-30,46300,"ID110530983404168",57400,1000000,45500,24
"202",2024-08-05,44900,"ID110530983404168",57400,1000000,45500,24
"203",2024-08-14,45500,"ID110530983404168",57400,1000000,46300,24
"204",2020-07-05,16300,"ID110552458241776",38400,1000000,16300,20
"205",2020-08-01,16100,"ID110552458241776",38400,1000000,16300,20
"206",2020-08-14,15700,"ID110552458241776",38400,1000000,16300,20
"207",2020-09-09,22600,"ID110552458241776",38400,1000000,22600,20
"208",2021-08-03,24100,"ID110552458241776",38400,1000000,24100,20
"209",2022-07-14,37700,"ID110552458241776",38400,1000000,25800,20
"210",2022-07-20,28300,"ID110552458241776",38400,1000000,28300,20
"211",2022-08-04,25800,"ID110552458241776",38400,1000000,28300,20
"212",2023-07-09,28900,"ID110552458241776",38400,1000000,26700,20
"213",2023-07-27,26700,"ID110552458241776",38400,1000000,26600,20
"214",2023-07-29,26600,"ID110552458241776",38400,1000000,26700,20
"215",2023-08-08,25800,"ID110552458241776",38400,1000000,26700,20
"216",2023-08-17,26800,"ID110552458241776",38400,1000000,26800,20
"217",2023-08-22,28000,"ID110552458241776",38400,1000000,27400,20
"218",2024-07-06,27400,"ID110552458241776",38400,1000000,27400,20
"219",2024-07-08,27900,"ID110552458241776",38400,1000000,27400,20
"220",2024-07-26,26400,"ID110552458241776",38400,1000000,27000,20
"221",2024-07-30,27000,"ID110552458241776",38400,1000000,27000,20
"222",2024-08-05,26700,"ID110552458241776",38400,1000000,27000,20
"223",2024-08-14,27100,"ID110552458241776",38400,1000000,27100,20
"224",2019-07-15,31400,"ID110586817979317",63100,1000000,31400,27
"225",2019-08-01,33800,"ID110586817979317",63100,1000000,33800,27
"226",2020-07-05,35900,"ID110586817979317",63100,1000000,34000,27
"227",2020-07-17,34000,"ID110586817979317",63100,1000000,34000,27
"228",2020-08-01,35400,"ID110586817979317",63100,1000000,35200,27
"229",2020-08-14,33800,"ID110586817979317",63100,1000000,35200,27
"230",2020-08-23,35200,"ID110586817979317",63100,1000000,35400,27
"231",2020-09-09,45000,"ID110586817979317",63100,1000000,45000,27
"232",2021-07-17,47700,"ID110586817979317",63100,1000000,47700,27
"233",2021-08-03,62200,"ID110586817979317",63100,1000000,57700,27
"234",2022-07-20,57700,"ID110586817979317",63100,1000000,60400,27
"235",2022-08-04,60400,"ID110586817979317",63100,1000000,62200,27
"236",2022-08-16,65700,"ID110586817979317",63100,1000000,65700,27
"237",2023-07-05,72000,"ID110586817979317",63100,1000000,66000,27
"238",2023-07-09,70300,"ID110586817979317",63100,1000000,67500,27
"239",2023-07-27,66000,"ID110586817979317",63100,1000000,67500,27
"240",2023-07-29,67500,"ID110586817979317",63100,1000000,66000,27
"241",2023-08-08,61900,"ID110586817979317",63100,1000000,66000,27
"242",2023-08-17,60700,"ID110586817979317",63100,1000000,61900,27
"243",2023-08-22,68200,"ID110586817979317",63100,1000000,61900,27
"244",2023-09-07,61600,"ID110586817979317",63100,1000000,65900,27
"245",2024-07-06,65900,"ID110586817979317",63100,1000000,65900,27
"246",2024-07-08,67900,"ID110586817979317",63100,1000000,64600,27
"247",2024-07-26,62700,"ID110586817979317",63100,1000000,64600,27
"248",2024-07-30,64600,"ID110586817979317",63100,1000000,64000,27
"249",2024-08-05,64000,"ID110586817979317",63100,1000000,62700,27
"250",2024-08-14,62100,"ID110586817979317",63100,1000000,62100,27
"251",2021-07-17,131900,"ID110715666997977",106200,1000000,124200,16
"252",2022-07-14,137600,"ID110715666997977",106200,1000000,131900,16
"253",2022-07-20,124200,"ID110715666997977",106200,1000000,137600,16
"254",2022-08-16,164300,"ID110715666997977",106200,1000000,164300,16
"255",2023-07-09,179200,"ID110715666997977",106200,1000000,164300,16
"256",2023-07-27,173800,"ID110715666997977",106200,1000000,164300,16
"257",2023-07-29,142400,"ID110715666997977",106200,1000000,173200,16
"258",2023-08-08,143300,"ID110715666997977",106200,1000000,173200,16
"259",2023-08-17,173200,"ID110715666997977",106200,1000000,154700,16
"260",2023-08-22,176500,"ID110715666997977",106200,1000000,173200,16
"261",2023-09-07,154700,"ID110715666997977",106200,1000000,173200,16
"262",2024-07-06,181500,"ID110715666997977",106200,1000000,176500,16
"263",2024-07-08,149900,"ID110715666997977",106200,1000000,181500,16
"264",2024-07-30,190100,"ID110715666997977",106200,1000000,184300,16
"265",2024-08-05,194200,"ID110715666997977",106200,1000000,184300,16
"266",2024-08-14,184300,"ID110715666997977",106200,1000000,184300,16
"267",2019-07-15,138900,"ID110719961965796",232500,1000000,150600,28
"268",2019-08-01,166200,"ID110719961965796",232500,1000000,150600,28
"269",2020-07-05,150600,"ID110719961965796",232500,1000000,152300,28
"270",2020-07-17,165700,"ID110719961965796",232500,1000000,165700,28
"271",2020-08-01,152300,"ID110719961965796",232500,1000000,165700,28
"272",2020-08-14,185600,"ID110719961965796",232500,1000000,185600,28
"273",2020-08-23,212300,"ID110719961965796",232500,1000000,189200,28
"274",2020-09-09,216600,"ID110719961965796",232500,1000000,212300,28
"275",2021-07-17,189200,"ID110719961965796",232500,1000000,216600,28
"276",2021-08-03,258100,"ID110719961965796",232500,1000000,258100,28
"277",2022-07-14,294300,"ID110719961965796",232500,1000000,258100,28
"278",2022-07-20,264500,"ID110719961965796",232500,1000000,262300,28
"279",2022-08-04,253600,"ID110719961965796",232500,1000000,264500,28
"280",2022-08-16,262300,"ID110719961965796",232500,1000000,264500,28
"281",2023-07-05,278200,"ID110719961965796",232500,1000000,262300,28
"282",2023-07-09,273300,"ID110719961965796",232500,1000000,265000,28
"283",2023-07-27,260700,"ID110719961965796",232500,1000000,265300,28
"284",2023-07-29,265000,"ID110719961965796",232500,1000000,265000,28
"285",2023-08-08,265300,"ID110719961965796",232500,1000000,265000,28
"286",2023-08-17,261500,"ID110719961965796",232500,1000000,265300,28
"287",2023-08-22,278200,"ID110719961965796",232500,1000000,270100,28
"288",2023-09-07,270100,"ID110719961965796",232500,1000000,274200,28
"289",2024-07-06,276000,"ID110719961965796",232500,1000000,276000,28
"290",2024-07-08,274200,"ID110719961965796",232500,1000000,276000,28
"291",2024-07-26,280300,"ID110719961965796",232500,1000000,279400,28
"292",2024-07-30,280400,"ID110719961965796",232500,1000000,279400,28
"293",2024-08-05,279400,"ID110719961965796",232500,1000000,279400,28
"294",2024-08-14,278500,"ID110719961965796",232500,1000000,278500,28
"295",2019-07-15,65000,"ID110741436801970",87000,1000000,70900,27
"296",2019-08-01,70900,"ID110741436801970",87000,1000000,65000,27
"297",2020-07-05,54100,"ID110741436801970",87000,1000000,54100,27
"298",2020-07-17,53800,"ID110741436801970",87000,1000000,53800,27
"299",2020-08-01,37100,"ID110741436801970",87000,1000000,53800,27
"300",2020-08-14,25900,"ID110741436801970",87000,1000000,53800,27
"301",2020-08-23,64100,"ID110741436801970",87000,1000000,64100,27
"302",2020-09-09,99100,"ID110741436801970",87000,1000000,99100,27
"303",2021-07-17,116000,"ID110741436801970",87000,1000000,116000,27
"304",2021-08-03,117000,"ID110741436801970",87000,1000000,117000,27
"305",2022-07-20,122700,"ID110741436801970",87000,1000000,122700,27
"306",2022-08-04,124100,"ID110741436801970",87000,1000000,124100,27
"307",2022-08-16,128600,"ID110741436801970",87000,1000000,128600,27
"308",2023-07-05,148100,"ID110741436801970",87000,1000000,131200,27
"309",2023-07-09,131200,"ID110741436801970",87000,1000000,133400,27
"310",2023-07-27,133400,"ID110741436801970",87000,1000000,135000,27
"311",2023-07-29,135000,"ID110741436801970",87000,1000000,135000,27
"312",2023-08-08,136700,"ID110741436801970",87000,1000000,136000,27
"313",2023-08-17,136000,"ID110741436801970",87000,1000000,136000,27
"314",2023-08-22,140800,"ID110741436801970",87000,1000000,136700,27
"315",2023-09-07,135100,"ID110741436801970",87000,1000000,140300,27
"316",2024-07-06,140300,"ID110741436801970",87000,1000000,140800,27
"317",2024-07-08,142400,"ID110741436801970",87000,1000000,142400,27
"318",2024-07-26,144700,"ID110741436801970",87000,1000000,144700,27
"319",2024-07-30,147000,"ID110741436801970",87000,1000000,147000,27
"320",2024-08-05,148500,"ID110741436801970",87000,1000000,147000,27
"321",2024-08-14,147600,"ID110741436801970",87000,1000000,147000,27
"322",2019-07-15,72700,"ID110805861311419",108000,1000000,62200,17
"323",2019-08-01,114900,"ID110805861311419",108000,1000000,62300,17
"324",2020-07-05,62200,"ID110805861311419",108000,1000000,63300,17
"325",2020-07-17,62300,"ID110805861311419",108000,1000000,62300,17
"326",2020-08-01,63300,"ID110805861311419",108000,1000000,62300,17
"327",2020-08-14,52900,"ID110805861311419",108000,1000000,63300,17
"328",2020-08-23,64100,"ID110805861311419",108000,1000000,64100,17
"329",2020-09-09,84300,"ID110805861311419",108000,1000000,84300,17
"330",2021-07-17,95600,"ID110805861311419",108000,1000000,88500,17
"331",2021-08-03,98000,"ID110805861311419",108000,1000000,95600,17
"332",2022-07-14,88500,"ID110805861311419",108000,1000000,98000,17
"333",2023-07-05,196500,"ID110805861311419",108000,1000000,107800,17
"334",2023-07-09,107800,"ID110805861311419",108000,1000000,107800,17
"335",2023-07-29,109000,"ID110805861311419",108000,1000000,107800,17
"336",2023-08-17,83800,"ID110805861311419",108000,1000000,95200,17
"337",2023-08-22,95200,"ID110805861311419",108000,1000000,90400,17
"338",2023-09-07,90400,"ID110805861311419",108000,1000000,83800,17
"339",2019-07-15,88200,"ID110857400918895",156000,1000000,88100,27
"340",2019-08-01,92600,"ID110857400918895",156000,1000000,88100,27
"341",2020-07-05,88100,"ID110857400918895",156000,1000000,88100,27
"342",2020-07-17,86800,"ID110857400918895",156000,1000000,88100,27
"343",2020-08-01,83700,"ID110857400918895",156000,1000000,88100,27
"344",2020-08-14,137700,"ID110857400918895",156000,1000000,137700,27
"345",2020-08-23,145000,"ID110857400918895",156000,1000000,145000,27
"346",2020-09-09,182400,"ID110857400918895",156000,1000000,182400,27
"347",2021-07-17,187200,"ID110857400918895",156000,1000000,187200,27
"348",2021-08-03,230300,"ID110857400918895",156000,1000000,230300,27
"349",2022-07-20,238600,"ID110857400918895",156000,1000000,238600,27
"350",2022-08-04,243800,"ID110857400918895",156000,1000000,243800,27
"351",2022-08-16,251100,"ID110857400918895",156000,1000000,251100,27
"352",2023-07-05,257900,"ID110857400918895",156000,1000000,254600,27
"353",2023-07-09,254600,"ID110857400918895",156000,1000000,256500,27
"354",2023-07-27,256500,"ID110857400918895",156000,1000000,257900,27
"355",2023-07-29,264300,"ID110857400918895",156000,1000000,260500,27
"356",2023-08-08,261900,"ID110857400918895",156000,1000000,261900,27
"357",2023-08-17,260500,"ID110857400918895",156000,1000000,261900,27
"358",2023-08-22,271300,"ID110857400918895",156000,1000000,261900,27
"359",2023-09-07,261800,"ID110857400918895",156000,1000000,271300,27
"360",2024-07-06,272600,"ID110857400918895",156000,1000000,272600,27
"361",2024-07-08,274900,"ID110857400918895",156000,1000000,274900,27
"362",2024-07-26,279200,"ID110857400918895",156000,1000000,279200,27
"363",2024-07-30,283500,"ID110857400918895",156000,1000000,283500,27
"364",2024-08-05,285400,"ID110857400918895",156000,1000000,283500,27
"365",2024-08-14,283800,"ID110857400918895",156000,1000000,283500,27
"366",2020-08-14,106400,"ID110865990853492",200200,1000000,106400,22
"367",2020-08-23,113000,"ID110865990853492",200200,1000000,113000,22
"368",2020-09-09,129500,"ID110865990853492",200200,1000000,129500,22
"369",2021-07-17,138500,"ID110865990853492",200200,1000000,138500,22
"370",2021-08-03,160800,"ID110865990853492",200200,1000000,160800,22
"371",2022-07-20,166900,"ID110865990853492",200200,1000000,166900,22
"372",2022-08-04,171400,"ID110865990853492",200200,1000000,171400,22
"373",2022-08-16,178000,"ID110865990853492",200200,1000000,178000,22
"374",2023-07-05,178200,"ID110865990853492",200200,1000000,178200,22
"375",2023-07-09,180000,"ID110865990853492",200200,1000000,180000,22
"376",2023-07-27,182300,"ID110865990853492",200200,1000000,182300,22
"377",2023-07-29,187000,"ID110865990853492",200200,1000000,184700,22
"378",2023-08-08,186200,"ID110865990853492",200200,1000000,186200,22
"379",2023-08-17,184700,"ID110865990853492",200200,1000000,187000,22
"380",2023-08-22,192600,"ID110865990853492",200200,1000000,192600,22
"381",2023-09-07,192700,"ID110865990853492",200200,1000000,192700,22
"382",2024-07-06,194000,"ID110865990853492",200200,1000000,194000,22
"383",2024-07-08,195800,"ID110865990853492",200200,1000000,195800,22
"384",2024-07-26,200100,"ID110865990853492",200200,1000000,200100,22
"385",2024-07-30,204400,"ID110865990853492",200200,1000000,204400,22
"386",2024-08-05,204700,"ID110865990853492",200200,1000000,204400,22
"387",2024-08-14,204600,"ID110865990853492",200200,1000000,204400,22
"388",2020-09-09,111500,"ID110921825428458",103500,1000000,111500,6
"389",2023-07-09,165600,"ID110921825428458",103500,1000000,163700,6
"390",2023-08-08,178000,"ID110921825428458",103500,1000000,165600,6
"391",2023-09-07,163700,"ID110921825428458",103500,1000000,172300,6
"392",2024-07-06,172300,"ID110921825428458",103500,1000000,172300,6
"393",2024-08-14,174200,"ID110921825428458",103500,1000000,163700,6
"394",2021-07-17,22000,"ID110973365036391",39600,1000000,27000,20
"395",2021-08-03,24200,"ID110973365036391",39600,1000000,32000,20
"396",2022-07-14,44900,"ID110973365036391",39600,1000000,30100,20
"397",2022-07-20,38100,"ID110973365036391",39600,1000000,30400,20
"398",2022-08-04,30100,"ID110973365036391",39600,1000000,38100,20
"399",2022-08-16,30400,"ID110973365036391",39600,1000000,38100,20
"400",2023-07-05,43900,"ID110973365036391",39600,1000000,36800,20
"401",2023-07-09,43200,"ID110973365036391",39600,1000000,36800,20
"402",2023-07-27,36800,"ID110973365036391",39600,1000000,36800,20
"403",2023-07-29,31700,"ID110973365036391",39600,1000000,33600,20
"404",2023-08-08,33100,"ID110973365036391",39600,1000000,33600,20
"405",2023-08-17,33600,"ID110973365036391",39600,1000000,33600,20
"406",2023-08-22,34100,"ID110973365036391",39600,1000000,33600,20
"407",2023-09-07,33600,"ID110973365036391",39600,1000000,34100,20
"408",2024-07-06,35300,"ID110973365036391",39600,1000000,35100,20
"409",2024-07-08,35100,"ID110973365036391",39600,1000000,35300,20
"410",2024-07-26,36100,"ID110973365036391",39600,1000000,36100,20
"411",2024-07-30,37300,"ID110973365036391",39600,1000000,36700,20
"412",2024-08-05,36700,"ID110973365036391",39600,1000000,36700,20
"413",2024-08-14,36700,"ID110973365036391",39600,1000000,36700,20
"414",2020-08-14,18300,"ID111067854316427",66900,1000000,77100,15
"415",2020-08-23,77100,"ID111067854316427",66900,1000000,77100,15
"416",2020-09-09,88900,"ID111067854316427",66900,1000000,88900,15
"417",2021-08-03,106000,"ID111067854316427",66900,1000000,106000,15
"418",2022-07-14,133300,"ID111067854316427",66900,1000000,113300,15
"419",2022-07-20,113300,"ID111067854316427",66900,1000000,118100,15
"420",2022-08-04,125700,"ID111067854316427",66900,1000000,122800,15
"421",2022-08-16,118100,"ID111067854316427",66900,1000000,122800,15
"422",2023-07-09,122800,"ID111067854316427",66900,1000000,124800,15
"423",2023-07-27,131200,"ID111067854316427",66900,1000000,124800,15
"424",2023-07-29,124800,"ID111067854316427",66900,1000000,124800,15
"425",2023-08-08,126200,"ID111067854316427",66900,1000000,126200,15
"426",2023-08-17,124500,"ID111067854316427",66900,1000000,126200,15
"427",2023-08-22,127300,"ID111067854316427",66900,1000000,126200,15
"428",2024-07-06,131400,"ID111067854316427",66900,1000000,124500,15
"429",2020-08-14,16300,"ID111123688891210",33700,1000000,16800,22
"430",2020-08-23,16800,"ID111123688891210",33700,1000000,16300,22
"431",2020-09-09,10500,"ID111123688891210",33700,1000000,16300,22
"432",2021-07-17,13100,"ID111123688891210",33700,1000000,16800,22
"433",2021-08-03,18500,"ID111123688891210",33700,1000000,18500,22
"434",2022-07-14,18700,"ID111123688891210",33700,1000000,18700,22
"435",2022-07-20,19700,"ID111123688891210",33700,1000000,19700,22
"436",2022-08-04,20700,"ID111123688891210",33700,1000000,19700,22
"437",2022-08-16,21100,"ID111123688891210",33700,1000000,20700,22
"438",2023-07-05,18800,"ID111123688891210",33700,1000000,20700,22
"439",2023-07-09,21100,"ID111123688891210",33700,1000000,21100,22
"440",2023-07-27,19700,"ID111123688891210",33700,1000000,21100,22
"441",2023-07-29,22400,"ID111123688891210",33700,1000000,21100,22
"442",2023-08-08,21500,"ID111123688891210",33700,1000000,21500,22
"443",2023-08-17,21000,"ID111123688891210",33700,1000000,21500,22
"444",2023-08-22,21700,"ID111123688891210",33700,1000000,21500,22
"445",2024-07-06,21200,"ID111123688891210",33700,1000000,21700,22
"446",2024-07-08,21800,"ID111123688891210",33700,1000000,21800,22
"447",2024-07-26,21900,"ID111123688891210",33700,1000000,21900,22
"448",2024-07-30,22400,"ID111123688891210",33700,1000000,22300,22
"449",2024-08-05,22300,"ID111123688891210",33700,1000000,22300,22
"450",2024-08-14,22500,"ID111123688891210",33700,1000000,22400,22
"451",2019-07-15,334000,"ID111445811438822",368000,1000000,566400,31
"452",2019-08-01,372400,"ID111445811438822",368000,1000000,372400,31
"453",2019-09-12,622200,"ID111445811438822",368000,1000000,355000,31
"454",2020-07-05,322700,"ID111445811438822",368000,1000000,355000,31
"455",2020-07-17,355000,"ID111445811438822",368000,1000000,355000,31
"456",2020-07-17,355000,"ID111445811438822",368000,1000000,355000,31
"457",2020-08-01,355100,"ID111445811438822",368000,1000000,355000,31
"458",2020-08-01,355100,"ID111445811438822",368000,1000000,355000,31
"459",2020-08-14,342400,"ID111445811438822",368000,1000000,351400,31
"460",2020-08-23,340300,"ID111445811438822",368000,1000000,342400,31
"461",2020-09-09,351400,"ID111445811438822",368000,1000000,342400,31
"462",2021-07-17,331000,"ID111445811438822",368000,1000000,351400,31
"463",2021-08-03,374700,"ID111445811438822",368000,1000000,374700,31
"464",2022-07-14,391200,"ID111445811438822",368000,1000000,376900,31
"465",2022-07-20,378400,"ID111445811438822",368000,1000000,378400,31
"466",2022-08-04,376900,"ID111445811438822",368000,1000000,391200,31
"467",2022-08-16,455900,"ID111445811438822",368000,1000000,393200,31
"468",2023-07-05,430100,"ID111445811438822",368000,1000000,397800,31
"469",2023-07-09,393200,"ID111445811438822",368000,1000000,397800,31
"470",2023-07-27,397800,"ID111445811438822",368000,1000000,397800,31
"471",2023-07-29,392200,"ID111445811438822",368000,1000000,397800,31
"472",2023-08-08,401500,"ID111445811438822",368000,1000000,401400,31
"473",2023-08-17,401400,"ID111445811438822",368000,1000000,401500,31
"474",2023-08-22,405300,"ID111445811438822",368000,1000000,401800,31
"475",2023-09-07,411000,"ID111445811438822",368000,1000000,402700,31
"476",2024-07-06,401800,"ID111445811438822",368000,1000000,405300,31
"477",2024-07-08,402700,"ID111445811438822",368000,1000000,406600,31
"478",2024-07-26,406600,"ID111445811438822",368000,1000000,406600,31
"479",2024-07-30,412700,"ID111445811438822",368000,1000000,409700,31
"480",2024-08-05,409700,"ID111445811438822",368000,1000000,409700,31
"481",2024-08-14,413800,"ID111445811438822",368000,1000000,409700,31
"482",2019-07-15,103200,"ID111467286274687",85900,1000000,159400,12
"483",2020-07-06,85900,"ID111467286274687",85900,1000000,132100,12
"484",2020-07-17,159400,"ID111467286274687",85900,1000000,103200,12
"485",2020-08-01,132100,"ID111467286274687",85900,1000000,85900,12
"486",2020-08-13,55300,"ID111467286274687",85900,1000000,132100,12
"487",2020-08-23,83000,"ID111467286274687",85900,1000000,132100,12
"488",2023-07-09,154600,"ID111467286274687",85900,1000000,154200,12
"489",2023-08-08,163000,"ID111467286274687",85900,1000000,154600,12
"490",2023-08-17,154200,"ID111467286274687",85900,1000000,163000,12
"491",2024-07-06,166500,"ID111467286274687",85900,1000000,166500,12
"492",2024-07-08,168000,"ID111467286274687",85900,1000000,166500,12
"493",2024-08-05,171100,"ID111467286274687",85900,1000000,166500,12
"494",2020-08-13,12000,"ID111471581241971",32500,1000000,18300,4
"495",2020-08-23,14300,"ID111471581241971",32500,1000000,18300,4
"496",2020-09-09,18300,"ID111471581241971",32500,1000000,18300,4
"497",2021-07-17,22200,"ID111471581241971",32500,1000000,22200,4
"498",2019-07-15,104300,"ID111518825882284",87800,1000000,98000,16
"499",2019-07-29,98000,"ID111518825882284",87800,1000000,59700,16
"500",2020-07-06,41700,"ID111518825882284",87800,1000000,98000,16
"501",2020-07-14,59700,"ID111518825882284",87800,1000000,98000,16
"502",2020-07-17,125800,"ID111518825882284",87800,1000000,107600,16
"503",2020-08-01,115800,"ID111518825882284",87800,1000000,110900,16
"504",2020-08-13,107600,"ID111518825882284",87800,1000000,115800,16
"505",2020-08-23,110900,"ID111518825882284",87800,1000000,115800,16
"506",2020-09-09,125100,"ID111518825882284",87800,1000000,121000,16
"507",2021-07-17,121000,"ID111518825882284",87800,1000000,125100,16
"508",2021-07-22,135100,"ID111518825882284",87800,1000000,135100,16
"509",2022-07-09,175100,"ID111518825882284",87800,1000000,156400,16
"510",2022-07-18,166400,"ID111518825882284",87800,1000000,165000,16
"511",2022-08-04,156400,"ID111518825882284",87800,1000000,166400,16
"512",2023-07-09,165000,"ID111518825882284",87800,1000000,166400,16
"513",2024-08-05,172400,"ID111518825882284",87800,1000000,172400,16
"514",2019-07-15,432600,"ID111527415817434",456600,1000000,427400,33
"515",2019-08-01,442500,"ID111527415817434",456600,1000000,429000,33
"516",2019-09-12,427400,"ID111527415817434",456600,1000000,429000,33
"517",2020-07-05,429000,"ID111527415817434",456600,1000000,429000,33
"518",2020-07-05,429000,"ID111527415817434",456600,1000000,429000,33
"519",2020-07-17,473000,"ID111527415817434",456600,1000000,462000,33
"520",2020-07-17,473000,"ID111527415817434",456600,1000000,462000,33
"521",2020-08-01,462000,"ID111527415817434",456600,1000000,462000,33
"522",2020-08-01,462000,"ID111527415817434",456600,1000000,462000,33
"523",2020-08-14,455900,"ID111527415817434",456600,1000000,462000,33
"524",2020-08-14,455900,"ID111527415817434",456600,1000000,462000,33
"525",2020-08-23,468300,"ID111527415817434",456600,1000000,455900,33
"526",2020-09-09,484900,"ID111527415817434",456600,1000000,468300,33
"527",2021-07-17,448700,"ID111527415817434",456600,1000000,484900,33
"528",2021-08-03,501800,"ID111527415817434",456600,1000000,501300,33
"529",2022-07-14,526200,"ID111527415817434",456600,1000000,501800,33
"530",2022-07-20,501300,"ID111527415817434",456600,1000000,502600,33
"531",2022-08-04,502600,"ID111527415817434",456600,1000000,526200,33
"532",2022-08-16,610000,"ID111527415817434",456600,1000000,520900,33
"533",2023-07-05,547300,"ID111527415817434",456600,1000000,527400,33
"534",2023-07-09,520900,"ID111527415817434",456600,1000000,527400,33
"535",2023-07-27,527400,"ID111527415817434",456600,1000000,527400,33
"536",2023-07-29,523400,"ID111527415817434",456600,1000000,527400,33
"537",2023-08-08,530000,"ID111527415817434",456600,1000000,529000,33
"538",2023-08-17,529000,"ID111527415817434",456600,1000000,530000,33
"539",2023-08-22,530400,"ID111527415817434",456600,1000000,530000,33
"540",2023-09-07,544900,"ID111527415817434",456600,1000000,529000,33
"541",2024-07-06,526900,"ID111527415817434",456600,1000000,530400,33
"542",2024-07-08,527300,"ID111527415817434",456600,1000000,533400,33
"543",2024-07-26,533400,"ID111527415817434",456600,1000000,533300,33
"544",2024-07-30,538200,"ID111527415817434",456600,1000000,533400,33
"545",2024-08-05,533300,"ID111527415817434",456600,1000000,533400,33
"546",2024-08-14,539600,"ID111527415817434",456600,1000000,533300,33
"547",2020-07-05,57400,"ID111583250392374",33300,1000000,17600,4
"548",2020-08-14,16800,"ID111583250392374",33300,1000000,25700,4
"549",2020-08-23,17600,"ID111583250392374",33300,1000000,17600,4
"550",2020-09-09,25700,"ID111583250392374",33300,1000000,16800,4
"551",2019-08-01,4800,"ID111630495032597",11000,1000000,5800,27
"552",2019-09-12,1200,"ID111630495032597",11000,1000000,4800,27
"553",2020-07-05,5800,"ID111630495032597",11000,1000000,3200,27
"554",2020-07-17,3200,"ID111630495032597",11000,1000000,3200,27
"555",2020-07-17,3200,"ID111630495032597",11000,1000000,3400,27
"556",2020-08-01,3400,"ID111630495032597",11000,1000000,3300,27
"557",2020-08-01,3400,"ID111630495032597",11000,1000000,3300,27
"558",2020-08-14,3300,"ID111630495032597",11000,1000000,3400,27
"559",2020-08-23,3200,"ID111630495032597",11000,1000000,3400,27
"560",2022-07-14,17100,"ID111630495032597",11000,1000000,16600,27
"561",2022-07-20,17000,"ID111630495032597",11000,1000000,17000,27
"562",2022-08-04,16600,"ID111630495032597",11000,1000000,17000,27
"563",2022-08-16,18000,"ID111630495032597",11000,1000000,17000,27
"564",2023-07-05,15500,"ID111630495032597",11000,1000000,18000,27
"565",2023-07-09,18700,"ID111630495032597",11000,1000000,18700,27
"566",2023-07-27,19200,"ID111630495032597",11000,1000000,19200,27
"567",2023-07-29,20000,"ID111630495032597",11000,1000000,19200,27
"568",2023-08-08,19200,"ID111630495032597",11000,1000000,20000,27
"569",2023-08-17,20000,"ID111630495032597",11000,1000000,20000,27
"570",2023-08-22,21300,"ID111630495032597",11000,1000000,20700,27
"571",2023-09-07,20900,"ID111630495032597",11000,1000000,20700,27
"572",2024-07-06,20700,"ID111630495032597",11000,1000000,20700,27
"573",2024-07-08,20300,"ID111630495032597",11000,1000000,20600,27
"574",2024-07-26,19900,"ID111630495032597",11000,1000000,20600,27
"575",2024-07-30,20600,"ID111630495032597",11000,1000000,20600,27
"576",2024-08-05,21100,"ID111630495032597",11000,1000000,20800,27
"577",2024-08-14,20800,"ID111630495032597",11000,1000000,21100,27
"578",2020-08-23,33200,"ID111643379934492",48600,1000000,33200,17
"579",2021-07-17,58300,"ID111643379934492",48600,1000000,58300,17
"580",2022-07-14,90500,"ID111643379934492",48600,1000000,77900,17
"581",2022-07-20,81400,"ID111643379934492",48600,1000000,81400,17
"582",2022-08-04,77900,"ID111643379934492",48600,1000000,82100,17
"583",2022-08-16,82100,"ID111643379934492",48600,1000000,82100,17
"584",2023-07-05,91800,"ID111643379934492",48600,1000000,89600,17
"585",2023-07-09,89900,"ID111643379934492",48600,1000000,89600,17
"586",2023-07-27,89600,"ID111643379934492",48600,1000000,89900,17
"587",2023-07-29,89600,"ID111643379934492",48600,1000000,89900,17
"588",2023-08-08,91300,"ID111643379934492",48600,1000000,91300,17
"589",2023-08-17,93200,"ID111643379934492",48600,1000000,93200,17
"590",2023-08-22,96900,"ID111643379934492",48600,1000000,95200,17
"591",2023-09-07,96600,"ID111643379934492",48600,1000000,96600,17
"592",2024-07-06,95200,"ID111643379934492",48600,1000000,96900,17
"593",2024-07-08,96900,"ID111643379934492",48600,1000000,96600,17
"594",2024-07-26,97100,"ID111643379934492",48600,1000000,95200,17
"595",2019-07-15,56300,"ID111686329607531",129900,1000000,61100,28
"596",2019-08-01,61000,"ID111686329607531",129900,1000000,61100,28
"597",2020-07-05,61100,"ID111686329607531",129900,1000000,61100,28
"598",2020-07-17,65000,"ID111686329607531",129900,1000000,65000,28
"599",2020-08-01,67600,"ID111686329607531",129900,1000000,67600,28
"600",2020-08-14,89000,"ID111686329607531",129900,1000000,89000,28
"601",2020-08-23,98400,"ID111686329607531",129900,1000000,98400,28
"602",2020-09-09,111600,"ID111686329607531",129900,1000000,111600,28
"603",2021-07-17,115600,"ID111686329607531",129900,1000000,115600,28
"604",2021-08-03,127700,"ID111686329607531",129900,1000000,127700,28
"605",2022-07-14,166600,"ID111686329607531",129900,1000000,154400,28
"606",2022-07-20,162200,"ID111686329607531",129900,1000000,162200,28
"607",2022-08-04,154400,"ID111686329607531",129900,1000000,164700,28
"608",2022-08-16,164700,"ID111686329607531",129900,1000000,164700,28
"609",2023-07-05,179900,"ID111686329607531",129900,1000000,164700,28
"610",2023-07-09,164800,"ID111686329607531",129900,1000000,164700,28
"611",2023-07-27,138400,"ID111686329607531",129900,1000000,162300,28
"612",2023-07-29,162300,"ID111686329607531",129900,1000000,162300,28
"613",2023-08-08,109200,"ID111686329607531",129900,1000000,138400,28
"614",2023-08-17,169000,"ID111686329607531",129900,1000000,162300,28
"615",2023-08-22,122800,"ID111686329607531",129900,1000000,169000,28
"616",2023-09-07,175300,"ID111686329607531",129900,1000000,170200,28
"617",2024-07-06,170200,"ID111686329607531",129900,1000000,171200,28
"618",2024-07-08,171200,"ID111686329607531",129900,1000000,175300,28
"619",2024-07-26,176100,"ID111686329607531",129900,1000000,171200,28
"620",2024-07-30,179100,"ID111686329607531",129900,1000000,176100,28
"621",2024-08-05,170100,"ID111686329607531",129900,1000000,176100,28
"622",2024-08-14,181800,"ID111686329607531",129900,1000000,170100,28
"623",2020-09-09,53800,"ID111750754116175",54600,1000000,51100,15
"624",2021-08-06,51100,"ID111750754116175",54600,1000000,53700,15
"625",2021-09-22,58900,"ID111750754116175",54600,1000000,53800,15
"626",2022-07-09,53700,"ID111750754116175",54600,1000000,58900,15
"627",2022-08-16,60800,"ID111750754116175",54600,1000000,60800,15
"628",2023-07-29,63600,"ID111750754116175",54600,1000000,60800,15
"629",2023-08-08,65300,"ID111750754116175",54600,1000000,63600,15
"630",2023-08-17,60800,"ID111750754116175",54600,1000000,64000,15
"631",2023-08-23,64000,"ID111750754116175",54600,1000000,64200,15
"632",2024-07-06,64200,"ID111750754116175",54600,1000000,64200,15
"633",2024-07-08,64500,"ID111750754116175",54600,1000000,64500,15
"634",2024-07-26,67000,"ID111750754116175",54600,1000000,64800,15
"635",2024-07-30,69600,"ID111750754116175",54600,1000000,66000,15
"636",2024-08-05,64800,"ID111750754116175",54600,1000000,66000,15
"637",2024-08-14,66000,"ID111750754116175",54600,1000000,64800,15
"638",2020-09-09,10200,"ID111780818887961",35700,1000000,44000,13
"639",2020-09-09,10200,"ID111780818887961",35700,1000000,44000,13
"640",2021-07-17,44000,"ID111780818887961",35700,1000000,44000,13
"641",2021-08-03,51200,"ID111780818887961",35700,1000000,51200,13
"642",2022-07-20,62300,"ID111780818887961",35700,1000000,62300,13
"643",2022-08-04,62600,"ID111780818887961",35700,1000000,62600,13
"644",2023-07-05,67700,"ID111780818887961",35700,1000000,66900,13
"645",2023-07-09,67400,"ID111780818887961",35700,1000000,67400,13
"646",2023-07-27,66900,"ID111780818887961",35700,1000000,67700,13
"647",2023-07-29,68200,"ID111780818887961",35700,1000000,68200,13
"648",2023-08-08,68600,"ID111780818887961",35700,1000000,68600,13
"649",2023-08-17,69500,"ID111780818887961",35700,1000000,68600,13
"650",2023-08-22,71300,"ID111780818887961",35700,1000000,68600,13
"651",2019-07-15,32200,"ID111823768561045",38800,1000000,32200,6
"652",2019-08-01,35400,"ID111823768561045",38800,1000000,35400,6
"653",2020-07-17,40600,"ID111823768561045",38800,1000000,40600,6
"654",2020-07-17,40600,"ID111823768561045",38800,1000000,40600,6
"655",2020-08-14,54700,"ID111823768561045",38800,1000000,40600,6
"656",2020-08-14,54700,"ID111823768561045",38800,1000000,40600,6
"657",2020-07-17,13800,"ID111845243397581",18800,1000000,16500,20
"658",2020-09-09,13400,"ID111845243397581",18800,1000000,16500,20
"659",2021-07-17,16500,"ID111845243397581",18800,1000000,16500,20
"660",2021-08-03,23500,"ID111845243397581",18800,1000000,23500,20
"661",2022-07-14,32400,"ID111845243397581",18800,1000000,25200,20
"662",2022-07-20,25200,"ID111845243397581",18800,1000000,26100,20
"663",2022-08-04,26100,"ID111845243397581",18800,1000000,26100,20
"664",2022-08-16,26100,"ID111845243397581",18800,1000000,26100,20
"665",2023-07-05,28900,"ID111845243397581",18800,1000000,27300,20
"666",2023-07-09,27400,"ID111845243397581",18800,1000000,27400,20
"667",2023-07-27,27300,"ID111845243397581",18800,1000000,27700,20
"668",2023-07-29,27900,"ID111845243397581",18800,1000000,27700,20
"669",2023-08-08,27700,"ID111845243397581",18800,1000000,27700,20
"670",2023-08-17,31200,"ID111845243397581",18800,1000000,27900,20
"671",2023-08-22,26700,"ID111845243397581",18800,1000000,28500,20
"672",2024-07-06,28500,"ID111845243397581",18800,1000000,29000,20
"673",2024-07-08,29000,"ID111845243397581",18800,1000000,29000,20
"674",2024-07-26,31700,"ID111845243397581",18800,1000000,29600,20
"675",2024-07-30,34200,"ID111845243397581",18800,1000000,29600,20
"676",2024-08-05,29600,"ID111845243397581",18800,1000000,29600,20
"677",2019-07-15,26500,"ID111858128299489",50700,1000000,18100,28
"678",2019-08-01,25600,"ID111858128299489",50700,1000000,25600,28
"679",2020-07-05,18100,"ID111858128299489",50700,1000000,26500,28
"680",2020-07-17,28600,"ID111858128299489",50700,1000000,27900,28
"681",2020-08-01,27900,"ID111858128299489",50700,1000000,27900,28
"682",2020-08-14,29000,"ID111858128299489",50700,1000000,27900,28
"683",2020-08-23,24500,"ID111858128299489",50700,1000000,27900,28
"684",2020-09-09,27600,"ID111858128299489",50700,1000000,29000,28
"685",2021-07-17,30200,"ID111858128299489",50700,1000000,30200,28
"686",2021-08-03,32800,"ID111858128299489",50700,1000000,32800,28
"687",2022-07-14,41600,"ID111858128299489",50700,1000000,33800,28
"688",2022-07-20,38100,"ID111858128299489",50700,1000000,33800,28
"689",2022-08-04,33800,"ID111858128299489",50700,1000000,38100,28
"690",2022-08-16,32700,"ID111858128299489",50700,1000000,38100,28
"691",2023-07-05,42500,"ID111858128299489",50700,1000000,34000,28
"692",2023-07-09,39700,"ID111858128299489",50700,1000000,36300,28
"693",2023-07-27,34000,"ID111858128299489",50700,1000000,36300,28
"694",2023-07-29,36300,"ID111858128299489",50700,1000000,35100,28
"695",2023-08-08,35100,"ID111858128299489",50700,1000000,34500,28
"696",2023-08-17,33700,"ID111858128299489",50700,1000000,34800,28
"697",2023-08-22,34500,"ID111858128299489",50700,1000000,34800,28
"698",2023-09-07,34800,"ID111858128299489",50700,1000000,34800,28
"699",2024-07-06,36400,"ID111858128299489",50700,1000000,36400,28
"700",2024-07-08,38000,"ID111858128299489",50700,1000000,36400,28
"701",2024-07-26,37600,"ID111858128299489",50700,1000000,36400,28
"702",2024-07-30,35400,"ID111858128299489",50700,1000000,37300,28
"703",2024-08-05,35800,"ID111858128299489",50700,1000000,35800,28
"704",2024-08-14,37300,"ID111858128299489",50700,1000000,35400,28
"705",2019-09-12,300,"ID111866718234021",8100,1000000,9600,5
"706",2020-07-17,9600,"ID111866718234021",8100,1000000,9600,5
"707",2020-08-23,6800,"ID111866718234021",8100,1000000,9600,5
"708",2020-09-09,13100,"ID111866718234021",8100,1000000,10500,5
"709",2021-07-17,10500,"ID111866718234021",8100,1000000,13100,5
"710",2019-09-12,20200,"ID111871013201397",22700,1000000,20200,7
"711",2021-07-17,35500,"ID111871013201397",22700,1000000,35500,7
"712",2021-08-03,37300,"ID111871013201397",22700,1000000,37300,7
"713",2022-08-04,41000,"ID111871013201397",22700,1000000,41000,7
"714",2022-08-16,41100,"ID111871013201397",22700,1000000,41100,7
"715",2023-07-29,44200,"ID111871013201397",22700,1000000,41100,7
"716",2023-08-17,44600,"ID111871013201397",22700,1000000,41100,7
"717",2021-07-17,31100,"ID112098646467178",38100,1000000,31100,6
"718",2021-08-06,42100,"ID112098646467178",38100,1000000,32400,6
"719",2022-09-02,32400,"ID112098646467178",38100,1000000,34200,6
"720",2023-08-08,36400,"ID112098646467178",38100,1000000,36400,6
"721",2023-08-17,34200,"ID112098646467178",38100,1000000,34200,6
"722",2024-07-06,40700,"ID112098646467178",38100,1000000,34200,6
"723",2020-07-05,84600,"ID112214610584188",72900,1000000,84600,16
"724",2020-08-01,127700,"ID112214610584188",72900,1000000,85700,16
"725",2020-08-13,85700,"ID112214610584188",72900,1000000,85700,16
"726",2020-08-23,91400,"ID112214610584188",72900,1000000,85700,16
"727",2020-09-09,70800,"ID112214610584188",72900,1000000,85700,16
"728",2021-07-17,71000,"ID112214610584188",72900,1000000,91400,16
"729",2021-08-03,108300,"ID112214610584188",72900,1000000,108300,16
"730",2021-09-22,135900,"ID112214610584188",72900,1000000,109000,16
"731",2022-07-14,109000,"ID112214610584188",72900,1000000,109700,16
"732",2022-07-17,113800,"ID112214610584188",72900,1000000,113800,16
"733",2022-08-04,109700,"ID112214610584188",72900,1000000,113800,16
"734",2022-08-16,139400,"ID112214610584188",72900,1000000,125900,16
"735",2022-09-02,125900,"ID112214610584188",72900,1000000,139400,16
"736",2023-07-09,142800,"ID112214610584188",72900,1000000,139400,16
"737",2023-07-26,140000,"ID112214610584188",72900,1000000,125900,16
"738",2023-09-07,118600,"ID112214610584188",72900,1000000,118600,16
"739",2021-07-17,20600,"ID112227495486780",51500,1000000,42200,7
"740",2021-08-03,27700,"ID112227495486780",51500,1000000,42200,7
"741",2023-07-05,42200,"ID112227495486780",51500,1000000,42000,7
"742",2023-07-09,42400,"ID112227495486780",51500,1000000,42200,7
"743",2023-07-27,42000,"ID112227495486780",51500,1000000,42400,7
"744",2023-07-29,43400,"ID112227495486780",51500,1000000,42400,7
"745",2024-07-06,47400,"ID112227495486780",51500,1000000,42000,7
"746",2019-07-15,26000,"ID112231790454104",65800,1000000,26600,29
"747",2019-08-01,26600,"ID112231790454104",65800,1000000,26000,29
"748",2020-07-05,25800,"ID112231790454104",65800,1000000,26000,29
"749",2020-07-05,25800,"ID112231790454104",65800,1000000,26600,29
"750",2020-07-17,33500,"ID112231790454104",65800,1000000,27000,29
"751",2020-08-01,31700,"ID112231790454104",65800,1000000,27000,29
"752",2020-08-14,27000,"ID112231790454104",65800,1000000,31700,29
"753",2020-08-23,26000,"ID112231790454104",65800,1000000,31700,29
"754",2020-09-09,44900,"ID112231790454104",65800,1000000,44900,29
"755",2021-07-17,58000,"ID112231790454104",65800,1000000,58000,29
"756",2021-08-03,68400,"ID112231790454104",65800,1000000,68400,29
"757",2022-07-14,84200,"ID112231790454104",65800,1000000,78900,29
"758",2022-07-20,78900,"ID112231790454104",65800,1000000,82900,29
"759",2022-08-04,82900,"ID112231790454104",65800,1000000,84200,29
"760",2022-08-16,92900,"ID112231790454104",65800,1000000,91200,29
"761",2023-07-05,92400,"ID112231790454104",65800,1000000,91200,29
"762",2023-07-09,91200,"ID112231790454104",65800,1000000,92400,29
"763",2023-07-27,88700,"ID112231790454104",65800,1000000,92400,29
"764",2023-07-29,93400,"ID112231790454104",65800,1000000,93400,29
"765",2023-08-08,96500,"ID112231790454104",65800,1000000,96500,29
"766",2023-08-17,97200,"ID112231790454104",65800,1000000,97200,29
"767",2023-08-22,106300,"ID112231790454104",65800,1000000,105800,29
"768",2023-09-07,106300,"ID112231790454104",65800,1000000,106300,29
"769",2024-07-06,105800,"ID112231790454104",65800,1000000,106300,29
"770",2024-07-08,107900,"ID112231790454104",65800,1000000,107900,29
"771",2024-07-26,111100,"ID112231790454104",65800,1000000,111100,29
"772",2024-07-30,116700,"ID112231790454104",65800,1000000,115500,29
"773",2024-08-05,115500,"ID112231790454104",65800,1000000,115500,29
"774",2024-08-14,116000,"ID112231790454104",65800,1000000,115500,29
"775",2019-07-15,3400,"ID112403589145871",21900,1000000,10100,6
"776",2022-07-20,23600,"ID112403589145871",21900,1000000,21900,6
"777",2023-07-29,21900,"ID112403589145871",21900,1000000,22500,6
"778",2023-08-08,28000,"ID112403589145871",21900,1000000,23600,6
"779",2023-08-17,22500,"ID112403589145871",21900,1000000,23200,6
"780",2024-08-14,39600,"ID112403589145871",21900,1000000,28000,6
"781",2019-09-12,28100,"ID112639812347154",44500,1000000,85900,5
"782",2023-07-27,85900,"ID112639812347154",44500,1000000,86200,5
"783",2023-07-29,86200,"ID112639812347154",44500,1000000,86200,5
"784",2023-08-08,88400,"ID112639812347154",44500,1000000,86200,5
"785",2024-07-06,88100,"ID112639812347154",44500,1000000,86200,5
"786",2020-08-23,16500,"ID112652697249306",40300,1000000,21900,18
"787",2020-09-09,45600,"ID112652697249306",40300,1000000,45600,18
"788",2021-07-17,55700,"ID112652697249306",40300,1000000,55700,18
"789",2021-08-03,59400,"ID112652697249306",40300,1000000,59400,18
"790",2022-07-14,67900,"ID112652697249306",40300,1000000,64900,18
"791",2022-07-20,66100,"ID112652697249306",40300,1000000,66100,18
"792",2022-08-04,64900,"ID112652697249306",40300,1000000,67900,18
"793",2022-08-16,68700,"ID112652697249306",40300,1000000,68700,18
"794",2023-07-09,70200,"ID112652697249306",40300,1000000,70100,18
"795",2023-07-27,70100,"ID112652697249306",40300,1000000,70200,18
"796",2023-07-29,72100,"ID112652697249306",40300,1000000,70200,18
"797",2023-08-08,72700,"ID112652697249306",40300,1000000,72100,18
"798",2023-08-17,68800,"ID112652697249306",40300,1000000,72100,18
"799",2023-08-22,72100,"ID112652697249306",40300,1000000,70000,18
"800",2023-09-07,68800,"ID112652697249306",40300,1000000,70000,18
"801",2024-07-06,70000,"ID112652697249306",40300,1000000,72100,18
"802",2024-07-08,73700,"ID112652697249306",40300,1000000,73700,18
"803",2024-07-26,74900,"ID112652697249306",40300,1000000,74900,18
"804",2019-07-15,86300,"ID112708531824048",143100,1000000,86300,6
"805",2019-08-01,96800,"ID112708531824048",143100,1000000,96800,6
"806",2019-09-12,142100,"ID112708531824048",143100,1000000,105100,6
"807",2020-07-05,112000,"ID112708531824048",143100,1000000,112000,6
"808",2020-07-17,105100,"ID112708531824048",143100,1000000,142100,6
"809",2021-08-03,151200,"ID112708531824048",143100,1000000,151200,6
"810",2020-08-23,3000,"ID112807316071640",17600,1000000,4700,15
"811",2020-09-09,2700,"ID112807316071640",17600,1000000,4700,15
"812",2021-07-17,4700,"ID112807316071640",17600,1000000,4700,15
"813",2021-08-03,5700,"ID112807316071640",17600,1000000,5700,15
"814",2021-09-22,6800,"ID112807316071640",17600,1000000,6800,15
"815",2022-07-14,12100,"ID112807316071640",17600,1000000,6800,15
"816",2022-07-17,13400,"ID112807316071640",17600,1000000,7400,15
"817",2022-08-04,6300,"ID112807316071640",17600,1000000,7400,15
"818",2023-08-08,7400,"ID112807316071640",17600,1000000,7300,15
"819",2024-07-06,7000,"ID112807316071640",17600,1000000,7300,15
"820",2024-07-08,7300,"ID112807316071640",17600,1000000,7400,15
"821",2024-07-26,7800,"ID112807316071640",17600,1000000,7800,15
"822",2024-07-30,8200,"ID112807316071640",17600,1000000,8100,15
"823",2024-08-05,8100,"ID112807316071640",17600,1000000,8100,15
"824",2024-08-14,8700,"ID112807316071640",17600,1000000,8100,15
"825",2019-07-15,6600,"ID112854560712205",24200,1000000,8100,14
"826",2020-08-14,6200,"ID112854560712205",24200,1000000,8700,14
"827",2020-09-09,11700,"ID112854560712205",24200,1000000,11700,14
"828",2021-07-17,20900,"ID112854560712205",24200,1000000,20900,14
"829",2021-08-03,23400,"ID112854560712205",24200,1000000,23400,14
"830",2022-07-14,28100,"ID112854560712205",24200,1000000,26600,14
"831",2022-07-20,26600,"ID112854560712205",24200,1000000,26900,14
"832",2022-08-04,26900,"ID112854560712205",24200,1000000,28100,14
"833",2023-07-05,35600,"ID112854560712205",24200,1000000,31500,14
"834",2023-07-09,34200,"ID112854560712205",24200,1000000,32000,14
"835",2024-07-08,31500,"ID112854560712205",24200,1000000,34200,14
"836",2024-07-26,32000,"ID112854560712205",24200,1000000,33200,14
"837",2024-07-30,38300,"ID112854560712205",24200,1000000,32000,14
"838",2024-08-05,33200,"ID112854560712205",24200,1000000,32000,14
"839",2019-07-20,6700,"ID112901805352224",24300,1000000,30200,8
"840",2019-07-29,30200,"ID112901805352224",24300,1000000,9900,8
"841",2020-07-17,4300,"ID112901805352224",24300,1000000,9900,8
"842",2020-08-13,9900,"ID112901805352224",24300,1000000,14700,8
"843",2020-08-23,14700,"ID112901805352224",24300,1000000,14700,8
"844",2022-08-16,33300,"ID112901805352224",24300,1000000,31400,8
"845",2023-07-26,31400,"ID112901805352224",24300,1000000,31400,8
"846",2023-08-17,32500,"ID112901805352224",24300,1000000,31400,8
"847",2020-08-14,19400,"ID112936165090775",62100,1000000,21400,8
"848",2021-08-03,66600,"ID112936165090775",62100,1000000,64300,8
"849",2022-07-14,64300,"ID112936165090775",62100,1000000,65700,8
"850",2022-07-20,67600,"ID112936165090775",62100,1000000,65700,8
"851",2022-08-04,65700,"ID112936165090775",62100,1000000,65700,8
"852",2022-08-16,59900,"ID112936165090775",62100,1000000,67600,8
"853",2024-08-05,72700,"ID112936165090775",62100,1000000,65700,8
"854",2024-08-14,73800,"ID112936165090775",62100,1000000,59900,8
"855",2019-07-15,25500,"ID112983409731048",74100,1000000,35100,12
"856",2019-08-01,19500,"ID112983409731048",74100,1000000,35100,12
"857",2020-08-14,35100,"ID112983409731048",74100,1000000,35100,12
"858",2020-08-23,41900,"ID112983409731048",74100,1000000,41900,12
"859",2020-09-09,49900,"ID112983409731048",74100,1000000,49900,12
"860",2022-07-14,86900,"ID112983409731048",74100,1000000,83300,12
"861",2022-07-20,83300,"ID112983409731048",74100,1000000,84000,12
"862",2022-08-04,84000,"ID112983409731048",74100,1000000,86900,12
"863",2022-08-16,90100,"ID112983409731048",74100,1000000,90100,12
"864",2023-07-09,95300,"ID112983409731048",74100,1000000,93600,12
"865",2023-07-27,93600,"ID112983409731048",74100,1000000,93600,12
"866",2023-07-29,94600,"ID112983409731048",74100,1000000,93600,12
"867",2020-09-09,12600,"ID113013474501964",25700,1000000,15500,9
"868",2021-07-17,15300,"ID113013474501964",25700,1000000,15500,9
"869",2021-08-03,15500,"ID113013474501964",25700,1000000,15500,9
"870",2022-08-04,43600,"ID113013474501964",25700,1000000,33700,9
"871",2023-07-29,33700,"ID113013474501964",25700,1000000,33700,9
"872",2023-08-08,45800,"ID113013474501964",25700,1000000,37500,9
"873",2023-08-17,33200,"ID113013474501964",25700,1000000,35700,9
"874",2024-07-30,37500,"ID113013474501964",25700,1000000,35700,9
"875",2024-08-05,35700,"ID113013474501964",25700,1000000,33200,9
"876",2021-07-17,6600,"ID113034949338611",28700,1000000,14800,8
"877",2021-08-03,7800,"ID113034949338611",28700,1000000,14800,8
"878",2022-07-20,14800,"ID113034949338611",28700,1000000,14800,8
"879",2022-08-04,15100,"ID113034949338611",28700,1000000,15100,8
"880",2023-08-22,17900,"ID113034949338611",28700,1000000,17200,8
"881",2023-09-07,17200,"ID113034949338611",28700,1000000,17900,8
"882",2024-07-06,17900,"ID113034949338611",28700,1000000,17900,8
"883",2024-07-08,18800,"ID113034949338611",28700,1000000,17900,8
"884",2019-07-29,9000,"ID113043539273034",25800,1000000,18800,4
"885",2023-07-05,28800,"ID113043539273034",25800,1000000,28800,4
"886",2023-07-09,32200,"ID113043539273034",25800,1000000,32200,4
"887",2023-08-20,34100,"ID113043539273034",25800,1000000,34100,4
"888",2019-07-15,5500,"ID113047834240528",27700,1000000,12100,11
"889",2019-08-01,8700,"ID113047834240528",27700,1000000,8700,11
"890",2020-07-05,12100,"ID113047834240528",27700,1000000,8700,11
"891",2020-07-17,6500,"ID113047834240528",27700,1000000,9700,11
"892",2020-08-01,9700,"ID113047834240528",27700,1000000,12100,11
"893",2021-07-17,44700,"ID113047834240528",27700,1000000,44700,11
"894",2022-07-14,52100,"ID113047834240528",27700,1000000,52100,11
"895",2023-07-27,52600,"ID113047834240528",27700,1000000,52600,11
"896",2023-07-29,53300,"ID113047834240528",27700,1000000,53200,11
"897",2023-08-08,53700,"ID113047834240528",27700,1000000,53200,11
"898",2023-08-17,53200,"ID113047834240528",27700,1000000,53200,11
"899",2019-07-15,22100,"ID113056424175078",32800,1000000,22100,7
"900",2019-08-01,13400,"ID113056424175078",32800,1000000,22100,7
"901",2020-09-09,19400,"ID113056424175078",32800,1000000,22100,7
"902",2021-07-17,52000,"ID113056424175078",32800,1000000,23600,7
"903",2023-07-27,29700,"ID113056424175078",32800,1000000,28300,7
"904",2023-09-07,23600,"ID113056424175078",32800,1000000,28300,7
"905",2024-07-06,28300,"ID113056424175078",32800,1000000,23600,7
"906",2019-08-01,70300,"ID113103668815383",78900,1000000,51800,9
"907",2022-07-14,52400,"ID113103668815383",78900,1000000,52400,9
"908",2022-07-20,51800,"ID113103668815383",78900,1000000,54000,9
"909",2023-07-05,55900,"ID113103668815383",78900,1000000,53100,9
"910",2023-07-09,54000,"ID113103668815383",78900,1000000,54000,9
"911",2023-07-27,53100,"ID113103668815383",78900,1000000,55900,9
"912",2024-07-26,59400,"ID113103668815383",78900,1000000,59400,9
"913",2024-07-30,62800,"ID113103668815383",78900,1000000,62300,9
"914",2024-08-05,62300,"ID113103668815383",78900,1000000,62800,9
"915",2020-08-23,1300,"ID113116553716322",13100,1000000,11200,22
"916",2020-09-09,9700,"ID113116553716322",13100,1000000,11200,22
"917",2021-07-17,11200,"ID113116553716322",13100,1000000,11200,22
"918",2021-08-03,15500,"ID113116553716322",13100,1000000,14200,22
"919",2021-08-06,15000,"ID113116553716322",13100,1000000,15000,22
"920",2022-07-14,14200,"ID113116553716322",13100,1000000,15000,22
"921",2022-07-17,15300,"ID113116553716322",13100,1000000,15000,22
"922",2022-08-04,14700,"ID113116553716322",13100,1000000,15300,22
"923",2022-08-16,16100,"ID113116553716322",13100,1000000,16000,22
"924",2023-07-05,16800,"ID113116553716322",13100,1000000,16000,22
"925",2023-07-09,16000,"ID113116553716322",13100,1000000,16100,22
"926",2023-07-26,15900,"ID113116553716322",13100,1000000,16500,22
"927",2023-07-29,16500,"ID113116553716322",13100,1000000,16500,22
"928",2023-08-08,16900,"ID113116553716322",13100,1000000,16500,22
"929",2023-08-17,16700,"ID113116553716322",13100,1000000,16700,22
"930",2023-08-20,16500,"ID113116553716322",13100,1000000,16900,22
"931",2023-09-07,17000,"ID113116553716322",13100,1000000,17000,22
"932",2024-07-06,17100,"ID113116553716322",13100,1000000,17100,22
"933",2024-07-08,17900,"ID113116553716322",13100,1000000,17900,22
"934",2024-07-26,18800,"ID113116553716322",13100,1000000,18800,22
"935",2024-07-30,19600,"ID113116553716322",13100,1000000,18800,22
"936",2024-08-14,19100,"ID113116553716322",13100,1000000,19100,22
"937",2021-07-17,60900,"ID113125143651650",68400,1000000,60900,4
"938",2021-08-03,98700,"ID113125143651650",68400,1000000,98700,4
"939",2022-08-16,107800,"ID113125143651650",68400,1000000,98700,4
"940",2022-09-02,104400,"ID113125143651650",68400,1000000,98700,4
"941",2019-07-20,1700,"ID113129438618922",11700,1000000,14100,9
"942",2019-07-29,14100,"ID113129438618922",11700,1000000,2800,9
"943",2019-09-12,600,"ID113129438618922",11700,1000000,2700,9
"944",2020-07-05,2800,"ID113129438618922",11700,1000000,2800,9
"945",2020-07-17,2700,"ID113129438618922",11700,1000000,2800,9
"946",2020-08-01,4600,"ID113129438618922",11700,1000000,4600,9
"947",2020-08-13,5300,"ID113129438618922",11700,1000000,5300,9
"948",2020-09-09,7000,"ID113129438618922",11700,1000000,7000,9
"949",2022-08-16,20100,"ID113129438618922",11700,1000000,20100,9
"950",2019-07-20,23100,"ID113129438618928",68300,1000000,22800,13
"951",2019-07-29,76100,"ID113129438618928",68300,1000000,23100,13
"952",2020-07-05,22800,"ID113129438618928",68300,1000000,27600,13
"953",2020-07-17,29000,"ID113129438618928",68300,1000000,29000,13
"954",2020-08-01,27600,"ID113129438618928",68300,1000000,29000,13
"955",2020-08-13,34500,"ID113129438618928",68300,1000000,34500,13
"956",2020-08-23,40200,"ID113129438618928",68300,1000000,40200,13
"957",2023-07-05,92500,"ID113129438618928",68300,1000000,84600,13
"958",2023-07-09,86000,"ID113129438618928",68300,1000000,86000,13
"959",2023-07-26,84600,"ID113129438618928",68300,1000000,87400,13
"960",2023-07-29,90800,"ID113129438618928",68300,1000000,87400,13
"961",2023-08-08,87400,"ID113129438618928",68300,1000000,87400,13
"962",2024-07-26,94200,"ID113129438618928",68300,1000000,87400,13
"963",2021-07-17,10100,"ID113133733586332",32600,1000000,17000,7
"964",2021-08-03,11500,"ID113133733586332",32600,1000000,17000,7
"965",2022-08-16,17000,"ID113133733586332",32600,1000000,17000,7
"966",2024-07-06,17600,"ID113133733586332",32600,1000000,17600,7
"967",2024-07-08,18300,"ID113133733586332",32600,1000000,18200,7
"968",2024-07-26,18200,"ID113133733586332",32600,1000000,18200,7
"969",2024-08-05,18900,"ID113133733586332",32600,1000000,18300,7
"970",2020-08-13,13900,"ID113150913454684",41100,1000000,18900,23
"971",2020-08-23,24100,"ID113150913454684",41100,1000000,23300,23
"972",2020-09-09,24900,"ID113150913454684",41100,1000000,24100,23
"973",2021-07-17,23300,"ID113150913454684",41100,1000000,24900,23
"974",2021-08-03,32200,"ID113150913454684",41100,1000000,31500,23
"975",2021-08-06,45900,"ID113150913454684",41100,1000000,31700,23
"976",2022-07-14,31500,"ID113150913454684",41100,1000000,31700,23
"977",2022-07-17,31700,"ID113150913454684",41100,1000000,31700,23
"978",2022-08-04,29400,"ID113150913454684",41100,1000000,31500,23
"979",2022-08-16,32400,"ID113150913454684",41100,1000000,31100,23
"980",2023-07-05,31100,"ID113150913454684",41100,1000000,30400,23
"981",2023-07-09,30400,"ID113150913454684",41100,1000000,30700,23
"982",2023-07-26,28300,"ID113150913454684",41100,1000000,30700,23
"983",2023-07-29,30700,"ID113150913454684",41100,1000000,30700,23
"984",2023-08-08,31600,"ID113150913454684",41100,1000000,30800,23
"985",2023-08-17,30800,"ID113150913454684",41100,1000000,30900,23
"986",2023-08-20,30900,"ID113150913454684",41100,1000000,31600,23
"987",2023-09-07,31700,"ID113150913454684",41100,1000000,31700,23
"988",2024-07-06,31700,"ID113150913454684",41100,1000000,31700,23
"989",2024-07-08,33100,"ID113150913454684",41100,1000000,32100,23
"990",2024-07-26,32100,"ID113150913454684",41100,1000000,33100,23
"991",2024-07-30,34200,"ID113150913454684",41100,1000000,33400,23
"992",2024-08-14,33400,"ID113150913454684",41100,1000000,34200,23
"993",2019-07-15,156700,"ID113189568161216",260200,1000000,155600,11
"994",2019-08-01,155600,"ID113189568161216",260200,1000000,155600,11
"995",2020-07-05,160000,"ID113189568161216",260200,1000000,156700,11
"996",2020-08-01,146700,"ID113189568161216",260200,1000000,160000,11
"997",2020-09-09,176400,"ID113189568161216",260200,1000000,176400,11
"998",2022-08-04,225700,"ID113189568161216",260200,1000000,225700,11
"999",2022-08-16,230500,"ID113189568161216",260200,1000000,230500,11
"1000",2023-07-05,253100,"ID113189568161216",260200,1000000,230500,11
"1001",2023-07-09,233700,"ID113189568161216",260200,1000000,233700,11
"1002",2023-07-27,207000,"ID113189568161216",260200,1000000,233700,11
"1003",2023-08-22,240700,"ID113189568161216",260200,1000000,207000,11
"1004",2019-07-15,108400,"ID113202453063125",122900,1000000,111400,28
"1005",2019-08-01,111400,"ID113202453063125",122900,1000000,108400,28
"1006",2020-07-05,93300,"ID113202453063125",122900,1000000,106100,28
"1007",2020-07-17,105900,"ID113202453063125",122900,1000000,106100,28
"1008",2020-08-01,106100,"ID113202453063125",122900,1000000,105900,28
"1009",2020-08-14,106800,"ID113202453063125",122900,1000000,106100,28
"1010",2020-08-23,105100,"ID113202453063125",122900,1000000,106800,28
"1011",2020-09-09,112900,"ID113202453063125",122900,1000000,112900,28
"1012",2021-07-17,127900,"ID113202453063125",122900,1000000,127900,28
"1013",2021-08-03,142300,"ID113202453063125",122900,1000000,142300,28
"1014",2022-07-14,168500,"ID113202453063125",122900,1000000,151400,28
"1015",2022-07-20,151400,"ID113202453063125",122900,1000000,152800,28
"1016",2022-08-04,152800,"ID113202453063125",122900,1000000,155500,28
"1017",2022-08-16,155500,"ID113202453063125",122900,1000000,155500,28
"1018",2023-07-05,182100,"ID113202453063125",122900,1000000,160200,28
"1019",2023-07-09,169700,"ID113202453063125",122900,1000000,163500,28
"1020",2023-07-27,160200,"ID113202453063125",122900,1000000,165500,28
"1021",2023-07-29,163500,"ID113202453063125",122900,1000000,164500,28
"1022",2023-08-08,165500,"ID113202453063125",122900,1000000,164500,28
"1023",2023-08-17,164500,"ID113202453063125",122900,1000000,165500,28
"1024",2023-08-22,168800,"ID113202453063125",122900,1000000,167300,28
"1025",2023-09-07,169900,"ID113202453063125",122900,1000000,167900,28
"1026",2024-07-06,167300,"ID113202453063125",122900,1000000,167900,28
"1027",2024-07-08,167900,"ID113202453063125",122900,1000000,167900,28
"1028",2024-07-26,167600,"ID113202453063125",122900,1000000,167900,28
"1029",2024-07-30,172900,"ID113202453063125",122900,1000000,167900,28
"1030",2024-08-05,169900,"ID113202453063125",122900,1000000,167600,28
"1031",2024-08-14,166500,"ID113202453063125",122900,1000000,166500,28
"1032",2021-07-17,52500,"ID113215337964892",109900,1000000,52500,9
"1033",2021-08-03,66000,"ID113215337964892",109900,1000000,66000,9
"1034",2021-08-06,69400,"ID113215337964892",109900,1000000,69400,9
"1035",2022-07-14,103000,"ID113215337964892",109900,1000000,90000,9
"1036",2023-07-05,90000,"ID113215337964892",109900,1000000,92200,9
"1037",2023-09-07,92200,"ID113215337964892",109900,1000000,92900,9
"1038",2024-07-08,92900,"ID113215337964892",109900,1000000,92900,9
"1039",2024-07-26,104100,"ID113215337964892",109900,1000000,92900,9
"1040",2024-07-30,101600,"ID113215337964892",109900,1000000,92900,9
"1041",2020-08-14,5700,"ID113215337965075",26400,1000000,37200,13
"1042",2021-07-17,34500,"ID113215337965075",26400,1000000,37200,13
"1043",2021-08-03,37200,"ID113215337965075",26400,1000000,37200,13
"1044",2022-07-20,46800,"ID113215337965075",26400,1000000,37200,13
"1045",2022-08-04,40000,"ID113215337965075",26400,1000000,40000,13
"1046",2022-08-16,36900,"ID113215337965075",26400,1000000,40000,13
"1047",2023-08-22,42600,"ID113215337965075",26400,1000000,40000,13
"1048",2023-09-07,39200,"ID113215337965075",26400,1000000,41600,13
"1049",2024-07-08,46800,"ID113215337965075",26400,1000000,42600,13
"1050",2024-07-26,41600,"ID113215337965075",26400,1000000,44300,13
"1051",2024-07-30,45700,"ID113215337965075",26400,1000000,44300,13
"1052",2024-08-05,44300,"ID113215337965075",26400,1000000,41600,13
"1053",2024-08-14,40800,"ID113215337965075",26400,1000000,44300,13
"1054",2019-09-12,24400,"ID113369956786380",15800,1000000,7500,27
"1055",2020-08-13,2300,"ID113369956786380",15800,1000000,10100,27
"1056",2020-08-23,7500,"ID113369956786380",15800,1000000,10100,27
"1057",2020-09-09,10100,"ID113369956786380",15800,1000000,10100,27
"1058",2021-07-17,14900,"ID113369956786380",15800,1000000,13500,27
"1059",2021-07-22,13500,"ID113369956786380",15800,1000000,14200,27
"1060",2021-08-03,14200,"ID113369956786380",15800,1000000,14900,27
"1061",2021-08-06,17000,"ID113369956786380",15800,1000000,15500,27
"1062",2022-07-09,17500,"ID113369956786380",15800,1000000,15700,27
"1063",2022-07-18,15500,"ID113369956786380",15800,1000000,16000,27
"1064",2022-08-04,15700,"ID113369956786380",15800,1000000,15700,27
"1065",2022-08-05,16000,"ID113369956786380",15800,1000000,15700,27
"1066",2022-08-16,14800,"ID113369956786380",15800,1000000,16000,27
"1067",2022-09-27,17000,"ID113369956786380",15800,1000000,16300,27
"1068",2023-07-09,16300,"ID113369956786380",15800,1000000,17000,27
"1069",2023-07-26,17300,"ID113369956786380",15800,1000000,17100,27
"1070",2023-07-29,17500,"ID113369956786380",15800,1000000,17200,27
"1071",2023-08-08,17100,"ID113369956786380",15800,1000000,17300,27
"1072",2023-08-17,17200,"ID113369956786380",15800,1000000,17400,27
"1073",2023-08-23,17400,"ID113369956786380",15800,1000000,17400,27
"1074",2023-09-07,17500,"ID113369956786380",15800,1000000,17400,27
"1075",2024-07-06,17600,"ID113369956786380",15800,1000000,17500,27
"1076",2024-07-08,17300,"ID113369956786380",15800,1000000,17600,27
"1077",2024-07-26,18100,"ID113369956786380",15800,1000000,18100,27
"1078",2024-07-30,18600,"ID113369956786380",15800,1000000,18100,27
"1079",2024-08-05,18100,"ID113369956786380",15800,1000000,18100,27
"1080",2024-08-14,18000,"ID113369956786380",15800,1000000,18600,27
"1081",2020-08-14,24100,"ID113374251755017",59600,1000000,19700,8
"1082",2020-08-23,19700,"ID113374251755017",59600,1000000,24100,8
"1083",2022-07-20,73500,"ID113374251755017",59600,1000000,63700,8
"1084",2022-08-16,67200,"ID113374251755017",59600,1000000,67200,8
"1085",2024-07-26,63700,"ID113374251755017",59600,1000000,67200,8
"1086",2024-07-30,68200,"ID113374251755017",59600,1000000,66800,8
"1087",2024-08-05,66800,"ID113374251755017",59600,1000000,63700,8
"1088",2024-08-14,62100,"ID113374251755017",59600,1000000,62100,8
"1089",2019-09-12,500,"ID113404316525859",9900,1000000,12300,9
"1090",2021-09-22,9600,"ID113404316525859",9900,1000000,12300,9
"1091",2023-07-26,12300,"ID113404316525859",9900,1000000,12300,9
"1092",2023-07-29,12800,"ID113404316525859",9900,1000000,12300,9
"1093",2023-08-08,13400,"ID113404316525859",9900,1000000,12400,9
"1094",2023-08-17,12300,"ID113404316525859",9900,1000000,12800,9
"1095",2023-08-20,12400,"ID113404316525859",9900,1000000,13200,9
"1096",2023-09-07,14700,"ID113404316525859",9900,1000000,13200,9
"1097",2024-07-30,13200,"ID113404316525859",9900,1000000,14700,9
"1098",2021-09-22,8500,"ID113468741035424",28800,1000000,9400,8
"1099",2022-08-16,9400,"ID113468741035424",28800,1000000,8900,8
"1100",2022-09-02,19200,"ID113468741035424",28800,1000000,9400,8
"1101",2023-07-05,8900,"ID113468741035424",28800,1000000,10100,8
"1102",2023-09-07,10100,"ID113468741035424",28800,1000000,10200,8
"1103",2024-07-06,10600,"ID113468741035424",28800,1000000,10200,8
"1104",2024-07-08,10200,"ID113468741035424",28800,1000000,10600,8
"1105",2024-07-26,10600,"ID113468741035424",28800,1000000,10600,8
"1106",2020-08-13,7400,"ID113541755479469",14500,1000000,10400,12
"1107",2020-08-23,9400,"ID113541755479469",14500,1000000,10400,12
"1108",2020-09-09,10400,"ID113541755479469",14500,1000000,10400,12
"1109",2021-09-22,16900,"ID113541755479469",14500,1000000,14600,12
"1110",2022-07-14,16500,"ID113541755479469",14500,1000000,16500,12
"1111",2022-08-04,14600,"ID113541755479469",14500,1000000,16900,12
"1112",2023-07-05,17200,"ID113541755479469",14500,1000000,16500,12
"1113",2023-07-09,17100,"ID113541755479469",14500,1000000,16000,12
"1114",2023-07-26,16000,"ID113541755479469",14500,1000000,16000,12
"1115",2023-09-07,15700,"ID113541755479469",14500,1000000,16000,12
"1116",2024-07-26,15900,"ID113541755479469",14500,1000000,16000,12
"1117",2024-07-30,16800,"ID113541755479469",14500,1000000,16800,12
"1118",2019-07-20,682500,"ID113546050446656",733500,1000000,675700,8
"1119",2019-07-29,675700,"ID113546050446656",733500,1000000,682500,8
"1120",2019-09-12,999700,"ID113546050446656",733500,1000000,688100,8
"1121",2020-08-01,688100,"ID113546050446656",733500,1000000,738200,8
"1122",2020-08-13,738200,"ID113546050446656",733500,1000000,743500,8
"1123",2020-08-23,743500,"ID113546050446656",733500,1000000,743500,8
"1124",2020-09-09,773900,"ID113546050446656",733500,1000000,743500,8
"1125",2021-07-17,786400,"ID113546050446656",733500,1000000,743500,8
"1126",2020-07-17,11700,"ID113576115217783",52500,1000000,14400,4
"1127",2020-08-01,14400,"ID113576115217783",52500,1000000,14400,4
"1128",2020-08-13,78400,"ID113576115217783",52500,1000000,35700,4
"1129",2020-09-09,92800,"ID113576115217783",52500,1000000,35700,4
"1130",2020-08-14,64300,"ID113636244760141",61700,1000000,64300,11
"1131",2020-08-23,66800,"ID113636244760141",61700,1000000,66800,11
"1132",2020-09-09,75100,"ID113636244760141",61700,1000000,75100,11
"1133",2021-07-17,117200,"ID113636244760141",61700,1000000,93600,11
"1134",2021-08-03,93600,"ID113636244760141",61700,1000000,110900,11
"1135",2022-07-14,111500,"ID113636244760141",61700,1000000,110900,11
"1136",2022-07-20,110900,"ID113636244760141",61700,1000000,97100,11
"1137",2022-08-04,94000,"ID113636244760141",61700,1000000,98400,11
"1138",2022-08-16,97100,"ID113636244760141",61700,1000000,98400,11
"1139",2023-07-27,98400,"ID113636244760141",61700,1000000,97100,11
"1140",2023-07-29,100700,"ID113636244760141",61700,1000000,97100,11
"1141",2020-09-09,14600,"ID113644834694455",32800,1000000,37500,16
"1142",2021-07-17,37500,"ID113644834694455",32800,1000000,36400,16
"1143",2021-08-03,36400,"ID113644834694455",32800,1000000,36400,16
"1144",2021-08-06,35800,"ID113644834694455",32800,1000000,37500,16
"1145",2022-08-04,49300,"ID113644834694455",32800,1000000,49300,16
"1146",2022-08-16,52100,"ID113644834694455",32800,1000000,52100,16
"1147",2023-07-09,54000,"ID113644834694455",32800,1000000,52100,16
"1148",2023-07-29,52700,"ID113644834694455",32800,1000000,52200,16
"1149",2023-08-08,52100,"ID113644834694455",32800,1000000,52700,16
"1150",2023-08-17,52200,"ID113644834694455",32800,1000000,52200,16
"1151",2023-09-07,55300,"ID113644834694455",32800,1000000,52200,16
"1152",2024-07-06,50900,"ID113644834694455",32800,1000000,52800,16
"1153",2024-07-08,53400,"ID113644834694455",32800,1000000,52800,16
"1154",2024-07-26,52800,"ID113644834694455",32800,1000000,50900,16
"1155",2024-08-05,49100,"ID113644834694455",32800,1000000,52800,16
"1156",2024-08-14,49600,"ID113644834694455",32800,1000000,52800,16
"1157",2020-07-17,236300,"ID113644834694766",175200,1000000,177700,20
"1158",2020-08-01,239200,"ID113644834694766",175200,1000000,177700,20
"1159",2020-08-14,177700,"ID113644834694766",175200,1000000,181100,20
"1160",2020-09-09,171300,"ID113644834694766",175200,1000000,181100,20
"1161",2021-07-17,181100,"ID113644834694766",175200,1000000,181100,20
"1162",2021-08-03,205800,"ID113644834694766",175200,1000000,205800,20
"1163",2022-07-14,225700,"ID113644834694766",175200,1000000,218500,20
"1164",2022-07-20,218500,"ID113644834694766",175200,1000000,220200,20
"1165",2022-08-04,220200,"ID113644834694766",175200,1000000,225700,20
"1166",2022-08-16,228000,"ID113644834694766",175200,1000000,228000,20
"1167",2023-07-05,244900,"ID113644834694766",175200,1000000,232400,20
"1168",2023-07-27,232400,"ID113644834694766",175200,1000000,235400,20
"1169",2023-08-08,235400,"ID113644834694766",175200,1000000,236400,20
"1170",2023-08-17,236400,"ID113644834694766",175200,1000000,236400,20
"1171",2023-08-22,241900,"ID113644834694766",175200,1000000,241900,20
"1172",2024-07-06,243600,"ID113644834694766",175200,1000000,243600,20
"1173",2024-07-26,244700,"ID113644834694766",175200,1000000,244700,20
"1174",2024-07-30,248300,"ID113644834694766",175200,1000000,248300,20
"1175",2024-08-05,248300,"ID113644834694766",175200,1000000,248300,20
"1176",2024-08-14,249300,"ID113644834694766",175200,1000000,248300,20
"1177",2019-07-20,178000,"ID113713554171246",145100,1000000,100600,26
"1178",2019-07-29,196000,"ID113713554171246",145100,1000000,100600,26
"1179",2020-09-09,82600,"ID113713554171246",145100,1000000,112200,26
"1180",2021-07-17,94900,"ID113713554171246",145100,1000000,112200,26
"1181",2021-08-03,112200,"ID113713554171246",145100,1000000,112200,26
"1182",2021-08-06,114400,"ID113713554171246",145100,1000000,114400,26
"1183",2021-09-22,120900,"ID113713554171246",145100,1000000,120900,26
"1184",2022-07-14,126600,"ID113713554171246",145100,1000000,123800,26
"1185",2022-07-17,123800,"ID113713554171246",145100,1000000,126600,26
"1186",2022-08-04,126600,"ID113713554171246",145100,1000000,126600,26
"1187",2022-08-16,130500,"ID113713554171246",145100,1000000,129000,26
"1188",2022-09-02,129000,"ID113713554171246",145100,1000000,130500,26
"1189",2023-07-05,142100,"ID113713554171246",145100,1000000,130800,26
"1190",2023-07-09,140000,"ID113713554171246",145100,1000000,133600,26
"1191",2023-07-26,130800,"ID113713554171246",145100,1000000,136400,26
"1192",2023-07-29,133600,"ID113713554171246",145100,1000000,136400,26
"1193",2023-08-08,136400,"ID113713554171246",145100,1000000,135000,26
"1194",2023-08-17,139000,"ID113713554171246",145100,1000000,136400,26
"1195",2023-08-20,135000,"ID113713554171246",145100,1000000,139000,26
"1196",2023-09-07,139300,"ID113713554171246",145100,1000000,139300,26
"1197",2024-07-06,144400,"ID113713554171246",145100,1000000,144400,26
"1198",2024-07-08,145900,"ID113713554171246",145100,1000000,145900,26
"1199",2024-07-26,148200,"ID113713554171246",145100,1000000,148200,26
"1200",2024-07-30,148500,"ID113713554171246",145100,1000000,148500,26
"1201",2024-08-05,151500,"ID113713554171246",145100,1000000,148500,26
"1202",2024-08-14,150000,"ID113713554171246",145100,1000000,148500,26
"1203",2019-07-20,36000,"ID113713554171311",37300,1000000,36000,9
"1204",2019-07-29,35700,"ID113713554171311",37300,1000000,35700,9
"1205",2020-07-17,10300,"ID113713554171311",37300,1000000,35700,9
"1206",2020-08-01,17400,"ID113713554171311",37300,1000000,35700,9
"1207",2020-08-13,42700,"ID113713554171311",37300,1000000,42700,9
"1208",2021-07-17,60500,"ID113713554171311",37300,1000000,60500,9
"1209",2021-08-03,68200,"ID113713554171311",37300,1000000,68200,9
"1210",2021-08-06,73300,"ID113713554171311",37300,1000000,68200,9
"1211",2021-09-22,74100,"ID113713554171311",37300,1000000,68200,9
"1212",2021-07-17,111800,"ID113726439073212",178700,1000000,111800,23
"1213",2021-08-03,123200,"ID113726439073212",178700,1000000,123200,23
"1214",2021-08-06,129800,"ID113726439073212",178700,1000000,129800,23
"1215",2021-09-22,136900,"ID113726439073212",178700,1000000,135900,23
"1216",2022-07-14,135900,"ID113726439073212",178700,1000000,136900,23
"1217",2022-07-17,219700,"ID113726439073212",178700,1000000,141600,23
"1218",2022-08-04,141600,"ID113726439073212",178700,1000000,149100,23
"1219",2022-08-16,149100,"ID113726439073212",178700,1000000,151300,23
"1220",2022-09-02,151300,"ID113726439073212",178700,1000000,151300,23
"1221",2023-07-05,206000,"ID113726439073212",178700,1000000,152200,23
"1222",2023-07-09,152200,"ID113726439073212",178700,1000000,153000,23
"1223",2023-07-26,153000,"ID113726439073212",178700,1000000,155600,23
"1224",2023-07-29,155600,"ID113726439073212",178700,1000000,155600,23
"1225",2023-08-08,159100,"ID113726439073212",178700,1000000,158600,23
"1226",2023-08-17,160000,"ID113726439073212",178700,1000000,159100,23
"1227",2023-08-20,158600,"ID113726439073212",178700,1000000,160000,23
"1228",2023-09-07,175600,"ID113726439073212",178700,1000000,170900,23
"1229",2024-07-06,172400,"ID113726439073212",178700,1000000,172400,23
"1230",2024-07-08,170900,"ID113726439073212",178700,1000000,173600,23
"1231",2024-07-26,173600,"ID113726439073212",178700,1000000,173600,23
"1232",2024-07-30,176700,"ID113726439073212",178700,1000000,176700,23
"1233",2024-08-05,179600,"ID113726439073212",178700,1000000,176700,23
"1234",2024-08-14,179100,"ID113726439073212",178700,1000000,176700,23
"1235",2020-08-13,3900,"ID113730734040455",13800,1000000,4200,26
"1236",2020-08-23,3000,"ID113730734040455",13800,1000000,4200,26
"1237",2020-09-09,4200,"ID113730734040455",13800,1000000,4200,26
"1238",2021-07-17,6600,"ID113730734040455",13800,1000000,6600,26
"1239",2021-08-03,10900,"ID113730734040455",13800,1000000,10900,26
"1240",2021-08-06,13400,"ID113730734040455",13800,1000000,13400,26
"1241",2021-09-22,18900,"ID113730734040455",13800,1000000,15600,26
"1242",2022-07-14,15600,"ID113730734040455",13800,1000000,16300,26
"1243",2022-07-17,16700,"ID113730734040455",13800,1000000,16300,26
"1244",2022-08-04,16300,"ID113730734040455",13800,1000000,16300,26
"1245",2022-08-16,16300,"ID113730734040455",13800,1000000,16300,26
"1246",2022-09-02,16300,"ID113730734040455",13800,1000000,16300,26
"1247",2023-07-05,17400,"ID113730734040455",13800,1000000,16500,26
"1248",2023-07-09,17400,"ID113730734040455",13800,1000000,17300,26
"1249",2023-07-26,16500,"ID113730734040455",13800,1000000,17300,26
"1250",2023-07-29,17300,"ID113730734040455",13800,1000000,17200,26
"1251",2023-08-08,17200,"ID113730734040455",13800,1000000,17200,26
"1252",2023-08-17,16600,"ID113730734040455",13800,1000000,17200,26
"1253",2023-08-20,17200,"ID113730734040455",13800,1000000,17200,26
"1254",2023-09-07,19300,"ID113730734040455",13800,1000000,17300,26
"1255",2024-07-06,17300,"ID113730734040455",13800,1000000,17800,26
"1256",2024-07-08,17900,"ID113730734040455",13800,1000000,17900,26
"1257",2024-07-26,17800,"ID113730734040455",13800,1000000,17900,26
"1258",2024-07-30,19400,"ID113730734040455",13800,1000000,18300,26
"1259",2024-08-05,18300,"ID113730734040455",13800,1000000,18300,26
"1260",2024-08-14,18300,"ID113730734040455",13800,1000000,19400,26
"1261",2021-09-22,94000,"ID113773683713346",63100,1000000,94200,11
"1262",2022-07-14,91000,"ID113773683713346",63100,1000000,94200,11
"1263",2022-08-04,94200,"ID113773683713346",63100,1000000,94200,11
"1264",2022-08-16,99500,"ID113773683713346",63100,1000000,98700,11
"1265",2023-07-05,98700,"ID113773683713346",63100,1000000,99500,11
"1266",2023-07-09,102300,"ID113773683713346",63100,1000000,100800,11
"1267",2023-07-26,100800,"ID113773683713346",63100,1000000,102300,11
"1268",2023-07-29,103000,"ID113773683713346",63100,1000000,103000,11
"1269",2023-08-08,104900,"ID113773683713346",63100,1000000,104500,11
"1270",2023-08-17,104500,"ID113773683713346",63100,1000000,104500,11
"1271",2023-08-20,104800,"ID113773683713346",63100,1000000,104500,11
"1272",2019-09-12,19100,"ID113777978680913",28100,1000000,47800,5
"1273",2020-09-09,16600,"ID113777978680913",28100,1000000,36700,5
"1274",2021-07-17,47800,"ID113777978680913",28100,1000000,36700,5
"1275",2023-07-09,36700,"ID113777978680913",28100,1000000,39800,5
"1276",2024-07-06,39800,"ID113777978680913",28100,1000000,47800,5
"1277",2022-08-05,99600,"ID113799453516000",72700,1000000,99600,10
"1278",2023-07-26,105000,"ID113799453516000",72700,1000000,105000,10
"1279",2023-08-17,111800,"ID113799453516000",72700,1000000,111800,10
"1280",2023-08-23,114800,"ID113799453516000",72700,1000000,114800,10
"1281",2023-09-07,121900,"ID113799453516000",72700,1000000,121900,10
"1282",2024-07-06,128200,"ID113799453516000",72700,1000000,128200,10
"1283",2024-07-08,130300,"ID113799453516000",72700,1000000,130200,10
"1284",2024-07-26,130200,"ID113799453516000",72700,1000000,130200,10
"1285",2024-07-30,131000,"ID113799453516000",72700,1000000,130200,10
"1286",2024-08-14,117500,"ID113799453516000",72700,1000000,117500,10
"1287",2020-08-13,13100,"ID113825223320899",31100,1000000,19400,24
"1288",2020-08-23,15400,"ID113825223320899",31100,1000000,19400,24
"1289",2020-09-09,19400,"ID113825223320899",31100,1000000,19400,24
"1290",2021-08-03,29800,"ID113825223320899",31100,1000000,29800,24
"1291",2021-08-06,31100,"ID113825223320899",31100,1000000,30600,24
"1292",2022-07-14,30700,"ID113825223320899",31100,1000000,30600,24
"1293",2022-07-17,30600,"ID113825223320899",31100,1000000,30700,24
"1294",2022-08-04,29100,"ID113825223320899",31100,1000000,30600,24
"1295",2022-08-16,31000,"ID113825223320899",31100,1000000,30600,24
"1296",2022-09-02,27700,"ID113825223320899",31100,1000000,31000,24
"1297",2023-07-05,33500,"ID113825223320899",31100,1000000,31000,24
"1298",2023-07-09,32800,"ID113825223320899",31100,1000000,30900,24
"1299",2023-07-26,28200,"ID113825223320899",31100,1000000,31900,24
"1300",2023-07-29,30900,"ID113825223320899",31100,1000000,30900,24
"1301",2023-08-08,31900,"ID113825223320899",31100,1000000,28900,24
"1302",2023-08-17,28900,"ID113825223320899",31100,1000000,30900,24
"1303",2023-08-20,28500,"ID113825223320899",31100,1000000,29700,24
"1304",2023-09-07,31900,"ID113825223320899",31100,1000000,29700,24
"1305",2024-07-06,29700,"ID113825223320899",31100,1000000,30600,24
"1306",2024-07-08,30600,"ID113825223320899",31100,1000000,30800,24
"1307",2024-07-26,30800,"ID113825223320899",31100,1000000,30800,24
"1308",2024-07-30,32100,"ID113825223320899",31100,1000000,31300,24
"1309",2024-08-05,31900,"ID113825223320899",31100,1000000,31900,24
"1310",2024-08-14,31300,"ID113825223320899",31100,1000000,32100,24
"1311",2021-08-06,61100,"ID113838108223058",120000,1000000,61100,20
"1312",2021-09-22,65500,"ID113838108223058",120000,1000000,64700,20
"1313",2022-07-14,66000,"ID113838108223058",120000,1000000,65500,20
"1314",2022-07-17,64700,"ID113838108223058",120000,1000000,65500,20
"1315",2022-08-04,65700,"ID113838108223058",120000,1000000,65700,20
"1316",2022-08-16,65400,"ID113838108223058",120000,1000000,65700,20
"1317",2023-07-05,67800,"ID113838108223058",120000,1000000,67500,20
"1318",2023-07-09,69300,"ID113838108223058",120000,1000000,67800,20
"1319",2023-07-26,67500,"ID113838108223058",120000,1000000,68900,20
"1320",2023-07-29,69500,"ID113838108223058",120000,1000000,68900,20
"1321",2023-08-08,68900,"ID113838108223058",120000,1000000,68000,20
"1322",2023-08-17,67800,"ID113838108223058",120000,1000000,68900,20
"1323",2023-08-20,68000,"ID113838108223058",120000,1000000,68900,20
"1324",2023-09-07,70600,"ID113838108223058",120000,1000000,70600,20
"1325",2024-07-06,71800,"ID113838108223058",120000,1000000,71800,20
"1326",2024-07-08,72500,"ID113838108223058",120000,1000000,71800,20
"1327",2024-07-26,71800,"ID113838108223058",120000,1000000,72500,20
"1328",2024-07-30,75100,"ID113838108223058",120000,1000000,73100,20
"1329",2024-08-05,73100,"ID113838108223058",120000,1000000,73100,20
"1330",2024-08-14,73400,"ID113838108223058",120000,1000000,73100,20
"1331",2019-07-20,53200,"ID113855288092231",78600,1000000,53200,24
"1332",2019-07-29,54700,"ID113855288092231",78600,1000000,53200,24
"1333",2020-07-05,57700,"ID113855288092231",78600,1000000,53200,24
"1334",2020-07-17,48500,"ID113855288092231",78600,1000000,51600,24
"1335",2020-08-01,51600,"ID113855288092231",78600,1000000,49500,24
"1336",2020-08-13,48800,"ID113855288092231",78600,1000000,49500,24
"1337",2020-08-23,49500,"ID113855288092231",78600,1000000,51600,24
"1338",2020-09-09,55000,"ID113855288092231",78600,1000000,55000,24
"1339",2021-07-17,69900,"ID113855288092231",78600,1000000,69900,24
"1340",2021-08-03,83800,"ID113855288092231",78600,1000000,83800,24
"1341",2021-08-06,89100,"ID113855288092231",78600,1000000,83800,24
"1342",2021-09-22,88400,"ID113855288092231",78600,1000000,88400,24
"1343",2022-07-14,67000,"ID113855288092231",78600,1000000,89100,24
"1344",2022-08-16,121400,"ID113855288092231",78600,1000000,94500,24
"1345",2023-07-09,95600,"ID113855288092231",78600,1000000,95600,24
"1346",2023-07-26,94500,"ID113855288092231",78600,1000000,95700,24
"1347",2023-07-29,102700,"ID113855288092231",78600,1000000,95700,24
"1348",2023-08-17,95700,"ID113855288092231",78600,1000000,97800,24
"1349",2023-08-20,97800,"ID113855288092231",78600,1000000,98400,24
"1350",2023-09-07,102200,"ID113855288092231",78600,1000000,97800,24
"1351",2024-07-06,98400,"ID113855288092231",78600,1000000,98400,24
"1352",2024-07-08,97300,"ID113855288092231",78600,1000000,102200,24
"1353",2024-07-30,110400,"ID113855288092231",78600,1000000,98400,24
"1354",2024-08-05,102800,"ID113855288092231",78600,1000000,97300,24
"1355",2021-07-17,50800,"ID113868172994183",119900,1000000,65500,10
"1356",2021-08-03,56200,"ID113868172994183",119900,1000000,65500,10
"1357",2022-08-04,65500,"ID113868172994183",119900,1000000,65500,10
"1358",2022-08-16,68700,"ID113868172994183",119900,1000000,68700,10
"1359",2023-08-08,76100,"ID113868172994183",119900,1000000,76100,10
"1360",2023-08-17,76500,"ID113868172994183",119900,1000000,76500,10
"1361",2024-07-06,83600,"ID113868172994183",119900,1000000,83600,10
"1362",2024-07-26,85300,"ID113868172994183",119900,1000000,85300,10
"1363",2024-08-05,88700,"ID113868172994183",119900,1000000,85300,10
"1364",2024-08-14,89800,"ID113868172994183",119900,1000000,88700,10
"1365",2020-08-13,66100,"ID113893942797766",62600,1000000,66100,15
"1366",2020-08-23,56500,"ID113893942797766",62600,1000000,66100,15
"1367",2020-09-09,62700,"ID113893942797766",62600,1000000,66100,15
"1368",2021-07-17,91400,"ID113893942797766",62600,1000000,91400,15
"1369",2021-08-03,93700,"ID113893942797766",62600,1000000,93700,15
"1370",2021-08-06,97000,"ID113893942797766",62600,1000000,97000,15
"1371",2021-09-22,104500,"ID113893942797766",62600,1000000,104500,15
"1372",2022-07-14,108400,"ID113893942797766",62600,1000000,108400,15
"1373",2022-08-04,108500,"ID113893942797766",62600,1000000,108500,15
"1374",2022-08-16,117000,"ID113893942797766",62600,1000000,116100,15
"1375",2022-09-02,116100,"ID113893942797766",62600,1000000,117000,15
"1376",2023-07-05,118000,"ID113893942797766",62600,1000000,118000,15
"1377",2023-07-09,118300,"ID113893942797766",62600,1000000,118300,15
"1378",2023-07-26,124900,"ID113893942797766",62600,1000000,118300,15
"1379",2023-07-29,125100,"ID113893942797766",62600,1000000,118300,15
"1380",2020-08-13,8400,"ID113893942797779",25800,1000000,14300,26
"1381",2020-08-23,13600,"ID113893942797779",25800,1000000,14300,26
"1382",2020-09-09,14300,"ID113893942797779",25800,1000000,14300,26
"1383",2021-07-17,18700,"ID113893942797779",25800,1000000,17600,26
"1384",2021-08-03,20200,"ID113893942797779",25800,1000000,18700,26
"1385",2021-08-06,17600,"ID113893942797779",25800,1000000,20200,26
"1386",2021-09-22,23800,"ID113893942797779",25800,1000000,22500,26
"1387",2022-07-14,22500,"ID113893942797779",25800,1000000,23300,26
"1388",2022-07-17,28800,"ID113893942797779",25800,1000000,23300,26
"1389",2022-08-04,23300,"ID113893942797779",25800,1000000,22500,26
"1390",2022-08-16,22200,"ID113893942797779",25800,1000000,23300,26
"1391",2022-09-02,19900,"ID113893942797779",25800,1000000,23300,26
"1392",2023-07-05,25800,"ID113893942797779",25800,1000000,23900,26
"1393",2023-07-09,25900,"ID113893942797779",25800,1000000,24500,26
"1394",2023-07-26,23900,"ID113893942797779",25800,1000000,25500,26
"1395",2023-07-29,24500,"ID113893942797779",25800,1000000,24500,26
"1396",2023-08-08,25500,"ID113893942797779",25800,1000000,23900,26
"1397",2023-08-17,23000,"ID113893942797779",25800,1000000,24500,26
"1398",2023-08-20,23200,"ID113893942797779",25800,1000000,23800,26
"1399",2023-09-07,24500,"ID113893942797779",25800,1000000,23800,26
"1400",2024-07-06,23800,"ID113893942797779",25800,1000000,24500,26
"1401",2024-07-08,24800,"ID113893942797779",25800,1000000,24800,26
"1402",2024-07-26,25400,"ID113893942797779",25800,1000000,25400,26
"1403",2024-07-30,25700,"ID113893942797779",25800,1000000,25600,26
"1404",2024-08-05,25800,"ID113893942797779",25800,1000000,25600,26
"1405",2024-08-14,25600,"ID113893942797779",25800,1000000,25600,26
"1406",2019-07-20,5300,"ID113915417634185",15900,1000000,6000,7
"1407",2019-07-29,6000,"ID113915417634185",15900,1000000,5900,7
"1408",2020-08-23,3800,"ID113915417634185",15900,1000000,5900,7
"1409",2020-09-09,5900,"ID113915417634185",15900,1000000,6000,7
"1410",2022-07-14,30100,"ID113915417634185",15900,1000000,30100,7
"1411",2022-07-17,31100,"ID113915417634185",15900,1000000,31100,7
"1412",2022-09-02,31400,"ID113915417634185",15900,1000000,31400,7
"1413",2020-09-09,185800,"ID113915417634427",246200,1000000,185800,11
"1414",2021-07-17,204200,"ID113915417634427",246200,1000000,204200,11
"1415",2021-08-03,213500,"ID113915417634427",246200,1000000,213500,11
"1416",2022-08-04,220700,"ID113915417634427",246200,1000000,220700,11
"1417",2022-08-16,220800,"ID113915417634427",246200,1000000,220800,11
"1418",2023-08-08,229100,"ID113915417634427",246200,1000000,227800,11
"1419",2023-08-17,227800,"ID113915417634427",246200,1000000,229100,11
"1420",2024-07-06,236200,"ID113915417634427",246200,1000000,234700,11
"1421",2024-07-26,234700,"ID113915417634427",246200,1000000,235700,11
"1422",2024-08-05,235700,"ID113915417634427",246200,1000000,235700,11
"1423",2024-08-14,238800,"ID113915417634427",246200,1000000,234700,11
"1424",2020-09-09,8000,"ID114005611947476",18200,1000000,11600,24
"1425",2021-07-17,6700,"ID114005611947476",18200,1000000,10200,24
"1426",2021-08-03,11600,"ID114005611947476",18200,1000000,10200,24
"1427",2021-08-06,10200,"ID114005611947476",18200,1000000,11600,24
"1428",2021-09-22,13600,"ID114005611947476",18200,1000000,13400,24
"1429",2022-07-14,13500,"ID114005611947476",18200,1000000,13400,24
"1430",2022-07-17,13400,"ID114005611947476",18200,1000000,13500,24
"1431",2022-08-04,13400,"ID114005611947476",18200,1000000,13500,24
"1432",2022-08-16,14400,"ID114005611947476",18200,1000000,14100,24
"1433",2022-09-02,14100,"ID114005611947476",18200,1000000,14400,24
"1434",2023-07-05,14700,"ID114005611947476",18200,1000000,14700,24
"1435",2023-07-09,15200,"ID114005611947476",18200,1000000,14900,24
"1436",2023-07-26,14900,"ID114005611947476",18200,1000000,15200,24
"1437",2023-07-29,15800,"ID114005611947476",18200,1000000,15200,24
"1438",2023-08-08,15400,"ID114005611947476",18200,1000000,15000,24
"1439",2023-08-17,15000,"ID114005611947476",18200,1000000,15200,24
"1440",2023-08-20,14900,"ID114005611947476",18200,1000000,15200,24
"1441",2023-09-07,15200,"ID114005611947476",18200,1000000,15200,24
"1442",2024-07-06,16600,"ID114005611947476",18200,1000000,16500,24
"1443",2024-07-08,16500,"ID114005611947476",18200,1000000,16600,24
"1444",2024-07-26,17400,"ID114005611947476",18200,1000000,16700,24
"1445",2024-07-30,16700,"ID114005611947476",18200,1000000,17400,24
"1446",2024-08-05,17800,"ID114005611947476",18200,1000000,17800,24
"1447",2024-08-14,18000,"ID114005611947476",18200,1000000,18000,24
"1448",2019-07-20,134300,"ID114027086783823",106000,1000000,86900,6
"1449",2020-07-17,69000,"ID114027086783823",106000,1000000,86900,6
"1450",2020-08-01,86900,"ID114027086783823",106000,1000000,134300,6
"1451",2020-08-13,186000,"ID114027086783823",106000,1000000,156100,6
"1452",2020-08-23,156100,"ID114027086783823",106000,1000000,156100,6
"1453",2020-09-09,193300,"ID114027086783823",106000,1000000,156100,6
"1454",2019-07-29,196900,"ID114039971685763",126900,1000000,113800,19
"1455",2020-09-09,113800,"ID114039971685763",126900,1000000,186400,19
"1456",2021-07-17,186400,"ID114039971685763",126900,1000000,195000,19
"1457",2021-08-03,195000,"ID114039971685763",126900,1000000,195000,19
"1458",2021-08-06,199900,"ID114039971685763",126900,1000000,199900,19
"1459",2021-09-22,201200,"ID114039971685763",126900,1000000,201200,19
"1460",2022-07-14,208300,"ID114039971685763",126900,1000000,208300,19
"1461",2022-07-17,217200,"ID114039971685763",126900,1000000,216000,19
"1462",2022-08-04,216000,"ID114039971685763",126900,1000000,217200,19
"1463",2022-08-16,221100,"ID114039971685763",126900,1000000,221100,19
"1464",2023-07-05,225500,"ID114039971685763",126900,1000000,221900,19
"1465",2023-07-09,224000,"ID114039971685763",126900,1000000,224000,19
"1466",2023-07-26,221900,"ID114039971685763",126900,1000000,225500,19
"1467",2023-07-29,226700,"ID114039971685763",126900,1000000,226700,19
"1468",2023-08-08,237100,"ID114039971685763",126900,1000000,229600,19
"1469",2023-08-17,229600,"ID114039971685763",126900,1000000,230700,19
"1470",2023-08-20,230700,"ID114039971685763",126900,1000000,231400,19
"1471",2023-09-07,231400,"ID114039971685763",126900,1000000,230700,19
"1472",2024-07-08,236700,"ID114039971685763",126900,1000000,230700,19
"1473",2019-07-20,31600,"ID114061446522384",23500,1000000,23700,9
"1474",2019-07-29,44000,"ID114061446522384",23500,1000000,23700,9
"1475",2020-08-01,23700,"ID114061446522384",23500,1000000,23700,9
"1476",2020-08-13,6200,"ID114061446522384",23500,1000000,23200,9
"1477",2020-08-23,11800,"ID114061446522384",23500,1000000,23200,9
"1478",2020-09-09,23200,"ID114061446522384",23500,1000000,23200,9
"1479",2021-07-17,37700,"ID114061446522384",23500,1000000,37700,9
"1480",2021-09-22,43500,"ID114061446522384",23500,1000000,37700,9
"1481",2022-08-04,45900,"ID114061446522384",23500,1000000,37700,9
"1482",2019-07-20,64000,"ID114082921358840",76100,1000000,64000,31
"1483",2019-07-29,70700,"ID114082921358840",76100,1000000,64000,31
"1484",2020-07-05,76800,"ID114082921358840",76100,1000000,64000,31
"1485",2020-07-17,55100,"ID114082921358840",76100,1000000,57800,31
"1486",2020-08-01,57800,"ID114082921358840",76100,1000000,55100,31
"1487",2020-08-13,50800,"ID114082921358840",76100,1000000,50800,31
"1488",2020-08-23,45900,"ID114082921358840",76100,1000000,50800,31
"1489",2020-09-09,45000,"ID114082921358840",76100,1000000,50800,31
"1490",2021-07-17,69400,"ID114082921358840",76100,1000000,69400,31
"1491",2021-08-03,72400,"ID114082921358840",76100,1000000,72400,31
"1492",2021-08-06,88200,"ID114082921358840",76100,1000000,88200,31
"1493",2021-09-22,88200,"ID114082921358840",76100,1000000,88200,31
"1494",2022-07-14,103900,"ID114082921358840",76100,1000000,96900,31
"1495",2022-07-17,97700,"ID114082921358840",76100,1000000,96900,31
"1496",2022-08-04,96900,"ID114082921358840",76100,1000000,96900,31
"1497",2022-08-16,95000,"ID114082921358840",76100,1000000,96900,31
"1498",2022-09-02,96500,"ID114082921358840",76100,1000000,96500,31
"1499",2023-07-05,113400,"ID114082921358840",76100,1000000,96500,31
"1500",2023-07-09,91200,"ID114082921358840",76100,1000000,96500,31
"1501",2023-07-26,100600,"ID114082921358840",76100,1000000,100600,31
"1502",2023-07-29,95000,"ID114082921358840",76100,1000000,100600,31
"1503",2023-08-08,101100,"ID114082921358840",76100,1000000,101100,31
"1504",2023-08-17,101900,"ID114082921358840",76100,1000000,101900,31
"1505",2023-08-20,103100,"ID114082921358840",76100,1000000,103100,31
"1506",2023-09-07,104500,"ID114082921358840",76100,1000000,104500,31
"1507",2024-07-06,104800,"ID114082921358840",76100,1000000,104800,31
"1508",2024-07-08,105600,"ID114082921358840",76100,1000000,105600,31
"1509",2024-07-26,107700,"ID114082921358840",76100,1000000,107700,31
"1510",2024-07-30,110000,"ID114082921358840",76100,1000000,108000,31
"1511",2024-08-05,108000,"ID114082921358840",76100,1000000,108000,31
"1512",2024-08-14,108800,"ID114082921358840",76100,1000000,108000,31
"1513",2020-09-09,9800,"ID114087216326096",30900,1000000,33700,23
"1514",2021-07-17,33500,"ID114087216326096",30900,1000000,33700,23
"1515",2021-08-03,33700,"ID114087216326096",30900,1000000,33700,23
"1516",2021-08-06,34200,"ID114087216326096",30900,1000000,34200,23
"1517",2021-09-22,42800,"ID114087216326096",30900,1000000,36800,23
"1518",2022-07-14,36800,"ID114087216326096",30900,1000000,38600,23
"1519",2022-08-04,39000,"ID114087216326096",30900,1000000,39000,23
"1520",2022-08-16,38600,"ID114087216326096",30900,1000000,39000,23
"1521",2022-09-02,39400,"ID114087216326096",30900,1000000,39400,23
"1522",2023-07-05,40400,"ID114087216326096",30900,1000000,40100,23
"1523",2023-07-09,40700,"ID114087216326096",30900,1000000,40400,23
"1524",2023-07-26,40100,"ID114087216326096",30900,1000000,40600,23
"1525",2023-07-29,41100,"ID114087216326096",30900,1000000,40600,23
"1526",2023-08-08,40600,"ID114087216326096",30900,1000000,40600,23
"1527",2023-08-17,40600,"ID114087216326096",30900,1000000,41000,23
"1528",2023-08-20,41000,"ID114087216326096",30900,1000000,40600,23
"1529",2023-09-07,41600,"ID114087216326096",30900,1000000,41000,23
"1530",2024-07-06,40600,"ID114087216326096",30900,1000000,41600,23
"1531",2024-07-08,42400,"ID114087216326096",30900,1000000,42300,23
"1532",2024-07-26,42300,"ID114087216326096",30900,1000000,42400,23
"1533",2024-07-30,43300,"ID114087216326096",30900,1000000,42800,23
"1534",2024-08-05,42800,"ID114087216326096",30900,1000000,43200,23
"1535",2024-08-14,43200,"ID114087216326096",30900,1000000,43300,23
"1536",2020-08-13,42400,"ID114121576064532",80000,1000000,42400,19
"1537",2020-08-23,47900,"ID114121576064532",80000,1000000,47900,19
"1538",2020-09-09,56600,"ID114121576064532",80000,1000000,56600,19
"1539",2021-07-17,71200,"ID114121576064532",80000,1000000,71200,19
"1540",2021-08-03,98900,"ID114121576064532",80000,1000000,80000,19
"1541",2021-08-06,80000,"ID114121576064532",80000,1000000,98900,19
"1542",2021-09-22,101400,"ID114121576064532",80000,1000000,99000,19
"1543",2022-07-14,99300,"ID114121576064532",80000,1000000,99000,19
"1544",2022-07-17,99000,"ID114121576064532",80000,1000000,99000,19
"1545",2022-08-04,87200,"ID114121576064532",80000,1000000,93100,19
"1546",2022-08-16,93100,"ID114121576064532",80000,1000000,93100,19
"1547",2022-09-02,88900,"ID114121576064532",80000,1000000,93100,19
"1548",2023-07-09,95100,"ID114121576064532",80000,1000000,95100,19
"1549",2023-07-26,104800,"ID114121576064532",80000,1000000,97000,19
"1550",2023-07-29,159200,"ID114121576064532",80000,1000000,97000,19
"1551",2023-08-08,97000,"ID114121576064532",80000,1000000,104800,19
"1552",2023-08-17,95300,"ID114121576064532",80000,1000000,109900,19
"1553",2023-08-20,109900,"ID114121576064532",80000,1000000,97000,19
"1554",2023-09-07,110400,"ID114121576064532",80000,1000000,95300,19
"1555",2021-07-17,5900,"ID114177410639460",24300,1000000,13700,23
"1556",2021-08-03,8700,"ID114177410639460",24300,1000000,13700,23
"1557",2021-08-06,13700,"ID114177410639460",24300,1000000,8700,23
"1558",2021-09-22,43800,"ID114177410639460",24300,1000000,8700,23
"1559",2022-07-14,8200,"ID114177410639460",24300,1000000,8400,23
"1560",2022-07-17,8400,"ID114177410639460",24300,1000000,8400,23
"1561",2022-08-04,8100,"ID114177410639460",24300,1000000,8400,23
"1562",2022-08-16,9000,"ID114177410639460",24300,1000000,8400,23
"1563",2022-09-02,8400,"ID114177410639460",24300,1000000,8800,23
"1564",2023-07-05,9100,"ID114177410639460",24300,1000000,9000,23
"1565",2023-07-09,8800,"ID114177410639460",24300,1000000,9000,23
"1566",2023-07-26,9000,"ID114177410639460",24300,1000000,9000,23
"1567",2023-07-29,9200,"ID114177410639460",24300,1000000,9000,23
"1568",2023-08-08,9000,"ID114177410639460",24300,1000000,9000,23
"1569",2023-08-17,8700,"ID114177410639460",24300,1000000,9000,23
"1570",2023-08-20,8900,"ID114177410639460",24300,1000000,9000,23
"1571",2023-09-07,10300,"ID114177410639460",24300,1000000,9900,23
"1572",2024-07-06,9900,"ID114177410639460",24300,1000000,10300,23
"1573",2024-07-08,14900,"ID114177410639460",24300,1000000,14900,23
"1574",2024-07-26,16400,"ID114177410639460",24300,1000000,16000,23
"1575",2024-07-30,17300,"ID114177410639460",24300,1000000,16200,23
"1576",2024-08-05,16000,"ID114177410639460",24300,1000000,16200,23
"1577",2024-08-14,16200,"ID114177410639460",24300,1000000,16200,23
"1578",2020-08-13,14300,"ID114181705606587",32200,1000000,16200,7
"1579",2020-08-23,17300,"ID114181705606587",32200,1000000,17300,7
"1580",2020-09-09,21300,"ID114181705606587",32200,1000000,21300,7
"1581",2021-07-17,22500,"ID114181705606587",32200,1000000,22500,7
"1582",2021-08-03,23500,"ID114181705606587",32200,1000000,23500,7
"1583",2021-08-06,25100,"ID114181705606587",32200,1000000,25100,7
"1584",2022-07-14,27500,"ID114181705606587",32200,1000000,27500,7
"1585",2020-08-01,64900,"ID114181705606616",108400,1000000,64900,17
"1586",2021-07-17,84000,"ID114181705606616",108400,1000000,84000,17
"1587",2021-08-03,111400,"ID114181705606616",108400,1000000,93100,17
"1588",2021-08-06,93100,"ID114181705606616",108400,1000000,94000,17
"1589",2021-09-22,94000,"ID114181705606616",108400,1000000,106600,17
"1590",2022-07-14,108400,"ID114181705606616",108400,1000000,106600,17
"1591",2022-07-17,106600,"ID114181705606616",108400,1000000,108400,17
"1592",2022-08-04,109500,"ID114181705606616",108400,1000000,109400,17
"1593",2022-08-16,112800,"ID114181705606616",108400,1000000,109500,17
"1594",2022-09-02,109400,"ID114181705606616",108400,1000000,112800,17
"1595",2023-07-05,127200,"ID114181705606616",108400,1000000,114000,17
"1596",2023-07-09,122200,"ID114181705606616",108400,1000000,114200,17
"1597",2023-07-26,114000,"ID114181705606616",108400,1000000,116000,17
"1598",2023-07-29,114200,"ID114181705606616",108400,1000000,114200,17
"1599",2023-08-08,116000,"ID114181705606616",108400,1000000,114200,17
"1600",2023-08-17,113500,"ID114181705606616",108400,1000000,116000,17
"1601",2023-08-20,120200,"ID114181705606616",108400,1000000,120200,17
"1602",2019-07-18,16200,"ID114203180441595",32200,1000000,19700,31
"1603",2019-07-29,17300,"ID114203180441595",32200,1000000,18800,31
"1604",2020-07-06,19700,"ID114203180441595",32200,1000000,17700,31
"1605",2020-07-17,18800,"ID114203180441595",32200,1000000,18800,31
"1606",2020-08-01,17700,"ID114203180441595",32200,1000000,18800,31
"1607",2020-08-13,18800,"ID114203180441595",32200,1000000,18800,31
"1608",2020-08-23,19500,"ID114203180441595",32200,1000000,19500,31
"1609",2020-09-09,21400,"ID114203180441595",32200,1000000,21400,31
"1610",2021-07-17,25700,"ID114203180441595",32200,1000000,24100,31
"1611",2021-07-22,24100,"ID114203180441595",32200,1000000,24800,31
"1612",2021-08-03,24800,"ID114203180441595",32200,1000000,25700,31
"1613",2021-08-06,26400,"ID114203180441595",32200,1000000,26400,31
"1614",2022-07-18,39700,"ID114203180441595",32200,1000000,27200,31
"1615",2022-08-04,27200,"ID114203180441595",32200,1000000,27600,31
"1616",2022-08-05,27600,"ID114203180441595",32200,1000000,27600,31
"1617",2022-08-16,27700,"ID114203180441595",32200,1000000,27600,31
"1618",2022-09-02,27100,"ID114203180441595",32200,1000000,27700,31
"1619",2023-07-02,45800,"ID114203180441595",32200,1000000,28300,31
"1620",2023-07-09,33600,"ID114203180441595",32200,1000000,28700,31
"1621",2023-07-27,28300,"ID114203180441595",32200,1000000,28800,31
"1622",2023-07-29,28700,"ID114203180441595",32200,1000000,28800,31
"1623",2023-08-08,28800,"ID114203180441595",32200,1000000,28800,31
"1624",2023-08-17,34100,"ID114203180441595",32200,1000000,29200,31
"1625",2023-08-20,29200,"ID114203180441595",32200,1000000,30500,31
"1626",2023-09-07,30500,"ID114203180441595",32200,1000000,32500,31
"1627",2024-07-06,32500,"ID114203180441595",32200,1000000,31600,31
"1628",2024-07-08,32600,"ID114203180441595",32200,1000000,32500,31
"1629",2024-07-26,31600,"ID114203180441595",32200,1000000,32600,31
"1630",2024-07-30,33000,"ID114203180441595",32200,1000000,32600,31
"1631",2024-08-14,33600,"ID114203180441595",32200,1000000,31800,31
"1632",2024-08-20,31800,"ID114203180441595",32200,1000000,31800,31
"1633",2019-07-20,99400,"ID114207475410440",144800,1000000,99400,31
"1634",2019-07-29,99500,"ID114207475410440",144800,1000000,99500,31
"1635",2020-07-05,100800,"ID114207475410440",144800,1000000,99500,31
"1636",2020-07-17,99800,"ID114207475410440",144800,1000000,99800,31
"1637",2020-08-01,98900,"ID114207475410440",144800,1000000,100800,31
"1638",2020-08-13,149500,"ID114207475410440",144800,1000000,148100,31
"1639",2020-08-23,148100,"ID114207475410440",144800,1000000,149500,31
"1640",2020-09-09,166400,"ID114207475410440",144800,1000000,149500,31
"1641",2021-07-17,180200,"ID114207475410440",144800,1000000,166400,31
"1642",2021-08-03,144300,"ID114207475410440",144800,1000000,180200,31
"1643",2021-08-06,192500,"ID114207475410440",144800,1000000,192500,31
"1644",2021-09-22,203200,"ID114207475410440",144800,1000000,202200,31
"1645",2022-07-14,204800,"ID114207475410440",144800,1000000,203200,31
"1646",2022-07-17,202200,"ID114207475410440",144800,1000000,204800,31
"1647",2022-08-04,211600,"ID114207475410440",144800,1000000,211600,31
"1648",2022-08-16,217400,"ID114207475410440",144800,1000000,212500,31
"1649",2022-09-02,212500,"ID114207475410440",144800,1000000,217400,31
"1650",2023-07-05,219600,"ID114207475410440",144800,1000000,217400,31
"1651",2023-07-09,220100,"ID114207475410440",144800,1000000,219600,31
"1652",2023-07-26,214700,"ID114207475410440",144800,1000000,220100,31
"1653",2023-07-29,222600,"ID114207475410440",144800,1000000,222600,31
"1654",2023-08-08,223300,"ID114207475410440",144800,1000000,222600,31
"1655",2023-08-17,224200,"ID114207475410440",144800,1000000,222600,31
"1656",2023-08-20,216800,"ID114207475410440",144800,1000000,223300,31
"1657",2023-09-07,220000,"ID114207475410440",144800,1000000,224200,31
"1658",2024-07-06,230300,"ID114207475410440",144800,1000000,230300,31
"1659",2024-07-08,231300,"ID114207475410440",144800,1000000,230300,31
"1660",2024-07-26,231600,"ID114207475410440",144800,1000000,231300,31
"1661",2024-07-30,227600,"ID114207475410440",144800,1000000,231600,31
"1662",2024-08-05,234200,"ID114207475410440",144800,1000000,231600,31
"1663",2024-08-14,235000,"ID114207475410440",144800,1000000,227600,31
"1664",2019-07-20,114000,"ID114254720050684",169200,1000000,114100,8
"1665",2019-07-29,114100,"ID114254720050684",169200,1000000,114100,8
"1666",2020-07-17,107700,"ID114254720050684",169200,1000000,114100,8
"1667",2020-08-01,131400,"ID114254720050684",169200,1000000,131400,8
"1668",2020-08-13,264000,"ID114254720050684",169200,1000000,264000,8
"1669",2020-08-23,278800,"ID114254720050684",169200,1000000,278800,8
"1670",2020-09-09,280200,"ID114254720050684",169200,1000000,278800,8
"1671",2021-09-22,335500,"ID114254720050684",169200,1000000,278800,8
"1672",2019-07-20,4000,"ID114293374756223",9900,1000000,11200,7
"1673",2019-09-12,300,"ID114293374756223",9900,1000000,11200,7
"1674",2020-08-23,11200,"ID114293374756223",9900,1000000,11200,7
"1675",2020-09-09,13100,"ID114293374756223",9900,1000000,13100,7
"1676",2021-07-17,14900,"ID114293374756223",9900,1000000,14900,7
"1677",2021-08-03,18800,"ID114293374756223",9900,1000000,18800,7
"1678",2021-08-06,19300,"ID114293374756223",9900,1000000,19300,7
"1679",2020-08-13,34800,"ID114349209331120",51300,1000000,27500,18
"1680",2020-09-09,27500,"ID114349209331120",51300,1000000,34800,18
"1681",2021-07-17,59200,"ID114349209331120",51300,1000000,59200,18
"1682",2021-08-03,68600,"ID114349209331120",51300,1000000,68600,18
"1683",2021-08-06,72500,"ID114349209331120",51300,1000000,72500,18
"1684",2021-09-22,83100,"ID114349209331120",51300,1000000,83100,18
"1685",2022-07-14,83600,"ID114349209331120",51300,1000000,83600,18
"1686",2022-08-04,86300,"ID114349209331120",51300,1000000,86300,18
"1687",2022-08-16,91800,"ID114349209331120",51300,1000000,91800,18
"1688",2022-09-02,91900,"ID114349209331120",51300,1000000,91900,18
"1689",2023-07-05,92500,"ID114349209331120",51300,1000000,92500,18
"1690",2023-07-09,93200,"ID114349209331120",51300,1000000,93200,18
"1691",2023-07-26,93400,"ID114349209331120",51300,1000000,93400,18
"1692",2023-07-29,95900,"ID114349209331120",51300,1000000,95900,18
"1693",2023-08-08,97700,"ID114349209331120",51300,1000000,96700,18
"1694",2023-08-17,96700,"ID114349209331120",51300,1000000,97700,18
"1695",2023-08-20,98400,"ID114349209331120",51300,1000000,97700,18
"1696",2023-09-07,99100,"ID114349209331120",51300,1000000,96700,18
"1697",2021-09-22,6200,"ID114379274102298",15500,1000000,6800,20
"1698",2022-07-14,6800,"ID114379274102298",15500,1000000,6600,20
"1699",2022-07-17,6400,"ID114379274102298",15500,1000000,6600,20
"1700",2022-08-04,6600,"ID114379274102298",15500,1000000,6800,20
"1701",2022-08-16,7800,"ID114379274102298",15500,1000000,6900,20
"1702",2022-09-02,6900,"ID114379274102298",15500,1000000,7100,20
"1703",2023-07-05,7700,"ID114379274102298",15500,1000000,7500,20
"1704",2023-07-09,7100,"ID114379274102298",15500,1000000,7500,20
"1705",2023-07-26,7500,"ID114379274102298",15500,1000000,7500,20
"1706",2023-07-29,7700,"ID114379274102298",15500,1000000,7500,20
"1707",2023-08-08,7400,"ID114379274102298",15500,1000000,7600,20
"1708",2023-08-17,7700,"ID114379274102298",15500,1000000,7700,20
"1709",2023-08-20,7600,"ID114379274102298",15500,1000000,7700,20
"1710",2023-09-07,8400,"ID114379274102298",15500,1000000,8400,20
"1711",2024-07-06,9300,"ID114379274102298",15500,1000000,9200,20
"1712",2024-07-08,9900,"ID114379274102298",15500,1000000,9300,20
"1713",2024-07-26,9200,"ID114379274102298",15500,1000000,9500,20
"1714",2024-07-30,9500,"ID114379274102298",15500,1000000,9900,20
"1715",2024-08-05,10000,"ID114379274102298",15500,1000000,10000,20
"1716",2024-08-14,10400,"ID114379274102298",15500,1000000,10400,20
"1717",2019-07-20,22900,"ID114538187892131",55400,1000000,33700,30
"1718",2019-07-29,33700,"ID114538187892131",55400,1000000,22900,30
"1719",2020-07-05,20400,"ID114538187892131",55400,1000000,22900,30
"1720",2020-07-17,20800,"ID114538187892131",55400,1000000,23300,30
"1721",2020-08-01,23300,"ID114538187892131",55400,1000000,23300,30
"1722",2020-08-13,39600,"ID114538187892131",55400,1000000,39600,30
"1723",2020-08-23,42300,"ID114538187892131",55400,1000000,42300,30
"1724",2020-09-09,60500,"ID114538187892131",55400,1000000,60500,30
"1725",2021-07-17,65400,"ID114538187892131",55400,1000000,65400,30
"1726",2021-08-03,72400,"ID114538187892131",55400,1000000,72400,30
"1727",2021-08-06,72400,"ID114538187892131",55400,1000000,72400,30
"1728",2021-09-22,78700,"ID114538187892131",55400,1000000,77100,30
"1729",2022-07-14,77100,"ID114538187892131",55400,1000000,78700,30
"1730",2022-07-17,97200,"ID114538187892131",55400,1000000,82800,30
"1731",2022-08-04,82800,"ID114538187892131",55400,1000000,84200,30
"1732",2022-08-16,85900,"ID114538187892131",55400,1000000,84600,30
"1733",2022-09-02,84200,"ID114538187892131",55400,1000000,84600,30
"1734",2023-07-05,84600,"ID114538187892131",55400,1000000,85900,30
"1735",2023-07-09,88000,"ID114538187892131",55400,1000000,86000,30
"1736",2023-07-26,86000,"ID114538187892131",55400,1000000,88000,30
"1737",2023-07-29,91400,"ID114538187892131",55400,1000000,91400,30
"1738",2023-08-08,92400,"ID114538187892131",55400,1000000,91400,30
"1739",2023-08-17,92100,"ID114538187892131",55400,1000000,92100,30
"1740",2023-08-20,89900,"ID114538187892131",55400,1000000,92300,30
"1741",2023-09-07,92300,"ID114538187892131",55400,1000000,92300,30
"1742",2024-07-06,97600,"ID114538187892131",55400,1000000,97600,30
"1743",2024-07-08,98700,"ID114538187892131",55400,1000000,98700,30
"1744",2024-07-26,99900,"ID114538187892131",55400,1000000,99900,30
"1745",2024-07-30,99900,"ID114538187892131",55400,1000000,99900,30
"1746",2024-08-14,103000,"ID114538187892131",55400,1000000,99900,30
"1747",2020-09-09,4900,"ID114542482859564",8100,1000000,9800,24
"1748",2021-07-17,7900,"ID114542482859564",8100,1000000,9400,24
"1749",2021-08-03,9800,"ID114542482859564",8100,1000000,9400,24
"1750",2021-08-06,9400,"ID114542482859564",8100,1000000,9800,24
"1751",2021-09-22,14500,"ID114542482859564",8100,1000000,11400,24
"1752",2022-07-14,11900,"ID114542482859564",8100,1000000,11400,24
"1753",2022-07-17,11400,"ID114542482859564",8100,1000000,11400,24
"1754",2022-08-04,9200,"ID114542482859564",8100,1000000,10200,24
"1755",2022-08-16,10200,"ID114542482859564",8100,1000000,10200,24
"1756",2022-09-02,9600,"ID114542482859564",8100,1000000,10200,24
"1757",2023-07-05,10800,"ID114542482859564",8100,1000000,10700,24
"1758",2023-07-09,10700,"ID114542482859564",8100,1000000,10700,24
"1759",2023-07-26,10700,"ID114542482859564",8100,1000000,10700,24
"1760",2023-07-29,10400,"ID114542482859564",8100,1000000,10700,24
"1761",2023-08-08,10700,"ID114542482859564",8100,1000000,10600,24
"1762",2023-08-17,10600,"ID114542482859564",8100,1000000,10600,24
"1763",2023-08-20,10500,"ID114542482859564",8100,1000000,10700,24
"1764",2023-09-07,11800,"ID114542482859564",8100,1000000,11800,24
"1765",2024-07-06,12300,"ID114542482859564",8100,1000000,12100,24
"1766",2024-07-08,12100,"ID114542482859564",8100,1000000,12100,24
"1767",2024-07-26,12100,"ID114542482859564",8100,1000000,12100,24
"1768",2024-07-30,12500,"ID114542482859564",8100,1000000,12100,24
"1769",2024-08-05,12100,"ID114542482859564",8100,1000000,12100,24
"1770",2024-08-14,12600,"ID114542482859564",8100,1000000,12100,24
"1771",2019-07-20,10400,"ID114602612401574",36700,1000000,13000,25
"1772",2019-07-29,11500,"ID114602612401574",36700,1000000,11900,25
"1773",2020-07-05,13000,"ID114602612401574",36700,1000000,11900,25
"1774",2020-07-17,11900,"ID114602612401574",36700,1000000,13000,25
"1775",2020-08-01,13700,"ID114602612401574",36700,1000000,13000,25
"1776",2020-08-13,13000,"ID114602612401574",36700,1000000,13700,25
"1777",2020-08-23,16600,"ID114602612401574",36700,1000000,16600,25
"1778",2020-09-09,42300,"ID114602612401574",36700,1000000,42300,25
"1779",2021-07-17,47700,"ID114602612401574",36700,1000000,47700,25
"1780",2021-08-03,51800,"ID114602612401574",36700,1000000,50600,25
"1781",2021-08-06,50600,"ID114602612401574",36700,1000000,51800,25
"1782",2022-08-04,53600,"ID114602612401574",36700,1000000,53600,25
"1783",2022-08-16,56900,"ID114602612401574",36700,1000000,56900,25
"1784",2023-07-09,57300,"ID114602612401574",36700,1000000,57300,25
"1785",2023-07-29,58500,"ID114602612401574",36700,1000000,58000,25
"1786",2023-08-08,59500,"ID114602612401574",36700,1000000,58500,25
"1787",2023-08-17,58000,"ID114602612401574",36700,1000000,58700,25
"1788",2023-08-20,59100,"ID114602612401574",36700,1000000,59100,25
"1789",2023-09-07,58700,"ID114602612401574",36700,1000000,59100,25
"1790",2024-07-06,60000,"ID114602612401574",36700,1000000,60000,25
"1791",2024-07-08,61200,"ID114602612401574",36700,1000000,61200,25
"1792",2024-07-26,62400,"ID114602612401574",36700,1000000,62400,25
"1793",2024-07-30,63500,"ID114602612401574",36700,1000000,62900,25
"1794",2024-08-05,62900,"ID114602612401574",36700,1000000,62900,25
"1795",2024-08-14,63400,"ID114602612401574",36700,1000000,63400,25
"1796",2020-09-09,14700,"ID114774411093510",44000,1000000,20200,23
"1797",2021-07-17,17400,"ID114774411093510",44000,1000000,20200,23
"1798",2021-08-03,20200,"ID114774411093510",44000,1000000,20200,23
"1799",2021-08-06,28700,"ID114774411093510",44000,1000000,24500,23
"1800",2021-09-22,30900,"ID114774411093510",44000,1000000,24500,23
"1801",2022-07-14,24500,"ID114774411093510",44000,1000000,28200,23
"1802",2022-08-04,22200,"ID114774411093510",44000,1000000,24500,23
"1803",2022-08-16,28200,"ID114774411093510",44000,1000000,24500,23
"1804",2022-09-02,24400,"ID114774411093510",44000,1000000,28200,23
"1805",2023-07-05,34500,"ID114774411093510",44000,1000000,29300,23
"1806",2023-07-09,30000,"ID114774411093510",44000,1000000,30000,23
"1807",2023-07-26,29300,"ID114774411093510",44000,1000000,30200,23
"1808",2023-07-29,30400,"ID114774411093510",44000,1000000,30000,23
"1809",2023-08-08,30200,"ID114774411093510",44000,1000000,29800,23
"1810",2023-08-17,29800,"ID114774411093510",44000,1000000,30200,23
"1811",2023-08-20,29700,"ID114774411093510",44000,1000000,30200,23
"1812",2023-09-07,33300,"ID114774411093510",44000,1000000,33300,23
"1813",2024-07-06,33400,"ID114774411093510",44000,1000000,33400,23
"1814",2024-07-08,34700,"ID114774411093510",44000,1000000,34300,23
"1815",2024-07-26,34300,"ID114774411093510",44000,1000000,34700,23
"1816",2024-07-30,37500,"ID114774411093510",44000,1000000,34700,23
"1817",2024-08-05,35000,"ID114774411093510",44000,1000000,35000,23
"1818",2024-08-14,34500,"ID114774411093510",44000,1000000,37500,23
"1819",2020-09-09,145000,"ID114894670177730",189000,1000000,145000,10
"1820",2021-07-17,241200,"ID114894670177730",189000,1000000,241200,10
"1821",2021-08-03,247700,"ID114894670177730",189000,1000000,245100,10
"1822",2021-08-06,245100,"ID114894670177730",189000,1000000,247700,10
"1823",2021-09-22,298800,"ID114894670177730",189000,1000000,251300,10
"1824",2022-07-14,270600,"ID114894670177730",189000,1000000,260700,10
"1825",2022-07-17,251300,"ID114894670177730",189000,1000000,269500,10
"1826",2022-08-04,260700,"ID114894670177730",189000,1000000,269500,10
"1827",2022-08-16,269500,"ID114894670177730",189000,1000000,260700,10
"1828",2022-09-02,275900,"ID114894670177730",189000,1000000,260700,10
"1829",2019-07-20,80200,"ID114903260112428",84500,1000000,105100,26
"1830",2020-07-05,105100,"ID114903260112428",84500,1000000,80200,26
"1831",2020-07-17,52600,"ID114903260112428",84500,1000000,61900,26
"1832",2020-08-13,59700,"ID114903260112428",84500,1000000,61900,26
"1833",2020-08-23,61900,"ID114903260112428",84500,1000000,61900,26
"1834",2020-09-09,81900,"ID114903260112428",84500,1000000,81900,26
"1835",2021-07-17,107800,"ID114903260112428",84500,1000000,107800,26
"1836",2021-09-22,140400,"ID114903260112428",84500,1000000,140400,26
"1837",2022-07-14,157900,"ID114903260112428",84500,1000000,140400,26
"1838",2022-07-17,158700,"ID114903260112428",84500,1000000,140400,26
"1839",2022-08-04,129800,"ID114903260112428",84500,1000000,154600,26
"1840",2022-08-16,135100,"ID114903260112428",84500,1000000,154600,26
"1841",2022-09-02,154600,"ID114903260112428",84500,1000000,137800,26
"1842",2023-07-05,156100,"ID114903260112428",84500,1000000,137800,26
"1843",2023-07-09,137800,"ID114903260112428",84500,1000000,140800,26
"1844",2023-07-26,136400,"ID114903260112428",84500,1000000,139200,26
"1845",2023-07-29,140800,"ID114903260112428",84500,1000000,139200,26
"1846",2023-08-08,139200,"ID114903260112428",84500,1000000,140800,26
"1847",2023-08-17,145100,"ID114903260112428",84500,1000000,144500,26
"1848",2023-08-20,144500,"ID114903260112428",84500,1000000,144500,26
"1849",2023-09-07,154800,"ID114903260112428",84500,1000000,145100,26
"1850",2024-07-06,143700,"ID114903260112428",84500,1000000,146700,26
"1851",2024-07-08,147700,"ID114903260112428",84500,1000000,147700,26
"1852",2024-07-26,146700,"ID114903260112428",84500,1000000,147700,26
"1853",2024-07-30,157700,"ID114903260112428",84500,1000000,153000,26
"1854",2024-08-05,153000,"ID114903260112428",84500,1000000,157700,26
"1855",2021-08-03,48600,"ID115006339327421",79200,1000000,59100,18
"1856",2021-08-06,56100,"ID115006339327421",79200,1000000,59100,18
"1857",2021-09-22,93900,"ID115006339327421",79200,1000000,56100,18
"1858",2022-07-14,113500,"ID115006339327421",79200,1000000,68000,18
"1859",2022-07-17,52400,"ID115006339327421",79200,1000000,93900,18
"1860",2022-08-04,68000,"ID115006339327421",79200,1000000,113500,18
"1861",2022-08-16,114400,"ID115006339327421",79200,1000000,114400,18
"1862",2022-09-02,118200,"ID115006339327421",79200,1000000,118200,18
"1863",2023-08-08,129000,"ID115006339327421",79200,1000000,120000,18
"1864",2023-08-17,120000,"ID115006339327421",79200,1000000,122200,18
"1865",2023-08-20,122200,"ID115006339327421",79200,1000000,122200,18
"1866",2023-09-07,126700,"ID115006339327421",79200,1000000,122200,18
"1867",2024-07-06,122100,"ID115006339327421",79200,1000000,126700,18
"1868",2024-07-08,132900,"ID115006339327421",79200,1000000,132900,18
"1869",2024-07-26,144700,"ID115006339327421",79200,1000000,142900,18
"1870",2024-07-30,148300,"ID115006339327421",79200,1000000,142900,18
"1871",2024-08-05,142900,"ID115006339327421",79200,1000000,142900,18
"1872",2024-08-14,129500,"ID115006339327421",79200,1000000,129500,18
"1873",2022-07-14,11100,"ID115014929261998",26800,1000000,12200,14
"1874",2022-07-17,8700,"ID115014929261998",26800,1000000,12200,14
"1875",2022-08-04,12200,"ID115014929261998",26800,1000000,12200,14
"1876",2022-09-02,13700,"ID115014929261998",26800,1000000,13700,14
"1877",2023-07-26,13700,"ID115014929261998",26800,1000000,13700,14
"1878",2023-08-08,15700,"ID115014929261998",26800,1000000,14400,14
"1879",2023-08-17,14400,"ID115014929261998",26800,1000000,14600,14
"1880",2023-08-20,14800,"ID115014929261998",26800,1000000,14800,14
"1881",2024-07-06,14600,"ID115014929261998",26800,1000000,14800,14
"1882",2024-07-08,14800,"ID115014929261998",26800,1000000,14800,14
"1883",2024-07-26,14800,"ID115014929261998",26800,1000000,14800,14
"1884",2024-07-30,15200,"ID115014929261998",26800,1000000,15200,14
"1885",2024-08-05,15500,"ID115014929261998",26800,1000000,15500,14
"1886",2024-08-14,15600,"ID115014929261998",26800,1000000,15600,14
"1887",2021-08-06,99300,"ID115105123575265",83400,1000000,99300,20
"1888",2021-09-22,109600,"ID115105123575265",83400,1000000,106600,20
"1889",2022-07-14,106600,"ID115105123575265",83400,1000000,109600,20
"1890",2022-08-04,111200,"ID115105123575265",83400,1000000,111200,20
"1891",2022-08-16,117900,"ID115105123575265",83400,1000000,113000,20
"1892",2022-09-02,113000,"ID115105123575265",83400,1000000,117900,20
"1893",2023-07-05,128200,"ID115105123575265",83400,1000000,117900,20
"1894",2023-07-09,118000,"ID115105123575265",83400,1000000,118000,20
"1895",2023-07-26,116400,"ID115105123575265",83400,1000000,121600,20
"1896",2023-07-29,121600,"ID115105123575265",83400,1000000,121600,20
"1897",2023-08-08,124000,"ID115105123575265",83400,1000000,122100,20
"1898",2023-08-17,122100,"ID115105123575265",83400,1000000,122900,20
"1899",2023-08-20,122900,"ID115105123575265",83400,1000000,124000,20
"1900",2023-09-07,134100,"ID115105123575265",83400,1000000,129900,20
"1901",2024-07-06,129900,"ID115105123575265",83400,1000000,134100,20
"1902",2024-07-08,139100,"ID115105123575265",83400,1000000,139100,20
"1903",2024-07-26,143200,"ID115105123575265",83400,1000000,143200,20
"1904",2024-07-30,144900,"ID115105123575265",83400,1000000,143200,20
"1905",2024-08-05,146500,"ID115105123575265",83400,1000000,143200,20
"1906",2024-08-14,143100,"ID115105123575265",83400,1000000,143100,20
"1907",2019-07-20,8800,"ID115109418542579",30600,1000000,14900,30
"1908",2019-07-29,27800,"ID115109418542579",30600,1000000,11100,30
"1909",2020-07-05,14900,"ID115109418542579",30600,1000000,11100,30
"1910",2020-07-17,11100,"ID115109418542579",30600,1000000,11400,30
"1911",2020-08-01,11100,"ID115109418542579",30600,1000000,11400,30
"1912",2020-08-13,11400,"ID115109418542579",30600,1000000,11400,30
"1913",2020-08-23,12100,"ID115109418542579",30600,1000000,12100,30
"1914",2020-09-09,13800,"ID115109418542579",30600,1000000,13800,30
"1915",2021-07-17,19900,"ID115109418542579",30600,1000000,19900,30
"1916",2021-08-03,21500,"ID115109418542579",30600,1000000,21100,30
"1917",2021-08-06,23100,"ID115109418542579",30600,1000000,21500,30
"1918",2021-09-22,21100,"ID115109418542579",30600,1000000,23100,30
"1919",2022-07-14,27700,"ID115109418542579",30600,1000000,23100,30
"1920",2022-08-04,24000,"ID115109418542579",30600,1000000,22500,30
"1921",2022-08-16,22500,"ID115109418542579",30600,1000000,24000,30
"1922",2022-09-02,21700,"ID115109418542579",30600,1000000,24000,30
"1923",2023-07-05,30100,"ID115109418542579",30600,1000000,23300,30
"1924",2023-07-09,27200,"ID115109418542579",30600,1000000,25500,30
"1925",2023-07-26,23300,"ID115109418542579",30600,1000000,25500,30
"1926",2023-07-29,25500,"ID115109418542579",30600,1000000,23300,30
"1927",2023-08-08,22900,"ID115109418542579",30600,1000000,23200,30
"1928",2023-08-17,22500,"ID115109418542579",30600,1000000,23200,30
"1929",2023-08-20,23200,"ID115109418542579",30600,1000000,23200,30
"1930",2023-09-07,24100,"ID115109418542579",30600,1000000,24100,30
"1931",2024-07-06,25400,"ID115109418542579",30600,1000000,24500,30
"1932",2024-07-08,26400,"ID115109418542579",30600,1000000,25400,30
"1933",2024-07-26,24500,"ID115109418542579",30600,1000000,25400,30
"1934",2024-07-30,27200,"ID115109418542579",30600,1000000,24800,30
"1935",2024-08-05,24800,"ID115109418542579",30600,1000000,24500,30
"1936",2024-08-14,24200,"ID115109418542579",30600,1000000,24200,30
"1937",2020-08-13,6000,"ID115212497757637",30000,1000000,11300,26
"1938",2020-08-23,11300,"ID115212497757637",30000,1000000,11300,26
"1939",2020-09-09,10400,"ID115212497757637",30000,1000000,11300,26
"1940",2021-07-17,11900,"ID115212497757637",30000,1000000,11900,26
"1941",2021-08-03,12300,"ID115212497757637",30000,1000000,12300,26
"1942",2021-08-06,13900,"ID115212497757637",30000,1000000,13800,26
"1943",2021-09-22,13800,"ID115212497757637",30000,1000000,13900,26
"1944",2022-07-14,14500,"ID115212497757637",30000,1000000,14500,26
"1945",2022-07-17,14900,"ID115212497757637",30000,1000000,14600,26
"1946",2022-08-04,14600,"ID115212497757637",30000,1000000,14900,26
"1947",2022-08-16,15100,"ID115212497757637",30000,1000000,15100,26
"1948",2022-09-02,15900,"ID115212497757637",30000,1000000,15800,26
"1949",2023-07-05,16100,"ID115212497757637",30000,1000000,15900,26
"1950",2023-07-09,15800,"ID115212497757637",30000,1000000,16100,26
"1951",2023-07-26,16100,"ID115212497757637",30000,1000000,16100,26
"1952",2023-07-29,16100,"ID115212497757637",30000,1000000,16100,26
"1953",2023-08-08,16600,"ID115212497757637",30000,1000000,16600,26
"1954",2023-08-17,16700,"ID115212497757637",30000,1000000,16700,26
"1955",2023-08-20,17200,"ID115212497757637",30000,1000000,17000,26
"1956",2023-09-07,17700,"ID115212497757637",30000,1000000,17200,26
"1957",2024-07-06,17000,"ID115212497757637",30000,1000000,17300,26
"1958",2024-07-08,17300,"ID115212497757637",30000,1000000,17700,26
"1959",2024-07-26,18100,"ID115212497757637",30000,1000000,18100,26
"1960",2024-07-30,19100,"ID115212497757637",30000,1000000,18100,26
"1961",2024-08-05,18100,"ID115212497757637",30000,1000000,18100,26
"1962",2024-08-14,18600,"ID115212497757637",30000,1000000,18100,26
"1963",2020-07-05,9600,"ID115298397103733",32200,1000000,23600,12
"1964",2020-09-09,23600,"ID115298397103733",32200,1000000,23600,12
"1965",2021-08-06,34700,"ID115298397103733",32200,1000000,31500,12
"1966",2022-08-04,34400,"ID115298397103733",32200,1000000,31700,12
"1967",2022-08-16,31500,"ID115298397103733",32200,1000000,34400,12
"1968",2022-09-02,31700,"ID115298397103733",32200,1000000,32800,12
"1969",2023-07-26,37100,"ID115298397103733",32200,1000000,32800,12
"1970",2023-07-29,32800,"ID115298397103733",32200,1000000,35300,12
"1971",2023-08-08,35300,"ID115298397103733",32200,1000000,37100,12
"1972",2023-08-17,39900,"ID115298397103733",32200,1000000,39900,12
"1973",2023-08-20,42200,"ID115298397103733",32200,1000000,39900,12
"1974",2023-09-07,45700,"ID115298397103733",32200,1000000,39900,12
"1975",2020-08-13,5200,"ID115306987038212",13100,1000000,6500,25
"1976",2020-08-23,6300,"ID115306987038212",13100,1000000,6500,25
"1977",2020-09-09,6500,"ID115306987038212",13100,1000000,6500,25
"1978",2021-07-17,8900,"ID115306987038212",13100,1000000,8900,25
"1979",2021-08-03,19700,"ID115306987038212",13100,1000000,11000,25
"1980",2021-08-06,12300,"ID115306987038212",13100,1000000,12200,25
"1981",2021-09-22,11000,"ID115306987038212",13100,1000000,12300,25
"1982",2022-07-14,12200,"ID115306987038212",13100,1000000,12300,25
"1983",2022-08-04,12500,"ID115306987038212",13100,1000000,12200,25
"1984",2022-08-16,12600,"ID115306987038212",13100,1000000,12500,25
"1985",2022-09-02,11800,"ID115306987038212",13100,1000000,12600,25
"1986",2023-07-05,13700,"ID115306987038212",13100,1000000,12600,25
"1987",2023-07-09,12600,"ID115306987038212",13100,1000000,12600,25
"1988",2023-07-26,12600,"ID115306987038212",13100,1000000,12700,25
"1989",2023-07-29,12700,"ID115306987038212",13100,1000000,12700,25
"1990",2023-08-08,13100,"ID115306987038212",13100,1000000,12900,25
"1991",2023-08-17,12900,"ID115306987038212",13100,1000000,12900,25
"1992",2023-08-20,12900,"ID115306987038212",13100,1000000,13100,25
"1993",2023-09-07,15100,"ID115306987038212",13100,1000000,14000,25
"1994",2024-07-06,14000,"ID115306987038212",13100,1000000,14300,25
"1995",2024-07-08,14500,"ID115306987038212",13100,1000000,14500,25
"1996",2024-07-26,14300,"ID115306987038212",13100,1000000,14500,25
"1997",2024-07-30,15200,"ID115306987038212",13100,1000000,14600,25
"1998",2024-08-05,14800,"ID115306987038212",13100,1000000,14600,25
"1999",2024-08-14,14600,"ID115306987038212",13100,1000000,14600,25
"2000",2020-08-13,7200,"ID115328461874747",30000,1000000,14600,26
"2001",2020-08-23,9300,"ID115328461874747",30000,1000000,12900,26
"2002",2020-09-09,26800,"ID115328461874747",30000,1000000,12900,26
"2003",2021-07-17,12900,"ID115328461874747",30000,1000000,26800,26
"2004",2021-08-03,39200,"ID115328461874747",30000,1000000,26800,26
"2005",2021-08-06,40100,"ID115328461874747",30000,1000000,17500,26
"2006",2021-09-22,17500,"ID115328461874747",30000,1000000,17500,26
"2007",2022-07-14,16200,"ID115328461874747",30000,1000000,16200,26
"2008",2022-07-17,15800,"ID115328461874747",30000,1000000,16200,26
"2009",2022-08-04,16200,"ID115328461874747",30000,1000000,16200,26
"2010",2022-08-16,16900,"ID115328461874747",30000,1000000,16900,26
"2011",2022-09-02,23400,"ID115328461874747",30000,1000000,17400,26
"2012",2023-07-05,20600,"ID115328461874747",30000,1000000,17400,26
"2013",2023-07-09,17400,"ID115328461874747",30000,1000000,17600,26
"2014",2023-07-26,16700,"ID115328461874747",30000,1000000,17500,26
"2015",2023-07-29,17600,"ID115328461874747",30000,1000000,17400,26
"2016",2023-08-08,17500,"ID115328461874747",30000,1000000,17300,26
"2017",2023-08-17,16300,"ID115328461874747",30000,1000000,17500,26
"2018",2023-08-20,17300,"ID115328461874747",30000,1000000,17500,26
"2019",2023-09-07,18700,"ID115328461874747",30000,1000000,18100,26
"2020",2024-07-06,18400,"ID115328461874747",30000,1000000,18100,26
"2021",2024-07-08,18100,"ID115328461874747",30000,1000000,18400,26
"2022",2024-07-26,17700,"ID115328461874747",30000,1000000,18100,26
"2023",2024-07-30,19200,"ID115328461874747",30000,1000000,18100,26
"2024",2024-08-05,18100,"ID115328461874747",30000,1000000,18300,26
"2025",2024-08-14,18300,"ID115328461874747",30000,1000000,18800,26
"2026",2020-08-23,18800,"ID115341346776677",23500,1000000,18800,5
"2027",2021-09-22,45900,"ID115341346776677",23500,1000000,23600,5
"2028",2023-09-07,23600,"ID115341346776677",23500,1000000,26200,5
"2029",2024-07-06,36000,"ID115341346776677",23500,1000000,36000,5
"2030",2024-07-30,26200,"ID115341346776677",23500,1000000,36000,5
"2031",2019-07-20,39800,"ID115380001482285",34300,1000000,39800,30
"2032",2019-07-29,41900,"ID115380001482285",34300,1000000,39800,30
"2033",2020-07-05,43900,"ID115380001482285",34300,1000000,39800,30
"2034",2020-07-17,36900,"ID115380001482285",34300,1000000,36900,30
"2035",2020-08-01,25700,"ID115380001482285",34300,1000000,36700,30
"2036",2020-08-13,15000,"ID115380001482285",34300,1000000,33900,30
"2037",2020-08-23,36700,"ID115380001482285",34300,1000000,33900,30
"2038",2020-09-09,33900,"ID115380001482285",34300,1000000,36700,30
"2039",2021-07-17,38600,"ID115380001482285",34300,1000000,38600,30
"2040",2021-08-03,51800,"ID115380001482285",34300,1000000,45200,30
"2041",2021-08-06,45200,"ID115380001482285",34300,1000000,49600,30
"2042",2021-09-22,51100,"ID115380001482285",34300,1000000,49600,30
"2043",2022-07-14,49600,"ID115380001482285",34300,1000000,47800,30
"2044",2022-08-04,47800,"ID115380001482285",34300,1000000,49200,30
"2045",2022-08-16,46100,"ID115380001482285",34300,1000000,49200,30
"2046",2022-09-02,49200,"ID115380001482285",34300,1000000,49200,30
"2047",2023-07-05,55000,"ID115380001482285",34300,1000000,51800,30
"2048",2023-07-09,51800,"ID115380001482285",34300,1000000,51800,30
"2049",2023-07-26,52600,"ID115380001482285",34300,1000000,51800,30
"2050",2023-07-29,51200,"ID115380001482285",34300,1000000,51200,30
"2051",2023-08-08,49300,"ID115380001482285",34300,1000000,50700,30
"2052",2023-08-17,50700,"ID115380001482285",34300,1000000,50700,30
"2053",2023-08-20,48100,"ID115380001482285",34300,1000000,50700,30
"2054",2023-09-07,54400,"ID115380001482285",34300,1000000,51800,30
"2055",2024-07-06,51800,"ID115380001482285",34300,1000000,54400,30
"2056",2024-07-08,55200,"ID115380001482285",34300,1000000,54700,30
"2057",2024-07-26,55800,"ID115380001482285",34300,1000000,55200,30
"2058",2024-07-30,54700,"ID115380001482285",34300,1000000,55800,30
"2059",2024-08-05,56000,"ID115380001482285",34300,1000000,55800,30
"2060",2024-08-14,57600,"ID115380001482285",34300,1000000,54700,30
"2061",2020-07-05,9800,"ID115461605860980",24500,1000000,12500,22
"2062",2020-08-23,9400,"ID115461605860980",24500,1000000,12500,22
"2063",2020-09-09,12500,"ID115461605860980",24500,1000000,12500,22
"2064",2021-08-03,15800,"ID115461605860980",24500,1000000,15800,22
"2065",2021-08-06,20500,"ID115461605860980",24500,1000000,19000,22
"2066",2021-09-22,19000,"ID115461605860980",24500,1000000,20500,22
"2067",2022-08-04,42000,"ID115461605860980",24500,1000000,21500,22
"2068",2022-08-16,21500,"ID115461605860980",24500,1000000,41400,22
"2069",2022-09-02,41400,"ID115461605860980",24500,1000000,41400,22
"2070",2023-07-09,45700,"ID115461605860980",24500,1000000,24100,22
"2071",2023-07-26,21800,"ID115461605860980",24500,1000000,24300,22
"2072",2023-07-29,24100,"ID115461605860980",24500,1000000,24100,22
"2073",2023-08-08,24300,"ID115461605860980",24500,1000000,24100,22
"2074",2023-08-17,23500,"ID115461605860980",24500,1000000,24100,22
"2075",2023-08-20,24800,"ID115461605860980",24500,1000000,24300,22
"2076",2023-09-07,23900,"ID115461605860980",24500,1000000,24700,22
"2077",2024-07-06,24700,"ID115461605860980",24500,1000000,24800,22
"2078",2024-07-08,26500,"ID115461605860980",24500,1000000,25300,22
"2079",2024-07-26,25300,"ID115461605860980",24500,1000000,26500,22
"2080",2024-07-30,28500,"ID115461605860980",24500,1000000,27200,22
"2081",2024-08-05,27200,"ID115461605860980",24500,1000000,27200,22
"2082",2024-08-14,27500,"ID115461605860980",24500,1000000,27500,22
"2083",2019-07-20,104900,"ID115543210239470",160900,1000000,97900,15
"2084",2019-07-29,101100,"ID115543210239470",160900,1000000,97900,15
"2085",2020-07-05,97900,"ID115543210239470",160900,1000000,97900,15
"2086",2020-07-17,95200,"ID115543210239470",160900,1000000,97900,15
"2087",2020-08-01,97600,"ID115543210239470",160900,1000000,97900,15
"2088",2020-08-13,124100,"ID115543210239470",160900,1000000,120400,15
"2089",2020-08-23,120400,"ID115543210239470",160900,1000000,124100,15
"2090",2021-08-06,167900,"ID115543210239470",160900,1000000,167900,15
"2091",2021-09-22,174200,"ID115543210239470",160900,1000000,174200,15
"2092",2022-07-14,183800,"ID115543210239470",160900,1000000,174200,15
"2093",2022-07-17,182400,"ID115543210239470",160900,1000000,182400,15
"2094",2022-09-02,170600,"ID115543210239470",160900,1000000,183800,15
"2095",2023-07-05,189300,"ID115543210239470",160900,1000000,184600,15
"2096",2023-07-26,184600,"ID115543210239470",160900,1000000,184600,15
"2097",2023-08-20,187600,"ID115543210239470",160900,1000000,184600,15
"2098",2020-09-09,90200,"ID115564685076145",107900,1000000,90200,23
"2099",2021-07-17,98700,"ID115564685076145",107900,1000000,98700,23
"2100",2021-08-03,101100,"ID115564685076145",107900,1000000,101100,23
"2101",2021-08-06,106200,"ID115564685076145",107900,1000000,104900,23
"2102",2021-09-22,104900,"ID115564685076145",107900,1000000,106200,23
"2103",2022-07-14,121200,"ID115564685076145",107900,1000000,106200,23
"2104",2022-07-17,114300,"ID115564685076145",107900,1000000,113900,23
"2105",2022-08-04,105900,"ID115564685076145",107900,1000000,113900,23
"2106",2022-08-16,113900,"ID115564685076145",107900,1000000,113900,23
"2107",2022-09-02,111600,"ID115564685076145",107900,1000000,113900,23
"2108",2023-07-05,122700,"ID115564685076145",107900,1000000,116500,23
"2109",2023-07-09,122300,"ID115564685076145",107900,1000000,120300,23
"2110",2023-07-26,116500,"ID115564685076145",107900,1000000,120300,23
"2111",2023-07-29,120300,"ID115564685076145",107900,1000000,116500,23
"2112",2023-08-08,115300,"ID115564685076145",107900,1000000,116500,23
"2113",2023-08-17,112700,"ID115564685076145",107900,1000000,116800,23
"2114",2023-08-20,116800,"ID115564685076145",107900,1000000,116800,23
"2115",2024-07-06,121900,"ID115564685076145",107900,1000000,121900,23
"2116",2024-07-08,123900,"ID115564685076145",107900,1000000,122200,23
"2117",2024-07-26,122200,"ID115564685076145",107900,1000000,122400,23
"2118",2024-07-30,124900,"ID115564685076145",107900,1000000,123900,23
"2119",2024-08-05,122400,"ID115564685076145",107900,1000000,122400,23
"2120",2024-08-14,125200,"ID115564685076145",107900,1000000,122400,23
"2121",2020-08-13,9200,"ID115624814617824",28400,1000000,9800,25
"2122",2020-08-23,9800,"ID115624814617824",28400,1000000,9800,25
"2123",2020-09-09,9600,"ID115624814617824",28400,1000000,9800,25
"2124",2021-08-03,32500,"ID115624814617824",28400,1000000,10600,25
"2125",2021-08-06,10700,"ID115624814617824",28400,1000000,10600,25
"2126",2021-09-22,10600,"ID115624814617824",28400,1000000,10600,25
"2127",2022-07-14,10000,"ID115624814617824",28400,1000000,10000,25
"2128",2022-07-17,10000,"ID115624814617824",28400,1000000,10000,25
"2129",2022-08-04,9700,"ID115624814617824",28400,1000000,10000,25
"2130",2022-08-16,10800,"ID115624814617824",28400,1000000,10000,25
"2131",2022-09-02,9900,"ID115624814617824",28400,1000000,10500,25
"2132",2023-07-05,10700,"ID115624814617824",28400,1000000,10500,25
"2133",2023-07-09,10500,"ID115624814617824",28400,1000000,10500,25
"2134",2023-07-26,10100,"ID115624814617824",28400,1000000,10700,25
"2135",2023-07-29,10900,"ID115624814617824",28400,1000000,10900,25
"2136",2023-08-08,11500,"ID115624814617824",28400,1000000,11000,25
"2137",2023-08-17,11000,"ID115624814617824",28400,1000000,11100,25
"2138",2023-08-20,11500,"ID115624814617824",28400,1000000,11100,25
"2139",2023-09-07,11100,"ID115624814617824",28400,1000000,11100,25
"2140",2024-07-06,10800,"ID115624814617824",28400,1000000,11100,25
"2141",2024-07-08,11200,"ID115624814617824",28400,1000000,11100,25
"2142",2024-07-26,11000,"ID115624814617824",28400,1000000,11200,25
"2143",2024-07-30,12500,"ID115624814617824",28400,1000000,11400,25
"2144",2024-08-05,11400,"ID115624814617824",28400,1000000,12200,25
"2145",2024-08-14,12200,"ID115624814617824",28400,1000000,12200,25
"2146",2019-07-20,19800,"ID115684944160304",47300,1000000,16400,31
"2147",2019-07-29,21100,"ID115684944160304",47300,1000000,19800,31
"2148",2019-09-12,16400,"ID115684944160304",47300,1000000,21100,31
"2149",2020-07-05,27500,"ID115684944160304",47300,1000000,27500,31
"2150",2020-07-17,29500,"ID115684944160304",47300,1000000,29500,31
"2151",2020-08-01,31500,"ID115684944160304",47300,1000000,29800,31
"2152",2020-08-13,30200,"ID115684944160304",47300,1000000,30200,31
"2153",2020-08-23,29800,"ID115684944160304",47300,1000000,31500,31
"2154",2020-09-09,33400,"ID115684944160304",47300,1000000,33400,31
"2155",2021-07-17,37300,"ID115684944160304",47300,1000000,37300,31
"2156",2021-08-06,39800,"ID115684944160304",47300,1000000,39800,31
"2157",2021-09-22,41500,"ID115684944160304",47300,1000000,39800,31
"2158",2022-07-14,41200,"ID115684944160304",47300,1000000,39800,31
"2159",2022-07-17,39300,"ID115684944160304",47300,1000000,39300,31
"2160",2022-08-04,38100,"ID115684944160304",47300,1000000,38700,31
"2161",2022-08-16,37600,"ID115684944160304",47300,1000000,38700,31
"2162",2022-09-02,38700,"ID115684944160304",47300,1000000,38700,31
"2163",2023-07-05,43900,"ID115684944160304",47300,1000000,38800,31
"2164",2023-07-09,42900,"ID115684944160304",47300,1000000,38800,31
"2165",2023-07-26,38800,"ID115684944160304",47300,1000000,39100,31
"2166",2023-07-29,38000,"ID115684944160304",47300,1000000,38800,31
"2167",2023-08-08,39100,"ID115684944160304",47300,1000000,38400,31
"2168",2023-08-17,37900,"ID115684944160304",47300,1000000,38400,31
"2169",2023-08-20,38400,"ID115684944160304",47300,1000000,39100,31
"2170",2023-09-07,44600,"ID115684944160304",47300,1000000,39700,31
"2171",2024-07-06,40600,"ID115684944160304",47300,1000000,39900,31
"2172",2024-07-08,39700,"ID115684944160304",47300,1000000,40600,31
"2173",2024-07-26,39900,"ID115684944160304",47300,1000000,40300,31
"2174",2024-07-30,41200,"ID115684944160304",47300,1000000,39900,31
"2175",2024-08-05,40300,"ID115684944160304",47300,1000000,39900,31
"2176",2024-08-14,39600,"ID115684944160304",47300,1000000,39600,31
"2177",2019-07-20,167300,"ID115822383113927",119300,1000000,167300,24
"2178",2020-08-23,189400,"ID115822383113927",119300,1000000,178500,24
"2179",2020-09-09,178500,"ID115822383113927",119300,1000000,180700,24
"2180",2021-07-17,180700,"ID115822383113927",119300,1000000,189400,24
"2181",2021-08-03,214800,"ID115822383113927",119300,1000000,206100,24
"2182",2021-09-22,206100,"ID115822383113927",119300,1000000,206100,24
"2183",2022-07-14,207200,"ID115822383113927",119300,1000000,206100,24
"2184",2022-07-17,203400,"ID115822383113927",119300,1000000,203400,24
"2185",2022-08-04,199700,"ID115822383113927",119300,1000000,201500,24
"2186",2022-08-16,201500,"ID115822383113927",119300,1000000,201500,24
"2187",2022-09-02,197800,"ID115822383113927",119300,1000000,201500,24
"2188",2023-07-05,212400,"ID115822383113927",119300,1000000,205500,24
"2189",2023-07-09,205500,"ID115822383113927",119300,1000000,205800,24
"2190",2023-07-26,206800,"ID115822383113927",119300,1000000,205800,24
"2191",2023-07-29,205800,"ID115822383113927",119300,1000000,205500,24
"2192",2023-08-08,204600,"ID115822383113927",119300,1000000,205800,24
"2193",2023-08-17,205000,"ID115822383113927",119300,1000000,205800,24
"2194",2023-08-20,206900,"ID115822383113927",119300,1000000,206900,24
"2195",2024-07-06,213000,"ID115822383113927",119300,1000000,211500,24
"2196",2024-07-08,214100,"ID115822383113927",119300,1000000,213000,24
"2197",2024-07-26,211500,"ID115822383113927",119300,1000000,213000,24
"2198",2024-07-30,218800,"ID115822383113927",119300,1000000,214100,24
"2199",2024-08-05,212200,"ID115822383113927",119300,1000000,212200,24
"2200",2024-08-14,214500,"ID115822383113927",119300,1000000,212200,24
"2201",2020-08-13,241400,"ID115882512656070",238300,1000000,159300,25
"2202",2020-08-23,270700,"ID115882512656070",238300,1000000,201000,25
"2203",2020-09-09,159300,"ID115882512656070",238300,1000000,237700,25
"2204",2021-07-17,201000,"ID115882512656070",238300,1000000,237700,25
"2205",2021-08-03,237700,"ID115882512656070",238300,1000000,237700,25
"2206",2021-08-06,252300,"ID115882512656070",238300,1000000,247900,25
"2207",2021-09-22,247900,"ID115882512656070",238300,1000000,247900,25
"2208",2022-07-14,261100,"ID115882512656070",238300,1000000,252100,25
"2209",2022-07-17,243600,"ID115882512656070",238300,1000000,247900,25
"2210",2022-08-04,252100,"ID115882512656070",238300,1000000,246000,25
"2211",2022-08-16,246000,"ID115882512656070",238300,1000000,246000,25
"2212",2022-09-02,240500,"ID115882512656070",238300,1000000,252100,25
"2213",2023-07-05,264300,"ID115882512656070",238300,1000000,255000,25
"2214",2023-07-09,258400,"ID115882512656070",238300,1000000,256100,25
"2215",2023-07-26,255000,"ID115882512656070",238300,1000000,256100,25
"2216",2023-07-29,256100,"ID115882512656070",238300,1000000,255000,25
"2217",2023-08-08,254300,"ID115882512656070",238300,1000000,254300,25
"2218",2023-08-17,254300,"ID115882512656070",238300,1000000,254300,25
"2219",2023-08-20,251900,"ID115882512656070",238300,1000000,254300,25
"2220",2024-07-06,265900,"ID115882512656070",238300,1000000,264300,25
"2221",2024-07-08,268200,"ID115882512656070",238300,1000000,265900,25
"2222",2024-07-26,264300,"ID115882512656070",238300,1000000,265900,25
"2223",2024-07-30,271800,"ID115882512656070",238300,1000000,265500,25
"2224",2024-08-05,265100,"ID115882512656070",238300,1000000,265100,25
"2225",2024-08-14,265500,"ID115882512656070",238300,1000000,265100,25
"2226",2019-07-20,2600,"ID115942642197966",15000,1000000,3400,8
"2227",2020-07-05,9200,"ID115942642197966",15000,1000000,9200,8
"2228",2020-07-17,10000,"ID115942642197966",15000,1000000,10000,8
"2229",2020-08-13,13900,"ID115942642197966",15000,1000000,13900,8
"2230",2021-07-17,27400,"ID115942642197966",15000,1000000,22900,8
"2231",2021-08-03,28300,"ID115942642197966",15000,1000000,27400,8
"2232",2022-07-14,22900,"ID115942642197966",15000,1000000,27400,8
"2233",2023-08-17,28500,"ID115942642197966",15000,1000000,28300,8
"2234",2020-07-05,55900,"ID115977001936433",128200,1000000,55900,17
"2235",2020-07-17,61100,"ID115977001936433",128200,1000000,61100,17
"2236",2020-08-01,69300,"ID115977001936433",128200,1000000,69300,17
"2237",2020-08-13,105400,"ID115977001936433",128200,1000000,105400,17
"2238",2020-08-23,113900,"ID115977001936433",128200,1000000,113900,17
"2239",2020-09-09,127200,"ID115977001936433",128200,1000000,127200,17
"2240",2021-07-17,135300,"ID115977001936433",128200,1000000,135300,17
"2241",2021-08-03,145100,"ID115977001936433",128200,1000000,145100,17
"2242",2021-08-06,152100,"ID115977001936433",128200,1000000,152100,17
"2243",2021-09-22,159200,"ID115977001936433",128200,1000000,158200,17
"2244",2022-07-14,158200,"ID115977001936433",128200,1000000,158700,17
"2245",2022-07-17,158700,"ID115977001936433",128200,1000000,159200,17
"2246",2022-08-04,159400,"ID115977001936433",128200,1000000,159400,17
"2247",2022-08-16,164200,"ID115977001936433",128200,1000000,164000,17
"2248",2022-09-02,164000,"ID115977001936433",128200,1000000,164200,17
"2249",2023-07-05,171900,"ID115977001936433",128200,1000000,167000,17
"2250",2023-07-09,167000,"ID115977001936433",128200,1000000,171900,17
"2251",2021-07-17,9100,"ID115981296903761",27500,1000000,15800,23
"2252",2021-08-03,8500,"ID115981296903761",27500,1000000,9800,23
"2253",2021-08-06,15800,"ID115981296903761",27500,1000000,9100,23
"2254",2021-09-22,9800,"ID115981296903761",27500,1000000,9000,23
"2255",2022-07-14,7700,"ID115981296903761",27500,1000000,9500,23
"2256",2022-07-17,9000,"ID115981296903761",27500,1000000,9500,23
"2257",2022-08-04,9500,"ID115981296903761",27500,1000000,9500,23
"2258",2022-08-16,10800,"ID115981296903761",27500,1000000,10800,23
"2259",2022-09-02,10800,"ID115981296903761",27500,1000000,10800,23
"2260",2023-07-05,10800,"ID115981296903761",27500,1000000,10800,23
"2261",2023-07-09,10500,"ID115981296903761",27500,1000000,10800,23
"2262",2023-07-26,11300,"ID115981296903761",27500,1000000,11300,23
"2263",2023-07-29,11800,"ID115981296903761",27500,1000000,11700,23
"2264",2023-08-08,11700,"ID115981296903761",27500,1000000,11800,23
"2265",2023-08-17,11900,"ID115981296903761",27500,1000000,11900,23
"2266",2023-08-20,12200,"ID115981296903761",27500,1000000,12200,23
"2267",2023-09-07,13700,"ID115981296903761",27500,1000000,12800,23
"2268",2024-07-06,13100,"ID115981296903761",27500,1000000,13100,23
"2269",2024-07-08,12800,"ID115981296903761",27500,1000000,13700,23
"2270",2024-07-26,14500,"ID115981296903761",27500,1000000,14500,23
"2271",2024-07-30,14600,"ID115981296903761",27500,1000000,14600,23
"2272",2024-08-05,15100,"ID115981296903761",27500,1000000,14600,23
"2273",2024-08-14,14900,"ID115981296903761",27500,1000000,14600,23
"2274",2020-08-23,11300,"ID115989886838494",22600,1000000,11300,24
"2275",2020-09-09,20100,"ID115989886838494",22600,1000000,20100,24
"2276",2021-07-17,26100,"ID115989886838494",22600,1000000,26100,24
"2277",2021-08-03,27800,"ID115989886838494",22600,1000000,27400,24
"2278",2021-08-06,27400,"ID115989886838494",22600,1000000,27800,24
"2279",2021-09-22,30700,"ID115989886838494",22600,1000000,30700,24
"2280",2022-07-14,35100,"ID115989886838494",22600,1000000,30700,24
"2281",2022-07-17,33400,"ID115989886838494",22600,1000000,31100,24
"2282",2022-08-04,29800,"ID115989886838494",22600,1000000,31100,24
"2283",2022-08-16,31100,"ID115989886838494",22600,1000000,31100,24
"2284",2022-09-02,29500,"ID115989886838494",22600,1000000,31100,24
"2285",2023-07-05,33800,"ID115989886838494",22600,1000000,31100,24
"2286",2023-07-09,32100,"ID115989886838494",22600,1000000,29500,24
"2287",2023-07-26,29500,"ID115989886838494",22600,1000000,31800,24
"2288",2023-07-29,29500,"ID115989886838494",22600,1000000,31400,24
"2289",2023-08-08,31800,"ID115989886838494",22600,1000000,31000,24
"2290",2023-08-17,31400,"ID115989886838494",22600,1000000,31400,24
"2291",2023-08-20,31000,"ID115989886838494",22600,1000000,31800,24
"2292",2024-07-06,32300,"ID115989886838494",22600,1000000,32300,24
"2293",2024-07-08,32400,"ID115989886838494",22600,1000000,32300,24
"2294",2024-07-26,32300,"ID115989886838494",22600,1000000,32400,24
"2295",2024-07-30,33500,"ID115989886838494",22600,1000000,32800,24
"2296",2024-08-05,34600,"ID115989886838494",22600,1000000,33500,24
"2297",2024-08-14,32800,"ID115989886838494",22600,1000000,34600,24
"2298",2021-07-17,8200,"ID116011361674754",28300,1000000,13800,10
"2299",2021-08-03,12200,"ID116011361674754",28300,1000000,13500,10
"2300",2022-08-04,13800,"ID116011361674754",28300,1000000,13500,10
"2301",2022-08-16,13500,"ID116011361674754",28300,1000000,13800,10
"2302",2023-07-29,15300,"ID116011361674754",28300,1000000,14500,10
"2303",2023-08-08,14800,"ID116011361674754",28300,1000000,14800,10
"2304",2023-08-17,14500,"ID116011361674754",28300,1000000,15300,10
"2305",2024-07-26,15600,"ID116011361674754",28300,1000000,15600,10
"2306",2024-08-05,15900,"ID116011361674754",28300,1000000,15600,10
"2307",2024-08-14,16400,"ID116011361674754",28300,1000000,15600,10
"2308",2019-07-29,1300,"ID116071491217031",13800,1000000,2100,6
"2309",2020-09-09,2100,"ID116071491217031",13800,1000000,26700,6
"2310",2022-07-14,27200,"ID116071491217031",13800,1000000,26400,6
"2311",2022-07-17,26700,"ID116071491217031",13800,1000000,26400,6
"2312",2022-08-04,26400,"ID116071491217031",13800,1000000,26400,6
"2313",2022-09-02,26100,"ID116071491217031",13800,1000000,26100,6
"2314",2020-09-09,8700,"ID116092966053518",31000,1000000,8700,23
"2315",2021-08-03,11900,"ID116092966053518",31000,1000000,11900,23
"2316",2021-08-06,43700,"ID116092966053518",31000,1000000,41900,23
"2317",2021-09-22,41900,"ID116092966053518",31000,1000000,41900,23
"2318",2022-07-14,42200,"ID116092966053518",31000,1000000,41900,23
"2319",2022-07-17,39100,"ID116092966053518",31000,1000000,41900,23
"2320",2022-08-04,13200,"ID116092966053518",31000,1000000,39100,23
"2321",2022-08-16,43600,"ID116092966053518",31000,1000000,39100,23
"2322",2022-09-02,13600,"ID116092966053518",31000,1000000,43600,23
"2323",2023-07-05,48900,"ID116092966053518",31000,1000000,43600,23
"2324",2023-07-09,47600,"ID116092966053518",31000,1000000,46000,23
"2325",2023-07-26,43400,"ID116092966053518",31000,1000000,46900,23
"2326",2023-07-29,46000,"ID116092966053518",31000,1000000,46900,23
"2327",2023-08-08,46900,"ID116092966053518",31000,1000000,46900,23
"2328",2023-08-17,46900,"ID116092966053518",31000,1000000,46900,23
"2329",2023-08-20,47800,"ID116092966053518",31000,1000000,47800,23
"2330",2023-09-07,52700,"ID116092966053518",31000,1000000,51000,23
"2331",2024-07-06,51000,"ID116092966053518",31000,1000000,52200,23
"2332",2024-07-08,52200,"ID116092966053518",31000,1000000,52700,23
"2333",2024-07-26,53300,"ID116092966053518",31000,1000000,53300,23
"2334",2024-07-30,58700,"ID116092966053518",31000,1000000,54500,23
"2335",2024-08-05,55200,"ID116092966053518",31000,1000000,54500,23
"2336",2024-08-14,54500,"ID116092966053518",31000,1000000,54500,23
"2337",2019-09-12,200,"ID116097261020667",9800,1000000,5400,4
"2338",2020-07-05,5400,"ID116097261020667",9800,1000000,5400,4
"2339",2020-07-17,4700,"ID116097261020667",9800,1000000,5400,4
"2340",2020-08-01,5400,"ID116097261020667",9800,1000000,5400,4
"2341",2019-07-20,8900,"ID116123030824651",18400,1000000,21100,4
"2342",2019-07-29,4000,"ID116123030824651",18400,1000000,14800,4
"2343",2020-07-05,23800,"ID116123030824651",18400,1000000,14800,4
"2344",2020-07-17,14800,"ID116123030824651",18400,1000000,23800,4
"2345",2021-09-22,224200,"ID116131620759474",137100,1000000,258000,6
"2346",2022-07-14,258000,"ID116131620759474",137100,1000000,256200,6
"2347",2022-08-04,251500,"ID116131620759474",137100,1000000,256200,6
"2348",2022-08-16,256200,"ID116131620759474",137100,1000000,258000,6
"2349",2023-07-26,272300,"ID116131620759474",137100,1000000,256200,6
"2350",2024-08-14,273700,"ID116131620759474",137100,1000000,256200,6
"2351",2020-07-05,18400,"ID116153095595469",57200,1000000,23700,8
"2352",2020-07-17,21000,"ID116153095595469",57200,1000000,23700,8
"2353",2020-08-01,23700,"ID116153095595469",57200,1000000,23700,8
"2354",2020-08-13,43500,"ID116153095595469",57200,1000000,43500,8
"2355",2020-08-23,43800,"ID116153095595469",57200,1000000,43800,8
"2356",2020-09-09,57900,"ID116153095595469",57200,1000000,57900,8
"2357",2021-09-22,112700,"ID116153095595469",57200,1000000,57900,8
"2358",2022-09-02,102900,"ID116153095595469",57200,1000000,57900,8
"2359",2019-07-20,47000,"ID116183160366567",93400,1000000,65200,14
"2360",2020-07-05,68400,"ID116183160366567",93400,1000000,65200,14
"2361",2020-07-17,82500,"ID116183160366567",93400,1000000,68400,14
"2362",2020-08-01,63800,"ID116183160366567",93400,1000000,78300,14
"2363",2020-08-13,96800,"ID116183160366567",93400,1000000,82500,14
"2364",2020-08-23,78300,"ID116183160366567",93400,1000000,96800,14
"2365",2020-09-09,108100,"ID116183160366567",93400,1000000,108100,14
"2366",2021-07-17,116900,"ID116183160366567",93400,1000000,116900,14
"2367",2021-08-03,153600,"ID116183160366567",93400,1000000,153600,14
"2368",2021-08-06,164100,"ID116183160366567",93400,1000000,164100,14
"2369",2021-09-22,174700,"ID116183160366567",93400,1000000,174700,14
"2370",2022-07-14,183700,"ID116183160366567",93400,1000000,179900,14
"2371",2022-07-17,179900,"ID116183160366567",93400,1000000,179900,14
"2372",2022-08-04,181900,"ID116183160366567",93400,1000000,179900,14
"2373",2020-09-09,5200,"ID116187455334139",28700,1000000,26400,7
"2374",2021-07-17,16000,"ID116187455334139",28700,1000000,26400,7
"2375",2021-08-03,26700,"ID116187455334139",28700,1000000,26700,7
"2376",2023-08-08,27900,"ID116187455334139",28700,1000000,27400,7
"2377",2023-08-17,27400,"ID116187455334139",28700,1000000,27900,7
"2378",2024-07-26,29000,"ID116187455334139",28700,1000000,27900,7
"2379",2024-08-14,28400,"ID116187455334139",28700,1000000,27400,7
"2380",2020-08-13,17600,"ID116200340235904",53100,1000000,24100,25
"2381",2020-08-23,23500,"ID116200340235904",53100,1000000,24100,25
"2382",2020-09-09,28600,"ID116200340235904",53100,1000000,28600,25
"2383",2021-07-17,31800,"ID116200340235904",53100,1000000,31800,25
"2384",2021-08-03,35400,"ID116200340235904",53100,1000000,35400,25
"2385",2021-08-06,39400,"ID116200340235904",53100,1000000,39400,25
"2386",2021-09-22,41200,"ID116200340235904",53100,1000000,39400,25
"2387",2022-07-14,42200,"ID116200340235904",53100,1000000,41200,25
"2388",2022-08-04,39400,"ID116200340235904",53100,1000000,41200,25
"2389",2022-08-16,41800,"ID116200340235904",53100,1000000,41800,25
"2390",2022-09-02,40700,"ID116200340235904",53100,1000000,41800,25
"2391",2023-07-05,44800,"ID116200340235904",53100,1000000,42400,25
"2392",2023-07-09,44300,"ID116200340235904",53100,1000000,43100,25
"2393",2023-07-26,42400,"ID116200340235904",53100,1000000,44300,25
"2394",2023-07-29,43100,"ID116200340235904",53100,1000000,43100,25
"2395",2023-08-08,44500,"ID116200340235904",53100,1000000,42900,25
"2396",2023-08-17,42900,"ID116200340235904",53100,1000000,43100,25
"2397",2023-08-20,42500,"ID116200340235904",53100,1000000,44500,25
"2398",2023-09-07,49800,"ID116200340235904",53100,1000000,45100,25
"2399",2024-07-06,45100,"ID116200340235904",53100,1000000,46200,25
"2400",2024-07-08,46200,"ID116200340235904",53100,1000000,46900,25
"2401",2024-07-26,46900,"ID116200340235904",53100,1000000,46800,25
"2402",2024-07-30,48300,"ID116200340235904",53100,1000000,46800,25
"2403",2024-08-05,46800,"ID116200340235904",53100,1000000,46900,25
"2404",2024-08-14,31700,"ID116200340235904",53100,1000000,48300,25
"2405",2020-07-05,82300,"ID116204635203233",71700,1000000,46800,6
"2406",2020-08-01,131300,"ID116204635203233",71700,1000000,82300,6
"2407",2020-08-23,41500,"ID116204635203233",71700,1000000,105900,6
"2408",2020-09-09,105900,"ID116204635203233",71700,1000000,122900,6
"2409",2021-07-17,122900,"ID116204635203233",71700,1000000,105900,6
"2410",2021-08-03,132600,"ID116204635203233",71700,1000000,109400,6
"2411",2020-08-23,53400,"ID116217520104979",91500,1000000,84500,24
"2412",2020-09-09,63500,"ID116217520104979",91500,1000000,84500,24
"2413",2021-08-03,84500,"ID116217520104979",91500,1000000,84500,24
"2414",2021-08-06,85800,"ID116217520104979",91500,1000000,85800,24
"2415",2021-09-22,92800,"ID116217520104979",91500,1000000,92800,24
"2416",2022-07-14,95100,"ID116217520104979",91500,1000000,95100,24
"2417",2022-07-17,101600,"ID116217520104979",91500,1000000,101600,24
"2418",2022-08-04,102800,"ID116217520104979",91500,1000000,102800,24
"2419",2022-08-16,108800,"ID116217520104979",91500,1000000,107400,24
"2420",2022-09-02,107400,"ID116217520104979",91500,1000000,108200,24
"2421",2023-07-05,108200,"ID116217520104979",91500,1000000,108800,24
"2422",2023-07-09,112000,"ID116217520104979",91500,1000000,110100,24
"2423",2023-07-26,110100,"ID116217520104979",91500,1000000,112000,24
"2424",2023-07-29,114100,"ID116217520104979",91500,1000000,114100,24
"2425",2023-08-08,116300,"ID116217520104979",91500,1000000,115000,24
"2426",2023-08-17,118500,"ID116217520104979",91500,1000000,116300,24
"2427",2023-08-20,115000,"ID116217520104979",91500,1000000,118500,24
"2428",2023-09-07,119700,"ID116217520104979",91500,1000000,119700,24
"2429",2024-07-06,127500,"ID116217520104979",91500,1000000,127500,24
"2430",2024-07-08,128600,"ID116217520104979",91500,1000000,128600,24
"2431",2024-07-26,130600,"ID116217520104979",91500,1000000,129500,24
"2432",2024-07-30,129500,"ID116217520104979",91500,1000000,130600,24
"2433",2024-08-05,133900,"ID116217520104979",91500,1000000,130600,24
"2434",2024-08-14,134400,"ID116217520104979",91500,1000000,129500,24
"2435",2020-08-13,77200,"ID116247584876057",141000,1000000,77200,25
"2436",2020-08-23,247400,"ID116247584876057",141000,1000000,112700,25
"2437",2020-09-09,112700,"ID116247584876057",141000,1000000,139900,25
"2438",2021-08-03,139900,"ID116247584876057",141000,1000000,150400,25
"2439",2021-08-06,152200,"ID116247584876057",141000,1000000,150400,25
"2440",2021-09-22,150400,"ID116247584876057",141000,1000000,152200,25
"2441",2022-07-14,154200,"ID116247584876057",141000,1000000,154200,25
"2442",2022-07-17,158900,"ID116247584876057",141000,1000000,158900,25
"2443",2022-08-04,160300,"ID116247584876057",141000,1000000,160300,25
"2444",2022-08-16,166600,"ID116247584876057",141000,1000000,164300,25
"2445",2022-09-02,164300,"ID116247584876057",141000,1000000,166600,25
"2446",2023-07-05,184600,"ID116247584876057",141000,1000000,181600,25
"2447",2023-07-09,181600,"ID116247584876057",141000,1000000,181600,25
"2448",2023-07-26,189400,"ID116247584876057",141000,1000000,181600,25
"2449",2023-07-29,173300,"ID116247584876057",141000,1000000,181600,25
"2450",2023-08-08,174900,"ID116247584876057",141000,1000000,189400,25
"2451",2023-08-17,190300,"ID116247584876057",141000,1000000,190300,25
"2452",2023-08-20,193500,"ID116247584876057",141000,1000000,193500,25
"2453",2023-09-07,202300,"ID116247584876057",141000,1000000,193500,25
"2454",2024-07-06,200200,"ID116247584876057",141000,1000000,195700,25
"2455",2024-07-08,193400,"ID116247584876057",141000,1000000,200200,25
"2456",2024-07-26,195700,"ID116247584876057",141000,1000000,198700,25
"2457",2024-07-30,209200,"ID116247584876057",141000,1000000,198700,25
"2458",2024-08-05,198700,"ID116247584876057",141000,1000000,198700,25
"2459",2024-08-14,200600,"ID116247584876057",141000,1000000,198700,25
"2460",2020-08-13,3000,"ID116247584876152",19000,1000000,9100,24
"2461",2020-09-09,5900,"ID116247584876152",19000,1000000,9100,24
"2462",2021-08-03,9100,"ID116247584876152",19000,1000000,9100,24
"2463",2021-08-06,11600,"ID116247584876152",19000,1000000,10900,24
"2464",2021-09-22,11100,"ID116247584876152",19000,1000000,10900,24
"2465",2022-07-14,10900,"ID116247584876152",19000,1000000,10900,24
"2466",2022-07-17,9100,"ID116247584876152",19000,1000000,10400,24
"2467",2022-08-04,10200,"ID116247584876152",19000,1000000,10400,24
"2468",2022-08-16,10400,"ID116247584876152",19000,1000000,10400,24
"2469",2022-09-02,10500,"ID116247584876152",19000,1000000,10500,24
"2470",2023-07-05,11000,"ID116247584876152",19000,1000000,10600,24
"2471",2023-07-09,11300,"ID116247584876152",19000,1000000,11000,24
"2472",2023-07-26,10600,"ID116247584876152",19000,1000000,11200,24
"2473",2023-07-29,11200,"ID116247584876152",19000,1000000,11300,24
"2474",2023-08-08,11700,"ID116247584876152",19000,1000000,11500,24
"2475",2023-08-17,11500,"ID116247584876152",19000,1000000,11700,24
"2476",2023-08-20,11700,"ID116247584876152",19000,1000000,11700,24
"2477",2023-09-07,12400,"ID116247584876152",19000,1000000,12000,24
"2478",2024-07-06,12000,"ID116247584876152",19000,1000000,12300,24
"2479",2024-07-08,12300,"ID116247584876152",19000,1000000,12400,24
"2480",2024-07-26,12600,"ID116247584876152",19000,1000000,12500,24
"2481",2024-07-30,13500,"ID116247584876152",19000,1000000,12600,24
"2482",2024-08-05,12500,"ID116247584876152",19000,1000000,13300,24
"2483",2024-08-14,13300,"ID116247584876152",19000,1000000,13500,24
"2484",2019-07-20,25300,"ID116286239581728",37300,1000000,30400,7
"2485",2019-07-29,27300,"ID116286239581728",37300,1000000,29900,7
"2486",2020-07-05,30400,"ID116286239581728",37300,1000000,29800,7
"2487",2020-07-17,29900,"ID116286239581728",37300,1000000,29900,7
"2488",2020-08-01,29800,"ID116286239581728",37300,1000000,30400,7
"2489",2020-08-13,45700,"ID116286239581728",37300,1000000,29900,7
"2490",2020-08-23,61100,"ID116286239581728",37300,1000000,29800,7
"2491",2020-07-05,7500,"ID116286239581786",16400,1000000,7500,29
"2492",2020-07-17,7200,"ID116286239581786",16400,1000000,7200,29
"2493",2020-08-01,5000,"ID116286239581786",16400,1000000,5000,29
"2494",2020-08-13,3600,"ID116286239581786",16400,1000000,5000,29
"2495",2020-08-23,2700,"ID116286239581786",16400,1000000,5000,29
"2496",2020-09-09,5900,"ID116286239581786",16400,1000000,5400,29
"2497",2021-07-17,5400,"ID116286239581786",16400,1000000,5900,29
"2498",2021-08-03,15300,"ID116286239581786",16400,1000000,14900,29
"2499",2021-08-06,14900,"ID116286239581786",16400,1000000,14900,29
"2500",2021-09-22,20300,"ID116286239581786",16400,1000000,15300,29
"2501",2022-07-14,13900,"ID116286239581786",16400,1000000,15200,29
"2502",2022-07-17,19200,"ID116286239581786",16400,1000000,15200,29
"2503",2022-08-04,15200,"ID116286239581786",16400,1000000,13900,29
"2504",2022-08-16,13900,"ID116286239581786",16400,1000000,15200,29
"2505",2022-09-02,10500,"ID116286239581786",16400,1000000,13900,29
"2506",2023-07-05,18600,"ID116286239581786",16400,1000000,13700,29
"2507",2023-07-09,13700,"ID116286239581786",16400,1000000,13700,29
"2508",2023-07-26,12300,"ID116286239581786",16400,1000000,13900,29
"2509",2023-07-29,13900,"ID116286239581786",16400,1000000,13700,29
"2510",2023-08-08,16200,"ID116286239581786",16400,1000000,12300,29
"2511",2023-08-17,12200,"ID116286239581786",16400,1000000,12200,29
"2512",2023-08-20,12000,"ID116286239581786",16400,1000000,12200,29
"2513",2023-09-07,11300,"ID116286239581786",16400,1000000,12200,29
"2514",2024-07-06,14600,"ID116286239581786",16400,1000000,14000,29
"2515",2024-07-08,14200,"ID116286239581786",16400,1000000,14200,29
"2516",2024-07-26,14000,"ID116286239581786",16400,1000000,14600,29
"2517",2024-07-30,14700,"ID116286239581786",16400,1000000,14400,29
"2518",2024-08-05,14700,"ID116286239581786",16400,1000000,14700,29
"2519",2024-08-14,14400,"ID116286239581786",16400,1000000,14700,29
"2520",2020-09-09,5100,"ID116329189253996",16700,1000000,10700,13
"2521",2022-07-14,11200,"ID116329189253996",16700,1000000,11200,13
"2522",2022-07-17,10700,"ID116329189253996",16700,1000000,10700,13
"2523",2022-08-16,11800,"ID116329189253996",16700,1000000,11200,13
"2524",2022-09-02,10600,"ID116329189253996",16700,1000000,11800,13
"2525",2023-07-05,14200,"ID116329189253996",16700,1000000,11800,13
"2526",2023-07-09,12700,"ID116329189253996",16700,1000000,12700,13
"2527",2023-07-26,10800,"ID116329189253996",16700,1000000,12700,13
"2528",2023-07-29,23000,"ID116329189253996",16700,1000000,12700,13
"2529",2023-08-20,12100,"ID116329189253996",16700,1000000,23000,13
"2530",2024-07-06,30400,"ID116329189253996",16700,1000000,23000,13
"2531",2024-07-08,32600,"ID116329189253996",16700,1000000,13800,13
"2532",2024-07-30,13800,"ID116329189253996",16700,1000000,13800,13
"2533",2020-07-05,3900,"ID116337779189257",16100,1000000,13800,26
"2534",2020-08-01,4000,"ID116337779189257",16100,1000000,9500,26
"2535",2020-08-13,23900,"ID116337779189257",16100,1000000,9500,26
"2536",2020-09-09,9500,"ID116337779189257",16100,1000000,12100,26
"2537",2021-08-03,12100,"ID116337779189257",16100,1000000,13600,26
"2538",2021-08-06,13600,"ID116337779189257",16100,1000000,13100,26
"2539",2021-09-22,13800,"ID116337779189257",16100,1000000,13600,26
"2540",2022-07-14,13100,"ID116337779189257",16100,1000000,13800,26
"2541",2022-07-17,13900,"ID116337779189257",16100,1000000,13900,26
"2542",2022-08-04,15000,"ID116337779189257",16100,1000000,15000,26
"2543",2022-08-16,15500,"ID116337779189257",16100,1000000,15500,26
"2544",2022-09-02,16300,"ID116337779189257",16100,1000000,16000,26
"2545",2023-07-05,16000,"ID116337779189257",16100,1000000,16000,26
"2546",2023-07-09,16400,"ID116337779189257",16100,1000000,16300,26
"2547",2023-07-26,16000,"ID116337779189257",16100,1000000,16400,26
"2548",2023-07-29,16800,"ID116337779189257",16100,1000000,16400,26
"2549",2023-08-08,16400,"ID116337779189257",16100,1000000,16600,26
"2550",2023-08-17,16600,"ID116337779189257",16100,1000000,16800,26
"2551",2023-08-20,16900,"ID116337779189257",16100,1000000,16900,26
"2552",2023-09-07,17400,"ID116337779189257",16100,1000000,17400,26
"2553",2024-07-06,18500,"ID116337779189257",16100,1000000,18500,26
"2554",2024-07-08,18700,"ID116337779189257",16100,1000000,18500,26
"2555",2024-07-26,18500,"ID116337779189257",16100,1000000,18700,26
"2556",2024-07-30,20000,"ID116337779189257",16100,1000000,19300,26
"2557",2024-08-05,19300,"ID116337779189257",16100,1000000,20000,26
"2558",2024-08-14,20300,"ID116337779189257",16100,1000000,20300,26
"2559",2020-08-13,9700,"ID116363548993034",25200,1000000,10500,25
"2560",2020-08-23,10500,"ID116363548993034",25200,1000000,10500,25
"2561",2020-09-09,7500,"ID116363548993034",25200,1000000,10500,25
"2562",2021-08-03,14700,"ID116363548993034",25200,1000000,14700,25
"2563",2021-08-06,16200,"ID116363548993034",25200,1000000,16200,25
"2564",2021-09-22,16700,"ID116363548993034",25200,1000000,16700,25
"2565",2022-07-14,18700,"ID116363548993034",25200,1000000,18700,25
"2566",2022-07-17,19400,"ID116363548993034",25200,1000000,19400,25
"2567",2022-08-04,20100,"ID116363548993034",25200,1000000,20100,25
"2568",2022-08-16,22300,"ID116363548993034",25200,1000000,21500,25
"2569",2022-09-02,21500,"ID116363548993034",25200,1000000,21600,25
"2570",2023-07-05,21600,"ID116363548993034",25200,1000000,22300,25
"2571",2023-07-09,24600,"ID116363548993034",25200,1000000,22800,25
"2572",2023-07-26,22800,"ID116363548993034",25200,1000000,23200,25
"2573",2023-07-29,23200,"ID116363548993034",25200,1000000,23400,25
"2574",2023-08-08,23400,"ID116363548993034",25200,1000000,23200,25
"2575",2023-08-17,23400,"ID116363548993034",25200,1000000,23400,25
"2576",2023-08-20,23200,"ID116363548993034",25200,1000000,23400,25
"2577",2023-09-07,28300,"ID116363548993034",25200,1000000,25600,25
"2578",2024-07-06,25600,"ID116363548993034",25200,1000000,26100,25
"2579",2024-07-08,26100,"ID116363548993034",25200,1000000,26700,25
"2580",2024-07-26,26700,"ID116363548993034",25200,1000000,26700,25
"2581",2024-07-30,28700,"ID116363548993034",25200,1000000,27900,25
"2582",2024-08-05,27900,"ID116363548993034",25200,1000000,27900,25
"2583",2024-08-14,28500,"ID116363548993034",25200,1000000,27900,25
"2584",2020-08-13,16000,"ID116402203698704",14300,1000000,27900,5
"2585",2020-08-23,27900,"ID116402203698704",14300,1000000,21400,5
"2586",2020-09-09,1600,"ID116402203698704",14300,1000000,20000,5
"2587",2021-07-17,21400,"ID116402203698704",14300,1000000,20000,5
"2588",2021-08-03,20000,"ID116402203698704",14300,1000000,19100,5
"2589",2020-08-13,16100,"ID116410793633323",39300,1000000,20000,25
"2590",2020-08-23,19100,"ID116410793633323",39300,1000000,20000,25
"2591",2020-09-09,29700,"ID116410793633323",39300,1000000,29700,25
"2592",2021-07-17,39400,"ID116410793633323",39300,1000000,39400,25
"2593",2021-08-03,47100,"ID116410793633323",39300,1000000,47100,25
"2594",2021-08-06,48300,"ID116410793633323",39300,1000000,48300,25
"2595",2021-09-22,48500,"ID116410793633323",39300,1000000,48500,25
"2596",2022-07-14,53300,"ID116410793633323",39300,1000000,51900,25
"2597",2022-08-04,51900,"ID116410793633323",39300,1000000,51900,25
"2598",2022-08-16,52900,"ID116410793633323",39300,1000000,52900,25
"2599",2022-09-02,50200,"ID116410793633323",39300,1000000,52900,25
"2600",2023-07-05,53900,"ID116410793633323",39300,1000000,52900,25
"2601",2023-07-09,54000,"ID116410793633323",39300,1000000,52900,25
"2602",2023-07-26,52300,"ID116410793633323",39300,1000000,53900,25
"2603",2023-07-29,52900,"ID116410793633323",39300,1000000,52900,25
"2604",2023-08-08,54000,"ID116410793633323",39300,1000000,52900,25
"2605",2023-08-17,52400,"ID116410793633323",39300,1000000,52900,25
"2606",2023-08-20,53500,"ID116410793633323",39300,1000000,53500,25
"2607",2023-09-07,49100,"ID116410793633323",39300,1000000,53500,25
"2608",2024-07-06,54400,"ID116410793633323",39300,1000000,54400,25
"2609",2024-07-08,55100,"ID116410793633323",39300,1000000,55100,25
"2610",2024-07-26,55400,"ID116410793633323",39300,1000000,55400,25
"2611",2024-07-30,57300,"ID116410793633323",39300,1000000,57300,25
"2612",2024-08-05,58200,"ID116410793633323",39300,1000000,57300,25
"2613",2024-08-14,57900,"ID116410793633323",39300,1000000,57300,25
"2614",2019-07-20,1200,"ID116492398012047",8100,1000000,1400,11
"2615",2019-09-12,300,"ID116492398012047",8100,1000000,1400,11
"2616",2020-07-05,1400,"ID116492398012047",8100,1000000,1400,11
"2617",2020-07-17,1700,"ID116492398012047",8100,1000000,1700,11
"2618",2020-08-13,13700,"ID116492398012047",8100,1000000,7800,11
"2619",2021-07-17,7800,"ID116492398012047",8100,1000000,8200,11
"2620",2022-07-14,9200,"ID116492398012047",8100,1000000,9200,11
"2621",2022-07-17,8200,"ID116492398012047",8100,1000000,9200,11
"2622",2022-08-04,15300,"ID116492398012047",8100,1000000,9200,11
"2623",2023-07-05,9600,"ID116492398012047",8100,1000000,9600,11
"2624",2023-07-09,7700,"ID116492398012047",8100,1000000,13400,11
"2625",2019-07-20,13400,"ID116513872848537",23400,1000000,13400,28
"2626",2019-07-29,20400,"ID116513872848537",23400,1000000,13500,28
"2627",2020-07-05,14600,"ID116513872848537",23400,1000000,13500,28
"2628",2020-07-17,13500,"ID116513872848537",23400,1000000,13500,28
"2629",2020-08-01,12900,"ID116513872848537",23400,1000000,13500,28
"2630",2020-08-13,12500,"ID116513872848537",23400,1000000,13500,28
"2631",2020-08-23,16100,"ID116513872848537",23400,1000000,12900,28
"2632",2020-09-09,14700,"ID116513872848537",23400,1000000,14700,28
"2633",2021-07-17,8100,"ID116513872848537",23400,1000000,16100,28
"2634",2021-08-03,44800,"ID116513872848537",23400,1000000,16700,28
"2635",2021-08-06,16700,"ID116513872848537",23400,1000000,29600,28
"2636",2021-09-22,45800,"ID116513872848537",23400,1000000,29600,28
"2637",2022-07-14,29600,"ID116513872848537",23400,1000000,17800,28
"2638",2022-07-17,17800,"ID116513872848537",23400,1000000,29600,28
"2639",2022-08-04,17600,"ID116513872848537",23400,1000000,17800,28
"2640",2022-08-16,45000,"ID116513872848537",23400,1000000,17800,28
"2641",2022-09-02,8000,"ID116513872848537",23400,1000000,17600,28
"2642",2023-07-05,22700,"ID116513872848537",23400,1000000,18800,28
"2643",2023-07-09,10200,"ID116513872848537",23400,1000000,18800,28
"2644",2023-07-26,18800,"ID116513872848537",23400,1000000,18800,28
"2645",2023-07-29,36400,"ID116513872848537",23400,1000000,18800,28
"2646",2023-08-08,18300,"ID116513872848537",23400,1000000,34700,28
"2647",2023-08-17,34700,"ID116513872848537",23400,1000000,36400,28
"2648",2023-08-20,38300,"ID116513872848537",23400,1000000,38300,28
"2649",2024-07-06,38500,"ID116513872848537",23400,1000000,38300,28
"2650",2024-07-08,38700,"ID116513872848537",23400,1000000,38500,28
"2651",2024-07-26,37400,"ID116513872848537",23400,1000000,38500,28
"2652",2024-08-05,41000,"ID116513872848537",23400,1000000,38700,28
"2653",2022-09-02,12100,"ID116535347685081",43500,1000000,12600,4
"2654",2023-07-26,12600,"ID116535347685081",43500,1000000,12600,4
"2655",2023-09-07,12600,"ID116535347685081",43500,1000000,12600,4
"2656",2024-07-30,44200,"ID116535347685081",43500,1000000,44200,4
"2657",2019-07-29,133800,"ID116539642652219",67700,1000000,71000,4
"2658",2020-08-13,71000,"ID116539642652219",67700,1000000,84000,4
"2659",2020-08-23,84000,"ID116539642652219",67700,1000000,84000,4
"2660",2020-09-09,94200,"ID116539642652219",67700,1000000,71000,4
"2661",2020-07-05,4400,"ID116543937619475",20200,1000000,5200,28
"2662",2020-07-17,4600,"ID116543937619475",20200,1000000,5200,28
"2663",2020-08-01,5200,"ID116543937619475",20200,1000000,5200,28
"2664",2020-08-13,5700,"ID116543937619475",20200,1000000,5700,28
"2665",2020-08-23,6100,"ID116543937619475",20200,1000000,6100,28
"2666",2020-09-09,6800,"ID116543937619475",20200,1000000,6800,28
"2667",2021-08-03,8500,"ID116543937619475",20200,1000000,8500,28
"2668",2021-08-06,9200,"ID116543937619475",20200,1000000,9200,28
"2669",2021-09-22,9700,"ID116543937619475",20200,1000000,9700,28
"2670",2022-07-14,10200,"ID116543937619475",20200,1000000,9700,28
"2671",2022-07-17,10100,"ID116543937619475",20200,1000000,9700,28
"2672",2022-08-04,9000,"ID116543937619475",20200,1000000,9400,28
"2673",2022-08-16,9400,"ID116543937619475",20200,1000000,9400,28
"2674",2022-09-02,9400,"ID116543937619475",20200,1000000,9400,28
"2675",2023-07-05,9700,"ID116543937619475",20200,1000000,9400,28
"2676",2023-07-09,8900,"ID116543937619475",20200,1000000,9400,28
"2677",2023-07-26,9400,"ID116543937619475",20200,1000000,9600,28
"2678",2023-07-29,9900,"ID116543937619475",20200,1000000,9400,28
"2679",2023-08-08,9600,"ID116543937619475",20200,1000000,9400,28
"2680",2023-08-17,9300,"ID116543937619475",20200,1000000,9600,28
"2681",2023-08-20,8900,"ID116543937619475",20200,1000000,9600,28
"2682",2023-09-07,10600,"ID116543937619475",20200,1000000,10100,28
"2683",2024-07-06,10100,"ID116543937619475",20200,1000000,10100,28
"2684",2024-07-08,10300,"ID116543937619475",20200,1000000,10300,28
"2685",2024-07-26,9700,"ID116543937619475",20200,1000000,10100,28
"2686",2024-07-30,10800,"ID116543937619475",20200,1000000,10100,28
"2687",2024-08-05,10000,"ID116543937619475",20200,1000000,10100,28
"2688",2024-08-14,10100,"ID116543937619475",20200,1000000,10800,28
"2689",2019-07-20,2300,"ID116599772194353",15600,1000000,7900,26
"2690",2019-07-29,26200,"ID116599772194353",15600,1000000,5900,26
"2691",2020-07-05,5200,"ID116599772194353",15600,1000000,5900,26
"2692",2020-07-17,5900,"ID116599772194353",15600,1000000,6500,26
"2693",2020-08-01,6500,"ID116599772194353",15600,1000000,6500,26
"2694",2020-08-13,8700,"ID116599772194353",15600,1000000,8600,26
"2695",2020-08-23,8600,"ID116599772194353",15600,1000000,8700,26
"2696",2020-09-09,12200,"ID116599772194353",15600,1000000,12200,26
"2697",2021-07-17,15200,"ID116599772194353",15600,1000000,15200,26
"2698",2021-08-03,15800,"ID116599772194353",15600,1000000,15800,26
"2699",2022-07-17,17600,"ID116599772194353",15600,1000000,17600,26
"2700",2022-08-04,17800,"ID116599772194353",15600,1000000,17600,26
"2701",2022-08-16,18300,"ID116599772194353",15600,1000000,17800,26
"2702",2022-09-02,17200,"ID116599772194353",15600,1000000,18300,26
"2703",2023-07-09,19800,"ID116599772194353",15600,1000000,19300,26
"2704",2023-07-26,19300,"ID116599772194353",15600,1000000,19800,26
"2705",2023-07-29,19800,"ID116599772194353",15600,1000000,19800,26
"2706",2023-08-08,20400,"ID116599772194353",15600,1000000,19800,26
"2707",2023-08-17,19500,"ID116599772194353",15600,1000000,20200,26
"2708",2023-08-20,20200,"ID116599772194353",15600,1000000,20300,26
"2709",2023-09-07,20300,"ID116599772194353",15600,1000000,20300,26
"2710",2024-07-06,20500,"ID116599772194353",15600,1000000,20500,26
"2711",2024-07-08,21000,"ID116599772194353",15600,1000000,21000,26
"2712",2024-07-26,22200,"ID116599772194353",15600,1000000,22200,26
"2713",2024-07-30,22800,"ID116599772194353",15600,1000000,22800,26
"2714",2024-08-14,22800,"ID116599772194353",15600,1000000,22800,26
"2715",2021-07-17,19700,"ID116655606769467",52600,1000000,19700,22
"2716",2021-08-03,23300,"ID116655606769467",52600,1000000,19700,22
"2717",2021-08-06,19800,"ID116655606769467",52600,1000000,19800,22
"2718",2021-09-22,18900,"ID116655606769467",52600,1000000,23300,22
"2719",2022-07-14,25200,"ID116655606769467",52600,1000000,23800,22
"2720",2022-07-17,23800,"ID116655606769467",52600,1000000,23800,22
"2721",2022-08-04,23900,"ID116655606769467",52600,1000000,23800,22
"2722",2022-08-16,22600,"ID116655606769467",52600,1000000,23800,22
"2723",2022-09-02,22100,"ID116655606769467",52600,1000000,23900,22
"2724",2023-07-05,24100,"ID116655606769467",52600,1000000,22700,22
"2725",2023-07-09,25800,"ID116655606769467",52600,1000000,24100,22
"2726",2023-07-26,22700,"ID116655606769467",52600,1000000,25100,22
"2727",2023-07-29,25100,"ID116655606769467",52600,1000000,25100,22
"2728",2023-08-08,25200,"ID116655606769467",52600,1000000,24100,22
"2729",2023-08-17,24100,"ID116655606769467",52600,1000000,25100,22
"2730",2023-08-20,21800,"ID116655606769467",52600,1000000,25200,22
"2731",2024-07-06,25800,"ID116655606769467",52600,1000000,25800,22
"2732",2024-07-08,26200,"ID116655606769467",52600,1000000,26200,22
"2733",2024-07-26,26900,"ID116655606769467",52600,1000000,26500,22
"2734",2024-07-30,26500,"ID116655606769467",52600,1000000,26500,22
"2735",2024-08-05,27200,"ID116655606769467",52600,1000000,26500,22
"2736",2024-08-14,26400,"ID116655606769467",52600,1000000,26500,22
"2737",2023-07-26,26200,"ID116685671540263",15400,1000000,26400,4
"2738",2023-08-20,27700,"ID116685671540263",15400,1000000,26400,4
"2739",2023-09-07,23700,"ID116685671540263",15400,1000000,26200,4
"2740",2024-07-08,30200,"ID116685671540263",15400,1000000,24300,4
"2741",2022-08-04,10000,"ID116814520559390",32100,1000000,11500,13
"2742",2022-08-16,11500,"ID116814520559390",32100,1000000,11500,13
"2743",2022-09-02,10700,"ID116814520559390",32100,1000000,11300,13
"2744",2023-07-05,11800,"ID116814520559390",32100,1000000,11500,13
"2745",2023-07-26,11300,"ID116814520559390",32100,1000000,11300,13
"2746",2023-08-08,11700,"ID116814520559390",32100,1000000,11400,13
"2747",2023-08-17,11000,"ID116814520559390",32100,1000000,11400,13
"2748",2023-08-20,11400,"ID116814520559390",32100,1000000,11700,13
"2749",2024-07-06,12900,"ID116814520559390",32100,1000000,12600,13
"2750",2024-07-26,12600,"ID116814520559390",32100,1000000,12900,13
"2751",2024-07-30,14000,"ID116814520559390",32100,1000000,13000,13
"2752",2024-08-05,13000,"ID116814520559390",32100,1000000,13000,13
"2753",2024-08-14,13400,"ID116814520559390",32100,1000000,13400,13
"2754",2019-07-18,6400,"ID116818815526713",17700,1000000,13400,4
"2755",2019-07-29,18200,"ID116818815526713",17700,1000000,18200,4
"2756",2020-07-17,31100,"ID116818815526713",17700,1000000,18200,4
"2757",2024-07-06,33800,"ID116818815526713",17700,1000000,31100,4
"2758",2020-07-05,9800,"ID116831700428559",19900,1000000,9800,5
"2759",2020-07-17,8900,"ID116831700428559",19900,1000000,9800,5
"2760",2020-08-23,5900,"ID116831700428559",19900,1000000,9800,5
"2761",2020-09-09,27300,"ID116831700428559",19900,1000000,27300,5
"2762",2021-07-17,35000,"ID116831700428559",19900,1000000,35000,5
"2763",2021-09-22,21600,"ID116840290363097",21600,1000000,21600,16
"2764",2022-07-14,23300,"ID116840290363097",21600,1000000,22600,16
"2765",2022-08-16,24800,"ID116840290363097",21600,1000000,23300,16
"2766",2022-09-02,22600,"ID116840290363097",21600,1000000,24800,16
"2767",2023-07-26,24800,"ID116840290363097",21600,1000000,24800,16
"2768",2023-07-29,25600,"ID116840290363097",21600,1000000,25600,16
"2769",2023-08-08,26600,"ID116840290363097",21600,1000000,25800,16
"2770",2023-08-17,25800,"ID116840290363097",21600,1000000,26300,16
"2771",2023-08-20,26300,"ID116840290363097",21600,1000000,26600,16
"2772",2023-09-07,28200,"ID116840290363097",21600,1000000,28200,16
"2773",2024-07-06,28300,"ID116840290363097",21600,1000000,28300,16
"2774",2024-07-08,29300,"ID116840290363097",21600,1000000,29300,16
"2775",2024-07-26,29300,"ID116840290363097",21600,1000000,29300,16
"2776",2024-07-30,31300,"ID116840290363097",21600,1000000,29400,16
"2777",2024-08-05,30800,"ID116840290363097",21600,1000000,29400,16
"2778",2024-08-14,29400,"ID116840290363097",21600,1000000,29400,16
"2779",2021-07-17,22400,"ID116857470232233",66000,1000000,22400,23
"2780",2021-08-03,26100,"ID116857470232233",66000,1000000,25700,23
"2781",2021-08-06,25700,"ID116857470232233",66000,1000000,26100,23
"2782",2021-09-22,26600,"ID116857470232233",66000,1000000,26600,23
"2783",2022-07-14,33400,"ID116857470232233",66000,1000000,28500,23
"2784",2022-07-17,31500,"ID116857470232233",66000,1000000,30500,23
"2785",2022-08-04,28500,"ID116857470232233",66000,1000000,30500,23
"2786",2022-08-16,30500,"ID116857470232233",66000,1000000,30500,23
"2787",2022-09-02,29200,"ID116857470232233",66000,1000000,30500,23
"2788",2023-07-05,32500,"ID116857470232233",66000,1000000,30500,23
"2789",2023-07-09,30700,"ID116857470232233",66000,1000000,30700,23
"2790",2023-07-26,30400,"ID116857470232233",66000,1000000,30900,23
"2791",2023-07-29,30900,"ID116857470232233",66000,1000000,30800,23
"2792",2023-08-08,31700,"ID116857470232233",66000,1000000,30900,23
"2793",2023-08-17,30800,"ID116857470232233",66000,1000000,31700,23
"2794",2023-08-20,31900,"ID116857470232233",66000,1000000,31900,23
"2795",2023-09-07,32400,"ID116857470232233",66000,1000000,32400,23
"2796",2024-07-06,32800,"ID116857470232233",66000,1000000,32800,23
"2797",2024-07-08,33300,"ID116857470232233",66000,1000000,33300,23
"2798",2024-07-26,33700,"ID116857470232233",66000,1000000,33700,23
"2799",2024-07-30,34300,"ID116857470232233",66000,1000000,33800,23
"2800",2024-08-05,34500,"ID116857470232233",66000,1000000,33800,23
"2801",2024-08-14,33800,"ID116857470232233",66000,1000000,33800,23
"2802",2020-08-23,15500,"ID116891829970673",34600,1000000,18900,24
"2803",2020-09-09,35100,"ID116891829970673",34600,1000000,25400,24
"2804",2021-08-03,25400,"ID116891829970673",34600,1000000,29500,24
"2805",2021-08-06,39600,"ID116891829970673",34600,1000000,29500,24
"2806",2021-09-22,29500,"ID116891829970673",34600,1000000,25400,24
"2807",2022-07-14,22100,"ID116891829970673",34600,1000000,28500,24
"2808",2022-07-17,23500,"ID116891829970673",34600,1000000,28500,24
"2809",2022-08-04,28500,"ID116891829970673",34600,1000000,28500,24
"2810",2022-08-16,30500,"ID116891829970673",34600,1000000,28600,24
"2811",2022-09-02,28600,"ID116891829970673",34600,1000000,30500,24
"2812",2023-07-05,32100,"ID116891829970673",34600,1000000,30800,24
"2813",2023-07-09,31400,"ID116891829970673",34600,1000000,31200,24
"2814",2023-07-26,30800,"ID116891829970673",34600,1000000,31400,24
"2815",2023-07-29,31200,"ID116891829970673",34600,1000000,31300,24
"2816",2023-08-08,31700,"ID116891829970673",34600,1000000,31300,24
"2817",2023-08-17,31300,"ID116891829970673",34600,1000000,31500,24
"2818",2023-08-20,31500,"ID116891829970673",34600,1000000,31700,24
"2819",2023-09-07,35600,"ID116891829970673",34600,1000000,32800,24
"2820",2024-07-06,33200,"ID116891829970673",34600,1000000,32800,24
"2821",2024-07-08,32800,"ID116891829970673",34600,1000000,33200,24
"2822",2024-07-26,32300,"ID116891829970673",34600,1000000,32800,24
"2823",2024-07-30,33700,"ID116891829970673",34600,1000000,32800,24
"2824",2024-08-05,32700,"ID116891829970673",34600,1000000,32700,24
"2825",2024-08-14,32800,"ID116891829970673",34600,1000000,32700,24
"2826",2019-07-29,3200,"ID116909009839537",8100,1000000,3200,4
"2827",2020-08-23,1600,"ID116909009839537",8100,1000000,3200,4
"2828",2020-09-09,4800,"ID116909009839537",8100,1000000,4800,4
"2829",2021-07-17,11800,"ID116909009839537",8100,1000000,11800,4
"2830",2019-09-12,68600,"ID116921894741804",59000,1000000,68600,21
"2831",2020-08-23,72500,"ID116921894741804",59000,1000000,72500,21
"2832",2020-09-09,84500,"ID116921894741804",59000,1000000,75000,21
"2833",2021-07-17,75000,"ID116921894741804",59000,1000000,83100,21
"2834",2021-08-03,91500,"ID116921894741804",59000,1000000,83100,21
"2835",2021-08-06,83100,"ID116921894741804",59000,1000000,83100,21
"2836",2021-09-22,81200,"ID116921894741804",59000,1000000,90600,21
"2837",2022-07-14,92300,"ID116921894741804",59000,1000000,90600,21
"2838",2022-07-17,90600,"ID116921894741804",59000,1000000,91400,21
"2839",2022-08-04,91400,"ID116921894741804",59000,1000000,91400,21
"2840",2022-08-16,92900,"ID116921894741804",59000,1000000,91400,21
"2841",2022-09-02,88700,"ID116921894741804",59000,1000000,92900,21
"2842",2023-07-05,95600,"ID116921894741804",59000,1000000,95000,21
"2843",2023-07-26,95000,"ID116921894741804",59000,1000000,95600,21
"2844",2023-08-08,98900,"ID116921894741804",59000,1000000,95600,21
"2845",2023-08-17,98800,"ID116921894741804",59000,1000000,98800,21
"2846",2023-08-20,95500,"ID116921894741804",59000,1000000,98900,21
"2847",2024-07-06,105700,"ID116921894741804",59000,1000000,103600,21
"2848",2024-07-26,103600,"ID116921894741804",59000,1000000,105700,21
"2849",2024-08-05,108400,"ID116921894741804",59000,1000000,105700,21
"2850",2024-08-14,110300,"ID116921894741804",59000,1000000,103600,21
"2851",2020-07-05,71500,"ID116930484676390",53500,1000000,71500,10
"2852",2020-07-17,79600,"ID116930484676390",53500,1000000,78800,10
"2853",2020-08-01,95900,"ID116930484676390",53500,1000000,79600,10
"2854",2020-09-09,78800,"ID116930484676390",53500,1000000,81100,10
"2855",2021-07-17,81100,"ID116930484676390",53500,1000000,95900,10
"2856",2021-08-03,103500,"ID116930484676390",53500,1000000,92700,10
"2857",2021-08-06,97400,"ID116930484676390",53500,1000000,97400,10
"2858",2021-09-22,92700,"ID116930484676390",53500,1000000,103200,10
"2859",2022-08-04,103200,"ID116930484676390",53500,1000000,97400,10
"2860",2022-08-16,103600,"ID116930484676390",53500,1000000,92700,10
"2861",2020-08-13,4700,"ID116956254479789",23100,1000000,15000,6
"2862",2020-08-23,6200,"ID116956254479789",23100,1000000,15000,6
"2863",2020-09-09,15000,"ID116956254479789",23100,1000000,15000,6
"2864",2021-09-22,37700,"ID116956254479789",23100,1000000,25500,6
"2865",2022-09-02,25500,"ID116956254479789",23100,1000000,25500,6
"2866",2023-07-26,45300,"ID116956254479789",23100,1000000,25500,6
"2867",2020-08-13,12000,"ID116960549447091",34400,1000000,18100,26
"2868",2020-08-23,14100,"ID116960549447091",34400,1000000,18100,26
"2869",2020-09-09,18100,"ID116960549447091",34400,1000000,18100,26
"2870",2021-07-17,19900,"ID116960549447091",34400,1000000,19900,26
"2871",2021-08-03,21700,"ID116960549447091",34400,1000000,21700,26
"2872",2021-08-06,25700,"ID116960549447091",34400,1000000,23600,26
"2873",2021-09-22,23600,"ID116960549447091",34400,1000000,25200,26
"2874",2022-07-14,25500,"ID116960549447091",34400,1000000,25200,26
"2875",2022-07-17,25200,"ID116960549447091",34400,1000000,25200,26
"2876",2022-08-04,24400,"ID116960549447091",34400,1000000,25200,26
"2877",2022-08-16,25400,"ID116960549447091",34400,1000000,25200,26
"2878",2022-09-02,24800,"ID116960549447091",34400,1000000,25400,26
"2879",2023-07-05,48900,"ID116960549447091",34400,1000000,26200,26
"2880",2023-07-09,27800,"ID116960549447091",34400,1000000,27000,26
"2881",2023-07-26,26200,"ID116960549447091",34400,1000000,27800,26
"2882",2023-07-29,27000,"ID116960549447091",34400,1000000,27800,26
"2883",2023-08-08,58200,"ID116960549447091",34400,1000000,57500,26
"2884",2023-08-17,57500,"ID116960549447091",34400,1000000,57900,26
"2885",2023-08-20,57900,"ID116960549447091",34400,1000000,58200,26
"2886",2023-09-07,63800,"ID116960549447091",34400,1000000,60700,26
"2887",2024-07-06,60700,"ID116960549447091",34400,1000000,62900,26
"2888",2024-07-08,62900,"ID116960549447091",34400,1000000,63200,26
"2889",2024-07-26,63200,"ID116960549447091",34400,1000000,63200,26
"2890",2024-07-30,65200,"ID116960549447091",34400,1000000,64200,26
"2891",2024-08-05,64200,"ID116960549447091",34400,1000000,64200,26
"2892",2024-08-14,65200,"ID116960549447091",34400,1000000,64200,26
"2893",2024-07-06,15700,"ID117007794087372",11600,1000000,5000,4
"2894",2024-07-08,3300,"ID117007794087372",11600,1000000,6100,4
"2895",2024-07-26,6100,"ID117007794087372",11600,1000000,14700,4
"2896",2024-08-14,19800,"ID117007794087372",11600,1000000,14700,4
"2897",2020-08-13,26200,"ID117007794087591",50600,1000000,22700,16
"2898",2020-08-23,25400,"ID117007794087591",50600,1000000,24100,16
"2899",2020-09-09,22700,"ID117007794087591",50600,1000000,25400,16
"2900",2021-07-17,24100,"ID117007794087591",50600,1000000,24100,16
"2901",2021-08-03,26900,"ID117007794087591",50600,1000000,24100,16
"2902",2021-08-06,22600,"ID117007794087591",50600,1000000,25100,16
"2903",2021-09-22,27600,"ID117007794087591",50600,1000000,26600,16
"2904",2022-07-14,25100,"ID117007794087591",50600,1000000,26600,16
"2905",2022-07-17,26600,"ID117007794087591",50600,1000000,26600,16
"2906",2022-08-04,27000,"ID117007794087591",50600,1000000,26100,16
"2907",2022-08-16,26000,"ID117007794087591",50600,1000000,26600,16
"2908",2022-09-02,26100,"ID117007794087591",50600,1000000,27000,16
"2909",2023-07-05,30000,"ID117007794087591",50600,1000000,27500,16
"2910",2023-07-09,27500,"ID117007794087591",50600,1000000,29500,16
"2911",2023-07-26,29500,"ID117007794087591",50600,1000000,29500,16
"2912",2023-07-29,29700,"ID117007794087591",50600,1000000,27500,16
"2913",2019-07-20,2000,"ID117020678989205",14000,1000000,8600,4
"2914",2019-07-29,4400,"ID117020678989205",14000,1000000,8600,4
"2915",2020-07-05,8600,"ID117020678989205",14000,1000000,4400,4
"2916",2020-07-17,20000,"ID117020678989205",14000,1000000,6000,4
"2917",2020-08-23,3900,"ID117020678989615",22800,1000000,8000,21
"2918",2020-09-09,6000,"ID117020678989615",22800,1000000,8000,21
"2919",2021-07-17,8000,"ID117020678989615",22800,1000000,8000,21
"2920",2021-08-03,13100,"ID117020678989615",22800,1000000,13100,21
"2921",2021-08-06,14000,"ID117020678989615",22800,1000000,13300,21
"2922",2021-09-22,13300,"ID117020678989615",22800,1000000,13600,21
"2923",2022-07-14,13600,"ID117020678989615",22800,1000000,13600,21
"2924",2022-07-17,14000,"ID117020678989615",22800,1000000,13300,21
"2925",2022-08-04,12300,"ID117020678989615",22800,1000000,13600,21
"2926",2022-08-16,12800,"ID117020678989615",22800,1000000,13700,21
"2927",2022-09-02,13700,"ID117020678989615",22800,1000000,12800,21
"2928",2023-07-05,18100,"ID117020678989615",22800,1000000,13700,21
"2929",2023-07-26,12200,"ID117020678989615",22800,1000000,13900,21
"2930",2023-08-08,14700,"ID117020678989615",22800,1000000,13900,21
"2931",2023-08-17,13900,"ID117020678989615",22800,1000000,13900,21
"2932",2023-08-20,12300,"ID117020678989615",22800,1000000,14700,21
"2933",2024-07-06,17400,"ID117020678989615",22800,1000000,15800,21
"2934",2024-07-26,15800,"ID117020678989615",22800,1000000,16800,21
"2935",2024-07-30,16800,"ID117020678989615",22800,1000000,17200,21
"2936",2024-08-05,17400,"ID117020678989615",22800,1000000,17200,21
"2937",2024-08-14,17200,"ID117020678989615",22800,1000000,17400,21
"2938",2020-07-05,109300,"ID117046448793244",87900,1000000,107300,10
"2939",2020-07-17,113800,"ID117046448793244",87900,1000000,107700,10
"2940",2020-08-13,107300,"ID117046448793244",87900,1000000,109300,10
"2941",2020-08-23,107700,"ID117046448793244",87900,1000000,113800,10
"2942",2020-09-09,127300,"ID117046448793244",87900,1000000,127300,10
"2943",2021-07-17,152300,"ID117046448793244",87900,1000000,152300,10
"2944",2021-08-03,166500,"ID117046448793244",87900,1000000,161700,10
"2945",2021-08-06,175700,"ID117046448793244",87900,1000000,166500,10
"2946",2021-09-22,161700,"ID117046448793244",87900,1000000,166500,10
"2947",2022-09-02,166600,"ID117046448793244",87900,1000000,161700,10
"2948",2020-08-13,2800,"ID117046448793280",17000,1000000,11100,25
"2949",2020-08-23,2500,"ID117046448793280",17000,1000000,3600,25
"2950",2020-09-09,11100,"ID117046448793280",17000,1000000,3600,25
"2951",2021-07-17,3600,"ID117046448793280",17000,1000000,11100,25
"2952",2021-08-03,16100,"ID117046448793280",17000,1000000,16100,25
"2953",2021-08-06,17800,"ID117046448793280",17000,1000000,17800,25
"2954",2021-09-22,17900,"ID117046448793280",17000,1000000,17900,25
"2955",2022-07-14,20500,"ID117046448793280",17000,1000000,18500,25
"2956",2022-07-17,31100,"ID117046448793280",17000,1000000,19100,25
"2957",2022-08-04,18500,"ID117046448793280",17000,1000000,19100,25
"2958",2022-08-16,19100,"ID117046448793280",17000,1000000,19100,25
"2959",2022-09-02,18100,"ID117046448793280",17000,1000000,19100,25
"2960",2023-07-09,30500,"ID117046448793280",17000,1000000,19700,25
"2961",2023-07-26,20300,"ID117046448793280",17000,1000000,20300,25
"2962",2023-07-29,19700,"ID117046448793280",17000,1000000,20300,25
"2963",2023-08-08,20400,"ID117046448793280",17000,1000000,20300,25
"2964",2023-08-17,20300,"ID117046448793280",17000,1000000,20400,25
"2965",2023-08-20,20900,"ID117046448793280",17000,1000000,20900,25
"2966",2023-09-07,24200,"ID117046448793280",17000,1000000,23900,25
"2967",2024-07-06,23900,"ID117046448793280",17000,1000000,24000,25
"2968",2024-07-08,24000,"ID117046448793280",17000,1000000,24200,25
"2969",2024-07-26,24600,"ID117046448793280",17000,1000000,24600,25
"2970",2024-07-30,25900,"ID117046448793280",17000,1000000,25100,25
"2971",2024-08-05,25500,"ID117046448793280",17000,1000000,25500,25
"2972",2024-08-14,25100,"ID117046448793280",17000,1000000,25900,25
"2973",2020-07-05,29100,"ID117080808531625",44600,1000000,33100,15
"2974",2020-07-17,33100,"ID117080808531625",44600,1000000,29100,15
"2975",2020-08-23,26800,"ID117080808531625",44600,1000000,29100,15
"2976",2020-09-09,26500,"ID117080808531625",44600,1000000,33100,15
"2977",2021-07-17,43700,"ID117080808531625",44600,1000000,43700,15
"2978",2021-08-03,52600,"ID117080808531625",44600,1000000,50500,15
"2979",2021-08-06,50500,"ID117080808531625",44600,1000000,52600,15
"2980",2021-09-22,65200,"ID117080808531625",44600,1000000,65200,15
"2981",2022-09-02,65300,"ID117080808531625",44600,1000000,65300,15
"2982",2023-09-07,65900,"ID117080808531625",44600,1000000,65900,15
"2983",2024-07-06,74200,"ID117080808531625",44600,1000000,73400,15
"2984",2024-07-08,73500,"ID117080808531625",44600,1000000,73500,15
"2985",2024-07-26,73400,"ID117080808531625",44600,1000000,74200,15
"2986",2024-07-30,75600,"ID117080808531625",44600,1000000,74500,15
"2987",2024-08-05,74500,"ID117080808531625",44600,1000000,75600,15
"2988",2019-07-20,62900,"ID117102283367910",52200,1000000,59100,24
"2989",2020-09-09,41500,"ID117102283367910",52200,1000000,59100,24
"2990",2021-08-03,59100,"ID117102283367910",52200,1000000,62900,24
"2991",2021-08-06,83700,"ID117102283367910",52200,1000000,62900,24
"2992",2021-09-22,62900,"ID117102283367910",52200,1000000,77100,24
"2993",2022-07-14,77100,"ID117102283367910",52200,1000000,77100,24
"2994",2022-07-17,78100,"ID117102283367910",52200,1000000,69400,24
"2995",2022-08-04,65100,"ID117102283367910",52200,1000000,69400,24
"2996",2022-08-16,69400,"ID117102283367910",52200,1000000,69400,24
"2997",2022-09-02,66800,"ID117102283367910",52200,1000000,69400,24
"2998",2023-07-05,72600,"ID117102283367910",52200,1000000,70200,24
"2999",2023-07-09,70200,"ID117102283367910",52200,1000000,70900,24
"3000",2023-07-26,70900,"ID117102283367910",52200,1000000,72600,24
"3001",2023-07-29,74000,"ID117102283367910",52200,1000000,74000,24
"3002",2023-08-08,75100,"ID117102283367910",52200,1000000,74000,24
"3003",2023-08-17,74400,"ID117102283367910",52200,1000000,74400,24
"3004",2023-08-20,73600,"ID117102283367910",52200,1000000,75100,24
"3005",2023-09-07,81400,"ID117102283367910",52200,1000000,81400,24
"3006",2024-07-06,82700,"ID117102283367910",52200,1000000,82700,24
"3007",2024-07-08,83500,"ID117102283367910",52200,1000000,83500,24
"3008",2024-07-26,85300,"ID117102283367910",52200,1000000,85300,24
"3009",2024-07-30,102800,"ID117102283367910",52200,1000000,85300,24
"3010",2024-08-05,103000,"ID117102283367910",52200,1000000,85300,24
"3011",2024-08-14,85200,"ID117102283367910",52200,1000000,85200,24
"3012",2020-08-13,6600,"ID117102283368137",29600,1000000,13600,13
"3013",2020-08-23,10800,"ID117102283368137",29600,1000000,13600,13
"3014",2020-09-09,13600,"ID117102283368137",29600,1000000,13600,13
"3015",2021-07-17,14800,"ID117102283368137",29600,1000000,14800,13
"3016",2021-08-03,18800,"ID117102283368137",29600,1000000,18600,13
"3017",2021-08-06,24100,"ID117102283368137",29600,1000000,18800,13
"3018",2021-09-22,18600,"ID117102283368137",29600,1000000,18800,13
"3019",2022-07-14,18800,"ID117102283368137",29600,1000000,18800,13
"3020",2022-07-17,18800,"ID117102283368137",29600,1000000,18800,13
"3021",2022-09-02,20700,"ID117102283368137",29600,1000000,20700,13
"3022",2023-07-26,20900,"ID117102283368137",29600,1000000,20900,13
"3023",2023-08-20,22100,"ID117102283368137",29600,1000000,20900,13
"3024",2023-09-07,21800,"ID117102283368137",29600,1000000,20900,13
"3025",2019-07-20,31300,"ID117136643106188",25800,1000000,29200,26
"3026",2019-07-29,31000,"ID117136643106188",25800,1000000,29200,26
"3027",2020-07-05,29200,"ID117136643106188",25800,1000000,29200,26
"3028",2020-07-17,28900,"ID117136643106188",25800,1000000,28900,26
"3029",2020-08-01,26400,"ID117136643106188",25800,1000000,26400,26
"3030",2020-08-23,21300,"ID117136643106188",25800,1000000,26400,26
"3031",2020-09-09,14800,"ID117136643106188",25800,1000000,26400,26
"3032",2021-08-03,38600,"ID117136643106188",25800,1000000,27900,26
"3033",2021-08-06,45300,"ID117136643106188",25800,1000000,30300,26
"3034",2021-09-22,27900,"ID117136643106188",25800,1000000,30300,26
"3035",2022-08-04,30300,"ID117136643106188",25800,1000000,30200,26
"3036",2022-08-16,30200,"ID117136643106188",25800,1000000,30200,26
"3037",2022-09-02,25100,"ID117136643106188",25800,1000000,30300,26
"3038",2023-07-09,49000,"ID117136643106188",25800,1000000,33300,26
"3039",2023-07-26,36400,"ID117136643106188",25800,1000000,36400,26
"3040",2023-07-29,33300,"ID117136643106188",25800,1000000,36400,26
"3041",2023-08-08,45000,"ID117136643106188",25800,1000000,35800,26
"3042",2023-08-17,35400,"ID117136643106188",25800,1000000,35800,26
"3043",2023-08-20,35800,"ID117136643106188",25800,1000000,37300,26
"3044",2023-09-07,37300,"ID117136643106188",25800,1000000,37300,26
"3045",2024-07-06,39900,"ID117136643106188",25800,1000000,39000,26
"3046",2024-07-08,40300,"ID117136643106188",25800,1000000,39900,26
"3047",2024-07-26,39000,"ID117136643106188",25800,1000000,40300,26
"3048",2024-07-30,41600,"ID117136643106188",25800,1000000,40300,26
"3049",2024-08-05,41300,"ID117136643106188",25800,1000000,39000,26
"3050",2024-08-14,36400,"ID117136643106188",25800,1000000,41300,26
"3051",2019-07-20,85100,"ID117145233041101",108900,1000000,85100,31
"3052",2019-07-29,94100,"ID117145233041101",108900,1000000,94100,31
"3053",2020-07-05,145600,"ID117145233041101",108900,1000000,105700,31
"3054",2020-07-17,105700,"ID117145233041101",108900,1000000,108700,31
"3055",2020-08-01,108700,"ID117145233041101",108900,1000000,119000,31
"3056",2020-08-13,119000,"ID117145233041101",108900,1000000,116800,31
"3057",2020-08-23,131300,"ID117145233041101",108900,1000000,119000,31
"3058",2020-09-09,116800,"ID117145233041101",108900,1000000,131300,31
"3059",2021-07-17,135400,"ID117145233041101",108900,1000000,135400,31
"3060",2021-08-03,146900,"ID117145233041101",108900,1000000,146900,31
"3061",2021-08-06,156900,"ID117145233041101",108900,1000000,152700,31
"3062",2021-09-22,152700,"ID117145233041101",108900,1000000,156900,31
"3063",2022-07-14,170100,"ID117145233041101",108900,1000000,161500,31
"3064",2022-07-17,166300,"ID117145233041101",108900,1000000,166300,31
"3065",2022-08-04,161500,"ID117145233041101",108900,1000000,169700,31
"3066",2022-08-16,169700,"ID117145233041101",108900,1000000,169700,31
"3067",2022-09-02,172900,"ID117145233041101",108900,1000000,172900,31
"3068",2023-07-05,193000,"ID117145233041101",108900,1000000,176300,31
"3069",2023-07-09,187600,"ID117145233041101",108900,1000000,181300,31
"3070",2023-07-26,176300,"ID117145233041101",108900,1000000,186500,31
"3071",2023-07-29,181300,"ID117145233041101",108900,1000000,185700,31
"3072",2023-08-08,186500,"ID117145233041101",108900,1000000,185100,31
"3073",2023-08-17,185700,"ID117145233041101",108900,1000000,185700,31
"3074",2023-08-20,185100,"ID117145233041101",108900,1000000,186500,31
"3075",2023-09-07,193700,"ID117145233041101",108900,1000000,192800,31
"3076",2024-07-06,192800,"ID117145233041101",108900,1000000,193700,31
"3077",2024-07-08,195200,"ID117145233041101",108900,1000000,195200,31
"3078",2024-07-26,196800,"ID117145233041101",108900,1000000,196800,31
"3079",2024-07-30,202700,"ID117145233041101",108900,1000000,199500,31
"3080",2024-08-05,201200,"ID117145233041101",108900,1000000,199500,31
"3081",2024-08-14,199500,"ID117145233041101",108900,1000000,199500,31
"3082",2020-07-17,18000,"ID117153822975763",24500,1000000,18000,7
"3083",2020-08-01,6600,"ID117153822975763",24500,1000000,18000,7
"3084",2020-08-23,6100,"ID117153822975763",24500,1000000,18000,7
"3085",2022-08-16,26300,"ID117153822975763",24500,1000000,26300,7
"3086",2023-07-29,27800,"ID117153822975763",24500,1000000,27600,7
"3087",2023-08-20,27600,"ID117153822975763",24500,1000000,27800,7
"3088",2024-08-05,31100,"ID117153822975763",24500,1000000,31100,7
"3089",2019-07-20,10000,"ID117188182713746",11700,1000000,10100,9
"3090",2019-07-29,4100,"ID117188182713746",11700,1000000,10000,9
"3091",2020-07-17,10100,"ID117188182713746",11700,1000000,4100,9
"3092",2020-08-01,1400,"ID117188182713746",11700,1000000,4100,9
"3093",2020-08-13,1000,"ID117188182713746",11700,1000000,10100,9
"3094",2022-08-16,15100,"ID117188182713746",11700,1000000,14500,9
"3095",2024-07-06,17000,"ID117188182713746",11700,1000000,14500,9
"3096",2024-07-26,14500,"ID117188182713746",11700,1000000,15000,9
"3097",2024-08-05,12600,"ID117188182713746",11700,1000000,14700,9
"3098",2021-08-03,15000,"ID117205362583291",33100,1000000,14500,22
"3099",2021-08-06,14700,"ID117205362583291",33100,1000000,14100,22
"3100",2021-09-22,14100,"ID117205362583291",33100,1000000,14700,22
"3101",2022-07-14,8200,"ID117205362583291",33100,1000000,14100,22
"3102",2022-07-17,17400,"ID117205362583291",33100,1000000,14100,22
"3103",2022-08-04,14000,"ID117205362583291",33100,1000000,15400,22
"3104",2022-08-16,15400,"ID117205362583291",33100,1000000,15400,22
"3105",2022-09-02,16200,"ID117205362583291",33100,1000000,15400,22
"3106",2023-07-05,14500,"ID117205362583291",33100,1000000,16200,22
"3107",2023-07-09,17500,"ID117205362583291",33100,1000000,16500,22
"3108",2023-07-26,16600,"ID117205362583291",33100,1000000,16600,22
"3109",2023-07-29,16500,"ID117205362583291",33100,1000000,16900,22
"3110",2023-08-08,16900,"ID117205362583291",33100,1000000,16900,22
"3111",2023-08-17,17100,"ID117205362583291",33100,1000000,17100,22
"3112",2023-08-20,17800,"ID117205362583291",33100,1000000,17800,22
"3113",2023-09-07,19600,"ID117205362583291",33100,1000000,19200,22
"3114",2024-07-06,19400,"ID117205362583291",33100,1000000,19300,22
"3115",2024-07-08,19200,"ID117205362583291",33100,1000000,19400,22
"3116",2024-07-26,19300,"ID117205362583291",33100,1000000,19400,22
"3117",2024-07-30,20500,"ID117205362583291",33100,1000000,20100,22
"3118",2024-08-05,20100,"ID117205362583291",33100,1000000,20100,22
"3119",2024-08-14,20100,"ID117205362583291",33100,1000000,20500,22
"3120",2019-07-20,30000,"ID117213952517493",18800,1000000,20100,23
"3121",2021-08-03,28600,"ID117213952517493",18800,1000000,20100,23
"3122",2021-08-06,19500,"ID117213952517493",18800,1000000,19500,23
"3123",2021-09-22,18100,"ID117213952517493",18800,1000000,19300,23
"3124",2022-07-14,18000,"ID117213952517493",18800,1000000,19200,23
"3125",2022-07-17,19300,"ID117213952517493",18800,1000000,18100,23
"3126",2022-08-04,19200,"ID117213952517493",18800,1000000,19200,23
"3127",2022-08-16,17500,"ID117213952517493",18800,1000000,19300,23
"3128",2022-09-02,20600,"ID117213952517493",18800,1000000,20600,23
"3129",2023-07-05,20800,"ID117213952517493",18800,1000000,20600,23
"3130",2023-07-09,20700,"ID117213952517493",18800,1000000,20700,23
"3131",2023-07-26,20500,"ID117213952517493",18800,1000000,20800,23
"3132",2023-07-29,20800,"ID117213952517493",18800,1000000,20700,23
"3133",2023-08-08,21000,"ID117213952517493",18800,1000000,20800,23
"3134",2023-08-17,20600,"ID117213952517493",18800,1000000,21000,23
"3135",2023-08-20,21300,"ID117213952517493",18800,1000000,21300,23
"3136",2023-09-07,22600,"ID117213952517493",18800,1000000,22100,23
"3137",2024-07-06,22100,"ID117213952517493",18800,1000000,22600,23
"3138",2024-07-08,22600,"ID117213952517493",18800,1000000,22600,23
"3139",2024-07-26,22700,"ID117213952517493",18800,1000000,22700,23
"3140",2024-07-30,23300,"ID117213952517493",18800,1000000,22900,23
"3141",2024-08-05,23000,"ID117213952517493",18800,1000000,23000,23
"3142",2024-08-14,22900,"ID117213952517493",18800,1000000,23300,23
"3143",2019-07-20,148200,"ID117244017288704",138000,1000000,149700,9
"3144",2020-07-05,177900,"ID117244017288704",138000,1000000,177900,9
"3145",2020-08-01,187900,"ID117244017288704",138000,1000000,187900,9
"3146",2020-09-09,265000,"ID117244017288704",138000,1000000,227200,9
"3147",2021-08-03,227200,"ID117244017288704",138000,1000000,233300,9
"3148",2021-08-06,233300,"ID117244017288704",138000,1000000,253100,9
"3149",2021-09-22,266700,"ID117244017288704",138000,1000000,252700,9
"3150",2022-07-14,253100,"ID117244017288704",138000,1000000,252700,9
"3151",2022-07-17,252700,"ID117244017288704",138000,1000000,252700,9
"3152",2019-07-29,2700,"ID117265492123950",21000,1000000,12300,7
"3153",2020-08-23,12300,"ID117265492123950",21000,1000000,12300,7
"3154",2020-09-09,12300,"ID117265492123950",21000,1000000,12300,7
"3155",2023-09-07,22500,"ID117265492123950",21000,1000000,22500,7
"3156",2024-07-06,25200,"ID117265492123950",21000,1000000,22500,7
"3157",2024-07-30,26700,"ID117265492123950",21000,1000000,22500,7
"3158",2024-08-05,20100,"ID117265492123950",21000,1000000,20100,7
"3159",2020-08-23,17500,"ID117278377027103",59100,1000000,20100,4
"3160",2020-09-09,97600,"ID117278377027103",59100,1000000,97600,4
"3161",2021-08-03,117000,"ID117278377027103",59100,1000000,97600,4
"3162",2021-09-22,114800,"ID117278377027103",59100,1000000,97600,4
"3163",2020-08-13,25400,"ID117282671994081",41500,1000000,27500,26
"3164",2020-08-23,27500,"ID117282671994081",41500,1000000,27500,26
"3165",2020-09-09,23800,"ID117282671994081",41500,1000000,27500,26
"3166",2021-07-17,36700,"ID117282671994081",41500,1000000,29600,26
"3167",2021-08-03,36800,"ID117282671994081",41500,1000000,36700,26
"3168",2021-08-06,29600,"ID117282671994081",41500,1000000,36800,26
"3169",2021-09-22,37800,"ID117282671994081",41500,1000000,37800,26
"3170",2022-07-14,40000,"ID117282671994081",41500,1000000,40000,26
"3171",2022-07-17,40200,"ID117282671994081",41500,1000000,40200,26
"3172",2022-08-04,43300,"ID117282671994081",41500,1000000,43100,26
"3173",2022-08-16,50300,"ID117282671994081",41500,1000000,43300,26
"3174",2022-09-02,43100,"ID117282671994081",41500,1000000,49100,26
"3175",2023-07-05,49100,"ID117282671994081",41500,1000000,49100,26
"3176",2023-07-09,53900,"ID117282671994081",41500,1000000,49100,26
"3177",2023-07-26,40300,"ID117282671994081",41500,1000000,52200,26
"3178",2023-07-29,52700,"ID117282671994081",41500,1000000,52200,26
"3179",2023-08-08,52200,"ID117282671994081",41500,1000000,44800,26
"3180",2023-08-17,44200,"ID117282671994081",41500,1000000,44800,26
"3181",2023-08-20,44800,"ID117282671994081",41500,1000000,44800,26
"3182",2023-09-07,39800,"ID117282671994081",41500,1000000,44800,26
"3183",2024-07-06,49400,"ID117282671994081",41500,1000000,49400,26
"3184",2024-07-08,51700,"ID117282671994081",41500,1000000,51700,26
"3185",2024-07-26,54900,"ID117282671994081",41500,1000000,51900,26
"3186",2024-07-30,51900,"ID117282671994081",41500,1000000,51900,26
"3187",2024-08-05,56100,"ID117282671994081",41500,1000000,51900,26
"3188",2024-08-14,51800,"ID117282671994081",41500,1000000,51800,26
"3189",2019-07-29,33900,"ID117295556895725",68100,1000000,32800,25
"3190",2020-07-17,32800,"ID117295556895725",68100,1000000,33900,25
"3191",2020-08-01,50900,"ID117295556895725",68100,1000000,43100,25
"3192",2021-08-03,43100,"ID117295556895725",68100,1000000,50900,25
"3193",2021-08-06,71200,"ID117295556895725",68100,1000000,71200,25
"3194",2021-09-22,73600,"ID117295556895725",68100,1000000,73600,25
"3195",2022-07-14,76900,"ID117295556895725",68100,1000000,74200,25
"3196",2022-07-17,75900,"ID117295556895725",68100,1000000,75900,25
"3197",2022-08-04,74200,"ID117295556895725",68100,1000000,76900,25
"3198",2022-08-16,80300,"ID117295556895725",68100,1000000,80300,25
"3199",2022-09-02,80800,"ID117295556895725",68100,1000000,80300,25
"3200",2023-07-05,97900,"ID117295556895725",68100,1000000,80800,25
"3201",2023-07-09,77600,"ID117295556895725",68100,1000000,82400,25
"3202",2023-07-26,83900,"ID117295556895725",68100,1000000,82400,25
"3203",2023-07-29,82400,"ID117295556895725",68100,1000000,82000,25
"3204",2023-08-08,82000,"ID117295556895725",68100,1000000,82400,25
"3205",2023-08-17,79900,"ID117295556895725",68100,1000000,82000,25
"3206",2023-08-20,82700,"ID117295556895725",68100,1000000,82000,25
"3207",2023-09-07,81600,"ID117295556895725",68100,1000000,82700,25
"3208",2024-07-06,85000,"ID117295556895725",68100,1000000,85000,25
"3209",2024-07-08,87800,"ID117295556895725",68100,1000000,87800,25
"3210",2024-07-26,87800,"ID117295556895725",68100,1000000,87800,25
"3211",2024-07-30,91900,"ID117295556895725",68100,1000000,90400,25
"3212",2024-08-05,99700,"ID117295556895725",68100,1000000,90400,25
"3213",2024-08-14,90400,"ID117295556895725",68100,1000000,90400,25
"3214",2019-07-20,19800,"ID117347096503662",37700,1000000,19200,7
"3215",2019-07-29,19200,"ID117347096503662",37700,1000000,19800,7
"3216",2020-07-05,60200,"ID117347096503662",37700,1000000,20500,7
"3217",2020-07-17,20500,"ID117347096503662",37700,1000000,39500,7
"3218",2020-08-13,39500,"ID117347096503662",37700,1000000,57100,7
"3219",2020-08-23,64200,"ID117347096503662",37700,1000000,57100,7
"3220",2021-08-03,57100,"ID117347096503662",37700,1000000,64200,7
"3221",2020-09-09,15900,"ID117359981405719",29100,1000000,44900,6
"3222",2021-08-03,49400,"ID117359981405719",29100,1000000,49400,6
"3223",2021-08-06,53100,"ID117359981405719",29100,1000000,52700,6
"3224",2021-09-22,52700,"ID117359981405719",29100,1000000,53100,6
"3225",2022-07-17,56500,"ID117359981405719",29100,1000000,53100,6
"3226",2022-08-04,54700,"ID117359981405719",29100,1000000,52700,6
"3227",2019-07-20,21700,"ID117364276373129",21700,1000000,10200,28
"3228",2019-07-29,10200,"ID117364276373129",21700,1000000,10200,28
"3229",2020-07-05,8900,"ID117364276373129",21700,1000000,8900,28
"3230",2020-07-17,8400,"ID117364276373129",21700,1000000,8900,28
"3231",2020-08-01,6000,"ID117364276373129",21700,1000000,8900,28
"3232",2020-08-13,10500,"ID117364276373129",21700,1000000,10500,28
"3233",2020-08-23,12200,"ID117364276373129",21700,1000000,11700,28
"3234",2020-09-09,11700,"ID117364276373129",21700,1000000,12200,28
"3235",2021-07-17,12700,"ID117364276373129",21700,1000000,12700,28
"3236",2021-08-03,17700,"ID117364276373129",21700,1000000,17700,28
"3237",2021-08-06,21100,"ID117364276373129",21700,1000000,17700,28
"3238",2021-09-22,19000,"ID117364276373129",21700,1000000,17700,28
"3239",2022-07-14,15500,"ID117364276373129",21700,1000000,17200,28
"3240",2022-07-17,14400,"ID117364276373129",21700,1000000,17200,28
"3241",2022-08-04,17200,"ID117364276373129",21700,1000000,15500,28
"3242",2022-09-02,17500,"ID117364276373129",21700,1000000,15100,28
"3243",2023-07-05,15100,"ID117364276373129",21700,1000000,17200,28
"3244",2023-07-09,14200,"ID117364276373129",21700,1000000,17500,28
"3245",2023-07-26,18400,"ID117364276373129",21700,1000000,17500,28
"3246",2023-07-29,17500,"ID117364276373129",21700,1000000,17500,28
"3247",2023-08-08,18200,"ID117364276373129",21700,1000000,17700,28
"3248",2023-08-17,17000,"ID117364276373129",21700,1000000,17700,28
"3249",2023-08-20,17700,"ID117364276373129",21700,1000000,18200,28
"3250",2024-07-06,20900,"ID117364276373129",21700,1000000,19600,28
"3251",2024-07-08,20400,"ID117364276373129",21700,1000000,20400,28
"3252",2024-07-26,19600,"ID117364276373129",21700,1000000,20400,28
"3253",2024-08-05,20500,"ID117364276373129",21700,1000000,20200,28
"3254",2024-08-14,20200,"ID117364276373129",21700,1000000,20200,28
"3255",2022-07-17,8300,"ID117385751209638",26300,1000000,10300,15
"3256",2022-08-16,7600,"ID117385751209638",26300,1000000,8300,15
"3257",2023-07-05,10300,"ID117385751209638",26300,1000000,7900,15
"3258",2023-07-09,6500,"ID117385751209638",26300,1000000,7900,15
"3259",2023-07-26,7900,"ID117385751209638",26300,1000000,7900,15
"3260",2023-07-29,8200,"ID117385751209638",26300,1000000,7900,15
"3261",2023-08-08,7900,"ID117385751209638",26300,1000000,7900,15
"3262",2023-08-17,7800,"ID117385751209638",26300,1000000,7900,15
"3263",2023-08-20,7900,"ID117385751209638",26300,1000000,7900,15
"3264",2024-07-06,9300,"ID117385751209638",26300,1000000,9200,15
"3265",2024-07-08,9500,"ID117385751209638",26300,1000000,9300,15
"3266",2024-07-26,9200,"ID117385751209638",26300,1000000,9500,15
"3267",2024-07-30,9700,"ID117385751209638",26300,1000000,9700,15
"3268",2024-08-05,10500,"ID117385751209638",26300,1000000,9700,15
"3269",2024-08-14,16400,"ID117385751209638",26300,1000000,9700,15
"3270",2020-09-09,3200,"ID117390046176761",19000,1000000,10500,8
"3271",2021-08-03,8700,"ID117390046176761",19000,1000000,16400,8
"3272",2021-08-06,30900,"ID117390046176761",19000,1000000,13600,8
"3273",2022-07-17,37900,"ID117390046176761",19000,1000000,16600,8
"3274",2022-09-02,13600,"ID117390046176761",19000,1000000,17600,8
"3275",2023-08-20,16600,"ID117390046176761",19000,1000000,17600,8
"3276",2023-09-07,17600,"ID117390046176761",19000,1000000,17600,8
"3277",2024-07-30,18300,"ID117390046176761",19000,1000000,17600,8
"3278",2020-09-09,3800,"ID117402931078708",17000,1000000,10200,21
"3279",2021-07-17,5400,"ID117402931078708",17000,1000000,9300,21
"3280",2022-07-14,10200,"ID117402931078708",17000,1000000,7800,21
"3281",2022-07-17,9300,"ID117402931078708",17000,1000000,9200,21
"3282",2022-08-04,7800,"ID117402931078708",17000,1000000,9200,21
"3283",2022-08-16,9200,"ID117402931078708",17000,1000000,8100,21
"3284",2022-09-02,7900,"ID117402931078708",17000,1000000,7900,21
"3285",2023-07-05,8100,"ID117402931078708",17000,1000000,7900,21
"3286",2023-07-09,6700,"ID117402931078708",17000,1000000,7900,21
"3287",2023-07-26,7200,"ID117402931078708",17000,1000000,7200,21
"3288",2023-07-29,9800,"ID117402931078708",17000,1000000,7200,21
"3289",2023-08-08,7200,"ID117402931078708",17000,1000000,7200,21
"3290",2023-08-17,7100,"ID117402931078708",17000,1000000,7200,21
"3291",2023-08-20,7000,"ID117402931078708",17000,1000000,7200,21
"3292",2023-09-07,10200,"ID117402931078708",17000,1000000,8000,21
"3293",2024-07-06,8200,"ID117402931078708",17000,1000000,8200,21
"3294",2024-07-08,8000,"ID117402931078708",17000,1000000,10000,21
"3295",2024-07-26,10000,"ID117402931078708",17000,1000000,10000,21
"3296",2024-07-30,11400,"ID117402931078708",17000,1000000,10600,21
"3297",2024-08-05,10700,"ID117402931078708",17000,1000000,10700,21
"3298",2024-08-14,10600,"ID117402931078708",17000,1000000,11400,21
"3299",2020-08-23,109300,"ID117402931078906",137500,1000000,109300,21
"3300",2020-09-09,155300,"ID117402931078906",137500,1000000,139600,21
"3301",2021-07-17,139600,"ID117402931078906",137500,1000000,155300,21
"3302",2021-09-22,204200,"ID117402931078906",137500,1000000,199200,21
"3303",2022-07-14,202100,"ID117402931078906",137500,1000000,199200,21
"3304",2022-07-17,199200,"ID117402931078906",137500,1000000,202100,21
"3305",2022-08-04,192800,"ID117402931078906",137500,1000000,199200,21
"3306",2022-08-16,202500,"ID117402931078906",137500,1000000,199200,21
"3307",2022-09-02,193300,"ID117402931078906",137500,1000000,202500,21
"3308",2023-07-05,203500,"ID117402931078906",137500,1000000,202500,21
"3309",2023-07-09,210200,"ID117402931078906",137500,1000000,203500,21
"3310",2023-07-26,200000,"ID117402931078906",137500,1000000,206900,21
"3311",2023-07-29,206900,"ID117402931078906",137500,1000000,210000,21
"3312",2023-08-08,213800,"ID117402931078906",137500,1000000,207700,21
"3313",2023-08-17,210000,"ID117402931078906",137500,1000000,210000,21
"3314",2023-08-20,207700,"ID117402931078906",137500,1000000,213800,21
"3315",2023-09-07,222600,"ID117402931078906",137500,1000000,216100,21
"3316",2024-07-08,216100,"ID117402931078906",137500,1000000,217100,21
"3317",2024-07-26,217100,"ID117402931078906",137500,1000000,220800,21
"3318",2024-08-05,220800,"ID117402931078906",137500,1000000,217100,21
"3319",2024-08-14,221900,"ID117402931078906",137500,1000000,217100,21
"3320",2020-08-13,37300,"ID117437290816512",63800,1000000,38000,26
"3321",2020-08-23,39200,"ID117437290816512",63800,1000000,37300,26
"3322",2020-09-09,31500,"ID117437290816512",63800,1000000,31500,26
"3323",2021-07-17,30600,"ID117437290816512",63800,1000000,31500,26
"3324",2021-08-03,22700,"ID117437290816512",63800,1000000,31500,26
"3325",2021-08-06,45000,"ID117437290816512",63800,1000000,45000,26
"3326",2021-09-22,89600,"ID117437290816512",63800,1000000,49200,26
"3327",2022-07-14,55900,"ID117437290816512",63800,1000000,49200,26
"3328",2022-07-17,49200,"ID117437290816512",63800,1000000,49200,26
"3329",2022-08-04,47800,"ID117437290816512",63800,1000000,47800,26
"3330",2022-08-16,44700,"ID117437290816512",63800,1000000,47800,26
"3331",2022-09-02,42200,"ID117437290816512",63800,1000000,45900,26
"3332",2023-07-05,93400,"ID117437290816512",63800,1000000,44700,26
"3333",2023-07-09,45900,"ID117437290816512",63800,1000000,43600,26
"3334",2023-07-26,42800,"ID117437290816512",63800,1000000,44700,26
"3335",2023-07-29,43600,"ID117437290816512",63800,1000000,44700,26
"3336",2023-08-08,44700,"ID117437290816512",63800,1000000,44700,26
"3337",2023-08-17,45300,"ID117437290816512",63800,1000000,45300,26
"3338",2023-08-20,46400,"ID117437290816512",63800,1000000,46400,26
"3339",2023-09-07,51200,"ID117437290816512",63800,1000000,47300,26
"3340",2024-07-06,47300,"ID117437290816512",63800,1000000,49900,26
"3341",2024-07-08,49900,"ID117437290816512",63800,1000000,51200,26
"3342",2024-07-26,51700,"ID117437290816512",63800,1000000,51700,26
"3343",2024-07-30,55500,"ID117437290816512",63800,1000000,52700,26
"3344",2024-08-05,54700,"ID117437290816512",63800,1000000,52700,26
"3345",2024-08-14,52700,"ID117437290816512",63800,1000000,52700,26
"3346",2019-07-20,76400,"ID117488830424012",115800,1000000,76400,29
"3347",2019-07-29,87500,"ID117488830424012",115800,1000000,84900,29
"3348",2020-07-05,84900,"ID117488830424012",115800,1000000,87500,29
"3349",2020-07-17,92200,"ID117488830424012",115800,1000000,92000,29
"3350",2020-08-01,92400,"ID117488830424012",115800,1000000,92200,29
"3351",2020-08-13,92000,"ID117488830424012",115800,1000000,92200,29
"3352",2020-08-23,102200,"ID117488830424012",115800,1000000,92400,29
"3353",2020-09-09,87600,"ID117488830424012",115800,1000000,102200,29
"3354",2021-07-17,108300,"ID117488830424012",115800,1000000,108300,29
"3355",2021-08-06,125600,"ID117488830424012",115800,1000000,125600,29
"3356",2021-09-22,132700,"ID117488830424012",115800,1000000,132700,29
"3357",2022-07-14,164100,"ID117488830424012",115800,1000000,142700,29
"3358",2022-07-17,164600,"ID117488830424012",115800,1000000,151100,29
"3359",2022-08-04,142700,"ID117488830424012",115800,1000000,151100,29
"3360",2022-08-16,151100,"ID117488830424012",115800,1000000,151100,29
"3361",2022-09-02,148600,"ID117488830424012",115800,1000000,151100,29
"3362",2023-07-05,172000,"ID117488830424012",115800,1000000,152700,29
"3363",2023-07-09,173900,"ID117488830424012",115800,1000000,157600,29
"3364",2023-07-26,152700,"ID117488830424012",115800,1000000,158700,29
"3365",2023-07-29,157600,"ID117488830424012",115800,1000000,157600,29
"3366",2023-08-08,158700,"ID117488830424012",115800,1000000,157600,29
"3367",2023-08-17,157300,"ID117488830424012",115800,1000000,158700,29
"3368",2023-08-20,158800,"ID117488830424012",115800,1000000,158800,29
"3369",2024-07-06,167500,"ID117488830424012",115800,1000000,167500,29
"3370",2024-07-08,172200,"ID117488830424012",115800,1000000,171800,29
"3371",2024-07-26,171800,"ID117488830424012",115800,1000000,172200,29
"3372",2024-07-30,176400,"ID117488830424012",115800,1000000,175500,29
"3373",2024-08-05,175500,"ID117488830424012",115800,1000000,175500,29
"3374",2024-08-14,177900,"ID117488830424012",115800,1000000,175500,29
"3375",2020-08-13,7900,"ID117488830424059",30900,1000000,9100,23
"3376",2020-08-23,9100,"ID117488830424059",30900,1000000,8800,23
"3377",2020-09-09,8800,"ID117488830424059",30900,1000000,8800,23
"3378",2021-08-03,8600,"ID117488830424059",30900,1000000,9100,23
"3379",2021-08-06,14600,"ID117488830424059",30900,1000000,13800,23
"3380",2021-09-22,13800,"ID117488830424059",30900,1000000,14600,23
"3381",2022-07-17,14700,"ID117488830424059",30900,1000000,14700,23
"3382",2022-08-04,17300,"ID117488830424059",30900,1000000,15700,23
"3383",2022-08-16,15700,"ID117488830424059",30900,1000000,15800,23
"3384",2022-09-02,15800,"ID117488830424059",30900,1000000,15900,23
"3385",2023-07-09,20800,"ID117488830424059",30900,1000000,15900,23
"3386",2023-07-26,15900,"ID117488830424059",30900,1000000,16100,23
"3387",2023-07-29,16100,"ID117488830424059",30900,1000000,16100,23
"3388",2023-08-08,16100,"ID117488830424059",30900,1000000,16100,23
"3389",2023-08-17,15600,"ID117488830424059",30900,1000000,16100,23
"3390",2023-08-20,16400,"ID117488830424059",30900,1000000,16100,23
"3391",2023-09-07,20300,"ID117488830424059",30900,1000000,16400,23
"3392",2024-07-06,16100,"ID117488830424059",30900,1000000,17300,23
"3393",2024-07-08,17300,"ID117488830424059",30900,1000000,17400,23
"3394",2024-07-26,17400,"ID117488830424059",30900,1000000,17400,23
"3395",2024-07-30,17700,"ID117488830424059",30900,1000000,17500,23
"3396",2024-08-05,17500,"ID117488830424059",30900,1000000,17700,23
"3397",2024-08-14,18400,"ID117488830424059",30900,1000000,18400,23
"3398",2020-07-05,9000,"ID117493125391772",12400,1000000,6300,22
"3399",2021-07-17,5400,"ID117493125391772",12400,1000000,6300,22
"3400",2021-08-03,6300,"ID117493125391772",12400,1000000,7700,22
"3401",2021-08-06,13100,"ID117493125391772",12400,1000000,7700,22
"3402",2021-09-22,7700,"ID117493125391772",12400,1000000,13100,22
"3403",2022-07-14,21000,"ID117493125391772",12400,1000000,13100,22
"3404",2022-07-17,13800,"ID117493125391772",12400,1000000,13800,22
"3405",2022-08-04,10900,"ID117493125391772",12400,1000000,13800,22
"3406",2022-09-02,16800,"ID117493125391772",12400,1000000,10900,22
"3407",2023-07-05,10900,"ID117493125391772",12400,1000000,10900,22
"3408",2023-07-09,9900,"ID117493125391772",12400,1000000,10400,22
"3409",2023-07-26,10400,"ID117493125391772",12400,1000000,10400,22
"3410",2023-07-29,10400,"ID117493125391772",12400,1000000,10400,22
"3411",2023-08-08,12400,"ID117493125391772",12400,1000000,10900,22
"3412",2023-08-17,10900,"ID117493125391772",12400,1000000,10900,22
"3413",2023-08-20,11200,"ID117493125391772",12400,1000000,11100,22
"3414",2024-07-06,10900,"ID117493125391772",12400,1000000,11100,22
"3415",2024-07-08,11100,"ID117493125391772",12400,1000000,11200,22
"3416",2024-07-26,11200,"ID117493125391772",12400,1000000,11200,22
"3417",2024-07-30,13600,"ID117493125391772",12400,1000000,11500,22
"3418",2024-08-05,11500,"ID117493125391772",12400,1000000,11500,22
"3419",2024-08-14,12400,"ID117493125391772",12400,1000000,11500,22
"3420",2020-09-09,21100,"ID117501715326373",21700,1000000,22300,8
"3421",2021-07-17,24000,"ID117501715326373",21700,1000000,24000,8
"3422",2021-08-03,39600,"ID117501715326373",21700,1000000,38700,8
"3423",2022-07-14,38700,"ID117501715326373",21700,1000000,38700,8
"3424",2022-07-17,40500,"ID117501715326373",21700,1000000,39600,8
"3425",2023-07-05,38000,"ID117501715326373",21700,1000000,40500,8
"3426",2023-07-26,42300,"ID117501715326373",21700,1000000,40500,8
"3427",2024-07-30,42200,"ID117501715326373",21700,1000000,38000,8
"3428",2019-07-20,11500,"ID117523190162996",33100,1000000,15000,7
"3429",2019-07-29,53400,"ID117523190162996",33100,1000000,37600,7
"3430",2020-07-05,37600,"ID117523190162996",33100,1000000,38600,7
"3431",2020-07-17,38600,"ID117523190162996",33100,1000000,40100,7
"3432",2020-08-01,63400,"ID117523190162996",33100,1000000,40100,7
"3433",2020-08-23,40100,"ID117523190162996",33100,1000000,40100,7
"3434",2020-09-09,63300,"ID117523190162996",33100,1000000,40100,7
"3435",2019-07-20,79800,"ID117540370032161",51200,1000000,28100,12
"3436",2020-09-09,28100,"ID117540370032161",51200,1000000,75800,12
"3437",2021-07-17,75800,"ID117540370032161",51200,1000000,79800,12
"3438",2021-08-03,80600,"ID117540370032161",51200,1000000,80600,12
"3439",2021-08-06,89100,"ID117540370032161",51200,1000000,89100,12
"3440",2021-09-22,91100,"ID117540370032161",51200,1000000,90400,12
"3441",2022-07-14,100100,"ID117540370032161",51200,1000000,91100,12
"3442",2022-08-04,90400,"ID117540370032161",51200,1000000,95500,12
"3443",2022-08-16,98300,"ID117540370032161",51200,1000000,98300,12
"3444",2022-09-02,95500,"ID117540370032161",51200,1000000,98300,12
"3445",2023-07-26,98300,"ID117540370032161",51200,1000000,98300,12
"3446",2023-07-29,100100,"ID117540370032161",51200,1000000,95500,12
"3447",2021-09-22,32500,"ID117553254933473",66600,1000000,33500,12
"3448",2022-08-04,37000,"ID117553254933473",66600,1000000,32800,12
"3449",2022-08-16,33500,"ID117553254933473",66600,1000000,33500,12
"3450",2022-09-02,32800,"ID117553254933473",66600,1000000,37000,12
"3451",2023-07-26,55600,"ID117553254933473",66600,1000000,55600,12
"3452",2023-08-08,61000,"ID117553254933473",66600,1000000,56200,12
"3453",2023-08-20,60100,"ID117553254933473",66600,1000000,57800,12
"3454",2024-07-06,56200,"ID117553254933473",66600,1000000,58000,12
"3455",2024-07-08,57800,"ID117553254933473",66600,1000000,58000,12
"3456",2024-07-26,58000,"ID117553254933473",66600,1000000,58000,12
"3457",2024-08-05,63200,"ID117553254933473",66600,1000000,58000,12
"3458",2024-08-14,60300,"ID117553254933473",66600,1000000,58000,12
"3459",2019-07-20,112200,"ID117561844868091",96000,1000000,112200,4
"3460",2019-09-12,126000,"ID117561844868091",96000,1000000,126000,4
"3461",2022-07-14,160500,"ID117561844868091",96000,1000000,126000,4
"3462",2023-07-26,170000,"ID117561844868091",96000,1000000,126000,4
"3463",2020-09-09,50100,"ID117591909639897",117300,1000000,50100,5
"3464",2022-09-02,65100,"ID117591909639897",117300,1000000,65100,5
"3465",2023-07-05,141300,"ID117591909639897",117300,1000000,141300,5
"3466",2023-07-09,141900,"ID117591909639897",117300,1000000,141300,5
"3467",2024-08-14,166800,"ID117591909639897",117300,1000000,141300,5
"3468",2019-07-20,18500,"ID117639154279993",40100,1000000,18500,7
"3469",2019-07-29,27300,"ID117639154279993",40100,1000000,18500,7
"3470",2020-07-05,19600,"ID117639154279993",40100,1000000,19600,7
"3471",2020-07-17,15200,"ID117639154279993",40100,1000000,27300,7
"3472",2021-09-22,51500,"ID117639154279993",40100,1000000,51500,7
"3473",2022-07-14,61700,"ID117639154279993",40100,1000000,51500,7
"3474",2024-07-06,57000,"ID117639154279993",40100,1000000,51500,7
"3475",2021-07-17,17200,"ID117639154280100",58700,1000000,27600,6
"3476",2021-08-03,23000,"ID117639154280100",58700,1000000,27600,6
"3477",2022-07-14,27600,"ID117639154280100",58700,1000000,27600,6
"3478",2023-07-26,31000,"ID117639154280100",58700,1000000,29200,6
"3479",2023-07-29,33900,"ID117639154280100",58700,1000000,29200,6
"3480",2024-07-08,29200,"ID117639154280100",58700,1000000,31000,6
"3481",2021-08-03,38600,"ID117647744214045",87600,1000000,61900,4
"3482",2022-07-14,61900,"ID117647744214045",87600,1000000,61900,4
"3483",2023-08-20,69100,"ID117647744214045",87600,1000000,61900,4
"3484",2023-09-07,75900,"ID117647744214045",87600,1000000,61900,4
"3485",2020-07-05,24400,"ID117664924083576",39400,1000000,30500,6
"3486",2020-07-17,20000,"ID117664924083576",39400,1000000,30500,6
"3487",2022-07-17,46300,"ID117664924083576",39400,1000000,46300,6
"3488",2023-09-07,68100,"ID117664924083576",39400,1000000,50200,6
"3489",2024-07-06,50200,"ID117664924083576",39400,1000000,50900,6
"3490",2024-07-08,50900,"ID117664924083576",39400,1000000,68100,6
"3491",2022-08-04,8100,"ID117716463691095",28500,1000000,8100,4
"3492",2022-08-16,6900,"ID117716463691095",28500,1000000,8100,4
"3493",2022-09-02,7200,"ID117716463691095",28500,1000000,8100,4
"3494",2024-07-06,9100,"ID117716463691095",28500,1000000,9100,4
"3495",2019-07-20,731300,"ID117720758658614",660100,1000000,593100,9
"3496",2019-07-29,736800,"ID117720758658614",660100,1000000,731300,9
"3497",2019-09-12,593100,"ID117720758658614",660100,1000000,736800,9
"3498",2020-08-23,758400,"ID117720758658614",660100,1000000,736800,9
"3499",2020-09-09,758700,"ID117720758658614",660100,1000000,758400,9
"3500",2021-07-17,659400,"ID117720758658614",660100,1000000,758700,9
"3501",2024-07-06,940900,"ID117720758658614",660100,1000000,939300,9
"3502",2024-07-08,939300,"ID117720758658614",660100,1000000,939300,9
"3503",2024-07-26,939500,"ID117720758658614",660100,1000000,939300,9
"3504",2019-07-20,511700,"ID117725053625802",566900,1000000,511700,8
"3505",2019-07-29,516000,"ID117725053625802",566900,1000000,511700,8
"3506",2019-09-12,791500,"ID117725053625802",566900,1000000,511700,8
"3507",2020-08-01,511700,"ID117725053625802",566900,1000000,516000,8
"3508",2020-08-13,508900,"ID117725053625802",566900,1000000,602600,8
"3509",2022-09-02,602600,"ID117725053625802",566900,1000000,602600,8
"3510",2024-07-06,676200,"ID117725053625802",566900,1000000,602600,8
"3511",2024-07-08,677700,"ID117725053625802",566900,1000000,602600,8
"3512",2019-07-20,3200,"ID117742233493937",21900,1000000,12200,9
"3513",2019-07-29,36700,"ID117742233493937",21900,1000000,11600,9
"3514",2020-07-05,19900,"ID117742233493937",21900,1000000,5400,9
"3515",2020-07-17,5400,"ID117742233493937",21900,1000000,17800,9
"3516",2020-08-01,4800,"ID117742233493937",21900,1000000,17800,9
"3517",2021-08-06,17800,"ID117742233493937",21900,1000000,17800,9
"3518",2023-08-17,31000,"ID117742233493937",21900,1000000,30000,9
"3519",2023-08-20,30000,"ID117742233493937",21900,1000000,31000,9
"3520",2024-08-14,35500,"ID117742233493937",21900,1000000,31000,9
"3521",2022-07-17,64800,"ID117742233493956",35100,1000000,30000,4
"3522",2022-08-04,9300,"ID117742233493956",35100,1000000,12100,4
"3523",2022-08-16,10200,"ID117742233493956",35100,1000000,10200,4
"3524",2024-07-30,12100,"ID117742233493956",35100,1000000,9300,4
"3525",2019-07-20,2400,"ID117768003298682",10800,1000000,5300,8
"3526",2021-07-17,2100,"ID117768003298682",10800,1000000,5300,8
"3527",2022-08-04,8000,"ID117768003298682",10800,1000000,8000,8
"3528",2023-07-05,9100,"ID117768003298682",10800,1000000,9000,8
"3529",2023-08-08,9000,"ID117768003298682",10800,1000000,9100,8
"3530",2024-07-06,9700,"ID117768003298682",10800,1000000,9600,8
"3531",2024-07-08,9600,"ID117768003298682",10800,1000000,9600,8
"3532",2024-08-14,10300,"ID117768003298682",10800,1000000,9700,8
"3533",2019-07-20,81200,"ID117772298266051",148300,1000000,81200,5
"3534",2022-07-14,187300,"ID117772298266051",148300,1000000,187300,5
"3535",2023-08-17,201100,"ID117772298266051",148300,1000000,201100,5
"3536",2023-08-20,209900,"ID117772298266051",148300,1000000,201100,5
"3537",2023-09-07,220700,"ID117772298266051",148300,1000000,201100,5
"3538",2019-07-20,2900,"ID117772298266410",8100,1000000,7200,6
"3539",2019-07-29,7200,"ID117772298266410",8100,1000000,7200,6
"3540",2019-09-12,100,"ID117772298266410",8100,1000000,7200,6
"3541",2022-08-16,15100,"ID117772298266410",8100,1000000,12200,6
"3542",2023-07-26,12400,"ID117772298266410",8100,1000000,12200,6
"3543",2023-07-29,12200,"ID117772298266410",8100,1000000,12400,6
"3544",2019-07-20,660000,"ID117776593233713",553200,1000000,599100,9
"3545",2019-07-29,599100,"ID117776593233713",553200,1000000,599100,9
"3546",2019-09-12,859600,"ID117776593233713",553200,1000000,660000,9
"3547",2021-09-22,522900,"ID117776593233713",553200,1000000,859600,9
"3548",2022-07-14,946800,"ID117776593233713",553200,1000000,916500,9
"3549",2023-07-05,944700,"ID117776593233713",553200,1000000,941500,9
"3550",2023-07-09,916500,"ID117776593233713",553200,1000000,944700,9
"3551",2024-07-30,941500,"ID117776593233713",553200,1000000,941500,9
"3552",2024-08-05,952300,"ID117776593233713",553200,1000000,916500,9
"3553",2019-07-20,56700,"ID117793773102591",41800,1000000,56700,4
"3554",2019-07-29,57600,"ID117793773102591",41800,1000000,57600,4
"3555",2021-09-22,78000,"ID117793773102591",41800,1000000,57600,4
"3556",2022-07-14,78600,"ID117793773102591",41800,1000000,57600,4
"3557",2021-08-03,16500,"ID117802363037091",24500,1000000,11300,7
"3558",2021-08-06,11300,"ID117802363037091",24500,1000000,12200,7
"3559",2021-09-22,11200,"ID117802363037091",24500,1000000,11900,7
"3560",2022-09-02,12200,"ID117802363037091",24500,1000000,11900,7
"3561",2024-07-06,11900,"ID117802363037091",24500,1000000,12100,7
"3562",2024-07-08,12100,"ID117802363037091",24500,1000000,12200,7
"3563",2024-07-26,13400,"ID117802363037091",24500,1000000,13400,7
"3564",2019-07-20,161800,"ID117806658004433",205200,1000000,147200,8
"3565",2019-07-29,147200,"ID117806658004433",205200,1000000,161800,8
"3566",2020-08-01,186700,"ID117806658004433",205200,1000000,184600,8
"3567",2021-09-22,184600,"ID117806658004433",205200,1000000,186700,8
"3568",2022-07-14,203500,"ID117806658004433",205200,1000000,195700,8
"3569",2022-07-17,195700,"ID117806658004433",205200,1000000,203500,8
"3570",2023-07-29,214300,"ID117806658004433",205200,1000000,203500,8
"3571",2024-07-26,232800,"ID117806658004433",205200,1000000,195700,8
"3572",2021-07-17,8300,"ID117815247938917",32300,1000000,12600,4
"3573",2022-09-02,12400,"ID117815247938917",32300,1000000,12600,4
"3574",2023-08-20,12600,"ID117815247938917",32300,1000000,12400,4
"3575",2024-07-06,13200,"ID117815247938917",32300,1000000,12600,4
"3576",2021-08-06,25100,"ID117823837872619",53100,1000000,26100,4
"3577",2022-08-16,26100,"ID117823837872619",53100,1000000,29700,4
"3578",2023-09-07,29700,"ID117823837872619",53100,1000000,29700,4
"3579",2024-07-06,31800,"ID117823837872619",53100,1000000,31800,4
"3580",2022-08-04,152300,"ID117823837873607",292400,1000000,152300,4
"3581",2022-08-16,293700,"ID117823837873607",292400,1000000,184200,4
"3582",2024-07-06,184200,"ID117823837873607",292400,1000000,184200,4
"3583",2024-07-08,188200,"ID117823837873607",292400,1000000,184200,4
"3584",2021-08-06,11100,"ID117836722773971",43700,1000000,14800,16
"3585",2022-07-12,14900,"ID117836722773971",43700,1000000,14800,16
"3586",2022-07-17,14800,"ID117836722773971",43700,1000000,14900,16
"3587",2022-08-16,16000,"ID117836722773971",43700,1000000,16000,16
"3588",2023-07-02,17300,"ID117836722773971",43700,1000000,16000,16
"3589",2023-07-09,16600,"ID117836722773971",43700,1000000,16600,16
"3590",2023-07-26,16000,"ID117836722773971",43700,1000000,17100,16
"3591",2023-07-29,17100,"ID117836722773971",43700,1000000,17100,16
"3592",2023-08-08,18100,"ID117836722773971",43700,1000000,17900,16
"3593",2023-08-20,17900,"ID117836722773971",43700,1000000,18100,16
"3594",2023-09-07,50200,"ID117836722773971",43700,1000000,18200,16
"3595",2024-07-07,18500,"ID117836722773971",43700,1000000,18500,16
"3596",2024-07-08,18200,"ID117836722773971",43700,1000000,18600,16
"3597",2024-07-30,18600,"ID117836722773971",43700,1000000,18600,16
"3598",2024-08-07,19000,"ID117836722773971",43700,1000000,19000,16
"3599",2024-08-17,19800,"ID117836722773971",43700,1000000,19800,16
"3600",2020-08-23,11100,"ID117845312710212",40400,1000000,41500,4
"3601",2022-09-02,31600,"ID117845312710212",40400,1000000,41500,4
"3602",2023-07-26,41500,"ID117845312710212",40400,1000000,31600,4
"3603",2023-09-07,46200,"ID117845312710212",40400,1000000,41500,4
"3604",2020-09-09,18700,"ID117862492579317",58800,1000000,18700,4
"3605",2021-09-22,90200,"ID117862492579317",58800,1000000,90200,4
"3606",2023-08-08,103800,"ID117862492579317",58800,1000000,103200,4
"3607",2024-07-26,110900,"ID117862492579317",58800,1000000,103200,4
"3608",2020-09-09,3300,"ID117875377481306",19600,1000000,11400,23
"3609",2021-07-17,10400,"ID117875377481306",19600,1000000,11400,23
"3610",2021-08-03,11400,"ID117875377481306",19600,1000000,11400,23
"3611",2021-08-06,13800,"ID117875377481306",19600,1000000,12000,23
"3612",2021-09-22,13200,"ID117875377481306",19600,1000000,12000,23
"3613",2022-07-14,12000,"ID117875377481306",19600,1000000,13200,23
"3614",2022-07-17,11600,"ID117875377481306",19600,1000000,12700,23
"3615",2022-08-16,13600,"ID117875377481306",19600,1000000,12700,23
"3616",2022-09-02,12700,"ID117875377481306",19600,1000000,13600,23
"3617",2023-07-05,14600,"ID117875377481306",19600,1000000,13600,23
"3618",2023-07-09,15300,"ID117875377481306",19600,1000000,14100,23
"3619",2023-07-26,12900,"ID117875377481306",19600,1000000,14200,23
"3620",2023-07-29,14100,"ID117875377481306",19600,1000000,14100,23
"3621",2023-08-08,14200,"ID117875377481306",19600,1000000,12900,23
"3622",2023-08-17,12900,"ID117875377481306",19600,1000000,14100,23
"3623",2023-08-20,12900,"ID117875377481306",19600,1000000,14200,23
"3624",2023-09-07,15400,"ID117875377481306",19600,1000000,15000,23
"3625",2024-07-06,15000,"ID117875377481306",19600,1000000,15100,23
"3626",2024-07-08,15600,"ID117875377481306",19600,1000000,15200,23
"3627",2024-07-26,15100,"ID117875377481306",19600,1000000,15200,23
"3628",2024-07-30,15200,"ID117875377481306",19600,1000000,15200,23
"3629",2024-08-05,15900,"ID117875377481306",19600,1000000,15100,23
"3630",2024-08-14,14400,"ID117875377481306",19600,1000000,15200,23
"3631",2020-07-05,21400,"ID117883967415791",26900,1000000,21400,27
"3632",2020-08-13,16700,"ID117883967415791",26900,1000000,21400,27
"3633",2020-08-23,20000,"ID117883967415791",26900,1000000,21400,27
"3634",2020-09-09,27100,"ID117883967415791",26900,1000000,27100,27
"3635",2021-07-17,29100,"ID117883967415791",26900,1000000,29100,27
"3636",2021-08-03,40600,"ID117883967415791",26900,1000000,38800,27
"3637",2021-08-06,40900,"ID117883967415791",26900,1000000,40000,27
"3638",2021-09-22,38800,"ID117883967415791",26900,1000000,40000,27
"3639",2022-07-14,40000,"ID117883967415791",26900,1000000,40000,27
"3640",2022-07-17,39700,"ID117883967415791",26900,1000000,40000,27
"3641",2022-08-04,41800,"ID117883967415791",26900,1000000,41800,27
"3642",2022-08-16,43700,"ID117883967415791",26900,1000000,42900,27
"3643",2022-09-02,42900,"ID117883967415791",26900,1000000,43700,27
"3644",2023-07-05,46500,"ID117883967415791",26900,1000000,44900,27
"3645",2023-07-09,46200,"ID117883967415791",26900,1000000,46200,27
"3646",2023-07-26,44900,"ID117883967415791",26900,1000000,46500,27
"3647",2023-07-29,46700,"ID117883967415791",26900,1000000,46300,27
"3648",2023-08-08,46800,"ID117883967415791",26900,1000000,46700,27
"3649",2023-08-17,46300,"ID117883967415791",26900,1000000,46800,27
"3650",2023-08-20,46800,"ID117883967415791",26900,1000000,46800,27
"3651",2023-09-07,48400,"ID117883967415791",26900,1000000,47200,27
"3652",2024-07-06,47200,"ID117883967415791",26900,1000000,48400,27
"3653",2024-07-08,48800,"ID117883967415791",26900,1000000,48800,27
"3654",2024-07-26,48800,"ID117883967415791",26900,1000000,48800,27
"3655",2024-07-30,50600,"ID117883967415791",26900,1000000,49500,27
"3656",2024-08-05,49500,"ID117883967415791",26900,1000000,49500,27
"3657",2024-08-14,50500,"ID117883967415791",26900,1000000,49500,27
"3658",2019-07-20,2400,"ID117883967415888",13500,1000000,2400,31
"3659",2019-07-29,2400,"ID117883967415888",13500,1000000,2400,31
"3660",2020-07-05,2000,"ID117883967415888",13500,1000000,2400,31
"3661",2020-07-17,1300,"ID117883967415888",13500,1000000,2000,31
"3662",2020-08-01,5300,"ID117883967415888",13500,1000000,2000,31
"3663",2020-08-13,2000,"ID117883967415888",13500,1000000,2000,31
"3664",2020-08-23,1900,"ID117883967415888",13500,1000000,2900,31
"3665",2020-09-09,2900,"ID117883967415888",13500,1000000,2900,31
"3666",2021-07-17,7700,"ID117883967415888",13500,1000000,7700,31
"3667",2021-08-03,12200,"ID117883967415888",13500,1000000,12200,31
"3668",2021-08-06,14800,"ID117883967415888",13500,1000000,14100,31
"3669",2021-09-22,15000,"ID117883967415888",13500,1000000,14800,31
"3670",2022-07-14,14100,"ID117883967415888",13500,1000000,15000,31
"3671",2022-07-17,20200,"ID117883967415888",13500,1000000,15700,31
"3672",2022-08-04,16100,"ID117883967415888",13500,1000000,15700,31
"3673",2022-08-16,15700,"ID117883967415888",13500,1000000,16100,31
"3674",2022-09-02,15300,"ID117883967415888",13500,1000000,16100,31
"3675",2023-07-05,17300,"ID117883967415888",13500,1000000,15700,31
"3676",2023-07-09,16400,"ID117883967415888",13500,1000000,16400,31
"3677",2023-07-26,15100,"ID117883967415888",13500,1000000,17300,31
"3678",2023-07-29,17500,"ID117883967415888",13500,1000000,17000,31
"3679",2023-08-08,17700,"ID117883967415888",13500,1000000,17500,31
"3680",2023-08-17,17000,"ID117883967415888",13500,1000000,17600,31
"3681",2023-08-20,17600,"ID117883967415888",13500,1000000,17700,31
"3682",2023-09-07,19900,"ID117883967415888",13500,1000000,19900,31
"3683",2024-07-06,20100,"ID117883967415888",13500,1000000,20100,31
"3684",2024-07-08,20600,"ID117883967415888",13500,1000000,20600,31
"3685",2024-07-26,21100,"ID117883967415888",13500,1000000,21100,31
"3686",2024-07-30,22200,"ID117883967415888",13500,1000000,21500,31
"3687",2024-08-05,21500,"ID117883967415888",13500,1000000,21500,31
"3688",2024-08-14,23100,"ID117883967415888",13500,1000000,21500,31
"3689",2019-07-20,24700,"ID117914032186899",21400,1000000,26800,28
"3690",2020-07-05,21300,"ID117914032186899",21400,1000000,24700,28
"3691",2020-08-01,26800,"ID117914032186899",21400,1000000,24700,28
"3692",2020-08-13,19500,"ID117914032186899",21400,1000000,21300,28
"3693",2020-08-23,34300,"ID117914032186899",21400,1000000,25200,28
"3694",2020-09-09,19900,"ID117914032186899",21400,1000000,25200,28
"3695",2021-08-03,25200,"ID117914032186899",21400,1000000,27000,28
"3696",2021-08-06,27000,"ID117914032186899",21400,1000000,25600,28
"3697",2021-09-22,27100,"ID117914032186899",21400,1000000,25600,28
"3698",2022-07-14,25600,"ID117914032186899",21400,1000000,25600,28
"3699",2022-07-17,24900,"ID117914032186899",21400,1000000,25600,28
"3700",2022-08-04,24500,"ID117914032186899",21400,1000000,25000,28
"3701",2022-08-16,26300,"ID117914032186899",21400,1000000,25000,28
"3702",2022-09-02,25000,"ID117914032186899",21400,1000000,25300,28
"3703",2023-07-05,26500,"ID117914032186899",21400,1000000,25300,28
"3704",2023-07-09,25300,"ID117914032186899",21400,1000000,25300,28
"3705",2023-07-26,24800,"ID117914032186899",21400,1000000,26200,28
"3706",2023-07-29,26200,"ID117914032186899",21400,1000000,26200,28
"3707",2023-08-08,26200,"ID117914032186899",21400,1000000,26200,28
"3708",2023-08-17,26300,"ID117914032186899",21400,1000000,26200,28
"3709",2023-08-20,26700,"ID117914032186899",21400,1000000,26300,28
"3710",2023-09-07,25500,"ID117914032186899",21400,1000000,26700,28
"3711",2024-07-06,29000,"ID117914032186899",21400,1000000,27100,28
"3712",2024-07-08,27100,"ID117914032186899",21400,1000000,29000,28
"3713",2024-07-26,29300,"ID117914032186899",21400,1000000,29300,28
"3714",2024-07-30,30200,"ID117914032186899",21400,1000000,29300,28
"3715",2024-08-05,30100,"ID117914032186899",21400,1000000,30100,28
"3716",2024-08-14,28700,"ID117914032186899",21400,1000000,30200,28
"3717",2021-08-06,161300,"ID117944096956386",102100,1000000,42000,16
"3718",2022-07-12,42000,"ID117944096956386",102100,1000000,44500,16
"3719",2022-07-17,44500,"ID117944096956386",102100,1000000,58900,16
"3720",2022-08-16,72700,"ID117944096956386",102100,1000000,50400,16
"3721",2023-07-02,58900,"ID117944096956386",102100,1000000,52100,16
"3722",2023-07-09,50400,"ID117944096956386",102100,1000000,58900,16
"3723",2023-07-26,52100,"ID117944096956386",102100,1000000,57900,16
"3724",2023-07-29,61600,"ID117944096956386",102100,1000000,52100,16
"3725",2023-08-08,57900,"ID117944096956386",102100,1000000,57900,16
"3726",2023-08-20,45400,"ID117944096956386",102100,1000000,60800,16
"3727",2023-09-07,60800,"ID117944096956386",102100,1000000,60800,16
"3728",2024-07-07,60800,"ID117944096956386",102100,1000000,60800,16
"3729",2024-07-08,70900,"ID117944096956386",102100,1000000,63400,16
"3730",2024-07-30,68500,"ID117944096956386",102100,1000000,68500,16
"3731",2024-08-07,63400,"ID117944096956386",102100,1000000,68500,16
"3732",2024-08-17,68500,"ID117944096956386",102100,1000000,63400,16
"3733",2019-07-18,11900,"ID117991341596790",31500,1000000,12500,7
"3734",2019-07-29,12500,"ID117991341596790",31500,1000000,13900,7
"3735",2020-07-05,13900,"ID117991341596790",31500,1000000,13900,7
"3736",2020-08-01,18800,"ID117991341596790",31500,1000000,14700,7
"3737",2020-08-13,14700,"ID117991341596790",31500,1000000,18800,7
"3738",2020-08-23,25100,"ID117991341596790",31500,1000000,18800,7
"3739",2020-09-09,57100,"ID117991341596790",31500,1000000,25100,7
"3740",2020-07-05,12600,"ID117991341596970",39700,1000000,38100,20
"3741",2020-09-09,38100,"ID117991341596970",39700,1000000,45700,20
"3742",2021-07-17,48400,"ID117991341596970",39700,1000000,45700,20
"3743",2021-07-22,45700,"ID117991341596970",39700,1000000,48400,20
"3744",2021-08-06,60500,"ID117991341596970",39700,1000000,60500,20
"3745",2022-07-12,64500,"ID117991341596970",39700,1000000,64300,20
"3746",2022-07-17,64300,"ID117991341596970",39700,1000000,64500,20
"3747",2022-08-04,65600,"ID117991341596970",39700,1000000,65600,20
"3748",2023-07-02,68100,"ID117991341596970",39700,1000000,68100,20
"3749",2023-07-09,69900,"ID117991341596970",39700,1000000,69500,20
"3750",2023-07-29,69500,"ID117991341596970",39700,1000000,69900,20
"3751",2023-08-08,70500,"ID117991341596970",39700,1000000,70100,20
"3752",2023-08-17,70100,"ID117991341596970",39700,1000000,70500,20
"3753",2023-08-20,72500,"ID117991341596970",39700,1000000,72100,20
"3754",2023-09-07,72100,"ID117991341596970",39700,1000000,72500,20
"3755",2024-07-06,74900,"ID117991341596970",39700,1000000,74900,20
"3756",2024-07-08,76900,"ID117991341596970",39700,1000000,76600,20
"3757",2024-07-26,76600,"ID117991341596970",39700,1000000,76900,20
"3758",2024-07-30,77300,"ID117991341596970",39700,1000000,76900,20
"3759",2024-08-14,78100,"ID117991341596970",39700,1000000,76600,20
"3760",2019-07-20,127500,"ID118017111401983",67700,1000000,40100,8
"3761",2020-09-09,40100,"ID118017111401983",67700,1000000,105200,8
"3762",2021-08-03,105200,"ID118017111401983",67700,1000000,114000,8
"3763",2021-08-06,114000,"ID118017111401983",67700,1000000,114000,8
"3764",2023-07-09,130900,"ID118017111401983",67700,1000000,126200,8
"3765",2023-07-29,126200,"ID118017111401983",67700,1000000,127400,8
"3766",2023-08-17,127400,"ID118017111401983",67700,1000000,127400,8
"3767",2023-08-20,130400,"ID118017111401983",67700,1000000,126200,8
"3768",2020-09-09,32700,"ID118025701336794",79100,1000000,32700,23
"3769",2021-07-17,52500,"ID118025701336794",79100,1000000,52500,23
"3770",2021-08-03,55800,"ID118025701336794",79100,1000000,55800,23
"3771",2021-08-06,57700,"ID118025701336794",79100,1000000,57700,23
"3772",2021-09-22,107100,"ID118025701336794",79100,1000000,107100,23
"3773",2022-07-14,113200,"ID118025701336794",79100,1000000,109800,23
"3774",2022-07-17,109800,"ID118025701336794",79100,1000000,113200,23
"3775",2022-08-16,121400,"ID118025701336794",79100,1000000,115700,23
"3776",2022-09-02,115700,"ID118025701336794",79100,1000000,120600,23
"3777",2023-07-05,120600,"ID118025701336794",79100,1000000,120900,23
"3778",2023-07-09,127400,"ID118025701336794",79100,1000000,120900,23
"3779",2023-07-26,120900,"ID118025701336794",79100,1000000,127400,23
"3780",2023-07-29,131800,"ID118025701336794",79100,1000000,131800,23
"3781",2023-08-08,135100,"ID118025701336794",79100,1000000,131800,23
"3782",2023-08-17,133700,"ID118025701336794",79100,1000000,133700,23
"3783",2023-08-20,122800,"ID118025701336794",79100,1000000,135100,23
"3784",2023-09-07,141100,"ID118025701336794",79100,1000000,137900,23
"3785",2024-07-06,137900,"ID118025701336794",79100,1000000,140800,23
"3786",2024-07-08,140800,"ID118025701336794",79100,1000000,141100,23
"3787",2024-07-26,143900,"ID118025701336794",79100,1000000,143200,23
"3788",2024-07-30,143200,"ID118025701336794",79100,1000000,143900,23
"3789",2024-08-05,144600,"ID118025701336794",79100,1000000,143900,23
"3790",2024-08-14,146600,"ID118025701336794",79100,1000000,143200,23
"3791",2019-09-12,2200,"ID118025701336915",12400,1000000,9700,16
"3792",2020-07-05,9700,"ID118025701336915",12400,1000000,9700,16
"3793",2020-09-09,9500,"ID118025701336915",12400,1000000,9700,16
"3794",2021-07-17,15500,"ID118025701336915",12400,1000000,15500,16
"3795",2021-08-03,21500,"ID118025701336915",12400,1000000,21400,16
"3796",2021-08-06,21400,"ID118025701336915",12400,1000000,21400,16
"3797",2021-09-22,24000,"ID118025701336915",12400,1000000,21400,16
"3798",2022-07-14,21200,"ID118025701336915",12400,1000000,21400,16
"3799",2022-07-17,20800,"ID118025701336915",12400,1000000,21500,16
"3800",2022-08-16,22000,"ID118025701336915",12400,1000000,21500,16
"3801",2022-09-02,21500,"ID118025701336915",12400,1000000,22000,16
"3802",2023-07-05,22900,"ID118025701336915",12400,1000000,22900,16
"3803",2023-07-26,23000,"ID118025701336915",12400,1000000,23000,16
"3804",2023-08-08,23100,"ID118025701336915",12400,1000000,23100,16
"3805",2023-08-17,23200,"ID118025701336915",12400,1000000,23100,16
"3806",2023-08-20,23200,"ID118025701336915",12400,1000000,23100,16
"3807",2020-08-01,12500,"ID118029996303420",8100,1000000,15100,13
"3808",2020-09-09,11200,"ID118029996303420",8100,1000000,15000,13
"3809",2021-07-17,15100,"ID118029996303420",8100,1000000,15000,13
"3810",2021-08-03,15000,"ID118029996303420",8100,1000000,15100,13
"3811",2021-08-06,15100,"ID118029996303420",8100,1000000,15100,13
"3812",2021-09-22,15300,"ID118029996303420",8100,1000000,15300,13
"3813",2022-08-16,15900,"ID118029996303420",8100,1000000,15300,13
"3814",2022-09-02,15300,"ID118029996303420",8100,1000000,15300,13
"3815",2023-07-26,15300,"ID118029996303420",8100,1000000,15600,13
"3816",2023-07-29,15900,"ID118029996303420",8100,1000000,15400,13
"3817",2023-08-08,15600,"ID118029996303420",8100,1000000,15500,13
"3818",2023-08-17,15400,"ID118029996303420",8100,1000000,15600,13
"3819",2023-08-20,15500,"ID118029996303420",8100,1000000,15600,13
"3820",2020-07-05,57500,"ID118029996304148",82300,1000000,57500,14
"3821",2020-08-01,108400,"ID118029996304148",82300,1000000,78200,14
"3822",2020-08-13,78200,"ID118029996304148",82300,1000000,91300,14
"3823",2020-08-23,91300,"ID118029996304148",82300,1000000,99300,14
"3824",2020-09-09,99300,"ID118029996304148",82300,1000000,99300,14
"3825",2021-07-17,109800,"ID118029996304148",82300,1000000,109800,14
"3826",2021-08-03,151400,"ID118029996304148",82300,1000000,148600,14
"3827",2021-08-06,158600,"ID118029996304148",82300,1000000,151400,14
"3828",2021-09-22,148600,"ID118029996304148",82300,1000000,158600,14
"3829",2022-07-14,162600,"ID118029996304148",82300,1000000,158600,14
"3830",2022-07-17,161800,"ID118029996304148",82300,1000000,161600,14
"3831",2022-08-16,157700,"ID118029996304148",82300,1000000,161800,14
"3832",2022-09-02,161600,"ID118029996304148",82300,1000000,161600,14
"3833",2023-07-26,161800,"ID118029996304148",82300,1000000,157700,14
"3834",2023-09-07,18300,"ID118068651008471",30500,1000000,53800,4
"3835",2024-07-26,21400,"ID118068651008471",30500,1000000,21400,4
"3836",2024-07-30,53800,"ID118068651008471",30500,1000000,21400,4
"3837",2024-08-14,20800,"ID118068651008471",30500,1000000,34800,4
"3838",2020-08-01,30100,"ID118072945975429",50300,1000000,30100,6
"3839",2020-08-13,18100,"ID118072945975429",50300,1000000,30100,6
"3840",2020-08-23,23000,"ID118072945975429",50300,1000000,30100,6
"3841",2020-09-09,60300,"ID118072945975429",50300,1000000,60300,6
"3842",2021-07-17,82600,"ID118072945975429",50300,1000000,63300,6
"3843",2021-07-22,79500,"ID118072945975429",50300,1000000,63300,6
"3844",2020-07-05,21400,"ID118098715779677",26500,1000000,6800,19
"3845",2020-08-23,4800,"ID118098715779677",26500,1000000,21400,19
"3846",2020-09-09,3800,"ID118098715779677",26500,1000000,21400,19
"3847",2021-08-06,21600,"ID118098715779677",26500,1000000,21600,19
"3848",2022-07-17,26400,"ID118098715779677",26500,1000000,21800,19
"3849",2022-08-04,21800,"ID118098715779677",26500,1000000,24800,19
"3850",2022-08-16,24800,"ID118098715779677",26500,1000000,26400,19
"3851",2023-07-05,36200,"ID118098715779677",26500,1000000,29500,19
"3852",2023-07-09,35200,"ID118098715779677",26500,1000000,29500,19
"3853",2023-07-26,29500,"ID118098715779677",26500,1000000,29500,19
"3854",2023-07-29,27000,"ID118098715779677",26500,1000000,27000,19
"3855",2023-08-17,25500,"ID118098715779677",26500,1000000,27000,19
"3856",2023-08-20,24500,"ID118098715779677",26500,1000000,27000,19
"3857",2023-09-07,27400,"ID118098715779677",26500,1000000,27400,19
"3858",2024-07-06,29400,"ID118098715779677",26500,1000000,28400,19
"3859",2024-07-08,29700,"ID118098715779677",26500,1000000,29400,19
"3860",2024-07-26,28400,"ID118098715779677",26500,1000000,29400,19
"3861",2024-07-30,31100,"ID118098715779677",26500,1000000,28600,19
"3862",2024-08-14,28600,"ID118098715779677",26500,1000000,28400,19
"3863",2021-07-17,9500,"ID118103010747479",19400,1000000,13700,22
"3864",2021-08-03,12500,"ID118103010747479",19400,1000000,12500,22
"3865",2021-08-06,13700,"ID118103010747479",19400,1000000,12500,22
"3866",2022-07-14,12500,"ID118103010747479",19400,1000000,13000,22
"3867",2022-07-17,13000,"ID118103010747479",19400,1000000,13000,22
"3868",2022-08-04,13000,"ID118103010747479",19400,1000000,13000,22
"3869",2022-08-16,14000,"ID118103010747479",19400,1000000,14000,22
"3870",2022-09-02,14100,"ID118103010747479",19400,1000000,14100,22
"3871",2023-07-05,16300,"ID118103010747479",19400,1000000,14100,22
"3872",2023-07-09,15100,"ID118103010747479",19400,1000000,14100,22
"3873",2023-07-26,13700,"ID118103010747479",19400,1000000,15000,22
"3874",2023-07-29,13600,"ID118103010747479",19400,1000000,15000,22
"3875",2023-08-08,15000,"ID118103010747479",19400,1000000,14900,22
"3876",2023-08-17,15100,"ID118103010747479",19400,1000000,15000,22
"3877",2023-08-20,14900,"ID118103010747479",19400,1000000,15000,22
"3878",2023-09-07,20000,"ID118103010747479",19400,1000000,15100,22
"3879",2024-07-06,15000,"ID118103010747479",19400,1000000,15700,22
"3880",2024-07-08,15700,"ID118103010747479",19400,1000000,15900,22
"3881",2024-07-26,15900,"ID118103010747479",19400,1000000,15900,22
"3882",2024-07-30,17100,"ID118103010747479",19400,1000000,17100,22
"3883",2024-08-05,31100,"ID118103010747479",19400,1000000,17100,22
"3884",2024-08-14,17100,"ID118103010747479",19400,1000000,17100,22
"3885",2020-08-13,3100,"ID118124485584544",17400,1000000,5700,25
"3886",2020-08-23,3400,"ID118124485584544",17400,1000000,5700,25
"3887",2020-09-09,5700,"ID118124485584544",17400,1000000,5700,25
"3888",2021-07-17,9400,"ID118124485584544",17400,1000000,9400,25
"3889",2021-08-03,14400,"ID118124485584544",17400,1000000,14400,25
"3890",2021-08-06,21600,"ID118124485584544",17400,1000000,17100,25
"3891",2021-09-22,19200,"ID118124485584544",17400,1000000,17100,25
"3892",2022-07-14,17100,"ID118124485584544",17400,1000000,18700,25
"3893",2022-07-17,16500,"ID118124485584544",17400,1000000,17700,25
"3894",2022-08-16,18700,"ID118124485584544",17400,1000000,17700,25
"3895",2022-09-02,17700,"ID118124485584544",17400,1000000,18700,25
"3896",2023-07-05,19700,"ID118124485584544",17400,1000000,18800,25
"3897",2023-07-09,19700,"ID118124485584544",17400,1000000,19700,25
"3898",2023-07-26,18800,"ID118124485584544",17400,1000000,19700,25
"3899",2023-07-29,20200,"ID118124485584544",17400,1000000,19400,25
"3900",2023-08-08,19400,"ID118124485584544",17400,1000000,19400,25
"3901",2023-08-17,19100,"ID118124485584544",17400,1000000,19600,25
"3902",2023-08-20,19600,"ID118124485584544",17400,1000000,19600,25
"3903",2023-09-07,21500,"ID118124485584544",17400,1000000,21400,25
"3904",2024-07-06,21400,"ID118124485584544",17400,1000000,21500,25
"3905",2024-07-08,21500,"ID118124485584544",17400,1000000,21500,25
"3906",2024-07-26,21600,"ID118124485584544",17400,1000000,21600,25
"3907",2024-07-30,22400,"ID118124485584544",17400,1000000,21800,25
"3908",2024-08-05,22500,"ID118124485584544",17400,1000000,21800,25
"3909",2024-08-14,21800,"ID118124485584544",17400,1000000,21800,25
"3910",2020-08-13,12300,"ID118171730224831",34100,1000000,48300,10
"3911",2020-08-23,15100,"ID118171730224831",34100,1000000,38900,10
"3912",2020-09-09,48300,"ID118171730224831",34100,1000000,38900,10
"3913",2021-07-17,38900,"ID118171730224831",34100,1000000,38900,10
"3914",2021-08-06,63200,"ID118171730224831",34100,1000000,48300,10
"3915",2021-09-22,31400,"ID118171730224831",34100,1000000,63000,10
"3916",2022-07-17,63000,"ID118171730224831",34100,1000000,63200,10
"3917",2022-09-02,66300,"ID118171730224831",34100,1000000,66300,10
"3918",2023-07-26,67900,"ID118171730224831",34100,1000000,66300,10
"3919",2024-07-06,66700,"ID118171730224831",34100,1000000,66700,10
"3920",2019-07-20,11900,"ID118218974864438",8100,1000000,9300,4
"3921",2019-09-12,200,"ID118218974864438",8100,1000000,11600,4
"3922",2020-07-05,12200,"ID118218974864438",8100,1000000,11600,4
"3923",2020-07-17,11600,"ID118218974864438",8100,1000000,2600,4
"3924",2020-08-13,1000,"ID118218974864488",12800,1000000,2700,23
"3925",2020-08-23,2600,"ID118218974864488",12800,1000000,2700,23
"3926",2020-09-09,2700,"ID118218974864488",12800,1000000,2700,23
"3927",2021-08-06,8100,"ID118218974864488",12800,1000000,7000,23
"3928",2021-09-22,7000,"ID118218974864488",12800,1000000,7400,23
"3929",2022-07-14,7400,"ID118218974864488",12800,1000000,7400,23
"3930",2022-07-17,7700,"ID118218974864488",12800,1000000,7100,23
"3931",2022-08-04,7100,"ID118218974864488",12800,1000000,7400,23
"3932",2022-08-16,7000,"ID118218974864488",12800,1000000,7700,23
"3933",2022-09-02,7700,"ID118218974864488",12800,1000000,7700,23
"3934",2023-07-05,8400,"ID118218974864488",12800,1000000,7700,23
"3935",2023-07-09,7900,"ID118218974864488",12800,1000000,7700,23
"3936",2023-07-26,7400,"ID118218974864488",12800,1000000,7700,23
"3937",2023-07-29,7100,"ID118218974864488",12800,1000000,7700,23
"3938",2023-08-08,7700,"ID118218974864488",12800,1000000,7700,23
"3939",2023-08-17,8400,"ID118218974864488",12800,1000000,8100,23
"3940",2023-08-20,8200,"ID118218974864488",12800,1000000,8200,23
"3941",2023-09-07,8100,"ID118218974864488",12800,1000000,8400,23
"3942",2024-07-06,8400,"ID118218974864488",12800,1000000,8400,23
"3943",2024-07-08,8500,"ID118218974864488",12800,1000000,8500,23
"3944",2024-07-26,8600,"ID118218974864488",12800,1000000,8600,23
"3945",2024-07-30,9200,"ID118218974864488",12800,1000000,9200,23
"3946",2024-08-14,9200,"ID118218974864488",12800,1000000,9200,23
"3947",2020-08-13,21800,"ID118240449700229",27400,1000000,27100,7
"3948",2020-08-23,23100,"ID118240449700229",27400,1000000,23100,7
"3949",2020-09-09,27100,"ID118240449700229",27400,1000000,23100,7
"3950",2021-07-17,15100,"ID118240449700229",27400,1000000,27100,7
"3951",2023-07-26,51000,"ID118240449700229",27400,1000000,51000,7
"3952",2023-07-29,52600,"ID118240449700229",27400,1000000,51000,7
"3953",2023-08-08,54300,"ID118240449700229",27400,1000000,51000,7
"3954",2019-09-12,900,"ID118253334603422",11500,1000000,16600,14
"3955",2021-09-22,16500,"ID118253334603422",11500,1000000,16500,14
"3956",2022-07-14,16600,"ID118253334603422",11500,1000000,16500,14
"3957",2022-07-17,15600,"ID118253334603422",11500,1000000,16600,14
"3958",2022-08-16,19100,"ID118253334603422",11500,1000000,17100,14
"3959",2022-09-02,17100,"ID118253334603422",11500,1000000,19100,14
"3960",2023-07-05,19400,"ID118253334603422",11500,1000000,19100,14
"3961",2023-07-09,19800,"ID118253334603422",11500,1000000,19400,14
"3962",2023-07-26,17400,"ID118253334603422",11500,1000000,19800,14
"3963",2023-07-29,20200,"ID118253334603422",11500,1000000,20000,14
"3964",2023-08-08,22200,"ID118253334603422",11500,1000000,20200,14
"3965",2023-08-17,20000,"ID118253334603422",11500,1000000,20200,14
"3966",2023-08-20,21300,"ID118253334603422",11500,1000000,21300,14
"3967",2023-09-07,20100,"ID118253334603422",11500,1000000,21300,14
"3968",2019-07-20,16900,"ID118274809439601",27700,1000000,34300,10
"3969",2019-07-29,20900,"ID118274809439601",27700,1000000,29100,10
"3970",2019-09-12,34300,"ID118274809439601",27700,1000000,29100,10
"3971",2020-08-13,29100,"ID118274809439601",27700,1000000,32500,10
"3972",2020-08-23,43000,"ID118274809439601",27700,1000000,34300,10
"3973",2020-09-09,32500,"ID118274809439601",27700,1000000,34900,10
"3974",2021-08-03,38400,"ID118274809439601",27700,1000000,38400,10
"3975",2021-08-06,34900,"ID118274809439601",27700,1000000,38100,10
"3976",2022-07-17,39300,"ID118274809439601",27700,1000000,38100,10
"3977",2022-08-04,38100,"ID118274809439601",27700,1000000,34900,10
"3978",2020-09-09,20100,"ID118291989307680",37500,1000000,20100,14
"3979",2021-07-17,70900,"ID118291989307680",37500,1000000,23900,14
"3980",2021-08-06,23900,"ID118291989307680",37500,1000000,38300,14
"3981",2022-07-12,38300,"ID118291989307680",37500,1000000,39900,14
"3982",2023-07-09,65300,"ID118291989307680",37500,1000000,39900,14
"3983",2023-07-29,39900,"ID118291989307680",37500,1000000,42600,14
"3984",2023-08-08,42900,"ID118291989307680",37500,1000000,42900,14
"3985",2023-08-17,42600,"ID118291989307680",37500,1000000,42900,14
"3986",2023-08-20,63200,"ID118291989307680",37500,1000000,42900,14
"3987",2023-09-07,50900,"ID118291989307680",37500,1000000,42600,14
"3988",2024-07-06,42200,"ID118291989307680",37500,1000000,45700,14
"3989",2024-07-08,40500,"ID118291989307680",37500,1000000,45700,14
"3990",2024-07-30,45700,"ID118291989307680",37500,1000000,45700,14
"3991",2024-08-20,51300,"ID118291989307680",37500,1000000,45700,14
"3992",2021-08-06,43800,"ID118291989309147",39200,1000000,47400,6
"3993",2021-09-22,44800,"ID118291989309147",39200,1000000,47400,6
"3994",2022-09-02,47400,"ID118291989309147",39200,1000000,44800,6
"3995",2023-08-20,47400,"ID118291989309147",39200,1000000,47400,6
"3996",2023-09-07,44800,"ID118291989309147",39200,1000000,47400,6
"3997",2024-07-30,54800,"ID118291989309147",39200,1000000,44800,6
"3998",2020-08-23,7600,"ID118309169176925",25500,1000000,17100,14
"3999",2020-09-09,8100,"ID118309169176925",25500,1000000,17100,14
"4000",2021-08-06,17100,"ID118309169176925",25500,1000000,15400,14
"4001",2022-08-04,19100,"ID118309169176925",25500,1000000,17100,14
"4002",2023-07-09,15400,"ID118309169176925",25500,1000000,19100,14
"4003",2023-07-29,21400,"ID118309169176925",25500,1000000,21400,14
"4004",2023-08-08,22200,"ID118309169176925",25500,1000000,21400,14
"4005",2023-08-17,21900,"ID118309169176925",25500,1000000,21400,14
"4006",2023-08-20,21000,"ID118309169176925",25500,1000000,21400,14
"4007",2023-09-07,21400,"ID118309169176925",25500,1000000,21000,14
"4008",2024-07-06,20600,"ID118309169176925",25500,1000000,21000,14
"4009",2024-07-08,19800,"ID118309169176925",25500,1000000,21000,14
"4010",2024-07-30,21000,"ID118309169176925",25500,1000000,21000,14
"4011",2024-08-14,21100,"ID118309169176925",25500,1000000,21100,14
"4012",2020-08-23,7800,"ID118322054078612",30800,1000000,54900,4
"4013",2020-09-09,25200,"ID118322054078612",30800,1000000,54900,4
"4014",2021-08-06,54900,"ID118322054078612",30800,1000000,54900,4
"4015",2022-07-17,59800,"ID118322054078612",30800,1000000,59800,4
"4016",2021-07-17,7300,"ID118352118849811",27500,1000000,25700,20
"4017",2021-08-06,25700,"ID118352118849811",27500,1000000,9800,20
"4018",2022-07-17,9800,"ID118352118849811",27500,1000000,9100,20
"4019",2022-08-04,8600,"ID118352118849811",27500,1000000,9800,20
"4020",2022-08-16,9100,"ID118352118849811",27500,1000000,9800,20
"4021",2023-07-02,10200,"ID118352118849811",27500,1000000,9300,20
"4022",2023-07-09,9800,"ID118352118849811",27500,1000000,9800,20
"4023",2023-07-27,9300,"ID118352118849811",27500,1000000,9800,20
"4024",2023-07-29,13600,"ID118352118849811",27500,1000000,9800,20
"4025",2023-08-08,9400,"ID118352118849811",27500,1000000,10100,20
"4026",2023-08-17,14100,"ID118352118849811",27500,1000000,13600,20
"4027",2023-08-20,10100,"ID118352118849811",27500,1000000,14100,20
"4028",2023-09-20,17000,"ID118352118849811",27500,1000000,14800,20
"4029",2024-07-06,14800,"ID118352118849811",27500,1000000,14800,20
"4030",2024-07-08,15000,"ID118352118849811",27500,1000000,15000,20
"4031",2024-07-26,14800,"ID118352118849811",27500,1000000,15000,20
"4032",2024-07-30,15900,"ID118352118849811",27500,1000000,15300,20
"4033",2024-08-05,20000,"ID118352118849811",27500,1000000,15300,20
"4034",2024-08-14,15300,"ID118352118849811",27500,1000000,15900,20
"4035",2024-08-20,14500,"ID118352118849811",27500,1000000,20000,20
"4036",2020-07-05,16000,"ID118360708785745",38800,1000000,31500,4
"4037",2020-07-17,14400,"ID118360708785745",38800,1000000,23400,4
"4038",2020-08-01,31500,"ID118360708785745",38800,1000000,23400,4
"4039",2020-08-13,23400,"ID118360708785745",38800,1000000,31500,4
"4040",2020-07-17,103500,"ID118373593686165",125100,1000000,103500,12
"4041",2020-08-01,101700,"ID118373593686165",125100,1000000,103500,12
"4042",2020-08-13,119300,"ID118373593686165",125100,1000000,119300,12
"4043",2020-08-23,122200,"ID118373593686165",125100,1000000,121800,12
"4044",2020-09-09,121800,"ID118373593686165",125100,1000000,122200,12
"4045",2021-08-06,142000,"ID118373593686165",125100,1000000,142000,12
"4046",2022-07-12,171600,"ID118373593686165",125100,1000000,168700,12
"4047",2022-07-17,168700,"ID118373593686165",125100,1000000,171600,12
"4048",2023-09-07,218500,"ID118373593686165",125100,1000000,218500,12
"4049",2024-07-28,239200,"ID118373593686165",125100,1000000,226500,12
"4050",2024-07-30,233900,"ID118373593686165",125100,1000000,226500,12
"4051",2024-08-07,226500,"ID118373593686165",125100,1000000,226500,12
"4052",2020-08-23,29900,"ID118395068524263",68600,1000000,50800,22
"4053",2021-08-03,44400,"ID118395068524263",68600,1000000,47200,22
"4054",2021-08-06,50800,"ID118395068524263",68600,1000000,47200,22
"4055",2021-09-22,47200,"ID118395068524263",68600,1000000,50700,22
"4056",2022-07-14,53700,"ID118395068524263",68600,1000000,50700,22
"4057",2022-07-17,50700,"ID118395068524263",68600,1000000,49400,22
"4058",2022-08-16,49400,"ID118395068524263",68600,1000000,50700,22
"4059",2022-09-02,47500,"ID118395068524263",68600,1000000,50700,22
"4060",2023-07-05,68200,"ID118395068524263",68600,1000000,50000,22
"4061",2023-07-09,52700,"ID118395068524263",68600,1000000,50700,22
"4062",2023-07-26,50000,"ID118395068524263",68600,1000000,50900,22
"4063",2023-07-29,50700,"ID118395068524263",68600,1000000,50900,22
"4064",2023-08-08,50900,"ID118395068524263",68600,1000000,50900,22
"4065",2023-08-17,51300,"ID118395068524263",68600,1000000,51300,22
"4066",2023-08-20,51900,"ID118395068524263",68600,1000000,51900,22
"4067",2023-09-07,56000,"ID118395068524263",68600,1000000,55000,22
"4068",2024-07-06,55000,"ID118395068524263",68600,1000000,56000,22
"4069",2024-07-08,57500,"ID118395068524263",68600,1000000,56900,22
"4070",2024-07-26,56900,"ID118395068524263",68600,1000000,57400,22
"4071",2024-07-30,58500,"ID118395068524263",68600,1000000,57500,22
"4072",2024-08-05,57400,"ID118395068524263",68600,1000000,57400,22
"4073",2024-08-14,57800,"ID118395068524263",68600,1000000,57400,22
"4074",2020-07-05,100,"ID118407953426133",8100,1000000,10900,8
"4075",2023-07-05,10900,"ID118407953426133",8100,1000000,10900,8
"4076",2023-07-26,10600,"ID118407953426133",8100,1000000,10900,8
"4077",2023-08-08,12700,"ID118407953426133",8100,1000000,11200,8
"4078",2023-08-20,11200,"ID118407953426133",8100,1000000,12700,8
"4079",2024-07-30,13800,"ID118407953426133",8100,1000000,13600,8
"4080",2024-08-05,13600,"ID118407953426133",8100,1000000,13800,8
"4081",2024-08-14,14400,"ID118407953426133",8100,1000000,14400,8
"4082",2020-08-23,4000,"ID118459493032138",18300,1000000,14600,18
"4083",2020-09-09,9400,"ID118459493032138",18300,1000000,14600,18
"4084",2021-08-06,19900,"ID118459493032138",18300,1000000,19900,18
"4085",2022-07-17,20200,"ID118459493032138",18300,1000000,20200,18
"4086",2022-08-16,22600,"ID118459493032138",18300,1000000,22600,18
"4087",2023-07-02,30700,"ID118459493032138",18300,1000000,22600,18
"4088",2023-07-09,23700,"ID118459493032138",18300,1000000,22600,18
"4089",2023-07-26,20600,"ID118459493032138",18300,1000000,21700,18
"4090",2023-07-29,20900,"ID118459493032138",18300,1000000,21700,18
"4091",2023-08-08,21700,"ID118459493032138",18300,1000000,21700,18
"4092",2023-08-20,22300,"ID118459493032138",18300,1000000,22300,18
"4093",2023-09-07,22300,"ID118459493032138",18300,1000000,22300,18
"4094",2024-07-07,23000,"ID118459493032138",18300,1000000,22300,18
"4095",2024-07-08,22800,"ID118459493032138",18300,1000000,22300,18
"4096",2024-07-28,15000,"ID118459493032138",18300,1000000,22800,18
"4097",2024-07-30,22300,"ID118459493032138",18300,1000000,22300,18
"4098",2024-08-07,23100,"ID118459493032138",18300,1000000,22000,18
"4099",2024-08-17,22000,"ID118459493032138",18300,1000000,22000,18
"4100",2020-08-13,7700,"ID118485262836044",26200,1000000,11500,16
"4101",2020-08-23,11500,"ID118485262836044",26200,1000000,11500,16
"4102",2020-09-09,21300,"ID118485262836044",26200,1000000,14100,16
"4103",2021-07-22,14100,"ID118485262836044",26200,1000000,21300,16
"4104",2021-08-06,47800,"ID118485262836044",26200,1000000,43100,16
"4105",2022-08-04,49000,"ID118485262836044",26200,1000000,47800,16
"4106",2023-07-09,43100,"ID118485262836044",26200,1000000,48700,16
"4107",2023-07-29,51100,"ID118485262836044",26200,1000000,48700,16
"4108",2023-08-08,48700,"ID118485262836044",26200,1000000,44600,16
"4109",2023-08-17,44600,"ID118485262836044",26200,1000000,47300,16
"4110",2023-08-20,43200,"ID118485262836044",26200,1000000,44600,16
"4111",2023-09-07,47300,"ID118485262836044",26200,1000000,44200,16
"4112",2024-07-06,44100,"ID118485262836044",26200,1000000,44200,16
"4113",2024-07-08,44200,"ID118485262836044",26200,1000000,44700,16
"4114",2024-07-30,45800,"ID118485262836044",26200,1000000,44700,16
"4115",2024-08-14,44700,"ID118485262836044",26200,1000000,45800,16
"4116",2021-08-06,167000,"ID118489557803266",109700,1000000,105900,4
"4117",2022-07-17,185900,"ID118489557803266",109700,1000000,111900,4
"4118",2023-08-20,105900,"ID118489557803266",109700,1000000,111900,4
"4119",2023-09-07,111900,"ID118489557803266",109700,1000000,105900,4
"4120",2019-07-20,300,"ID118532507476752",8100,1000000,5800,8
"4121",2019-07-29,900,"ID118532507476752",8100,1000000,900,8
"4122",2020-07-05,5800,"ID118532507476752",8100,1000000,900,8
"4123",2020-07-17,200,"ID118532507476752",8100,1000000,900,8
"4124",2020-08-01,1100,"ID118532507476752",8100,1000000,500,8
"4125",2020-08-13,300,"ID118532507476752",8100,1000000,500,8
"4126",2020-08-23,500,"ID118532507476752",8100,1000000,1100,8
"4127",2021-09-22,15100,"ID118532507476752",8100,1000000,15100,8
"4128",2021-08-03,27000,"ID118549687345926",34200,1000000,35600,19
"4129",2021-08-06,35600,"ID118549687345926",34200,1000000,35600,19
"4130",2021-09-22,42800,"ID118549687345926",34200,1000000,42800,19
"4131",2022-08-04,44200,"ID118549687345926",34200,1000000,44200,19
"4132",2022-08-16,52400,"ID118549687345926",34200,1000000,45400,19
"4133",2022-09-02,45400,"ID118549687345926",34200,1000000,52400,19
"4134",2023-07-05,60800,"ID118549687345926",34200,1000000,54300,19
"4135",2023-07-09,56700,"ID118549687345926",34200,1000000,55200,19
"4136",2023-07-26,54300,"ID118549687345926",34200,1000000,55600,19
"4137",2023-07-29,55200,"ID118549687345926",34200,1000000,55200,19
"4138",2023-08-08,55600,"ID118549687345926",34200,1000000,54400,19
"4139",2023-08-17,54400,"ID118549687345926",34200,1000000,55200,19
"4140",2023-08-20,54300,"ID118549687345926",34200,1000000,55600,19
"4141",2023-09-07,61300,"ID118549687345926",34200,1000000,58900,19
"4142",2024-07-06,58900,"ID118549687345926",34200,1000000,59800,19
"4143",2024-07-08,60600,"ID118549687345926",34200,1000000,60600,19
"4144",2024-07-26,59800,"ID118549687345926",34200,1000000,59800,19
"4145",2024-07-30,61200,"ID118549687345926",34200,1000000,59800,19
"4146",2024-08-14,59400,"ID118549687345926",34200,1000000,59400,19
"4147",2020-08-13,4300,"ID118549687346836",18500,1000000,4300,24
"4148",2020-09-09,2700,"ID118549687346836",18500,1000000,4300,24
"4149",2021-07-17,3700,"ID118549687346836",18500,1000000,4300,24
"4150",2021-08-03,4800,"ID118549687346836",18500,1000000,4800,24
"4151",2021-08-06,8600,"ID118549687346836",18500,1000000,6500,24
"4152",2021-09-22,8900,"ID118549687346836",18500,1000000,6500,24
"4153",2022-07-14,6500,"ID118549687346836",18500,1000000,6500,24
"4154",2022-07-17,5900,"ID118549687346836",18500,1000000,6100,24
"4155",2022-08-16,6100,"ID118549687346836",18500,1000000,6100,24
"4156",2022-09-02,5900,"ID118549687346836",18500,1000000,6100,24
"4157",2023-07-05,10000,"ID118549687346836",18500,1000000,6100,24
"4158",2023-07-09,9100,"ID118549687346836",18500,1000000,6200,24
"4159",2023-07-26,5900,"ID118549687346836",18500,1000000,6300,24
"4160",2023-07-29,6200,"ID118549687346836",18500,1000000,6300,24
"4161",2023-08-08,6300,"ID118549687346836",18500,1000000,6300,24
"4162",2023-08-17,6400,"ID118549687346836",18500,1000000,6400,24
"4163",2023-08-20,6400,"ID118549687346836",18500,1000000,6400,24
"4164",2023-09-07,7000,"ID118549687346836",18500,1000000,7000,24
"4165",2024-07-06,7200,"ID118549687346836",18500,1000000,7100,24
"4166",2024-07-08,7100,"ID118549687346836",18500,1000000,7200,24
"4167",2024-07-26,7800,"ID118549687346836",18500,1000000,7800,24
"4168",2024-07-30,8500,"ID118549687346836",18500,1000000,8100,24
"4169",2024-08-05,8100,"ID118549687346836",18500,1000000,8400,24
"4170",2024-08-14,8400,"ID118549687346836",18500,1000000,8500,24
"4171",2019-07-29,92500,"ID118584047083780",138500,1000000,92500,7
"4172",2020-07-05,81100,"ID118584047083780",138500,1000000,92500,7
"4173",2020-08-13,90800,"ID118584047083780",138500,1000000,92500,7
"4174",2022-09-02,228800,"ID118584047083780",138500,1000000,215100,7
"4175",2023-08-20,215100,"ID118584047083780",138500,1000000,223600,7
"4176",2023-09-07,223600,"ID118584047083780",138500,1000000,223600,7
"4177",2024-07-30,225300,"ID118584047083780",138500,1000000,215100,7
"4178",2021-09-22,17200,"ID118584047084986",29200,1000000,19700,15
"4179",2022-08-04,17400,"ID118584047084986",29200,1000000,19700,15
"4180",2022-08-16,19700,"ID118584047084986",29200,1000000,19700,15
"4181",2022-09-02,20100,"ID118584047084986",29200,1000000,20100,15
"4182",2023-07-26,22200,"ID118584047084986",29200,1000000,22000,15
"4183",2023-07-29,22000,"ID118584047084986",29200,1000000,22000,15
"4184",2023-08-08,22000,"ID118584047084986",29200,1000000,22000,15
"4185",2023-08-17,21000,"ID118584047084986",29200,1000000,22000,15
"4186",2023-08-20,21200,"ID118584047084986",29200,1000000,22000,15
"4187",2024-07-06,24300,"ID118584047084986",29200,1000000,22900,15
"4188",2024-07-08,24300,"ID118584047084986",29200,1000000,24300,15
"4189",2024-07-26,22900,"ID118584047084986",29200,1000000,24300,15
"4190",2024-07-30,25900,"ID118584047084986",29200,1000000,24400,15
"4191",2024-08-05,29700,"ID118584047084986",29200,1000000,25900,15
"4192",2024-08-14,24400,"ID118584047084986",29200,1000000,29700,15
"4193",2019-07-29,6700,"ID118605521920312",26000,1000000,6700,6
"4194",2020-08-13,5700,"ID118605521920312",26000,1000000,8900,6
"4195",2022-09-02,9400,"ID118605521920312",26000,1000000,8900,6
"4196",2023-08-20,8900,"ID118605521920312",26000,1000000,9200,6
"4197",2023-09-07,9600,"ID118605521920312",26000,1000000,9200,6
"4198",2024-07-30,9200,"ID118605521920312",26000,1000000,8900,6
"4199",2019-07-29,4400,"ID118609816888078",11700,1000000,4900,7
"4200",2020-07-05,2800,"ID118609816888078",11700,1000000,4400,7
"4201",2020-07-17,4900,"ID118609816888078",11700,1000000,4400,7
"4202",2020-08-23,2700,"ID118609816888078",11700,1000000,4900,7
"4203",2021-09-22,13800,"ID118609816888078",11700,1000000,13500,7
"4204",2023-07-05,14100,"ID118609816888078",11700,1000000,13500,7
"4205",2023-07-09,13500,"ID118609816888078",11700,1000000,13500,7
"4206",2020-08-01,91000,"ID118622701789356",50600,1000000,19900,7
"4207",2020-08-13,63900,"ID118622701789356",50600,1000000,19900,7
"4208",2022-07-12,19900,"ID118622701789356",50600,1000000,19900,7
"4209",2022-07-17,19800,"ID118622701789356",50600,1000000,19900,7
"4210",2022-08-16,14600,"ID118622701789356",50600,1000000,19900,7
"4211",2023-07-02,51200,"ID118622701789356",50600,1000000,39200,7
"4212",2023-09-07,39200,"ID118622701789356",50600,1000000,51200,7
"4213",2020-08-23,7900,"ID118661356495279",27400,1000000,44400,5
"4214",2023-07-29,44400,"ID118661356495279",27400,1000000,44400,5
"4215",2023-08-08,45300,"ID118661356495279",27400,1000000,44400,5
"4216",2023-08-17,45700,"ID118661356495279",27400,1000000,45300,5
"4217",2023-08-20,44100,"ID118661356495279",27400,1000000,45700,5
"4218",2019-07-20,668300,"ID118661356496372",716900,1000000,668300,9
"4219",2019-07-29,672800,"ID118661356496372",716900,1000000,668300,9
"4220",2019-09-12,701600,"ID118661356496372",716900,1000000,672800,9
"4221",2020-07-05,667800,"ID118661356496372",716900,1000000,701600,9
"4222",2021-09-22,706400,"ID118661356496372",716900,1000000,706400,9
"4223",2022-07-14,714700,"ID118661356496372",716900,1000000,710800,9
"4224",2022-07-17,710800,"ID118661356496372",716900,1000000,712200,9
"4225",2023-08-20,712200,"ID118661356496372",716900,1000000,712200,9
"4226",2023-09-07,732800,"ID118661356496372",716900,1000000,710800,9
"4227",2021-08-03,189100,"ID118665651463853",265600,1000000,192100,6
"4228",2021-09-22,171200,"ID118665651463853",265600,1000000,192100,6
"4229",2022-09-02,192100,"ID118665651463853",265600,1000000,192100,6
"4230",2024-07-26,225800,"ID118665651463853",265600,1000000,225800,6
"4231",2024-07-30,244800,"ID118665651463853",265600,1000000,229200,6
"4232",2024-08-05,229200,"ID118665651463853",265600,1000000,244800,6
"4233",2019-07-18,435300,"ID118669946429728",493400,1000000,429000,7
"4234",2019-07-29,442700,"ID118669946429728",493400,1000000,435300,7
"4235",2020-07-05,429000,"ID118669946429728",493400,1000000,442700,7
"4236",2022-07-12,638700,"ID118669946429728",493400,1000000,557900,7
"4237",2022-09-02,678700,"ID118669946429728",493400,1000000,557900,7
"4238",2023-07-02,557900,"ID118669946429728",493400,1000000,557900,7
"4239",2023-07-26,513900,"ID118669946429728",493400,1000000,513900,7
"4240",2021-08-06,21300,"ID118678536364180",67400,1000000,26800,6
"4241",2022-08-16,26800,"ID118678536364180",67400,1000000,26800,6
"4242",2022-09-02,25300,"ID118678536364180",67400,1000000,26800,6
"4243",2023-07-02,47200,"ID118678536364180",67400,1000000,29000,6
"4244",2024-07-07,29000,"ID118678536364180",67400,1000000,29100,6
"4245",2024-07-08,29100,"ID118678536364180",67400,1000000,47200,6
"4246",2019-07-20,6700,"ID118682831331750",25700,1000000,14900,11
"4247",2019-07-29,12400,"ID118682831331750",25700,1000000,12400,11
"4248",2020-08-23,14900,"ID118682831331750",25700,1000000,12400,11
"4249",2020-09-09,12000,"ID118682831331750",25700,1000000,14400,11
"4250",2021-08-06,50200,"ID118682831331750",25700,1000000,14500,11
"4251",2023-08-17,14400,"ID118682831331750",25700,1000000,14400,11
"4252",2023-08-20,14500,"ID118682831331750",25700,1000000,14500,11
"4253",2023-09-07,14200,"ID118682831331750",25700,1000000,14500,11
"4254",2024-07-06,14600,"ID118682831331750",25700,1000000,14600,11
"4255",2024-07-08,14900,"ID118682831331750",25700,1000000,14600,11
"4256",2024-07-26,16800,"ID118682831331750",25700,1000000,14900,11
"4257",2019-07-20,131000,"ID118708601136817",141800,1000000,99300,8
"4258",2020-08-13,99300,"ID118708601136817",141800,1000000,99300,8
"4259",2020-08-23,120300,"ID118708601136817",141800,1000000,120300,8
"4260",2020-09-09,98100,"ID118708601136817",141800,1000000,120300,8
"4261",2021-08-03,147000,"ID118708601136817",141800,1000000,147000,8
"4262",2022-07-14,174800,"ID118708601136817",141800,1000000,172500,8
"4263",2024-07-06,172500,"ID118708601136817",141800,1000000,172500,8
"4264",2024-07-08,181800,"ID118708601136817",141800,1000000,172500,8
"4265",2019-07-20,666700,"ID118721486038515",677400,1000000,661300,10
"4266",2019-07-29,668300,"ID118721486038515",677400,1000000,661300,10
"4267",2019-09-12,661300,"ID118721486038515",677400,1000000,661300,10
"4268",2020-07-17,618300,"ID118721486038515",677400,1000000,661300,10
"4269",2020-08-01,620500,"ID118721486038515",677400,1000000,661300,10
"4270",2021-09-22,753200,"ID118721486038515",677400,1000000,753200,10
"4271",2022-09-02,768100,"ID118721486038515",677400,1000000,764800,10
"4272",2023-08-20,767600,"ID118721486038515",677400,1000000,767600,10
"4273",2023-09-07,764800,"ID118721486038515",677400,1000000,767600,10
"4274",2024-07-08,780000,"ID118721486038515",677400,1000000,764800,10
"4275",2019-07-20,5600,"ID118725781005881",32200,1000000,20300,6
"4276",2019-07-29,9600,"ID118725781005881",32200,1000000,20300,6
"4277",2022-07-14,20300,"ID118725781005881",32200,1000000,20300,6
"4278",2022-07-17,26700,"ID118725781005881",32200,1000000,23700,6
"4279",2022-08-04,26900,"ID118725781005881",32200,1000000,23700,6
"4280",2022-08-16,23700,"ID118725781005881",32200,1000000,23700,6
"4281",2020-08-23,3600,"ID118738665907656",20400,1000000,6000,9
"4282",2020-09-09,3400,"ID118738665907656",20400,1000000,6000,9
"4283",2021-07-17,6000,"ID118738665907656",20400,1000000,6000,9
"4284",2021-08-03,7000,"ID118738665907656",20400,1000000,7000,9
"4285",2021-08-06,7500,"ID118738665907656",20400,1000000,7500,9
"4286",2024-07-26,9200,"ID118738665907656",20400,1000000,9200,9
"4287",2024-07-30,10200,"ID118738665907656",20400,1000000,9500,9
"4288",2024-08-05,9600,"ID118738665907656",20400,1000000,9600,9
"4289",2024-08-14,9500,"ID118738665907656",20400,1000000,10200,9
"4290",2019-07-20,14400,"ID118738665907840",30700,1000000,14400,4
"4291",2022-09-02,59800,"ID118738665907840",30700,1000000,53700,4
"4292",2023-07-26,53700,"ID118738665907840",30700,1000000,53700,4
"4293",2024-07-06,59800,"ID118738665907840",30700,1000000,59800,4
"4294",2019-07-18,455600,"ID118773025644838",548900,1000000,455600,9
"4295",2019-07-29,460900,"ID118773025644838",548900,1000000,460900,9
"4296",2021-08-06,589700,"ID118773025644838",548900,1000000,574100,9
"4297",2023-07-02,585000,"ID118773025644838",548900,1000000,574100,9
"4298",2023-07-09,574100,"ID118773025644838",548900,1000000,574100,9
"4299",2023-07-26,557500,"ID118773025644838",548900,1000000,558100,9
"4300",2023-07-29,555100,"ID118773025644838",548900,1000000,558100,9
"4301",2023-08-20,558100,"ID118773025644838",548900,1000000,558100,9
"4302",2024-07-30,560400,"ID118773025644838",548900,1000000,558100,9
"4303",2022-08-16,26900,"ID118807385384689",36500,1000000,19100,5
"4304",2022-09-02,19100,"ID118807385384689",36500,1000000,23800,5
"4305",2023-07-05,26200,"ID118807385384689",36500,1000000,26200,5
"4306",2023-07-09,23800,"ID118807385384689",36500,1000000,26200,5
"4307",2024-08-14,27300,"ID118807385384689",36500,1000000,26200,5
"4308",2019-07-20,156900,"ID118815975319105",121400,1000000,118500,7
"4309",2020-08-23,118500,"ID118815975319105",121400,1000000,139200,7
"4310",2020-09-09,139200,"ID118815975319105",121400,1000000,156900,7
"4311",2022-08-04,199400,"ID118815975319105",121400,1000000,198200,7
"4312",2022-08-16,206400,"ID118815975319105",121400,1000000,199400,7
"4313",2022-09-02,198200,"ID118815975319105",121400,1000000,199400,7
"4314",2024-07-06,238300,"ID118815975319105",121400,1000000,198200,7
"4315",2019-09-12,600,"ID118858924991935",11700,1000000,8900,6
"4316",2022-07-17,6400,"ID118858924991935",11700,1000000,8900,6
"4317",2023-07-09,8900,"ID118858924991935",11700,1000000,8900,6
"4318",2023-07-26,12600,"ID118858924991935",11700,1000000,10400,6
"4319",2023-07-29,11700,"ID118858924991935",11700,1000000,11700,6
"4320",2024-07-26,10400,"ID118858924991935",11700,1000000,12600,6
"4321",2019-09-12,27600,"ID118880399828375",57900,1000000,27600,4
"4322",2023-07-05,90100,"ID118880399828375",57900,1000000,90100,4
"4323",2023-07-09,97800,"ID118880399828375",57900,1000000,90100,4
"4324",2024-07-08,110100,"ID118880399828375",57900,1000000,90100,4
"4325",2020-07-17,10300,"ID118880399828455",11900,1000000,10300,25
"4326",2020-09-09,5800,"ID118880399828455",11900,1000000,8900,25
"4327",2021-07-17,7300,"ID118880399828455",11900,1000000,8900,25
"4328",2021-08-03,8900,"ID118880399828455",11900,1000000,8900,25
"4329",2021-08-06,11600,"ID118880399828455",11900,1000000,11600,25
"4330",2021-09-22,11800,"ID118880399828455",11900,1000000,11600,25
"4331",2022-07-14,11700,"ID118880399828455",11900,1000000,11600,25
"4332",2022-07-17,10800,"ID118880399828455",11900,1000000,10900,25
"4333",2022-08-04,10800,"ID118880399828455",11900,1000000,10800,25
"4334",2022-08-16,10900,"ID118880399828455",11900,1000000,10800,25
"4335",2022-09-02,10700,"ID118880399828455",11900,1000000,10900,25
"4336",2023-07-05,12100,"ID118880399828455",11900,1000000,11300,25
"4337",2023-07-09,12000,"ID118880399828455",11900,1000000,12000,25
"4338",2023-07-26,11300,"ID118880399828455",11900,1000000,12100,25
"4339",2023-07-29,12500,"ID118880399828455",11900,1000000,12000,25
"4340",2023-08-08,12900,"ID118880399828455",11900,1000000,11600,25
"4341",2023-08-17,11500,"ID118880399828455",11900,1000000,12500,25
"4342",2023-08-20,11600,"ID118880399828455",11900,1000000,12900,25
"4343",2023-09-07,13300,"ID118880399828455",11900,1000000,13200,25
"4344",2024-07-06,13200,"ID118880399828455",11900,1000000,13300,25
"4345",2024-07-08,14100,"ID118880399828455",11900,1000000,13600,25
"4346",2024-07-26,13600,"ID118880399828455",11900,1000000,13800,25
"4347",2024-07-30,13800,"ID118880399828455",11900,1000000,13800,25
"4348",2024-08-05,13800,"ID118880399828455",11900,1000000,13600,25
"4349",2024-08-14,13500,"ID118880399828455",11900,1000000,13500,25
"4350",2019-07-20,4000,"ID118880399828601",12600,1000000,4200,31
"4351",2019-07-29,2000,"ID118880399828601",12600,1000000,4200,31
"4352",2020-07-05,4200,"ID118880399828601",12600,1000000,4200,31
"4353",2020-07-17,4700,"ID118880399828601",12600,1000000,4700,31
"4354",2020-08-01,4700,"ID118880399828601",12600,1000000,4700,31
"4355",2020-08-13,5900,"ID118880399828601",12600,1000000,5700,31
"4356",2020-08-23,5700,"ID118880399828601",12600,1000000,5900,31
"4357",2020-09-09,6400,"ID118880399828601",12600,1000000,6400,31
"4358",2021-07-17,9100,"ID118880399828601",12600,1000000,7900,31
"4359",2021-08-03,7900,"ID118880399828601",12600,1000000,8100,31
"4360",2021-08-06,8100,"ID118880399828601",12600,1000000,8200,31
"4361",2021-09-22,8200,"ID118880399828601",12600,1000000,8200,31
"4362",2022-07-14,9300,"ID118880399828601",12600,1000000,8400,31
"4363",2022-07-17,9100,"ID118880399828601",12600,1000000,8500,31
"4364",2022-08-04,8400,"ID118880399828601",12600,1000000,8800,31
"4365",2022-08-16,8500,"ID118880399828601",12600,1000000,8500,31
"4366",2022-09-02,8800,"ID118880399828601",12600,1000000,8400,31
"4367",2023-07-05,6400,"ID118880399828601",12600,1000000,8500,31
"4368",2023-07-09,5500,"ID118880399828601",12600,1000000,8500,31
"4369",2023-07-26,8600,"ID118880399828601",12600,1000000,8400,31
"4370",2023-07-29,8500,"ID118880399828601",12600,1000000,8400,31
"4371",2023-08-08,8400,"ID118880399828601",12600,1000000,8400,31
"4372",2023-08-17,7900,"ID118880399828601",12600,1000000,8400,31
"4373",2023-08-20,8300,"ID118880399828601",12600,1000000,8400,31
"4374",2023-09-07,9300,"ID118880399828601",12600,1000000,9300,31
"4375",2024-07-06,9900,"ID118880399828601",12600,1000000,9500,31
"4376",2024-07-08,9500,"ID118880399828601",12600,1000000,9500,31
"4377",2024-07-26,9800,"ID118880399828601",12600,1000000,9800,31
"4378",2024-07-30,9400,"ID118880399828601",12600,1000000,9500,31
"4379",2024-08-05,9900,"ID118880399828601",12600,1000000,9800,31
"4380",2024-08-14,9400,"ID118880399828601",12600,1000000,9900,31
"4381",2019-07-20,64800,"ID118884694795773",52100,1000000,46100,7
"4382",2020-07-05,61000,"ID118884694795773",52100,1000000,46100,7
"4383",2020-07-17,46100,"ID118884694795773",52100,1000000,61000,7
"4384",2020-08-01,40600,"ID118884694795773",52100,1000000,61000,7
"4385",2020-08-13,65700,"ID118884694795773",52100,1000000,65700,7
"4386",2020-08-23,72500,"ID118884694795773",52100,1000000,65700,7
"4387",2020-09-09,76900,"ID118884694795773",52100,1000000,65700,7
"4388",2019-09-12,4000,"ID118893284730316",27200,1000000,21300,4
"4389",2020-07-05,16100,"ID118893284730316",27200,1000000,21300,4
"4390",2020-07-17,21300,"ID118893284730316",27200,1000000,16100,4
"4391",2020-08-01,21400,"ID118893284730316",27200,1000000,16100,4
"4392",2019-07-18,12100,"ID118897579696425",18000,1000000,11800,5
"4393",2020-07-17,11800,"ID118897579696425",18000,1000000,11800,5
"4394",2020-08-01,10400,"ID118897579696425",18000,1000000,12100,5
"4395",2022-07-17,35400,"ID118897579696425",18000,1000000,33700,5
"4396",2023-07-02,33700,"ID118897579696425",18000,1000000,35400,5
"4397",2021-08-03,15700,"ID118901874665026",38000,1000000,15900,15
"4398",2021-09-22,15900,"ID118901874665026",38000,1000000,15900,15
"4399",2022-08-04,16300,"ID118901874665026",38000,1000000,16300,15
"4400",2022-08-16,17700,"ID118901874665026",38000,1000000,17700,15
"4401",2022-09-02,20200,"ID118901874665026",38000,1000000,18500,15
"4402",2023-07-09,18500,"ID118901874665026",38000,1000000,18500,15
"4403",2023-07-26,19700,"ID118901874665026",38000,1000000,19200,15
"4404",2023-07-29,18000,"ID118901874665026",38000,1000000,19200,15
"4405",2023-08-08,19200,"ID118901874665026",38000,1000000,19700,15
"4406",2023-08-17,19700,"ID118901874665026",38000,1000000,19700,15
"4407",2024-07-06,20100,"ID118901874665026",38000,1000000,20100,15
"4408",2024-07-26,23500,"ID118901874665026",38000,1000000,21300,15
"4409",2024-07-30,22600,"ID118901874665026",38000,1000000,22400,15
"4410",2024-08-05,21300,"ID118901874665026",38000,1000000,22600,15
"4411",2024-08-14,22400,"ID118901874665026",38000,1000000,22400,15
"4412",2021-08-03,90400,"ID118914759566811",87000,1000000,48100,21
"4413",2021-09-22,71100,"ID118914759566811",87000,1000000,48600,21
"4414",2022-07-14,48100,"ID118914759566811",87000,1000000,71100,21
"4415",2022-07-17,48600,"ID118914759566811",87000,1000000,54800,21
"4416",2022-08-04,72200,"ID118914759566811",87000,1000000,54300,21
"4417",2022-08-16,54800,"ID118914759566811",87000,1000000,54800,21
"4418",2022-09-02,54300,"ID118914759566811",87000,1000000,55000,21
"4419",2023-07-05,55200,"ID118914759566811",87000,1000000,55000,21
"4420",2023-07-09,55000,"ID118914759566811",87000,1000000,55200,21
"4421",2023-07-26,56000,"ID118914759566811",87000,1000000,56000,21
"4422",2023-07-29,58500,"ID118914759566811",87000,1000000,58500,21
"4423",2023-08-08,58800,"ID118914759566811",87000,1000000,58800,21
"4424",2023-08-17,59700,"ID118914759566811",87000,1000000,59200,21
"4425",2023-08-20,59200,"ID118914759566811",87000,1000000,59700,21
"4426",2023-09-07,59700,"ID118914759566811",87000,1000000,59700,21
"4427",2024-07-06,63500,"ID118914759566811",87000,1000000,63500,21
"4428",2024-07-08,65100,"ID118914759566811",87000,1000000,65100,21
"4429",2024-07-26,66500,"ID118914759566811",87000,1000000,66200,21
"4430",2024-07-30,66200,"ID118914759566811",87000,1000000,66500,21
"4431",2024-08-05,68900,"ID118914759566811",87000,1000000,68900,21
"4432",2024-08-14,69100,"ID118914759566811",87000,1000000,69100,21
"4433",2020-08-23,14000,"ID118931939436006",9900,1000000,16400,9
"4434",2021-07-17,15000,"ID118931939436006",9900,1000000,16400,9
"4435",2022-09-02,16400,"ID118931939436006",9900,1000000,16400,9
"4436",2023-07-26,18000,"ID118931939436006",9900,1000000,17200,9
"4437",2023-07-29,17900,"ID118931939436006",9900,1000000,17900,9
"4438",2023-08-20,17200,"ID118931939436006",9900,1000000,18000,9
"4439",2023-09-07,18800,"ID118931939436006",9900,1000000,17900,9
"4440",2024-07-08,19300,"ID118931939436006",9900,1000000,17200,9
"4441",2024-07-30,17200,"ID118931939436006",9900,1000000,18800,9
"4442",2022-07-14,78700,"ID118966299174351",144500,1000000,78700,18
"4443",2022-07-17,167600,"ID118966299174351",144500,1000000,83400,18
"4444",2022-08-16,85000,"ID118966299174351",144500,1000000,84500,18
"4445",2022-09-02,83400,"ID118966299174351",144500,1000000,84500,18
"4446",2023-07-05,84500,"ID118966299174351",144500,1000000,84500,18
"4447",2023-07-09,83100,"ID118966299174351",144500,1000000,84500,18
"4448",2023-07-26,84700,"ID118966299174351",144500,1000000,84700,18
"4449",2023-07-29,87400,"ID118966299174351",144500,1000000,87400,18
"4450",2023-08-08,88100,"ID118966299174351",144500,1000000,88100,18
"4451",2023-08-17,88300,"ID118966299174351",144500,1000000,88300,18
"4452",2023-08-20,88300,"ID118966299174351",144500,1000000,88300,18
"4453",2023-09-07,90500,"ID118966299174351",144500,1000000,90500,18
"4454",2024-07-06,93400,"ID118966299174351",144500,1000000,93400,18
"4455",2024-07-08,94600,"ID118966299174351",144500,1000000,94600,18
"4456",2024-07-26,95600,"ID118966299174351",144500,1000000,95600,18
"4457",2024-07-30,96600,"ID118966299174351",144500,1000000,96600,18
"4458",2024-08-05,104900,"ID118966299174351",144500,1000000,97300,18
"4459",2024-08-14,97300,"ID118966299174351",144500,1000000,97300,18
"4460",2019-07-20,79600,"ID118992068978357",44500,1000000,23900,4
"4461",2020-08-13,21200,"ID118992068978357",44500,1000000,47800,4
"4462",2020-08-23,47800,"ID118992068978357",44500,1000000,47800,4
"4463",2020-09-09,63400,"ID118992068978357",44500,1000000,21200,4
"4464",2020-08-13,9600,"ID119047903552333",27300,1000000,12700,23
"4465",2020-09-09,8700,"ID119047903552333",27300,1000000,13400,23
"4466",2021-08-03,27400,"ID119047903552333",27300,1000000,15100,23
"4467",2021-08-06,16300,"ID119047903552333",27300,1000000,16300,23
"4468",2021-09-22,15100,"ID119047903552333",27300,1000000,18900,23
"4469",2022-07-14,19200,"ID119047903552333",27300,1000000,18000,23
"4470",2022-07-17,18900,"ID119047903552333",27300,1000000,18700,23
"4471",2022-08-04,18000,"ID119047903552333",27300,1000000,18700,23
"4472",2022-08-16,18700,"ID119047903552333",27300,1000000,18700,23
"4473",2022-09-02,15900,"ID119047903552333",27300,1000000,18700,23
"4474",2023-07-05,26400,"ID119047903552333",27300,1000000,18800,23
"4475",2023-07-09,25500,"ID119047903552333",27300,1000000,20300,23
"4476",2023-07-26,18800,"ID119047903552333",27300,1000000,21100,23
"4477",2023-07-29,20300,"ID119047903552333",27300,1000000,20300,23
"4478",2023-08-08,21100,"ID119047903552333",27300,1000000,20100,23
"4479",2023-08-17,20000,"ID119047903552333",27300,1000000,20300,23
"4480",2023-08-20,20100,"ID119047903552333",27300,1000000,21100,23
"4481",2024-07-06,21100,"ID119047903552333",27300,1000000,21100,23
"4482",2024-07-08,21800,"ID119047903552333",27300,1000000,21800,23
"4483",2024-07-26,22300,"ID119047903552333",27300,1000000,21800,23
"4484",2024-07-30,22700,"ID119047903552333",27300,1000000,22300,23
"4485",2024-08-05,20400,"ID119047903552333",27300,1000000,22300,23
"4486",2024-08-14,23500,"ID119047903552333",27300,1000000,20400,23
"4487",2020-08-13,4100,"ID119065083420919",15600,1000000,5200,4
"4488",2020-08-23,4700,"ID119065083420919",15600,1000000,5200,4
"4489",2020-09-09,5200,"ID119065083420919",15600,1000000,4700,4
"4490",2023-09-07,25700,"ID119065083420919",15600,1000000,4700,4
"4491",2020-07-05,300,"ID119065083422424",8100,1000000,700,7
"4492",2020-07-17,700,"ID119065083422424",8100,1000000,300,7
"4493",2020-08-23,300,"ID119065083422424",8100,1000000,300,7
"4494",2020-09-09,200,"ID119065083422424",8100,1000000,700,7
"4495",2021-08-06,7400,"ID119065083422424",8100,1000000,6100,7
"4496",2021-09-22,8300,"ID119065083422424",8100,1000000,7400,7
"4497",2022-07-14,6100,"ID119065083422424",8100,1000000,8300,7
"4498",2019-07-18,39100,"ID119090853224708",65000,1000000,31700,18
"4499",2020-08-13,31700,"ID119090853224708",65000,1000000,34500,18
"4500",2020-08-23,51100,"ID119090853224708",65000,1000000,39100,18
"4501",2020-09-09,34500,"ID119090853224708",65000,1000000,51100,18
"4502",2021-08-06,125800,"ID119090853224708",65000,1000000,60100,18
"4503",2022-08-16,60100,"ID119090853224708",65000,1000000,71400,18
"4504",2023-07-02,88700,"ID119090853224708",65000,1000000,71400,18
"4505",2023-07-09,71400,"ID119090853224708",65000,1000000,60100,18
"4506",2023-07-26,58000,"ID119090853224708",65000,1000000,61000,18
"4507",2023-07-29,59100,"ID119090853224708",65000,1000000,60700,18
"4508",2023-08-08,61000,"ID119090853224708",65000,1000000,60700,18
"4509",2023-08-20,60700,"ID119090853224708",65000,1000000,61000,18
"4510",2023-09-07,61700,"ID119090853224708",65000,1000000,61700,18
"4511",2024-07-07,64000,"ID119090853224708",65000,1000000,64000,18
"4512",2024-07-08,64600,"ID119090853224708",65000,1000000,64600,18
"4513",2024-07-30,67500,"ID119090853224708",65000,1000000,64800,18
"4514",2024-08-07,64800,"ID119090853224708",65000,1000000,64800,18
"4515",2024-08-17,65600,"ID119090853224708",65000,1000000,64800,18
"4516",2022-07-14,9800,"ID119095148193436",20700,1000000,11200,4
"4517",2022-07-17,4400,"ID119095148193436",20700,1000000,11200,4
"4518",2023-07-05,13600,"ID119095148193436",20700,1000000,9800,4
"4519",2023-07-09,12200,"ID119095148193436",20700,1000000,12200,4
"4520",2020-09-09,30500,"ID119108033095235",59200,1000000,30100,24
"4521",2021-07-17,30100,"ID119108033095235",59200,1000000,30500,24
"4522",2021-08-03,31700,"ID119108033095235",59200,1000000,31700,24
"4523",2021-08-06,34500,"ID119108033095235",59200,1000000,34400,24
"4524",2021-09-22,37800,"ID119108033095235",59200,1000000,34500,24
"4525",2022-07-14,34400,"ID119108033095235",59200,1000000,37800,24
"4526",2022-07-17,49500,"ID119108033095235",59200,1000000,37800,24
"4527",2022-08-04,48100,"ID119108033095235",59200,1000000,37600,24
"4528",2022-08-16,37600,"ID119108033095235",59200,1000000,39700,24
"4529",2022-09-02,37100,"ID119108033095235",59200,1000000,38800,24
"4530",2023-07-05,39700,"ID119108033095235",59200,1000000,38800,24
"4531",2023-07-09,38800,"ID119108033095235",59200,1000000,39700,24
"4532",2023-07-26,39900,"ID119108033095235",59200,1000000,39900,24
"4533",2023-07-29,40700,"ID119108033095235",59200,1000000,40700,24
"4534",2023-08-08,41900,"ID119108033095235",59200,1000000,41900,24
"4535",2023-08-17,42100,"ID119108033095235",59200,1000000,42100,24
"4536",2023-08-20,42600,"ID119108033095235",59200,1000000,42600,24
"4537",2023-09-07,43000,"ID119108033095235",59200,1000000,43000,24
"4538",2024-07-06,45200,"ID119108033095235",59200,1000000,45200,24
"4539",2024-07-08,62000,"ID119108033095235",59200,1000000,46200,24
"4540",2024-07-26,46200,"ID119108033095235",59200,1000000,47800,24
"4541",2024-07-30,48600,"ID119108033095235",59200,1000000,48600,24
"4542",2024-08-05,47800,"ID119108033095235",59200,1000000,48600,24
"4543",2024-08-14,49100,"ID119108033095235",59200,1000000,48600,24
"4544",2020-09-09,21000,"ID119129507931851",48300,1000000,21000,21
"4545",2021-07-17,55800,"ID119129507931851",48300,1000000,55800,21
"4546",2021-09-22,72600,"ID119129507931851",48300,1000000,70400,21
"4547",2022-07-14,83300,"ID119129507931851",48300,1000000,72600,21
"4548",2022-07-17,70400,"ID119129507931851",48300,1000000,74300,21
"4549",2022-08-04,88600,"ID119129507931851",48300,1000000,74300,21
"4550",2022-08-16,74300,"ID119129507931851",48300,1000000,74300,21
"4551",2022-09-02,70900,"ID119129507931851",48300,1000000,88600,21
"4552",2023-07-05,94900,"ID119129507931851",48300,1000000,75900,21
"4553",2023-07-09,92300,"ID119129507931851",48300,1000000,89700,21
"4554",2023-07-26,75900,"ID119129507931851",48300,1000000,92300,21
"4555",2023-07-29,89700,"ID119129507931851",48300,1000000,92300,21
"4556",2023-08-17,93600,"ID119129507931851",48300,1000000,93600,21
"4557",2023-08-20,94600,"ID119129507931851",48300,1000000,93600,21
"4558",2023-09-07,94100,"ID119129507931851",48300,1000000,94100,21
"4559",2024-07-06,80100,"ID119129507931851",48300,1000000,94100,21
"4560",2024-07-08,94400,"ID119129507931851",48300,1000000,85500,21
"4561",2024-07-26,82000,"ID119129507931851",48300,1000000,84900,21
"4562",2024-07-30,85500,"ID119129507931851",48300,1000000,84900,21
"4563",2024-08-05,84900,"ID119129507931851",48300,1000000,84600,21
"4564",2024-08-14,84600,"ID119129507931851",48300,1000000,84600,21
"4565",2019-07-20,27300,"ID119163867669963",20800,1000000,13800,9
"4566",2019-07-29,34900,"ID119163867669963",20800,1000000,26600,9
"4567",2019-09-12,2000,"ID119163867669963",20800,1000000,26600,9
"4568",2020-07-05,26600,"ID119163867669963",20800,1000000,23900,9
"4569",2020-07-17,22300,"ID119163867669963",20800,1000000,22300,9
"4570",2020-08-01,23900,"ID119163867669963",20800,1000000,23800,9
"4571",2020-08-13,19900,"ID119163867669963",20800,1000000,23800,9
"4572",2020-08-23,23800,"ID119163867669963",20800,1000000,23800,9
"4573",2020-09-09,37900,"ID119163867669963",20800,1000000,19900,9
"4574",2020-07-05,4800,"ID119189637473741",24000,1000000,13800,13
"4575",2020-09-09,10100,"ID119189637473741",24000,1000000,13800,13
"4576",2021-08-03,13800,"ID119189637473741",24000,1000000,13800,13
"4577",2022-08-04,17300,"ID119189637473741",24000,1000000,17300,13
"4578",2022-08-16,18300,"ID119189637473741",24000,1000000,18300,13
"4579",2023-08-08,19400,"ID119189637473741",24000,1000000,18400,13
"4580",2023-08-17,18400,"ID119189637473741",24000,1000000,19200,13
"4581",2024-07-06,19200,"ID119189637473741",24000,1000000,19200,13
"4582",2024-07-08,19200,"ID119189637473741",24000,1000000,19200,13
"4583",2024-07-26,21300,"ID119189637473741",24000,1000000,21300,13
"4584",2024-07-30,31800,"ID119189637473741",24000,1000000,21300,13
"4585",2024-08-05,21400,"ID119189637473741",24000,1000000,21300,13
"4586",2024-08-14,20600,"ID119189637473741",24000,1000000,20600,13
"4587",2020-08-13,80100,"ID119202522375697",123400,1000000,72100,26
"4588",2020-08-23,72300,"ID119202522375697",123400,1000000,72300,26
"4589",2020-09-09,72100,"ID119202522375697",123400,1000000,80100,26
"4590",2021-07-17,88200,"ID119202522375697",123400,1000000,88200,26
"4591",2021-08-03,90500,"ID119202522375697",123400,1000000,90500,26
"4592",2021-08-06,91100,"ID119202522375697",123400,1000000,91100,26
"4593",2021-09-22,102200,"ID119202522375697",123400,1000000,91100,26
"4594",2022-07-14,92500,"ID119202522375697",123400,1000000,92500,26
"4595",2022-07-17,90600,"ID119202522375697",123400,1000000,97200,26
"4596",2022-08-04,97200,"ID119202522375697",123400,1000000,94800,26
"4597",2022-08-16,101600,"ID119202522375697",123400,1000000,97200,26
"4598",2022-09-02,94800,"ID119202522375697",123400,1000000,101600,26
"4599",2023-07-05,102400,"ID119202522375697",123400,1000000,102400,26
"4600",2023-07-09,105600,"ID119202522375697",123400,1000000,103100,26
"4601",2023-07-26,103100,"ID119202522375697",123400,1000000,105600,26
"4602",2023-07-29,114900,"ID119202522375697",123400,1000000,110200,26
"4603",2023-08-08,110200,"ID119202522375697",123400,1000000,110200,26
"4604",2023-08-17,115200,"ID119202522375697",123400,1000000,114900,26
"4605",2023-08-20,99400,"ID119202522375697",123400,1000000,115200,26
"4606",2023-09-07,117000,"ID119202522375697",123400,1000000,117000,26
"4607",2024-07-06,120700,"ID119202522375697",123400,1000000,120700,26
"4608",2024-07-08,120900,"ID119202522375697",123400,1000000,120700,26
"4609",2024-07-26,122800,"ID119202522375697",123400,1000000,120900,26
"4610",2024-07-30,117300,"ID119202522375697",123400,1000000,122800,26
"4611",2024-08-05,125000,"ID119202522375697",123400,1000000,122800,26
"4612",2024-08-14,124100,"ID119202522375697",123400,1000000,117300,26
"4613",2019-07-20,2800,"ID119223997212055",19000,1000000,4100,11
"4614",2020-07-05,4100,"ID119223997212055",19000,1000000,3600,11
"4615",2020-07-17,4100,"ID119223997212055",19000,1000000,4100,11
"4616",2020-08-01,3600,"ID119223997212055",19000,1000000,4100,11
"4617",2020-08-13,4100,"ID119223997212055",19000,1000000,4100,11
"4618",2020-08-23,4900,"ID119223997212055",19000,1000000,4900,11
"4619",2020-09-09,25700,"ID119223997212055",19000,1000000,25700,11
"4620",2021-08-03,33200,"ID119223997212055",19000,1000000,32300,11
"4621",2021-08-06,35900,"ID119223997212055",19000,1000000,33200,11
"4622",2023-09-07,32300,"ID119223997212055",19000,1000000,33200,11
"4623",2024-08-05,34200,"ID119223997212055",19000,1000000,32300,11
"4624",2019-07-20,5100,"ID119365731132882",14500,1000000,6000,5
"4625",2019-07-29,6000,"ID119365731132882",14500,1000000,6800,5
"4626",2020-07-05,24400,"ID119365731132882",14500,1000000,22800,5
"4627",2020-07-17,27400,"ID119365731132882",14500,1000000,22800,5
"4628",2020-08-01,22800,"ID119365731132882",14500,1000000,24400,5
"4629",2021-08-06,51100,"ID119382911002193",68700,1000000,49000,21
"4630",2021-09-22,49000,"ID119382911002193",68700,1000000,51100,21
"4631",2022-07-14,53600,"ID119382911002193",68700,1000000,51800,21
"4632",2022-07-17,53500,"ID119382911002193",68700,1000000,52400,21
"4633",2022-08-04,51800,"ID119382911002193",68700,1000000,52400,21
"4634",2022-08-16,52400,"ID119382911002193",68700,1000000,52400,21
"4635",2022-09-02,51800,"ID119382911002193",68700,1000000,52400,21
"4636",2023-07-05,59300,"ID119382911002193",68700,1000000,54600,21
"4637",2023-07-09,56600,"ID119382911002193",68700,1000000,54700,21
"4638",2023-07-26,54600,"ID119382911002193",68700,1000000,56600,21
"4639",2023-07-29,54700,"ID119382911002193",68700,1000000,54700,21
"4640",2023-08-08,56600,"ID119382911002193",68700,1000000,54600,21
"4641",2023-08-17,53500,"ID119382911002193",68700,1000000,54700,21
"4642",2023-08-20,54600,"ID119382911002193",68700,1000000,56600,21
"4643",2023-09-07,59300,"ID119382911002193",68700,1000000,59300,21
"4644",2024-07-06,66500,"ID119382911002193",68700,1000000,59500,21
"4645",2024-07-08,59500,"ID119382911002193",68700,1000000,66100,21
"4646",2024-07-26,66100,"ID119382911002193",68700,1000000,66500,21
"4647",2024-07-30,82600,"ID119382911002193",68700,1000000,71200,21
"4648",2024-08-05,79500,"ID119382911002193",68700,1000000,79500,21
"4649",2024-08-14,71200,"ID119382911002193",68700,1000000,82600,21
"4650",2020-08-13,49200,"ID119430155642528",80000,1000000,63000,26
"4651",2020-08-23,49600,"ID119430155642528",80000,1000000,63000,26
"4652",2020-09-09,63000,"ID119430155642528",80000,1000000,63000,26
"4653",2021-07-17,64300,"ID119430155642528",80000,1000000,64300,26
"4654",2021-08-03,81300,"ID119430155642528",80000,1000000,73900,26
"4655",2021-08-06,73900,"ID119430155642528",80000,1000000,81300,26
"4656",2021-09-22,84700,"ID119430155642528",80000,1000000,84700,26
"4657",2022-07-14,85900,"ID119430155642528",80000,1000000,85900,26
"4658",2022-07-17,86000,"ID119430155642528",80000,1000000,86000,26
"4659",2022-08-04,90300,"ID119430155642528",80000,1000000,87500,26
"4660",2022-08-16,90100,"ID119430155642528",80000,1000000,90100,26
"4661",2022-09-02,87500,"ID119430155642528",80000,1000000,90300,26
"4662",2023-07-05,95900,"ID119430155642528",80000,1000000,90100,26
"4663",2023-07-09,96600,"ID119430155642528",80000,1000000,93500,26
"4664",2023-07-26,87600,"ID119430155642528",80000,1000000,93500,26
"4665",2023-07-29,93500,"ID119430155642528",80000,1000000,93500,26
"4666",2023-08-08,92800,"ID119430155642528",80000,1000000,92800,26
"4667",2023-08-17,94800,"ID119430155642528",80000,1000000,92800,26
"4668",2023-08-20,91500,"ID119430155642528",80000,1000000,92800,26
"4669",2023-09-07,91600,"ID119430155642528",80000,1000000,94800,26
"4670",2024-07-06,102400,"ID119430155642528",80000,1000000,100800,26
"4671",2024-07-08,100800,"ID119430155642528",80000,1000000,100800,26
"4672",2024-07-26,102100,"ID119430155642528",80000,1000000,101700,26
"4673",2024-07-30,99100,"ID119430155642528",80000,1000000,101600,26
"4674",2024-08-05,101700,"ID119430155642528",80000,1000000,101600,26
"4675",2024-08-14,101600,"ID119430155642528",80000,1000000,99100,26
"4676",2019-07-20,4500,"ID119438745575854",15500,1000000,9600,21
"4677",2019-07-29,3600,"ID119438745575854",15500,1000000,4500,21
"4678",2020-07-05,9600,"ID119438745575854",15500,1000000,4500,21
"4679",2020-07-17,2600,"ID119438745575854",15500,1000000,3600,21
"4680",2020-08-23,17600,"ID119438745575854",15500,1000000,9600,21
"4681",2020-09-09,2500,"ID119438745575854",15500,1000000,17600,21
"4682",2021-08-06,22500,"ID119438745575854",15500,1000000,22500,21
"4683",2022-07-14,24200,"ID119438745575854",15500,1000000,23200,21
"4684",2022-07-17,23200,"ID119438745575854",15500,1000000,24200,21
"4685",2022-09-02,26100,"ID119438745575854",15500,1000000,26100,21
"4686",2023-07-05,27900,"ID119438745575854",15500,1000000,26100,21
"4687",2023-07-09,27000,"ID119438745575854",15500,1000000,26500,21
"4688",2023-07-26,24400,"ID119438745575854",15500,1000000,26500,21
"4689",2023-07-29,26500,"ID119438745575854",15500,1000000,25700,21
"4690",2023-08-08,25700,"ID119438745575854",15500,1000000,25700,21
"4691",2023-08-20,24600,"ID119438745575854",15500,1000000,26100,21
"4692",2023-09-07,26100,"ID119438745575854",15500,1000000,26100,21
"4693",2024-07-07,26200,"ID119438745575854",15500,1000000,26100,21
"4694",2024-07-08,26400,"ID119438745575854",15500,1000000,26100,21
"4695",2024-07-30,26100,"ID119438745575854",15500,1000000,26100,21
"4696",2024-08-17,26100,"ID119438745575854",15500,1000000,26100,21
"4697",2019-07-20,4400,"ID119443040543242",9900,1000000,4400,14
"4698",2020-07-05,1700,"ID119443040543242",9900,1000000,1700,14
"4699",2020-07-17,900,"ID119443040543242",9900,1000000,1700,14
"4700",2020-08-13,700,"ID119443040543242",9900,1000000,1700,14
"4701",2020-09-09,10900,"ID119443040543242",9900,1000000,10900,14
"4702",2023-07-09,17000,"ID119443040543242",9900,1000000,16400,14
"4703",2023-07-26,16400,"ID119443040543242",9900,1000000,16500,14
"4704",2023-07-29,17100,"ID119443040543242",9900,1000000,16800,14
"4705",2023-08-08,16500,"ID119443040543242",9900,1000000,16800,14
"4706",2023-08-20,16800,"ID119443040543242",9900,1000000,17100,14
"4707",2023-09-07,19000,"ID119443040543242",9900,1000000,17300,14
"4708",2024-07-07,17300,"ID119443040543242",9900,1000000,17700,14
"4709",2024-07-08,17700,"ID119443040543242",9900,1000000,17700,14
"4710",2024-07-30,19200,"ID119443040543242",9900,1000000,17700,14
"4711",2021-08-06,15400,"ID119447335510630",19300,1000000,19200,8
"4712",2022-07-14,26500,"ID119447335510630",19300,1000000,26500,8
"4713",2022-07-17,31700,"ID119447335510630",19300,1000000,31700,8
"4714",2023-07-29,34500,"ID119447335510630",19300,1000000,34100,8
"4715",2023-08-08,34100,"ID119447335510630",19300,1000000,34200,8
"4716",2024-07-08,37000,"ID119447335510630",19300,1000000,34500,8
"4717",2024-07-28,34200,"ID119447335510630",19300,1000000,37000,8
"4718",2024-08-07,37200,"ID119447335510630",19300,1000000,37200,8
"4719",2019-07-20,4300,"ID119567594594858",15600,1000000,22700,23
"4720",2019-07-29,22700,"ID119567594594858",15600,1000000,5300,23
"4721",2020-07-17,5300,"ID119567594594858",15600,1000000,5300,23
"4722",2020-08-01,1500,"ID119567594594858",15600,1000000,10800,23
"4723",2020-08-13,11700,"ID119567594594858",15600,1000000,10800,23
"4724",2020-09-09,10800,"ID119567594594858",15600,1000000,11700,23
"4725",2021-08-06,17100,"ID119567594594858",15600,1000000,17100,23
"4726",2022-07-14,20100,"ID119567594594858",15600,1000000,17100,23
"4727",2022-07-17,19000,"ID119567594594858",15600,1000000,19000,23
"4728",2022-09-02,15400,"ID119567594594858",15600,1000000,20100,23
"4729",2023-07-05,24000,"ID119567594594858",15600,1000000,19000,23
"4730",2023-07-09,21300,"ID119567594594858",15600,1000000,17700,23
"4731",2023-07-26,17100,"ID119567594594858",15600,1000000,17700,23
"4732",2023-07-29,17700,"ID119567594594858",15600,1000000,17100,23
"4733",2023-08-08,16900,"ID119567594594858",15600,1000000,17100,23
"4734",2023-08-20,16800,"ID119567594594858",15600,1000000,17100,23
"4735",2023-09-07,17200,"ID119567594594858",15600,1000000,17100,23
"4736",2024-07-07,17100,"ID119567594594858",15600,1000000,17200,23
"4737",2024-07-08,18300,"ID119567594594858",15600,1000000,17200,23
"4738",2024-07-28,18500,"ID119567594594858",15600,1000000,18300,23
"4739",2024-07-30,17100,"ID119567594594858",15600,1000000,18300,23
"4740",2024-08-07,18700,"ID119567594594858",15600,1000000,18500,23
"4741",2024-08-17,16900,"ID119567594594858",15600,1000000,17100,23
"4742",2020-07-17,21100,"ID119576184530525",14900,1000000,16900,10
"4743",2020-08-13,11900,"ID119576184530525",14900,1000000,15100,10
"4744",2020-08-23,13100,"ID119576184530525",14900,1000000,15100,10
"4745",2020-09-09,15100,"ID119576184530525",14900,1000000,15100,10
"4746",2021-08-03,21000,"ID119576184530525",14900,1000000,21000,10
"4747",2021-08-06,23100,"ID119576184530525",14900,1000000,22800,10
"4748",2021-09-22,23400,"ID119576184530525",14900,1000000,22800,10
"4749",2022-07-14,22800,"ID119576184530525",14900,1000000,23100,10
"4750",2022-07-17,21700,"ID119576184530525",14900,1000000,22800,10
"4751",2022-08-04,23400,"ID119576184530525",14900,1000000,21700,10
"4752",2019-07-20,3000,"ID119614839235184",20000,1000000,3500,22
"4753",2020-07-05,3500,"ID119614839235184",20000,1000000,5600,22
"4754",2020-08-13,11000,"ID119614839235184",20000,1000000,11000,22
"4755",2020-08-23,12100,"ID119614839235184",20000,1000000,12100,22
"4756",2020-09-09,16100,"ID119614839235184",20000,1000000,16100,22
"4757",2021-08-06,22500,"ID119614839235184",20000,1000000,22500,22
"4758",2022-07-14,26100,"ID119614839235184",20000,1000000,22500,22
"4759",2022-07-17,26200,"ID119614839235184",20000,1000000,22500,22
"4760",2022-09-02,20200,"ID119614839235184",20000,1000000,22300,22
"4761",2023-07-05,22300,"ID119614839235184",20000,1000000,22000,22
"4762",2023-07-09,22000,"ID119614839235184",20000,1000000,21200,22
"4763",2023-07-26,21200,"ID119614839235184",20000,1000000,21200,22
"4764",2023-07-29,21100,"ID119614839235184",20000,1000000,21100,22
"4765",2023-08-08,20500,"ID119614839235184",20000,1000000,21100,22
"4766",2023-08-20,20900,"ID119614839235184",20000,1000000,20900,22
"4767",2023-09-07,22300,"ID119614839235184",20000,1000000,20900,22
"4768",2024-07-07,20700,"ID119614839235184",20000,1000000,21700,22
"4769",2024-07-08,21700,"ID119614839235184",20000,1000000,22300,22
"4770",2024-07-28,22600,"ID119614839235184",20000,1000000,22100,22
"4771",2024-07-30,22300,"ID119614839235184",20000,1000000,22100,22
"4772",2024-08-07,22100,"ID119614839235184",20000,1000000,22100,22
"4773",2024-08-17,21800,"ID119614839235184",20000,1000000,21800,22
"4774",2020-09-09,58800,"ID119632019105414",92200,1000000,82400,12
"4775",2021-08-03,82400,"ID119632019105414",92200,1000000,117300,12
"4776",2021-08-06,127500,"ID119632019105414",92200,1000000,127500,12
"4777",2021-09-22,128500,"ID119632019105414",92200,1000000,128500,12
"4778",2022-07-14,145800,"ID119632019105414",92200,1000000,129400,12
"4779",2022-07-17,149100,"ID119632019105414",92200,1000000,131900,12
"4780",2022-08-04,129400,"ID119632019105414",92200,1000000,131900,12
"4781",2022-08-16,131900,"ID119632019105414",92200,1000000,131900,12
"4782",2022-09-02,128600,"ID119632019105414",92200,1000000,131900,12
"4783",2023-07-05,157700,"ID119632019105414",92200,1000000,153300,12
"4784",2023-07-09,153300,"ID119632019105414",92200,1000000,153300,12
"4785",2023-08-20,180000,"ID119632019105414",92200,1000000,157700,12
"4786",2020-08-13,129900,"ID119644904006263",155500,1000000,129900,19
"4787",2020-08-23,108300,"ID119644904006263",155500,1000000,129900,19
"4788",2020-09-09,114800,"ID119644904006263",155500,1000000,126400,19
"4789",2022-07-14,130000,"ID119644904006263",155500,1000000,125700,19
"4790",2022-07-17,126400,"ID119644904006263",155500,1000000,126400,19
"4791",2022-09-02,125700,"ID119644904006263",155500,1000000,129000,19
"4792",2023-07-05,138100,"ID119644904006263",155500,1000000,129000,19
"4793",2023-07-09,129000,"ID119644904006263",155500,1000000,129000,19
"4794",2023-07-26,131400,"ID119644904006263",155500,1000000,130900,19
"4795",2023-07-29,128600,"ID119644904006263",155500,1000000,130900,19
"4796",2023-08-08,130900,"ID119644904006263",155500,1000000,131400,19
"4797",2023-08-20,133300,"ID119644904006263",155500,1000000,133300,19
"4798",2023-09-07,140900,"ID119644904006263",155500,1000000,140900,19
"4799",2024-07-07,144900,"ID119644904006263",155500,1000000,144500,19
"4800",2024-07-08,144500,"ID119644904006263",155500,1000000,144900,19
"4801",2024-07-28,155300,"ID119644904006263",155500,1000000,144900,19
"4802",2024-07-30,150700,"ID119644904006263",155500,1000000,146200,19
"4803",2024-08-07,144800,"ID119644904006263",155500,1000000,146200,19
"4804",2024-08-17,146200,"ID119644904006263",155500,1000000,144800,19
"4805",2020-07-05,6900,"ID119653493940762",32100,1000000,24000,14
"4806",2020-08-01,9700,"ID119653493940762",32100,1000000,24000,14
"4807",2020-09-09,24000,"ID119653493940762",32100,1000000,24000,14
"4808",2021-08-06,50700,"ID119653493940762",32100,1000000,50700,14
"4809",2022-07-14,52900,"ID119653493940762",32100,1000000,52800,14
"4810",2022-07-17,52800,"ID119653493940762",32100,1000000,52900,14
"4811",2022-09-02,57800,"ID119653493940762",32100,1000000,57800,14
"4812",2023-07-05,61700,"ID119653493940762",32100,1000000,59400,14
"4813",2023-07-09,60300,"ID119653493940762",32100,1000000,60300,14
"4814",2023-07-26,59400,"ID119653493940762",32100,1000000,60300,14
"4815",2023-07-29,60300,"ID119653493940762",32100,1000000,60300,14
"4816",2023-08-08,60700,"ID119653493940762",32100,1000000,60300,14
"4817",2023-08-20,60300,"ID119653493940762",32100,1000000,60300,14
"4818",2024-07-07,63600,"ID119653493940762",32100,1000000,60300,14
"4819",2020-08-13,2000,"ID119662083875305",14400,1000000,4800,5
"4820",2020-08-23,3000,"ID119662083875305",14400,1000000,4800,5
"4821",2020-09-09,4800,"ID119662083875305",14400,1000000,4800,5
"4822",2023-08-20,14700,"ID119662083875305",14400,1000000,12100,5
"4823",2023-09-07,12100,"ID119662083875305",14400,1000000,14700,5
"4824",2019-09-12,75600,"ID119670673811209",39400,1000000,17800,18
"4825",2020-08-13,17800,"ID119670673811209",39400,1000000,22000,18
"4826",2020-08-23,22000,"ID119670673811209",39400,1000000,51000,18
"4827",2021-08-03,60900,"ID119670673811209",39400,1000000,41200,18
"4828",2021-08-06,51000,"ID119670673811209",39400,1000000,41200,18
"4829",2021-09-22,41200,"ID119670673811209",39400,1000000,41200,18
"4830",2022-07-14,34400,"ID119670673811209",39400,1000000,41200,18
"4831",2022-07-17,36100,"ID119670673811209",39400,1000000,41200,18
"4832",2022-08-16,46300,"ID119670673811209",39400,1000000,46300,18
"4833",2023-07-05,68800,"ID119670673811209",39400,1000000,46300,18
"4834",2023-07-09,66100,"ID119670673811209",39400,1000000,53000,18
"4835",2023-07-26,43900,"ID119670673811209",39400,1000000,53000,18
"4836",2023-07-29,53000,"ID119670673811209",39400,1000000,45400,18
"4837",2023-08-08,45400,"ID119670673811209",39400,1000000,45400,18
"4838",2023-08-20,42700,"ID119670673811209",39400,1000000,49400,18
"4839",2024-07-06,50100,"ID119670673811209",39400,1000000,49400,18
"4840",2024-07-08,49400,"ID119670673811209",39400,1000000,49400,18
"4841",2024-07-30,50800,"ID119670673811209",39400,1000000,49400,18
"4842",2020-07-17,15800,"ID119687853680254",32400,1000000,20600,27
"4843",2020-08-13,16000,"ID119687853680254",32400,1000000,20600,27
"4844",2020-08-23,20600,"ID119687853680254",32400,1000000,20600,27
"4845",2020-09-09,25500,"ID119687853680254",32400,1000000,25500,27
"4846",2021-07-17,46100,"ID119687853680254",32400,1000000,43400,27
"4847",2021-08-03,47000,"ID119687853680254",32400,1000000,43400,27
"4848",2021-08-06,43400,"ID119687853680254",32400,1000000,44500,27
"4849",2021-09-22,42000,"ID119687853680254",32400,1000000,44500,27
"4850",2022-07-14,44500,"ID119687853680254",32400,1000000,44500,27
"4851",2022-07-17,46100,"ID119687853680254",32400,1000000,46000,27
"4852",2022-08-04,47100,"ID119687853680254",32400,1000000,46000,27
"4853",2022-08-16,46000,"ID119687853680254",32400,1000000,46100,27
"4854",2022-09-02,41900,"ID119687853680254",32400,1000000,47100,27
"4855",2023-07-05,50700,"ID119687853680254",32400,1000000,50000,27
"4856",2023-07-09,52900,"ID119687853680254",32400,1000000,50700,27
"4857",2023-07-26,50000,"ID119687853680254",32400,1000000,50800,27
"4858",2023-07-29,50800,"ID119687853680254",32400,1000000,50800,27
"4859",2023-08-08,51300,"ID119687853680254",32400,1000000,50000,27
"4860",2023-08-17,48500,"ID119687853680254",32400,1000000,49000,27
"4861",2023-08-20,48300,"ID119687853680254",32400,1000000,49000,27
"4862",2023-09-07,49000,"ID119687853680254",32400,1000000,49000,27
"4863",2024-07-06,51000,"ID119687853680254",32400,1000000,51000,27
"4864",2024-07-08,51300,"ID119687853680254",32400,1000000,51300,27
"4865",2024-07-26,51600,"ID119687853680254",32400,1000000,51600,27
"4866",2024-07-30,54200,"ID119687853680254",32400,1000000,51600,27
"4867",2024-08-05,53600,"ID119687853680254",32400,1000000,53600,27
"4868",2024-08-14,51500,"ID119687853680254",32400,1000000,53600,27
"4869",2019-07-20,306700,"ID119760868123110",354400,1000000,284600,25
"4870",2019-07-29,291100,"ID119760868123110",354400,1000000,288400,25
"4871",2020-07-05,284600,"ID119760868123110",354400,1000000,288400,25
"4872",2020-07-17,288400,"ID119760868123110",354400,1000000,288400,25
"4873",2020-08-01,284300,"ID119760868123110",354400,1000000,288400,25
"4874",2020-08-13,309000,"ID119760868123110",354400,1000000,308300,25
"4875",2020-08-23,308300,"ID119760868123110",354400,1000000,309000,25
"4876",2020-09-09,321500,"ID119760868123110",354400,1000000,321500,25
"4877",2021-08-06,380000,"ID119760868123110",354400,1000000,380000,25
"4878",2022-07-14,391100,"ID119760868123110",354400,1000000,385400,25
"4879",2022-07-17,387600,"ID119760868123110",354400,1000000,387600,25
"4880",2022-09-02,385400,"ID119760868123110",354400,1000000,388400,25
"4881",2023-07-05,390600,"ID119760868123110",354400,1000000,387600,25
"4882",2023-07-09,388400,"ID119760868123110",354400,1000000,386900,25
"4883",2023-07-26,385300,"ID119760868123110",354400,1000000,386900,25
"4884",2023-07-29,386900,"ID119760868123110",354400,1000000,385300,25
"4885",2023-08-08,385300,"ID119760868123110",354400,1000000,385300,25
"4886",2023-08-20,384900,"ID119760868123110",354400,1000000,386900,25
"4887",2023-09-07,391500,"ID119760868123110",354400,1000000,391500,25
"4888",2024-07-07,392100,"ID119760868123110",354400,1000000,391600,25
"4889",2024-07-08,391600,"ID119760868123110",354400,1000000,392100,25
"4890",2024-07-28,428000,"ID119760868123110",354400,1000000,392100,25
"4891",2024-07-30,392300,"ID119760868123110",354400,1000000,391600,25
"4892",2024-08-07,391400,"ID119760868123110",354400,1000000,391400,25
"4893",2024-08-17,391300,"ID119760868123110",354400,1000000,391300,25
"4894",2021-08-06,14500,"ID119765163090500",38100,1000000,14600,17
"4895",2022-07-14,14600,"ID119765163090500",38100,1000000,14600,17
"4896",2022-07-17,14300,"ID119765163090500",38100,1000000,14600,17
"4897",2022-09-02,15900,"ID119765163090500",38100,1000000,15900,17
"4898",2023-07-05,16800,"ID119765163090500",38100,1000000,16700,17
"4899",2023-07-09,17400,"ID119765163090500",38100,1000000,16800,17
"4900",2023-07-26,16700,"ID119765163090500",38100,1000000,17000,17
"4901",2023-07-29,17000,"ID119765163090500",38100,1000000,17100,17
"4902",2023-08-08,17100,"ID119765163090500",38100,1000000,17100,17
"4903",2023-08-20,17200,"ID119765163090500",38100,1000000,17200,17
"4904",2023-09-07,18000,"ID119765163090500",38100,1000000,17500,17
"4905",2024-07-07,17500,"ID119765163090500",38100,1000000,17800,17
"4906",2024-07-08,17800,"ID119765163090500",38100,1000000,18000,17
"4907",2024-07-28,19800,"ID119765163090500",38100,1000000,19000,17
"4908",2024-07-30,19000,"ID119765163090500",38100,1000000,19400,17
"4909",2024-08-07,19800,"ID119765163090500",38100,1000000,19800,17
"4910",2024-08-17,19400,"ID119765163090500",38100,1000000,19800,17
"4911",2019-07-20,56500,"ID119765163090546",100200,1000000,56500,25
"4912",2019-07-29,66600,"ID119765163090546",100200,1000000,64000,25
"4913",2020-07-05,64000,"ID119765163090546",100200,1000000,64000,25
"4914",2020-07-17,64100,"ID119765163090546",100200,1000000,64100,25
"4915",2020-08-01,61700,"ID119765163090546",100200,1000000,64100,25
"4916",2020-08-13,71700,"ID119765163090546",100200,1000000,68100,25
"4917",2020-08-23,68100,"ID119765163090546",100200,1000000,71700,25
"4918",2020-09-09,76100,"ID119765163090546",100200,1000000,76100,25
"4919",2021-08-06,94000,"ID119765163090546",100200,1000000,94000,25
"4920",2022-07-14,98300,"ID119765163090546",100200,1000000,97000,25
"4921",2022-07-17,98300,"ID119765163090546",100200,1000000,98300,25
"4922",2022-09-02,97000,"ID119765163090546",100200,1000000,98300,25
"4923",2023-07-05,131800,"ID119765163090546",100200,1000000,98300,25
"4924",2023-07-09,132900,"ID119765163090546",100200,1000000,100600,25
"4925",2023-07-26,95800,"ID119765163090546",100200,1000000,100600,25
"4926",2023-07-29,100600,"ID119765163090546",100200,1000000,98800,25
"4927",2023-08-08,98800,"ID119765163090546",100200,1000000,96900,25
"4928",2023-08-20,96900,"ID119765163090546",100200,1000000,98800,25
"4929",2023-09-07,77400,"ID119765163090546",100200,1000000,98800,25
"4930",2024-07-07,102800,"ID119765163090546",100200,1000000,102800,25
"4931",2024-07-08,104400,"ID119765163090546",100200,1000000,104400,25
"4932",2024-07-28,105000,"ID119765163090546",100200,1000000,105000,25
"4933",2024-07-30,106200,"ID119765163090546",100200,1000000,106100,25
"4934",2024-08-07,106100,"ID119765163090546",100200,1000000,106100,25
"4935",2024-08-17,107100,"ID119765163090546",100200,1000000,106100,25
"4936",2020-08-23,4800,"ID119773753025103",20900,1000000,14800,18
"4937",2020-09-09,5100,"ID119773753025103",20900,1000000,14600,18
"4938",2021-08-06,14800,"ID119773753025103",20900,1000000,12600,18
"4939",2022-07-17,14600,"ID119773753025103",20900,1000000,14600,18
"4940",2022-09-02,12600,"ID119773753025103",20900,1000000,14800,18
"4941",2023-07-05,15500,"ID119773753025103",20900,1000000,15000,18
"4942",2023-07-09,15000,"ID119773753025103",20900,1000000,15500,18
"4943",2023-07-26,15500,"ID119773753025103",20900,1000000,15500,18
"4944",2023-07-29,16300,"ID119773753025103",20900,1000000,15000,18
"4945",2023-08-08,14500,"ID119773753025103",20900,1000000,14500,18
"4946",2023-08-20,13300,"ID119773753025103",20900,1000000,14400,18
"4947",2023-09-07,12900,"ID119773753025103",20900,1000000,14100,18
"4948",2024-07-07,14400,"ID119773753025103",20900,1000000,14100,18
"4949",2024-07-08,14100,"ID119773753025103",20900,1000000,14400,18
"4950",2024-07-28,26500,"ID119773753025103",20900,1000000,17500,18
"4951",2024-07-30,17500,"ID119773753025103",20900,1000000,17500,18
"4952",2024-08-07,27100,"ID119773753025103",20900,1000000,17500,18
"4953",2024-08-17,15900,"ID119773753025103",20900,1000000,15900,18
"4954",2019-07-20,14600,"ID119782342959678",56400,1000000,15900,23
"4955",2020-07-05,14800,"ID119782342959678",56400,1000000,15900,23
"4956",2020-07-17,17700,"ID119782342959678",56400,1000000,17700,23
"4957",2020-08-01,23300,"ID119782342959678",56400,1000000,23300,23
"4958",2020-08-13,49900,"ID119782342959678",56400,1000000,42300,23
"4959",2020-08-23,42300,"ID119782342959678",56400,1000000,43000,23
"4960",2020-09-09,43000,"ID119782342959678",56400,1000000,49900,23
"4961",2021-08-06,90100,"ID119782342959678",56400,1000000,90100,23
"4962",2022-07-14,110600,"ID119782342959678",56400,1000000,98500,23
"4963",2022-07-17,101500,"ID119782342959678",56400,1000000,99800,23
"4964",2022-09-02,98500,"ID119782342959678",56400,1000000,99800,23
"4965",2023-07-09,99800,"ID119782342959678",56400,1000000,99100,23
"4966",2023-07-26,98500,"ID119782342959678",56400,1000000,99100,23
"4967",2023-07-29,99100,"ID119782342959678",56400,1000000,99800,23
"4968",2023-08-08,101400,"ID119782342959678",56400,1000000,101200,23
"4969",2023-08-20,101200,"ID119782342959678",56400,1000000,101400,23
"4970",2023-09-07,103000,"ID119782342959678",56400,1000000,103000,23
"4971",2024-07-07,104300,"ID119782342959678",56400,1000000,104300,23
"4972",2024-07-08,104700,"ID119782342959678",56400,1000000,104700,23
"4973",2024-07-28,110700,"ID119782342959678",56400,1000000,108400,23
"4974",2024-07-30,108500,"ID119782342959678",56400,1000000,108500,23
"4975",2024-08-07,108400,"ID119782342959678",56400,1000000,108900,23
"4976",2024-08-17,108900,"ID119782342959678",56400,1000000,108900,23
"4977",2021-07-17,111200,"ID119795227862665",77200,1000000,112000,9
"4978",2021-08-03,135500,"ID119795227862665",77200,1000000,130400,9
"4979",2021-09-22,130400,"ID119795227862665",77200,1000000,135300,9
"4980",2022-07-14,135300,"ID119795227862665",77200,1000000,135500,9
"4981",2022-07-17,137900,"ID119795227862665",77200,1000000,137900,9
"4982",2022-08-04,138200,"ID119795227862665",77200,1000000,138100,9
"4983",2022-08-16,143600,"ID119795227862665",77200,1000000,138200,9
"4984",2022-09-02,138100,"ID119795227862665",77200,1000000,138200,9
"4985",2023-07-26,144800,"ID119795227862665",77200,1000000,138100,9
"4986",2019-07-20,91900,"ID119808112763517",46100,1000000,17800,16
"4987",2020-07-05,86800,"ID119808112763517",46100,1000000,17800,16
"4988",2022-07-14,17800,"ID119808112763517",46100,1000000,20300,16
"4989",2022-07-17,17700,"ID119808112763517",46100,1000000,20300,16
"4990",2023-07-05,20300,"ID119808112763517",46100,1000000,19600,16
"4991",2023-07-09,21100,"ID119808112763517",46100,1000000,20300,16
"4992",2023-07-26,19600,"ID119808112763517",46100,1000000,20500,16
"4993",2023-07-29,22100,"ID119808112763517",46100,1000000,20500,16
"4994",2023-08-08,20500,"ID119808112763517",46100,1000000,20500,16
"4995",2023-08-20,20300,"ID119808112763517",46100,1000000,21800,16
"4996",2023-09-07,21800,"ID119808112763517",46100,1000000,21800,16
"4997",2024-07-07,21800,"ID119808112763517",46100,1000000,21800,16
"4998",2024-07-08,22200,"ID119808112763517",46100,1000000,22200,16
"4999",2024-07-30,23900,"ID119808112763517",46100,1000000,23900,16
"5000",2024-08-07,24200,"ID119808112763517",46100,1000000,24200,16
"5001",2024-08-17,24900,"ID119808112763517",46100,1000000,24900,16
"5002",2020-09-09,116900,"ID119816702699154",198100,1000000,116900,24
"5003",2021-07-17,149700,"ID119816702699154",198100,1000000,149700,24
"5004",2021-08-03,178900,"ID119816702699154",198100,1000000,158100,24
"5005",2021-08-06,164800,"ID119816702699154",198100,1000000,164800,24
"5006",2021-09-22,158100,"ID119816702699154",198100,1000000,167100,24
"5007",2022-07-14,167100,"ID119816702699154",198100,1000000,164800,24
"5008",2022-07-17,183100,"ID119816702699154",198100,1000000,167100,24
"5009",2022-08-04,163000,"ID119816702699154",198100,1000000,167100,24
"5010",2022-08-16,167600,"ID119816702699154",198100,1000000,167600,24
"5011",2022-09-02,158500,"ID119816702699154",198100,1000000,167600,24
"5012",2023-07-05,207500,"ID119816702699154",198100,1000000,170900,24
"5013",2023-07-09,198600,"ID119816702699154",198100,1000000,190700,24
"5014",2023-07-26,170900,"ID119816702699154",198100,1000000,190700,24
"5015",2023-07-29,190700,"ID119816702699154",198100,1000000,190000,24
"5016",2023-08-08,190000,"ID119816702699154",198100,1000000,190000,24
"5017",2023-08-17,186500,"ID119816702699154",198100,1000000,190000,24
"5018",2023-08-20,190000,"ID119816702699154",198100,1000000,190000,24
"5019",2023-09-07,195600,"ID119816702699154",198100,1000000,191200,24
"5020",2024-07-06,191200,"ID119816702699154",198100,1000000,193000,24
"5021",2024-07-08,196900,"ID119816702699154",198100,1000000,195600,24
"5022",2024-07-26,193000,"ID119816702699154",198100,1000000,196900,24
"5023",2024-07-30,203000,"ID119816702699154",198100,1000000,198900,24
"5024",2024-08-05,198900,"ID119816702699154",198100,1000000,198900,24
"5025",2024-08-14,201800,"ID119816702699154",198100,1000000,198900,24
"5026",2021-08-06,86600,"ID119846767469168",74500,1000000,86600,16
"5027",2022-07-17,88000,"ID119846767469168",74500,1000000,88000,16
"5028",2022-09-02,100600,"ID119846767469168",74500,1000000,100600,16
"5029",2023-07-05,130400,"ID119846767469168",74500,1000000,104600,16
"5030",2023-07-09,128000,"ID119846767469168",74500,1000000,105700,16
"5031",2023-07-26,104600,"ID119846767469168",74500,1000000,105700,16
"5032",2023-07-29,105700,"ID119846767469168",74500,1000000,104800,16
"5033",2023-08-08,104700,"ID119846767469168",74500,1000000,104800,16
"5034",2023-08-20,104800,"ID119846767469168",74500,1000000,105700,16
"5035",2023-09-07,109400,"ID119846767469168",74500,1000000,109400,16
"5036",2024-07-07,111800,"ID119846767469168",74500,1000000,111800,16
"5037",2024-07-08,113600,"ID119846767469168",74500,1000000,113600,16
"5038",2024-07-28,125500,"ID119846767469168",74500,1000000,118900,16
"5039",2024-07-30,118900,"ID119846767469168",74500,1000000,121000,16
"5040",2024-08-07,121000,"ID119846767469168",74500,1000000,121000,16
"5041",2024-08-17,121200,"ID119846767469168",74500,1000000,118900,16
"5042",2020-08-13,1200,"ID119851062436426",13900,1000000,3100,14
"5043",2020-08-23,2400,"ID119851062436426",13900,1000000,3100,14
"5044",2020-09-09,3100,"ID119851062436426",13900,1000000,3100,14
"5045",2022-09-02,7300,"ID119851062436426",13900,1000000,7300,14
"5046",2023-07-26,7900,"ID119851062436426",13900,1000000,7900,14
"5047",2023-08-08,8000,"ID119851062436426",13900,1000000,8000,14
"5048",2023-08-20,8100,"ID119851062436426",13900,1000000,8100,14
"5049",2023-09-07,8400,"ID119851062436426",13900,1000000,8400,14
"5050",2024-07-07,9500,"ID119851062436426",13900,1000000,9500,14
"5051",2024-07-08,9500,"ID119851062436426",13900,1000000,9500,14
"5052",2024-07-28,13200,"ID119851062436426",13900,1000000,10700,14
"5053",2024-07-30,10700,"ID119851062436426",13900,1000000,10700,14
"5054",2024-08-07,11200,"ID119851062436426",13900,1000000,11200,14
"5055",2024-08-17,10600,"ID119851062436426",13900,1000000,11200,14
"5056",2019-07-20,3000,"ID119902602044020",16000,1000000,3400,25
"5057",2019-07-29,3400,"ID119902602044020",16000,1000000,3000,25
"5058",2020-07-05,2700,"ID119902602044020",16000,1000000,3000,25
"5059",2020-07-17,2800,"ID119902602044020",16000,1000000,2800,25
"5060",2020-08-01,3200,"ID119902602044020",16000,1000000,2800,25
"5061",2020-08-13,2800,"ID119902602044020",16000,1000000,3200,25
"5062",2020-08-23,5200,"ID119902602044020",16000,1000000,5200,25
"5063",2020-09-09,8500,"ID119902602044020",16000,1000000,8500,25
"5064",2021-08-06,17300,"ID119902602044020",16000,1000000,17300,25
"5065",2022-07-14,19800,"ID119902602044020",16000,1000000,18400,25
"5066",2022-07-17,18400,"ID119902602044020",16000,1000000,19300,25
"5067",2022-09-02,19300,"ID119902602044020",16000,1000000,19800,25
"5068",2023-07-05,21400,"ID119902602044020",16000,1000000,20400,25
"5069",2023-07-09,20800,"ID119902602044020",16000,1000000,20800,25
"5070",2023-07-26,20400,"ID119902602044020",16000,1000000,20900,25
"5071",2023-07-29,20900,"ID119902602044020",16000,1000000,20900,25
"5072",2023-08-08,21100,"ID119902602044020",16000,1000000,21100,25
"5073",2023-08-20,21300,"ID119902602044020",16000,1000000,21300,25
"5074",2023-09-07,22000,"ID119902602044020",16000,1000000,22000,25
"5075",2024-07-07,22900,"ID119902602044020",16000,1000000,22400,25
"5076",2024-07-08,22400,"ID119902602044020",16000,1000000,22900,25
"5077",2024-07-28,23800,"ID119902602044020",16000,1000000,23800,25
"5078",2024-07-30,24100,"ID119902602044020",16000,1000000,23900,25
"5079",2024-08-07,23900,"ID119902602044020",16000,1000000,23900,25
"5080",2024-08-17,24700,"ID119902602044020",16000,1000000,24100,25
"5081",2020-08-23,43800,"ID119919781913182",91400,1000000,32800,19
"5082",2020-09-09,32800,"ID119919781913182",91400,1000000,43800,19
"5083",2021-08-06,58100,"ID119919781913182",91400,1000000,58100,19
"5084",2022-07-14,64500,"ID119919781913182",91400,1000000,62400,19
"5085",2022-07-17,68000,"ID119919781913182",91400,1000000,64100,19
"5086",2022-09-02,62400,"ID119919781913182",91400,1000000,64500,19
"5087",2023-07-05,64100,"ID119919781913182",91400,1000000,64100,19
"5088",2023-07-09,64500,"ID119919781913182",91400,1000000,64100,19
"5089",2023-07-26,63000,"ID119919781913182",91400,1000000,64500,19
"5090",2023-07-29,64600,"ID119919781913182",91400,1000000,64500,19
"5091",2023-08-08,64500,"ID119919781913182",91400,1000000,64500,19
"5092",2023-08-20,64200,"ID119919781913182",91400,1000000,64600,19
"5093",2023-09-07,64700,"ID119919781913182",91400,1000000,64700,19
"5094",2024-07-07,123200,"ID119919781913182",91400,1000000,123200,19
"5095",2024-07-08,124000,"ID119919781913182",91400,1000000,124000,19
"5096",2024-07-28,127300,"ID119919781913182",91400,1000000,127300,19
"5097",2024-07-30,127600,"ID119919781913182",91400,1000000,127600,19
"5098",2024-08-07,128500,"ID119919781913182",91400,1000000,127600,19
"5099",2024-08-17,128400,"ID119919781913182",91400,1000000,127600,19
"5100",2020-08-13,1700,"ID119958436618840",17800,1000000,4900,20
"5101",2020-08-23,3000,"ID119958436618840",17800,1000000,4900,20
"5102",2020-09-09,4900,"ID119958436618840",17800,1000000,4900,20
"5103",2021-08-06,9600,"ID119958436618840",17800,1000000,9600,20
"5104",2022-07-14,10600,"ID119958436618840",17800,1000000,10600,20
"5105",2022-07-17,10600,"ID119958436618840",17800,1000000,10600,20
"5106",2022-09-02,10700,"ID119958436618840",17800,1000000,10700,20
"5107",2023-07-05,12500,"ID119958436618840",17800,1000000,11800,20
"5108",2023-07-09,12500,"ID119958436618840",17800,1000000,12400,20
"5109",2023-07-26,11800,"ID119958436618840",17800,1000000,12400,20
"5110",2023-07-29,12400,"ID119958436618840",17800,1000000,12400,20
"5111",2023-08-08,12400,"ID119958436618840",17800,1000000,12400,20
"5112",2023-08-20,11800,"ID119958436618840",17800,1000000,12400,20
"5113",2023-09-07,13200,"ID119958436618840",17800,1000000,12400,20
"5114",2024-07-07,12400,"ID119958436618840",17800,1000000,13200,20
"5115",2024-07-08,13700,"ID119958436618840",17800,1000000,13300,20
"5116",2024-07-28,13800,"ID119958436618840",17800,1000000,13700,20
"5117",2024-07-30,13300,"ID119958436618840",17800,1000000,13800,20
"5118",2024-08-07,13900,"ID119958436618840",17800,1000000,13900,20
"5119",2024-08-17,14100,"ID119958436618840",17800,1000000,14100,20
"5120",2021-08-06,13300,"ID120005681259102",36700,1000000,13100,17
"5121",2022-07-14,12000,"ID120005681259102",36700,1000000,13100,17
"5122",2022-07-17,13100,"ID120005681259102",36700,1000000,13300,17
"5123",2022-09-02,13400,"ID120005681259102",36700,1000000,13400,17
"5124",2023-07-05,14900,"ID120005681259102",36700,1000000,13600,17
"5125",2023-07-09,14200,"ID120005681259102",36700,1000000,14200,17
"5126",2023-07-26,13600,"ID120005681259102",36700,1000000,14400,17
"5127",2023-07-29,15300,"ID120005681259102",36700,1000000,14300,17
"5128",2023-08-08,14400,"ID120005681259102",36700,1000000,14400,17
"5129",2023-08-20,14300,"ID120005681259102",36700,1000000,15300,17
"5130",2023-09-07,15500,"ID120005681259102",36700,1000000,15500,17
"5131",2024-07-07,15800,"ID120005681259102",36700,1000000,15800,17
"5132",2024-07-08,15800,"ID120005681259102",36700,1000000,15800,17
"5133",2024-07-28,17100,"ID120005681259102",36700,1000000,17100,17
"5134",2024-07-30,17300,"ID120005681259102",36700,1000000,17100,17
"5135",2024-08-07,17300,"ID120005681259102",36700,1000000,17300,17
"5136",2024-08-17,17100,"ID120005681259102",36700,1000000,17300,17
"5137",2020-09-09,10800,"ID120070105768556",31600,1000000,10800,11
"5138",2022-09-02,19500,"ID120070105768556",31600,1000000,18200,11
"5139",2023-07-09,21500,"ID120070105768556",31600,1000000,19500,11
"5140",2023-07-26,18200,"ID120070105768556",31600,1000000,21500,11
"5141",2023-07-29,28000,"ID120070105768556",31600,1000000,23400,11
"5142",2023-08-08,25200,"ID120070105768556",31600,1000000,23400,11
"5143",2023-08-20,23400,"ID120070105768556",31600,1000000,23400,11
"5144",2023-09-07,21600,"ID120070105768556",31600,1000000,23400,11
"5145",2024-07-07,19600,"ID120070105768556",31600,1000000,23400,11
"5146",2024-07-08,23600,"ID120070105768556",31600,1000000,21600,11
"5147",2024-08-17,25000,"ID120070105768556",31600,1000000,23600,11
"5148",2021-08-06,21000,"ID120302034003432",50000,1000000,29400,21
"5149",2021-09-22,52600,"ID120302034003432",50000,1000000,29400,21
"5150",2022-07-14,29400,"ID120302034003432",50000,1000000,31700,21
"5151",2022-07-17,31700,"ID120302034003432",50000,1000000,31800,21
"5152",2022-08-04,31800,"ID120302034003432",50000,1000000,31700,21
"5153",2022-08-16,47800,"ID120302034003432",50000,1000000,31700,21
"5154",2022-09-02,25800,"ID120302034003432",50000,1000000,31800,21
"5155",2023-07-05,31500,"ID120302034003432",50000,1000000,46900,21
"5156",2023-07-09,46900,"ID120302034003432",50000,1000000,46900,21
"5157",2023-07-26,47900,"ID120302034003432",50000,1000000,47900,21
"5158",2023-07-29,54300,"ID120302034003432",50000,1000000,47900,21
"5159",2023-08-08,54400,"ID120302034003432",50000,1000000,50800,21
"5160",2023-08-17,47100,"ID120302034003432",50000,1000000,54300,21
"5161",2023-08-20,50800,"ID120302034003432",50000,1000000,51600,21
"5162",2023-09-07,61000,"ID120302034003432",50000,1000000,50800,21
"5163",2024-07-06,51600,"ID120302034003432",50000,1000000,51600,21
"5164",2024-07-08,45000,"ID120302034003432",50000,1000000,61000,21
"5165",2024-07-26,63200,"ID120302034003432",50000,1000000,63200,21
"5166",2024-07-30,67400,"ID120302034003432",50000,1000000,63200,21
"5167",2024-08-05,76400,"ID120302034003432",50000,1000000,63200,21
"5168",2024-08-14,49500,"ID120302034003432",50000,1000000,49500,21
"5169",2019-07-20,10700,"ID120332098774489",8100,1000000,9300,25
"5170",2019-07-29,9300,"ID120332098774489",8100,1000000,7800,25
"5171",2019-09-12,1700,"ID120332098774489",8100,1000000,8700,25
"5172",2020-07-05,7800,"ID120332098774489",8100,1000000,7800,25
"5173",2020-07-17,8700,"ID120332098774489",8100,1000000,7800,25
"5174",2020-08-01,2300,"ID120332098774489",8100,1000000,8100,25
"5175",2020-08-13,8100,"ID120332098774489",8100,1000000,8700,25
"5176",2020-08-23,12100,"ID120332098774489",8100,1000000,9900,25
"5177",2020-09-09,9900,"ID120332098774489",8100,1000000,12100,25
"5178",2022-07-17,15500,"ID120332098774489",8100,1000000,13400,25
"5179",2022-08-04,14900,"ID120332098774489",8100,1000000,13800,25
"5180",2022-08-16,13400,"ID120332098774489",8100,1000000,14200,25
"5181",2022-09-02,13800,"ID120332098774489",8100,1000000,14200,25
"5182",2023-07-26,14200,"ID120332098774489",8100,1000000,14200,25
"5183",2023-07-29,14200,"ID120332098774489",8100,1000000,14200,25
"5184",2023-08-08,15200,"ID120332098774489",8100,1000000,14200,25
"5185",2023-08-17,15100,"ID120332098774489",8100,1000000,14200,25
"5186",2023-08-20,13600,"ID120332098774489",8100,1000000,13600,25
"5187",2023-09-07,13300,"ID120332098774489",8100,1000000,13400,25
"5188",2024-07-06,13400,"ID120332098774489",8100,1000000,13400,25
"5189",2024-07-08,13400,"ID120332098774489",8100,1000000,13400,25
"5190",2024-07-26,14700,"ID120332098774489",8100,1000000,14300,25
"5191",2024-07-30,16100,"ID120332098774489",8100,1000000,14700,25
"5192",2024-08-05,14300,"ID120332098774489",8100,1000000,15900,25
"5193",2024-08-14,15900,"ID120332098774489",8100,1000000,16100,25
"5194",2020-08-13,34500,"ID120396523284099",54800,1000000,44900,4
"5195",2020-08-23,44700,"ID120396523284099",54800,1000000,44900,4
"5196",2020-09-09,44900,"ID120396523284099",54800,1000000,44900,4
"5197",2021-08-03,108300,"ID120396523284099",54800,1000000,91600,4
"5198",2020-07-05,4800,"ID120430883021524",26800,1000000,6000,6
"5199",2020-07-17,6000,"ID120430883021524",26800,1000000,6000,6
"5200",2020-08-01,5600,"ID120430883021524",26800,1000000,6000,6
"5201",2020-08-13,17300,"ID120430883021524",26800,1000000,16200,6
"5202",2020-08-23,16200,"ID120430883021524",26800,1000000,17300,6
"5203",2020-09-09,22100,"ID120430883021524",26800,1000000,22100,6
"5204",2021-08-03,77800,"ID120465242760653",41600,1000000,22100,20
"5205",2021-09-22,16100,"ID120465242760653",41600,1000000,16100,20
"5206",2022-07-14,15600,"ID120465242760653",41600,1000000,15600,20
"5207",2022-07-17,15400,"ID120465242760653",41600,1000000,15400,20
"5208",2022-08-04,14400,"ID120465242760653",41600,1000000,15300,20
"5209",2022-08-16,15300,"ID120465242760653",41600,1000000,15300,20
"5210",2022-09-02,13600,"ID120465242760653",41600,1000000,15300,20
"5211",2023-07-05,18400,"ID120465242760653",41600,1000000,15600,20
"5212",2023-07-09,16600,"ID120465242760653",41600,1000000,16000,20
"5213",2023-07-26,15600,"ID120465242760653",41600,1000000,16400,20
"5214",2023-07-29,16000,"ID120465242760653",41600,1000000,16000,20
"5215",2023-08-08,16400,"ID120465242760653",41600,1000000,15600,20
"5216",2023-08-17,15000,"ID120465242760653",41600,1000000,16000,20
"5217",2023-08-20,15200,"ID120465242760653",41600,1000000,16400,20
"5218",2024-07-06,18500,"ID120465242760653",41600,1000000,18400,20
"5219",2024-07-08,18400,"ID120465242760653",41600,1000000,18500,20
"5220",2024-07-26,18600,"ID120465242760653",41600,1000000,18600,20
"5221",2024-07-30,19900,"ID120465242760653",41600,1000000,19100,20
"5222",2024-08-05,19100,"ID120465242760653",41600,1000000,19900,20
"5223",2024-08-14,23400,"ID120465242760653",41600,1000000,19900,20
"5224",2020-07-05,59800,"ID120473832695379",33100,1000000,19100,25
"5225",2020-08-13,8500,"ID120473832695379",33100,1000000,21200,25
"5226",2020-08-23,13200,"ID120473832695379",33100,1000000,21200,25
"5227",2020-09-09,21200,"ID120473832695379",33100,1000000,21200,25
"5228",2021-08-03,33900,"ID120473832695379",33100,1000000,33900,25
"5229",2021-08-06,37100,"ID120473832695379",33100,1000000,35000,25
"5230",2021-09-22,35000,"ID120473832695379",33100,1000000,35400,25
"5231",2022-07-14,35900,"ID120473832695379",33100,1000000,35500,25
"5232",2022-07-17,35400,"ID120473832695379",33100,1000000,35500,25
"5233",2022-08-04,35500,"ID120473832695379",33100,1000000,35900,25
"5234",2022-08-16,36500,"ID120473832695379",33100,1000000,36500,25
"5235",2023-07-05,40000,"ID120473832695379",33100,1000000,38900,25
"5236",2023-07-09,39000,"ID120473832695379",33100,1000000,39000,25
"5237",2023-07-26,38900,"ID120473832695379",33100,1000000,39300,25
"5238",2023-07-29,39300,"ID120473832695379",33100,1000000,39000,25
"5239",2023-08-08,40600,"ID120473832695379",33100,1000000,39000,25
"5240",2023-08-17,38800,"ID120473832695379",33100,1000000,39300,25
"5241",2023-08-20,39000,"ID120473832695379",33100,1000000,40600,25
"5242",2023-09-07,41000,"ID120473832695379",33100,1000000,41000,25
"5243",2024-07-06,41700,"ID120473832695379",33100,1000000,41700,25
"5244",2024-07-08,42100,"ID120473832695379",33100,1000000,42100,25
"5245",2024-07-26,42400,"ID120473832695379",33100,1000000,42400,25
"5246",2024-07-30,44200,"ID120473832695379",33100,1000000,43500,25
"5247",2024-08-05,43500,"ID120473832695379",33100,1000000,43500,25
"5248",2024-08-14,43600,"ID120473832695379",33100,1000000,43500,25
"5249",2019-07-29,3600,"ID120508192433604",8100,1000000,13000,4
"5250",2019-09-12,100,"ID120508192433604",8100,1000000,13000,4
"5251",2020-08-23,13000,"ID120508192433604",8100,1000000,13000,4
"5252",2020-09-09,14600,"ID120508192433604",8100,1000000,14600,4
"5253",2019-07-20,5200,"ID120581206877643",12700,1000000,18500,9
"5254",2020-07-05,5600,"ID120581206877643",12700,1000000,18500,9
"5255",2021-08-03,18500,"ID120581206877643",12700,1000000,18500,9
"5256",2021-08-06,19600,"ID120581206877643",12700,1000000,19600,9
"5257",2021-09-22,25100,"ID120581206877643",12700,1000000,24700,9
"5258",2022-07-14,24700,"ID120581206877643",12700,1000000,24700,9
"5259",2022-07-17,24900,"ID120581206877643",12700,1000000,24900,9
"5260",2022-08-04,21300,"ID120581206877643",12700,1000000,24900,9
"5261",2022-08-16,25000,"ID120581206877643",12700,1000000,25000,9
"5262",2020-09-09,107400,"ID120589796812386",55200,1000000,68500,6
"5263",2021-08-06,109200,"ID120589796812386",55200,1000000,80900,6
"5264",2021-09-22,68500,"ID120589796812386",55200,1000000,80900,6
"5265",2022-08-16,80900,"ID120589796812386",55200,1000000,80600,6
"5266",2022-09-02,79200,"ID120589796812386",55200,1000000,79200,6
"5267",2023-07-26,80600,"ID120589796812386",55200,1000000,80600,6
"5268",2019-07-20,1300,"ID120795955242346",13400,1000000,15700,8
"5269",2019-07-29,1600,"ID120795955242346",13400,1000000,3800,8
"5270",2019-09-12,15700,"ID120795955242346",13400,1000000,3100,8
"5271",2020-07-17,3800,"ID120795955242346",13400,1000000,3800,8
"5272",2020-08-01,3100,"ID120795955242346",13400,1000000,8100,8
"5273",2020-08-13,8100,"ID120795955242346",13400,1000000,8100,8
"5274",2020-08-23,9700,"ID120795955242346",13400,1000000,8100,8
"5275",2020-09-09,9700,"ID120795955242346",13400,1000000,9700,8
"5276",2020-09-09,11900,"ID120886149555717",34700,1000000,28200,21
"5277",2021-08-06,17500,"ID120886149555717",34700,1000000,17700,21
"5278",2021-09-22,28200,"ID120886149555717",34700,1000000,17700,21
"5279",2022-07-14,17700,"ID120886149555717",34700,1000000,17700,21
"5280",2022-07-17,17700,"ID120886149555717",34700,1000000,17900,21
"5281",2022-08-16,19600,"ID120886149555717",34700,1000000,17900,21
"5282",2022-09-02,17900,"ID120886149555717",34700,1000000,18400,21
"5283",2023-07-05,18400,"ID120886149555717",34700,1000000,18800,21
"5284",2023-07-09,19400,"ID120886149555717",34700,1000000,18800,21
"5285",2023-07-26,18800,"ID120886149555717",34700,1000000,19400,21
"5286",2023-07-29,21600,"ID120886149555717",34700,1000000,21600,21
"5287",2023-08-08,21900,"ID120886149555717",34700,1000000,21600,21
"5288",2023-08-17,22900,"ID120886149555717",34700,1000000,21600,21
"5289",2023-08-20,20400,"ID120886149555717",34700,1000000,21900,21
"5290",2023-09-07,19000,"ID120886149555717",34700,1000000,20900,21
"5291",2024-07-06,23700,"ID120886149555717",34700,1000000,20900,21
"5292",2024-07-08,20900,"ID120886149555717",34700,1000000,23200,21
"5293",2024-07-26,23200,"ID120886149555717",34700,1000000,23200,21
"5294",2024-07-30,23300,"ID120886149555717",34700,1000000,21300,21
"5295",2024-08-05,19400,"ID120886149555717",34700,1000000,21300,21
"5296",2024-08-14,21300,"ID120886149555717",34700,1000000,19400,21
"5297",2020-08-01,15200,"ID120903329425047",36400,1000000,19100,22
"5298",2021-08-03,19100,"ID120903329425047",36400,1000000,17800,22
"5299",2021-08-06,17800,"ID120903329425047",36400,1000000,16300,22
"5300",2021-09-22,15700,"ID120903329425047",36400,1000000,16300,22
"5301",2022-07-14,16300,"ID120903329425047",36400,1000000,16300,22
"5302",2022-07-17,16200,"ID120903329425047",36400,1000000,16300,22
"5303",2022-08-16,18300,"ID120903329425047",36400,1000000,18300,22
"5304",2022-09-02,18600,"ID120903329425047",36400,1000000,18600,22
"5305",2023-07-05,20000,"ID120903329425047",36400,1000000,18600,22
"5306",2023-07-09,19100,"ID120903329425047",36400,1000000,18600,22
"5307",2023-07-26,18300,"ID120903329425047",36400,1000000,19100,22
"5308",2023-07-29,18600,"ID120903329425047",36400,1000000,19100,22
"5309",2023-08-08,19600,"ID120903329425047",36400,1000000,19400,22
"5310",2023-08-17,19800,"ID120903329425047",36400,1000000,19600,22
"5311",2023-08-20,19400,"ID120903329425047",36400,1000000,19800,22
"5312",2023-09-07,32000,"ID120903329425047",36400,1000000,31700,22
"5313",2024-07-06,31700,"ID120903329425047",36400,1000000,31800,22
"5314",2024-07-08,31800,"ID120903329425047",36400,1000000,32000,22
"5315",2024-07-26,32300,"ID120903329425047",36400,1000000,32300,22
"5316",2024-07-30,33400,"ID120903329425047",36400,1000000,32300,22
"5317",2024-08-05,32300,"ID120903329425047",36400,1000000,32300,22
"5318",2024-08-14,35700,"ID120903329425047",36400,1000000,32300,22
"5319",2020-08-23,8600,"ID121100897920608",17300,1000000,27100,22
"5320",2020-09-09,11800,"ID121100897920608",17300,1000000,27100,22
"5321",2021-08-03,27100,"ID121100897920608",17300,1000000,27100,22
"5322",2021-08-06,28600,"ID121100897920608",17300,1000000,27800,22
"5323",2021-09-22,32400,"ID121100897920608",17300,1000000,27800,22
"5324",2022-07-14,27800,"ID121100897920608",17300,1000000,28100,22
"5325",2022-07-17,26300,"ID121100897920608",17300,1000000,27800,22
"5326",2022-08-16,28100,"ID121100897920608",17300,1000000,27800,22
"5327",2022-09-02,26800,"ID121100897920608",17300,1000000,28100,22
"5328",2023-07-05,30900,"ID121100897920608",17300,1000000,30800,22
"5329",2023-07-09,32000,"ID121100897920608",17300,1000000,30900,22
"5330",2023-07-26,30800,"ID121100897920608",17300,1000000,30900,22
"5331",2023-07-29,31500,"ID121100897920608",17300,1000000,30800,22
"5332",2023-08-08,30600,"ID121100897920608",17300,1000000,30600,22
"5333",2023-08-17,28500,"ID121100897920608",17300,1000000,30300,22
"5334",2023-08-20,29700,"ID121100897920608",17300,1000000,30300,22
"5335",2023-09-07,30300,"ID121100897920608",17300,1000000,30300,22
"5336",2024-07-06,31500,"ID121100897920608",17300,1000000,31400,22
"5337",2024-07-08,33100,"ID121100897920608",17300,1000000,31500,22
"5338",2024-07-26,31400,"ID121100897920608",17300,1000000,31500,22
"5339",2024-07-30,34400,"ID121100897920608",17300,1000000,31400,22
"5340",2024-08-14,31200,"ID121100897920608",17300,1000000,31200,22
"5341",2021-08-03,15500,"ID121203977135747",31500,1000000,16600,20
"5342",2021-09-22,16500,"ID121203977135747",31500,1000000,16500,20
"5343",2022-07-14,16600,"ID121203977135747",31500,1000000,16500,20
"5344",2022-07-17,15800,"ID121203977135747",31500,1000000,16500,20
"5345",2022-08-16,17300,"ID121203977135747",31500,1000000,16600,20
"5346",2022-09-02,14900,"ID121203977135747",31500,1000000,17100,20
"5347",2023-07-05,18900,"ID121203977135747",31500,1000000,17100,20
"5348",2023-07-09,17100,"ID121203977135747",31500,1000000,16900,20
"5349",2023-07-26,16300,"ID121203977135747",31500,1000000,17100,20
"5350",2023-07-29,16900,"ID121203977135747",31500,1000000,16900,20
"5351",2023-08-08,17100,"ID121203977135747",31500,1000000,16900,20
"5352",2023-08-17,16900,"ID121203977135747",31500,1000000,16900,20
"5353",2023-08-20,16500,"ID121203977135747",31500,1000000,17100,20
"5354",2023-09-07,37500,"ID121203977135747",31500,1000000,18300,20
"5355",2024-07-06,18300,"ID121203977135747",31500,1000000,18400,20
"5356",2024-07-08,18400,"ID121203977135747",31500,1000000,18600,20
"5357",2024-07-26,18600,"ID121203977135747",31500,1000000,18500,20
"5358",2024-07-30,18900,"ID121203977135747",31500,1000000,18600,20
"5359",2024-08-05,18500,"ID121203977135747",31500,1000000,18900,20
"5360",2024-08-14,19100,"ID121203977135747",31500,1000000,19100,20
"5361",2020-09-09,6800,"ID121367185892990",19400,1000000,7700,22
"5362",2021-08-03,7700,"ID121367185892990",19400,1000000,8900,22
"5363",2021-08-06,8900,"ID121367185892990",19400,1000000,8700,22
"5364",2021-09-22,10500,"ID121367185892990",19400,1000000,8900,22
"5365",2022-07-14,8700,"ID121367185892990",19400,1000000,9400,22
"5366",2022-07-17,9400,"ID121367185892990",19400,1000000,9400,22
"5367",2022-08-16,9800,"ID121367185892990",19400,1000000,9400,22
"5368",2022-09-02,9100,"ID121367185892990",19400,1000000,9800,22
"5369",2023-07-05,10100,"ID121367185892990",19400,1000000,10000,22
"5370",2023-07-09,10100,"ID121367185892990",19400,1000000,10100,22
"5371",2023-07-26,10000,"ID121367185892990",19400,1000000,10100,22
"5372",2023-07-29,10400,"ID121367185892990",19400,1000000,10100,22
"5373",2023-08-08,10300,"ID121367185892990",19400,1000000,10200,22
"5374",2023-08-17,10100,"ID121367185892990",19400,1000000,10300,22
"5375",2023-08-20,10200,"ID121367185892990",19400,1000000,10300,22
"5376",2023-09-07,11500,"ID121367185892990",19400,1000000,11400,22
"5377",2024-07-06,11500,"ID121367185892990",19400,1000000,11400,22
"5378",2024-07-08,11400,"ID121367185892990",19400,1000000,11500,22
"5379",2024-07-26,11400,"ID121367185892990",19400,1000000,11400,22
"5380",2024-07-30,12000,"ID121367185892990",19400,1000000,11400,22
"5381",2024-08-05,11300,"ID121367185892990",19400,1000000,11400,22
"5382",2024-08-14,11800,"ID121367185892990",19400,1000000,11300,22
"5383",2019-07-29,23100,"ID121637768832622",13900,1000000,9200,5
"5384",2020-08-13,5100,"ID121637768832622",13900,1000000,12600,5
"5385",2020-08-23,12600,"ID121637768832622",13900,1000000,13100,5
"5386",2020-09-09,13100,"ID121637768832622",13900,1000000,13100,5
"5387",2022-09-02,26900,"ID121637768832622",13900,1000000,14800,5
"5388",2019-07-29,17400,"ID121642063799590",31000,1000000,17400,19
"5389",2020-09-09,14800,"ID121642063799590",31000,1000000,26900,19
"5390",2021-09-22,36500,"ID121642063799590",31000,1000000,27300,19
"5391",2022-07-14,27300,"ID121642063799590",31000,1000000,27300,19
"5392",2022-07-17,27500,"ID121642063799590",31000,1000000,27500,19
"5393",2022-09-02,26800,"ID121642063799590",31000,1000000,27500,19
"5394",2023-07-05,29300,"ID121642063799590",31000,1000000,28200,19
"5395",2023-07-09,29800,"ID121642063799590",31000,1000000,29300,19
"5396",2023-07-26,28200,"ID121642063799590",31000,1000000,29800,19
"5397",2023-07-29,30000,"ID121642063799590",31000,1000000,30000,19
"5398",2023-08-08,31400,"ID121642063799590",31000,1000000,30400,19
"5399",2023-08-20,30400,"ID121642063799590",31000,1000000,30400,19
"5400",2023-09-07,36000,"ID121642063799590",31000,1000000,30400,19
"5401",2024-07-07,29000,"ID121642063799590",31000,1000000,30400,19
"5402",2024-07-08,29700,"ID121642063799590",31000,1000000,32100,19
"5403",2024-07-28,32100,"ID121642063799590",31000,1000000,32100,19
"5404",2024-07-30,32400,"ID121642063799590",31000,1000000,32400,19
"5405",2024-08-07,32700,"ID121642063799590",31000,1000000,32400,19
"5406",2024-08-17,32700,"ID121642063799590",31000,1000000,32400,19
"5407",2020-08-13,4900,"ID121732258112860",25200,1000000,11000,20
"5408",2020-08-23,6000,"ID121732258112860",25200,1000000,11000,20
"5409",2020-09-09,11000,"ID121732258112860",25200,1000000,11000,20
"5410",2021-08-06,15600,"ID121732258112860",25200,1000000,15600,20
"5411",2021-09-22,17900,"ID121732258112860",25200,1000000,16500,20
"5412",2022-07-14,16500,"ID121732258112860",25200,1000000,16500,20
"5413",2022-07-17,16500,"ID121732258112860",25200,1000000,17800,20
"5414",2023-07-05,18700,"ID121732258112860",25200,1000000,16800,20
"5415",2023-07-09,17800,"ID121732258112860",25200,1000000,17800,20
"5416",2023-07-26,16800,"ID121732258112860",25200,1000000,18400,20
"5417",2023-07-29,19000,"ID121732258112860",25200,1000000,18200,20
"5418",2023-08-08,18400,"ID121732258112860",25200,1000000,18400,20
"5419",2023-08-20,18200,"ID121732258112860",25200,1000000,19000,20
"5420",2023-09-07,19500,"ID121732258112860",25200,1000000,19500,20
"5421",2024-07-07,19600,"ID121732258112860",25200,1000000,19600,20
"5422",2024-07-08,20000,"ID121732258112860",25200,1000000,20000,20
"5423",2024-07-28,20800,"ID121732258112860",25200,1000000,20800,20
"5424",2024-07-30,21200,"ID121732258112860",25200,1000000,20900,20
"5425",2024-08-07,21400,"ID121732258112860",25200,1000000,20900,20
"5426",2024-08-17,20900,"ID121732258112860",25200,1000000,20900,20
"5427",2020-07-17,2000,"ID121878287001147",9800,1000000,2000,11
"5428",2020-08-01,16300,"ID121878287001147",9800,1000000,6200,11
"5429",2020-08-13,6200,"ID121878287001147",9800,1000000,7200,11
"5430",2020-08-23,7200,"ID121878287001147",9800,1000000,10100,11
"5431",2021-08-06,10800,"ID121878287001147",9800,1000000,10100,11
"5432",2022-09-02,10100,"ID121878287001147",9800,1000000,10100,11
"5433",2023-07-05,10600,"ID121878287001147",9800,1000000,10100,11
"5434",2023-07-26,9700,"ID121878287001147",9800,1000000,10100,11
"5435",2023-08-20,10000,"ID121878287001147",9800,1000000,10600,11
"5436",2023-09-07,11400,"ID121878287001147",9800,1000000,11400,11
"5437",2024-07-30,12100,"ID121878287001147",9800,1000000,12100,11
"5438",2019-07-29,44600,"ID121899761837627",36600,1000000,19400,20
"5439",2020-09-09,21100,"ID121899761837627",36600,1000000,21100,20
"5440",2021-08-06,19400,"ID121899761837627",36600,1000000,21100,20
"5441",2021-09-22,65200,"ID121899761837627",36600,1000000,21100,20
"5442",2022-07-14,17400,"ID121899761837627",36600,1000000,21100,20
"5443",2022-07-17,32700,"ID121899761837627",36600,1000000,21100,20
"5444",2022-09-02,21100,"ID121899761837627",36600,1000000,21100,20
"5445",2023-07-05,18100,"ID121899761837627",36600,1000000,21700,20
"5446",2023-07-09,22500,"ID121899761837627",36600,1000000,21700,20
"5447",2023-07-26,21700,"ID121899761837627",36600,1000000,22500,20
"5448",2023-07-29,23000,"ID121899761837627",36600,1000000,22600,20
"5449",2023-08-08,23100,"ID121899761837627",36600,1000000,23000,20
"5450",2023-08-20,22600,"ID121899761837627",36600,1000000,23100,20
"5451",2023-09-07,23500,"ID121899761837627",36600,1000000,23500,20
"5452",2024-07-07,24000,"ID121899761837627",36600,1000000,24000,20
"5453",2024-07-08,24300,"ID121899761837627",36600,1000000,24300,20
"5454",2024-07-28,26500,"ID121899761837627",36600,1000000,26500,20
"5455",2024-07-30,26800,"ID121899761837627",36600,1000000,26500,20
"5456",2024-08-07,26500,"ID121899761837627",36600,1000000,26500,20
"5457",2024-08-17,27300,"ID121899761837627",36600,1000000,26500,20
"5458",2021-08-06,7400,"ID121904056804781",24700,1000000,7400,18
"5459",2021-09-22,7200,"ID121904056804781",24700,1000000,7200,18
"5460",2022-07-14,7000,"ID121904056804781",24700,1000000,7200,18
"5461",2022-07-17,6900,"ID121904056804781",24700,1000000,7200,18
"5462",2022-09-02,8300,"ID121904056804781",24700,1000000,8100,18
"5463",2023-07-05,8300,"ID121904056804781",24700,1000000,8200,18
"5464",2023-07-09,8100,"ID121904056804781",24700,1000000,8300,18
"5465",2023-07-26,8200,"ID121904056804781",24700,1000000,8300,18
"5466",2023-07-29,8600,"ID121904056804781",24700,1000000,8500,18
"5467",2023-08-08,8500,"ID121904056804781",24700,1000000,8600,18
"5468",2023-08-20,8900,"ID121904056804781",24700,1000000,8800,18
"5469",2023-09-07,8800,"ID121904056804781",24700,1000000,8900,18
"5470",2024-07-07,9800,"ID121904056804781",24700,1000000,9800,18
"5471",2024-07-08,9900,"ID121904056804781",24700,1000000,9900,18
"5472",2024-07-28,10400,"ID121904056804781",24700,1000000,9900,18
"5473",2024-07-30,10700,"ID121904056804781",24700,1000000,10300,18
"5474",2024-08-07,9900,"ID121904056804781",24700,1000000,10400,18
"5475",2024-08-17,10300,"ID121904056804781",24700,1000000,10700,18
"5476",2019-07-20,5200,"ID121912646739546",12900,1000000,18300,4
"5477",2019-07-29,4000,"ID121912646739546",12900,1000000,15400,4
"5478",2020-07-17,18300,"ID121912646739546",12900,1000000,15400,4
"5479",2020-08-01,15400,"ID121912646739546",12900,1000000,16700,4
"5480",2020-09-09,3800,"ID122011430987838",25000,1000000,12800,18
"5481",2021-09-22,11500,"ID122011430987838",25000,1000000,12300,18
"5482",2022-07-17,12800,"ID122011430987838",25000,1000000,12300,18
"5483",2022-08-16,12300,"ID122011430987838",25000,1000000,12800,18
"5484",2022-09-02,17000,"ID122011430987838",25000,1000000,13200,18
"5485",2023-07-05,14500,"ID122011430987838",25000,1000000,13900,18
"5486",2023-07-09,13200,"ID122011430987838",25000,1000000,14500,18
"5487",2023-07-26,13900,"ID122011430987838",25000,1000000,14500,18
"5488",2023-07-29,14600,"ID122011430987838",25000,1000000,14600,18
"5489",2023-08-08,28900,"ID122011430987838",25000,1000000,28900,18
"5490",2023-08-17,31900,"ID122011430987838",25000,1000000,29900,18
"5491",2023-08-20,29900,"ID122011430987838",25000,1000000,29900,18
"5492",2024-07-06,31000,"ID122011430987838",25000,1000000,31000,18
"5493",2024-07-08,29400,"ID122011430987838",25000,1000000,31000,18
"5494",2024-07-26,32600,"ID122011430987838",25000,1000000,32600,18
"5495",2024-07-30,33400,"ID122011430987838",25000,1000000,32700,18
"5496",2024-08-05,34100,"ID122011430987838",25000,1000000,32700,18
"5497",2024-08-14,32700,"ID122011430987838",25000,1000000,32700,18
"5498",2020-07-05,95400,"ID122067265562227",154200,1000000,64900,24
"5499",2020-07-17,64900,"ID122067265562227",154200,1000000,76300,24
"5500",2020-08-01,76300,"ID122067265562227",154200,1000000,95400,24
"5501",2020-08-13,130500,"ID122067265562227",154200,1000000,130500,24
"5502",2020-08-23,172000,"ID122067265562227",154200,1000000,172000,24
"5503",2020-09-09,192200,"ID122067265562227",154200,1000000,192200,24
"5504",2021-08-06,240900,"ID122067265562227",154200,1000000,240900,24
"5505",2021-09-22,242100,"ID122067265562227",154200,1000000,242100,24
"5506",2022-07-14,249600,"ID122067265562227",154200,1000000,249600,24
"5507",2022-07-17,250900,"ID122067265562227",154200,1000000,250900,24
"5508",2022-09-02,256400,"ID122067265562227",154200,1000000,256400,24
"5509",2023-07-05,262400,"ID122067265562227",154200,1000000,260700,24
"5510",2023-07-09,262900,"ID122067265562227",154200,1000000,262400,24
"5511",2023-07-26,260700,"ID122067265562227",154200,1000000,262900,24
"5512",2023-07-29,267100,"ID122067265562227",154200,1000000,265200,24
"5513",2023-08-08,267500,"ID122067265562227",154200,1000000,267100,24
"5514",2023-08-20,265200,"ID122067265562227",154200,1000000,267500,24
"5515",2023-09-07,293800,"ID122067265562227",154200,1000000,278500,24
"5516",2024-07-07,278500,"ID122067265562227",154200,1000000,282300,24
"5517",2024-07-08,282300,"ID122067265562227",154200,1000000,283900,24
"5518",2024-07-28,286100,"ID122067265562227",154200,1000000,282300,24
"5519",2024-07-30,283900,"ID122067265562227",154200,1000000,283400,24
"5520",2024-08-07,281300,"ID122067265562227",154200,1000000,283400,24
"5521",2024-08-17,283400,"ID122067265562227",154200,1000000,281300,24
"5522",2020-09-09,66700,"ID122093035365813",34200,1000000,51900,19
"5523",2021-08-06,10100,"ID122093035365813",34200,1000000,37600,19
"5524",2021-09-22,14400,"ID122093035365813",34200,1000000,36100,19
"5525",2022-07-14,37600,"ID122093035365813",34200,1000000,15900,19
"5526",2022-07-17,36100,"ID122093035365813",34200,1000000,17700,19
"5527",2022-09-02,15900,"ID122093035365813",34200,1000000,17900,19
"5528",2023-07-05,17700,"ID122093035365813",34200,1000000,17700,19
"5529",2023-07-09,17900,"ID122093035365813",34200,1000000,17700,19
"5530",2023-07-26,17300,"ID122093035365813",34200,1000000,17900,19
"5531",2023-07-29,31000,"ID122093035365813",34200,1000000,31000,19
"5532",2023-08-08,36500,"ID122093035365813",34200,1000000,31000,19
"5533",2023-08-20,34700,"ID122093035365813",34200,1000000,34300,19
"5534",2023-09-07,17600,"ID122093035365813",34200,1000000,34300,19
"5535",2024-07-07,34300,"ID122093035365813",34200,1000000,34300,19
"5536",2024-07-08,32100,"ID122093035365813",34200,1000000,34300,19
"5537",2024-07-28,48900,"ID122093035365813",34200,1000000,48900,19
"5538",2024-07-30,48900,"ID122093035365813",34200,1000000,48900,19
"5539",2024-08-07,50100,"ID122093035365813",34200,1000000,48900,19
"5540",2024-08-17,49600,"ID122093035365813",34200,1000000,48900,19
"5541",2019-07-29,33100,"ID122101625300629",87900,1000000,33100,4
"5542",2020-07-05,132200,"ID122101625300629",87900,1000000,132200,4
"5543",2020-08-13,139100,"ID122101625300629",87900,1000000,132200,4
"5544",2020-08-23,163300,"ID122101625300629",87900,1000000,132200,4
"5545",2019-07-20,659300,"ID122183229679040",705800,1000000,643100,26
"5546",2019-07-29,663000,"ID122183229679040",705800,1000000,659300,26
"5547",2020-07-05,643100,"ID122183229679040",705800,1000000,662700,26
"5548",2020-07-17,664900,"ID122183229679040",705800,1000000,663000,26
"5549",2020-08-01,662700,"ID122183229679040",705800,1000000,664900,26
"5550",2020-08-13,672900,"ID122183229679040",705800,1000000,664900,26
"5551",2020-08-23,675500,"ID122183229679040",705800,1000000,672900,26
"5552",2020-09-09,662700,"ID122183229679040",705800,1000000,675500,26
"5553",2021-08-06,754300,"ID122183229679040",705800,1000000,743700,26
"5554",2021-09-22,743700,"ID122183229679040",705800,1000000,754300,26
"5555",2022-07-14,776800,"ID122183229679040",705800,1000000,754300,26
"5556",2022-07-17,763600,"ID122183229679040",705800,1000000,763600,26
"5557",2022-09-02,731800,"ID122183229679040",705800,1000000,763600,26
"5558",2023-07-05,767700,"ID122183229679040",705800,1000000,754400,26
"5559",2023-07-09,754400,"ID122183229679040",705800,1000000,740700,26
"5560",2023-07-26,740700,"ID122183229679040",705800,1000000,740700,26
"5561",2023-07-29,739700,"ID122183229679040",705800,1000000,739700,26
"5562",2023-08-08,737700,"ID122183229679040",705800,1000000,739700,26
"5563",2023-08-20,734400,"ID122183229679040",705800,1000000,737700,26
"5564",2023-09-07,746700,"ID122183229679040",705800,1000000,737100,26
"5565",2024-07-07,737100,"ID122183229679040",705800,1000000,737100,26
"5566",2024-07-08,735700,"ID122183229679040",705800,1000000,737900,26
"5567",2024-07-28,737900,"ID122183229679040",705800,1000000,737900,26
"5568",2024-07-30,738400,"ID122183229679040",705800,1000000,738200,26
"5569",2024-08-07,739500,"ID122183229679040",705800,1000000,738200,26
"5570",2024-08-17,738200,"ID122183229679040",705800,1000000,738200,26
"5571",2020-07-17,67300,"ID122226179352162",62500,1000000,42300,18
"5572",2021-08-06,42300,"ID122226179352162",62500,1000000,43500,18
"5573",2021-09-22,43500,"ID122226179352162",62500,1000000,43500,18
"5574",2022-07-14,48100,"ID122226179352162",62500,1000000,43500,18
"5575",2022-07-17,43300,"ID122226179352162",62500,1000000,43800,18
"5576",2022-09-02,43800,"ID122226179352162",62500,1000000,47700,18
"5577",2023-07-05,49900,"ID122226179352162",62500,1000000,45300,18
"5578",2023-07-09,47700,"ID122226179352162",62500,1000000,46400,18
"5579",2023-07-26,45300,"ID122226179352162",62500,1000000,46700,18
"5580",2023-07-29,46400,"ID122226179352162",62500,1000000,46400,18
"5581",2023-08-08,46700,"ID122226179352162",62500,1000000,46400,18
"5582",2023-08-20,46100,"ID122226179352162",62500,1000000,46700,18
"5583",2024-07-07,47400,"ID122226179352162",62500,1000000,47400,18
"5584",2024-07-08,47700,"ID122226179352162",62500,1000000,47700,18
"5585",2024-07-28,48200,"ID122226179352162",62500,1000000,48200,18
"5586",2024-07-30,51700,"ID122226179352162",62500,1000000,49100,18
"5587",2024-08-07,49100,"ID122226179352162",62500,1000000,49100,18
"5588",2024-08-17,49100,"ID122226179352162",62500,1000000,49100,18
"5589",2019-07-20,14700,"ID122299193796256",18800,1000000,17100,8
"5590",2021-09-22,13500,"ID122299193796256",18800,1000000,17100,8
"5591",2022-07-17,25000,"ID122299193796256",18800,1000000,25000,8
"5592",2023-07-09,34100,"ID122299193796256",18800,1000000,25000,8
"5593",2023-07-26,31700,"ID122299193796256",18800,1000000,31700,8
"5594",2023-08-08,20400,"ID122299193796256",18800,1000000,34100,8
"5595",2024-07-07,35300,"ID122299193796256",18800,1000000,35300,8
"5596",2024-07-08,37400,"ID122299193796256",18800,1000000,37400,8
"5597",2019-07-29,46800,"ID122342143469233",55400,1000000,46800,8
"5598",2020-08-13,78300,"ID122342143469233",55400,1000000,78300,8
"5599",2020-08-23,82600,"ID122342143469233",55400,1000000,79300,8
"5600",2020-09-09,79300,"ID122342143469233",55400,1000000,82600,8
"5601",2021-09-22,110500,"ID122342143469233",55400,1000000,105500,8
"5602",2022-09-02,105500,"ID122342143469233",55400,1000000,106000,8
"5603",2023-07-09,106100,"ID122342143469233",55400,1000000,106000,8
"5604",2023-08-20,106000,"ID122342143469233",55400,1000000,105500,8
"5605",2020-08-13,85800,"ID122355028371127",96500,1000000,106000,19
"5606",2020-09-09,92900,"ID122355028371127",96500,1000000,106000,19
"5607",2021-08-06,124900,"ID122355028371127",96500,1000000,124900,19
"5608",2021-09-22,129700,"ID122355028371127",96500,1000000,129700,19
"5609",2022-07-14,145600,"ID122355028371127",96500,1000000,129700,19
"5610",2022-07-17,133500,"ID122355028371127",96500,1000000,133500,19
"5611",2022-09-02,121800,"ID122355028371127",96500,1000000,133500,19
"5612",2023-07-05,137700,"ID122355028371127",96500,1000000,131100,19
"5613",2023-07-09,131100,"ID122355028371127",96500,1000000,129800,19
"5614",2023-07-26,127600,"ID122355028371127",96500,1000000,129800,19
"5615",2023-07-29,129800,"ID122355028371127",96500,1000000,127600,19
"5616",2023-08-08,127500,"ID122355028371127",96500,1000000,127600,19
"5617",2023-08-20,124900,"ID122355028371127",96500,1000000,129800,19
"5618",2024-07-07,133600,"ID122355028371127",96500,1000000,133500,19
"5619",2024-07-08,133500,"ID122355028371127",96500,1000000,133600,19
"5620",2024-07-28,143000,"ID122355028371127",96500,1000000,138800,19
"5621",2024-07-30,143000,"ID122355028371127",96500,1000000,138800,19
"5622",2024-08-07,138800,"ID122355028371127",96500,1000000,138800,19
"5623",2024-08-17,136100,"ID122355028371127",96500,1000000,136100,19
"5624",2021-08-06,76700,"ID122372208240321",156800,1000000,89200,17
"5625",2021-09-22,84400,"ID122372208240321",156800,1000000,84400,17
"5626",2022-07-14,89200,"ID122372208240321",156800,1000000,83100,17
"5627",2022-07-17,82000,"ID122372208240321",156800,1000000,84400,17
"5628",2022-09-02,83100,"ID122372208240321",156800,1000000,87400,17
"5629",2023-07-05,88100,"ID122372208240321",156800,1000000,85600,17
"5630",2023-07-09,87400,"ID122372208240321",156800,1000000,87400,17
"5631",2023-07-26,85600,"ID122372208240321",156800,1000000,87900,17
"5632",2023-07-29,89500,"ID122372208240321",156800,1000000,87400,17
"5633",2023-08-08,87900,"ID122372208240321",156800,1000000,87900,17
"5634",2023-08-20,87400,"ID122372208240321",156800,1000000,89500,17
"5635",2024-07-07,90300,"ID122372208240321",156800,1000000,90300,17
"5636",2024-07-08,90600,"ID122372208240321",156800,1000000,90600,17
"5637",2024-07-28,96500,"ID122372208240321",156800,1000000,96500,17
"5638",2024-07-30,97600,"ID122372208240321",156800,1000000,96500,17
"5639",2024-08-07,96900,"ID122372208240321",156800,1000000,96500,17
"5640",2024-08-17,95400,"ID122372208240321",156800,1000000,95400,17
"5641",2020-08-13,74600,"ID122376503207332",88600,1000000,91600,20
"5642",2020-09-09,80100,"ID122376503207332",88600,1000000,85000,20
"5643",2021-08-06,91600,"ID122376503207332",88600,1000000,85000,20
"5644",2021-09-22,85000,"ID122376503207332",88600,1000000,91600,20
"5645",2022-07-14,98400,"ID122376503207332",88600,1000000,96600,20
"5646",2022-07-17,96600,"ID122376503207332",88600,1000000,98400,20
"5647",2022-09-02,98700,"ID122376503207332",88600,1000000,98700,20
"5648",2023-07-05,100700,"ID122376503207332",88600,1000000,98700,20
"5649",2023-07-09,101200,"ID122376503207332",88600,1000000,98700,20
"5650",2023-07-26,87500,"ID122376503207332",88600,1000000,93800,20
"5651",2023-07-29,89000,"ID122376503207332",88600,1000000,93800,20
"5652",2023-08-08,93800,"ID122376503207332",88600,1000000,93800,20
"5653",2023-08-20,94800,"ID122376503207332",88600,1000000,94800,20
"5654",2023-09-07,100400,"ID122376503207332",88600,1000000,100400,20
"5655",2024-07-07,100500,"ID122376503207332",88600,1000000,100500,20
"5656",2024-07-08,101500,"ID122376503207332",88600,1000000,100500,20
"5657",2024-07-28,102200,"ID122376503207332",88600,1000000,101500,20
"5658",2024-07-30,100300,"ID122376503207332",88600,1000000,102200,20
"5659",2024-08-07,102200,"ID122376503207332",88600,1000000,102200,20
"5660",2024-08-17,102600,"ID122376503207332",88600,1000000,100300,20
"5661",2019-07-20,4500,"ID122415157913177",31000,1000000,4500,5
"5662",2019-07-29,7200,"ID122415157913177",31000,1000000,7200,5
"5663",2020-08-13,28200,"ID122415157913177",31000,1000000,28200,5
"5664",2020-08-23,61300,"ID122415157913177",31000,1000000,33900,5
"5665",2020-09-09,61600,"ID122415157913177",31000,1000000,61300,5
"5666",2020-07-05,33900,"ID122449517651589",43600,1000000,61300,13
"5667",2020-09-09,81800,"ID122449517651589",43600,1000000,36700,13
"5668",2022-09-02,35700,"ID122449517651589",43600,1000000,36200,13
"5669",2023-07-09,36700,"ID122449517651589",43600,1000000,36700,13
"5670",2023-07-26,36200,"ID122449517651589",43600,1000000,36700,13
"5671",2023-08-08,86900,"ID122449517651589",43600,1000000,37800,13
"5672",2023-08-20,37800,"ID122449517651589",43600,1000000,39400,13
"5673",2024-07-07,39400,"ID122449517651589",43600,1000000,40300,13
"5674",2024-07-08,40300,"ID122449517651589",43600,1000000,40300,13
"5675",2024-07-28,40500,"ID122449517651589",43600,1000000,40300,13
"5676",2024-07-30,41000,"ID122449517651589",43600,1000000,40300,13
"5677",2024-08-07,39400,"ID122449517651589",43600,1000000,40500,13
"5678",2024-08-17,39800,"ID122449517651589",43600,1000000,41000,13
"5679",2021-08-06,83100,"ID122617021376044",51700,1000000,83100,17
"5680",2021-09-22,93000,"ID122617021376044",51700,1000000,85800,17
"5681",2022-07-14,86800,"ID122617021376044",51700,1000000,86800,17
"5682",2022-09-02,85800,"ID122617021376044",51700,1000000,92200,17
"5683",2023-07-05,93100,"ID122617021376044",51700,1000000,91100,17
"5684",2023-07-09,92200,"ID122617021376044",51700,1000000,92200,17
"5685",2023-07-26,91100,"ID122617021376044",51700,1000000,93100,17
"5686",2023-07-29,93800,"ID122617021376044",51700,1000000,93800,17
"5687",2023-08-08,95200,"ID122617021376044",51700,1000000,93800,17
"5688",2023-08-20,94300,"ID122617021376044",51700,1000000,94300,17
"5689",2023-09-07,93600,"ID122617021376044",51700,1000000,95200,17
"5690",2024-07-07,97700,"ID122617021376044",51700,1000000,97700,17
"5691",2024-07-08,98600,"ID122617021376044",51700,1000000,98600,17
"5692",2024-07-28,102700,"ID122617021376044",51700,1000000,101800,17
"5693",2024-07-30,103000,"ID122617021376044",51700,1000000,101800,17
"5694",2024-08-07,101800,"ID122617021376044",51700,1000000,101800,17
"5695",2024-08-17,101800,"ID122617021376044",51700,1000000,101800,17
"5696",2022-07-14,18900,"ID122638496212676",69400,1000000,30300,11
"5697",2022-07-17,24200,"ID122638496212676",69400,1000000,30300,11
"5698",2023-07-05,30300,"ID122638496212676",69400,1000000,30300,11
"5699",2023-07-09,30500,"ID122638496212676",69400,1000000,30300,11
"5700",2023-07-26,58400,"ID122638496212676",69400,1000000,30500,11
"5701",2023-07-29,28700,"ID122638496212676",69400,1000000,30500,11
"5702",2023-08-08,63000,"ID122638496212676",69400,1000000,58400,11
"5703",2023-08-20,27800,"ID122638496212676",69400,1000000,63000,11
"5704",2024-07-07,110700,"ID122638496212676",69400,1000000,110700,11
"5705",2024-07-08,128500,"ID122638496212676",69400,1000000,110700,11
"5706",2024-07-28,130600,"ID122638496212676",69400,1000000,110700,11
"5707",2020-08-13,20800,"ID122647086147080",39300,1000000,70000,11
"5708",2020-09-09,51300,"ID122647086147080",39300,1000000,70000,11
"5709",2021-08-06,70000,"ID122647086147080",39300,1000000,70000,11
"5710",2021-09-22,70900,"ID122647086147080",39300,1000000,70900,11
"5711",2022-07-14,73700,"ID122647086147080",39300,1000000,70900,11
"5712",2022-07-17,74600,"ID122647086147080",39300,1000000,73700,11
"5713",2022-09-02,70500,"ID122647086147080",39300,1000000,73700,11
"5714",2023-07-09,76200,"ID122647086147080",39300,1000000,74600,11
"5715",2023-07-26,73300,"ID122647086147080",39300,1000000,75700,11
"5716",2023-08-20,77800,"ID122647086147080",39300,1000000,75700,11
"5717",2023-09-07,75700,"ID122647086147080",39300,1000000,73300,11
"5718",2020-08-13,9300,"ID122690035820051",37900,1000000,67300,13
"5719",2020-08-23,14600,"ID122690035820051",37900,1000000,67300,13
"5720",2020-09-09,67300,"ID122690035820051",37900,1000000,67300,13
"5721",2021-08-06,67300,"ID122690035820051",37900,1000000,67300,13
"5722",2021-09-22,70300,"ID122690035820051",37900,1000000,67300,13
"5723",2022-07-14,61800,"ID122690035820051",37900,1000000,67300,13
"5724",2022-07-17,58900,"ID122690035820051",37900,1000000,67600,13
"5725",2022-09-02,67600,"ID122690035820051",37900,1000000,67600,13
"5726",2023-07-05,74500,"ID122690035820051",37900,1000000,70400,13
"5727",2023-07-09,72200,"ID122690035820051",37900,1000000,72200,13
"5728",2023-07-26,70400,"ID122690035820051",37900,1000000,74500,13
"5729",2023-07-29,74500,"ID122690035820051",37900,1000000,72200,13
"5730",2023-08-20,74500,"ID122690035820051",37900,1000000,70400,13
"5731",2020-08-13,2200,"ID122797410002566",17500,1000000,5400,21
"5732",2020-08-23,3300,"ID122797410002566",17500,1000000,5400,21
"5733",2020-09-09,5400,"ID122797410002566",17500,1000000,5400,21
"5734",2021-08-06,9800,"ID122797410002566",17500,1000000,9800,21
"5735",2021-09-22,10700,"ID122797410002566",17500,1000000,10700,21
"5736",2022-07-14,11100,"ID122797410002566",17500,1000000,10700,21
"5737",2022-07-17,10700,"ID122797410002566",17500,1000000,11100,21
"5738",2022-09-02,12300,"ID122797410002566",17500,1000000,12200,21
"5739",2023-07-05,13200,"ID122797410002566",17500,1000000,12300,21
"5740",2023-07-09,12200,"ID122797410002566",17500,1000000,13000,21
"5741",2023-07-26,13000,"ID122797410002566",17500,1000000,13200,21
"5742",2023-07-29,13400,"ID122797410002566",17500,1000000,13400,21
"5743",2023-08-08,13800,"ID122797410002566",17500,1000000,13800,21
"5744",2023-08-20,13800,"ID122797410002566",17500,1000000,13800,21
"5745",2023-09-07,15900,"ID122797410002566",17500,1000000,14900,21
"5746",2024-07-07,14900,"ID122797410002566",17500,1000000,15300,21
"5747",2024-07-08,15300,"ID122797410002566",17500,1000000,15900,21
"5748",2024-07-28,16300,"ID122797410002566",17500,1000000,16300,21
"5749",2024-07-30,16500,"ID122797410002566",17500,1000000,16400,21
"5750",2024-08-07,16400,"ID122797410002566",17500,1000000,16500,21
"5751",2024-08-17,17000,"ID122797410002566",17500,1000000,17000,21
"5752",2020-09-23,18000,"ID122909079157645",40100,1000000,17100,22
"5753",2021-07-17,17100,"ID122909079157645",40100,1000000,18000,22
"5754",2021-07-28,22000,"ID122909079157645",40100,1000000,22000,22
"5755",2021-08-02,22100,"ID122909079157645",40100,1000000,22100,22
"5756",2021-09-11,25900,"ID122909079157645",40100,1000000,25900,22
"5757",2022-07-13,27500,"ID122909079157645",40100,1000000,26500,22
"5758",2022-07-20,26500,"ID122909079157645",40100,1000000,27500,22
"5759",2022-07-24,27800,"ID122909079157645",40100,1000000,27800,22
"5760",2022-07-29,28700,"ID122909079157645",40100,1000000,28500,22
"5761",2022-08-14,29700,"ID122909079157645",40100,1000000,28700,22
"5762",2022-08-23,28500,"ID122909079157645",40100,1000000,29000,22
"5763",2023-07-05,29000,"ID122909079157645",40100,1000000,29700,22
"5764",2023-07-26,32000,"ID122909079157645",40100,1000000,32000,22
"5765",2023-07-29,32600,"ID122909079157645",40100,1000000,32600,22
"5766",2023-08-07,33500,"ID122909079157645",40100,1000000,33500,22
"5767",2023-08-19,34400,"ID122909079157645",40100,1000000,34400,22
"5768",2023-08-31,34400,"ID122909079157645",40100,1000000,34400,22
"5769",2023-09-05,34800,"ID122909079157645",40100,1000000,34500,22
"5770",2024-07-06,34500,"ID122909079157645",40100,1000000,34800,22
"5771",2024-07-15,38200,"ID122909079157645",40100,1000000,38200,22
"5772",2024-07-26,38400,"ID122909079157645",40100,1000000,38400,22
"5773",2024-08-15,38600,"ID122909079157645",40100,1000000,38400,22
"5774",2021-08-06,70700,"ID123725122938719",127600,1000000,70700,17
"5775",2021-09-22,87400,"ID123725122938719",127600,1000000,82100,17
"5776",2022-07-14,83300,"ID123725122938719",127600,1000000,82100,17
"5777",2022-07-17,82100,"ID123725122938719",127600,1000000,83300,17
"5778",2022-09-02,82100,"ID123725122938719",127600,1000000,83300,17
"5779",2023-07-05,89700,"ID123725122938719",127600,1000000,89400,17
"5780",2023-07-09,91000,"ID123725122938719",127600,1000000,89400,17
"5781",2023-07-26,89400,"ID123725122938719",127600,1000000,89400,17
"5782",2023-07-29,87000,"ID123725122938719",127600,1000000,87000,17
"5783",2023-08-08,86900,"ID123725122938719",127600,1000000,87000,17
"5784",2023-08-20,86000,"ID123725122938719",127600,1000000,87000,17
"5785",2024-07-07,93900,"ID123725122938719",127600,1000000,91600,17
"5786",2024-07-08,93800,"ID123725122938719",127600,1000000,91600,17
"5787",2024-07-28,91600,"ID123725122938719",127600,1000000,91600,17
"5788",2024-07-30,91400,"ID123725122938719",127600,1000000,91600,17
"5789",2024-08-07,91300,"ID123725122938719",127600,1000000,91400,17
"5790",2024-08-17,92300,"ID123725122938719",127600,1000000,91300,17
"5791",2020-09-09,47600,"ID123733712873303",95400,1000000,89200,18
"5792",2021-08-06,76000,"ID123733712873303",95400,1000000,89200,18
"5793",2021-09-22,89200,"ID123733712873303",95400,1000000,88700,18
"5794",2022-07-14,95500,"ID123733712873303",95400,1000000,89200,18
"5795",2022-07-17,88700,"ID123733712873303",95400,1000000,89200,18
"5796",2022-09-02,89200,"ID123733712873303",95400,1000000,91300,18
"5797",2023-07-05,91300,"ID123733712873303",95400,1000000,91300,18
"5798",2023-07-09,99200,"ID123733712873303",95400,1000000,94700,18
"5799",2023-07-26,98800,"ID123733712873303",95400,1000000,94700,18
"5800",2023-07-29,94700,"ID123733712873303",95400,1000000,94700,18
"5801",2023-08-08,94600,"ID123733712873303",95400,1000000,94700,18
"5802",2023-08-20,92100,"ID123733712873303",95400,1000000,94700,18
"5803",2024-07-07,102500,"ID123733712873303",95400,1000000,98300,18
"5804",2024-07-08,102100,"ID123733712873303",95400,1000000,98300,18
"5805",2024-07-28,98300,"ID123733712873303",95400,1000000,98300,18
"5806",2024-07-30,97200,"ID123733712873303",95400,1000000,97400,18
"5807",2024-08-07,96900,"ID123733712873303",95400,1000000,97200,18
"5808",2024-08-17,97400,"ID123733712873303",95400,1000000,96900,18
"5809",2019-07-02,12900,"ID124356483137020",30300,1000000,16400,25
"5810",2019-08-01,13600,"ID124356483137020",30300,1000000,14900,25
"5811",2019-08-12,16400,"ID124356483137020",30300,1000000,14900,25
"5812",2020-07-29,14900,"ID124356483137020",30300,1000000,14900,25
"5813",2020-08-27,18100,"ID124356483137020",30300,1000000,15200,25
"5814",2020-09-07,11700,"ID124356483137020",30300,1000000,14900,25
"5815",2020-09-09,15200,"ID124356483137020",30300,1000000,15200,25
"5816",2020-09-22,13100,"ID124356483137020",30300,1000000,15200,25
"5817",2021-07-17,34000,"ID124356483137020",30300,1000000,16300,25
"5818",2021-07-28,19500,"ID124356483137020",30300,1000000,16300,25
"5819",2021-08-02,16300,"ID124356483137020",30300,1000000,18400,25
"5820",2021-09-11,13000,"ID124356483137020",30300,1000000,16500,25
"5821",2022-07-13,18400,"ID124356483137020",30300,1000000,16500,25
"5822",2022-07-24,16500,"ID124356483137020",30300,1000000,16500,25
"5823",2022-07-29,16800,"ID124356483137020",30300,1000000,16500,25
"5824",2022-08-23,16300,"ID124356483137020",30300,1000000,16500,25
"5825",2023-07-26,15800,"ID124356483137020",30300,1000000,16800,25
"5826",2023-07-29,17800,"ID124356483137020",30300,1000000,17800,25
"5827",2023-08-07,19200,"ID124356483137020",30300,1000000,19000,25
"5828",2023-08-31,19000,"ID124356483137020",30300,1000000,19000,25
"5829",2023-09-05,22200,"ID124356483137020",30300,1000000,19200,25
"5830",2024-07-06,18800,"ID124356483137020",30300,1000000,19500,25
"5831",2024-07-15,20800,"ID124356483137020",30300,1000000,20800,25
"5832",2024-07-26,19500,"ID124356483137020",30300,1000000,19500,25
"5833",2024-08-15,22000,"ID124356483137020",30300,1000000,19500,25
"5834",2020-07-05,5600,"ID125314260843423",16200,1000000,8300,27
"5835",2020-07-29,6500,"ID125314260843423",16200,1000000,8300,27
"5836",2020-08-14,8300,"ID125314260843423",16200,1000000,8300,27
"5837",2020-08-27,9500,"ID125314260843423",16200,1000000,9300,27
"5838",2020-09-07,9500,"ID125314260843423",16200,1000000,9500,27
"5839",2020-09-09,9300,"ID125314260843423",16200,1000000,9500,27
"5840",2020-09-22,10000,"ID125314260843423",16200,1000000,10000,27
"5841",2020-09-23,10000,"ID125314260843423",16200,1000000,10000,27
"5842",2021-07-28,10400,"ID125314260843423",16200,1000000,10400,27
"5843",2021-09-11,12000,"ID125314260843423",16200,1000000,11500,27
"5844",2022-07-13,11500,"ID125314260843423",16200,1000000,11500,27
"5845",2022-07-20,11500,"ID125314260843423",16200,1000000,11500,27
"5846",2022-07-24,11400,"ID125314260843423",16200,1000000,11500,27
"5847",2022-07-29,12200,"ID125314260843423",16200,1000000,11500,27
"5848",2022-08-14,12600,"ID125314260843423",16200,1000000,12200,27
"5849",2022-08-23,11400,"ID125314260843423",16200,1000000,12600,27
"5850",2023-07-05,12600,"ID125314260843423",16200,1000000,12600,27
"5851",2023-07-26,13400,"ID125314260843423",16200,1000000,13200,27
"5852",2023-07-29,13200,"ID125314260843423",16200,1000000,13200,27
"5853",2023-08-07,13700,"ID125314260843423",16200,1000000,13400,27
"5854",2023-08-19,13000,"ID125314260843423",16200,1000000,13700,27
"5855",2023-08-31,13700,"ID125314260843423",16200,1000000,13700,27
"5856",2023-09-05,14100,"ID125314260843423",16200,1000000,13700,27
"5857",2024-07-06,13500,"ID125314260843423",16200,1000000,14100,27
"5858",2024-07-15,14800,"ID125314260843423",16200,1000000,14800,27
"5859",2024-07-26,14800,"ID125314260843423",16200,1000000,14800,27
"5860",2024-08-15,15000,"ID125314260843423",16200,1000000,15000,27
"5861",2019-07-02,14800,"ID126946348415632",19000,1000000,14800,31
"5862",2019-08-01,8800,"ID126946348415632",19000,1000000,14400,31
"5863",2019-08-12,12100,"ID126946348415632",19000,1000000,12100,31
"5864",2020-07-05,14400,"ID126946348415632",19000,1000000,8800,31
"5865",2020-07-29,6600,"ID126946348415632",19000,1000000,11900,31
"5866",2020-08-14,6900,"ID126946348415632",19000,1000000,11900,31
"5867",2020-08-27,11900,"ID126946348415632",19000,1000000,9900,31
"5868",2020-09-07,20900,"ID126946348415632",19000,1000000,11900,31
"5869",2020-09-09,9900,"ID126946348415632",19000,1000000,12100,31
"5870",2020-09-22,13600,"ID126946348415632",19000,1000000,13600,31
"5871",2020-09-23,12100,"ID126946348415632",19000,1000000,13600,31
"5872",2021-07-17,19300,"ID126946348415632",19000,1000000,16200,31
"5873",2021-07-28,19400,"ID126946348415632",19000,1000000,16200,31
"5874",2021-08-02,16200,"ID126946348415632",19000,1000000,19300,31
"5875",2021-09-11,15600,"ID126946348415632",19000,1000000,18000,31
"5876",2022-07-13,21300,"ID126946348415632",19000,1000000,17200,31
"5877",2022-07-20,18000,"ID126946348415632",19000,1000000,17200,31
"5878",2022-07-29,17200,"ID126946348415632",19000,1000000,17200,31
"5879",2022-08-14,16300,"ID126946348415632",19000,1000000,17200,31
"5880",2022-08-23,12600,"ID126946348415632",19000,1000000,17200,31
"5881",2023-07-05,22400,"ID126946348415632",19000,1000000,18500,31
"5882",2023-07-26,19000,"ID126946348415632",19000,1000000,18700,31
"5883",2023-07-29,18500,"ID126946348415632",19000,1000000,18900,31
"5884",2023-08-07,18700,"ID126946348415632",19000,1000000,18700,31
"5885",2023-08-19,18900,"ID126946348415632",19000,1000000,18700,31
"5886",2023-08-31,17500,"ID126946348415632",19000,1000000,18900,31
"5887",2023-09-05,20100,"ID126946348415632",19000,1000000,20100,31
"5888",2024-07-06,21900,"ID126946348415632",19000,1000000,20100,31
"5889",2024-07-15,20900,"ID126946348415632",19000,1000000,20100,31
"5890",2024-07-26,18900,"ID126946348415632",19000,1000000,19300,31
"5891",2024-08-15,19300,"ID126946348415632",19000,1000000,18900,31
"5892",2020-09-22,9700,"ID127006477957678",24000,1000000,9700,22
"5893",2020-09-23,8400,"ID127006477957678",24000,1000000,9700,22
"5894",2021-07-17,8500,"ID127006477957678",24000,1000000,9700,22
"5895",2021-07-28,10200,"ID127006477957678",24000,1000000,10200,22
"5896",2021-08-02,10200,"ID127006477957678",24000,1000000,10200,22
"5897",2021-09-11,13700,"ID127006477957678",24000,1000000,12800,22
"5898",2022-07-13,12800,"ID127006477957678",24000,1000000,13100,22
"5899",2022-07-20,13100,"ID127006477957678",24000,1000000,13700,22
"5900",2022-07-29,14700,"ID127006477957678",24000,1000000,14700,22
"5901",2022-08-14,16100,"ID127006477957678",24000,1000000,16100,22
"5902",2022-08-23,16500,"ID127006477957678",24000,1000000,16400,22
"5903",2023-07-05,16400,"ID127006477957678",24000,1000000,16500,22
"5904",2023-07-26,18300,"ID127006477957678",24000,1000000,18100,22
"5905",2023-07-29,18100,"ID127006477957678",24000,1000000,18300,22
"5906",2023-08-07,18300,"ID127006477957678",24000,1000000,18300,22
"5907",2023-08-19,19800,"ID127006477957678",24000,1000000,19800,22
"5908",2023-08-31,21200,"ID127006477957678",24000,1000000,20700,22
"5909",2023-09-05,21700,"ID127006477957678",24000,1000000,21200,22
"5910",2024-07-06,20700,"ID127006477957678",24000,1000000,21700,22
"5911",2024-07-15,22000,"ID127006477957678",24000,1000000,22000,22
"5912",2024-07-26,22300,"ID127006477957678",24000,1000000,22300,22
"5913",2024-08-15,25100,"ID127006477957678",24000,1000000,25100,22
"5914",2021-08-01,98600,"ID128105989578437",185200,1000000,109100,17
"5915",2021-08-06,104700,"ID128105989578437",185200,1000000,107100,17
"5916",2022-07-12,109100,"ID128105989578437",185200,1000000,107100,17
"5917",2022-07-17,107100,"ID128105989578437",185200,1000000,109100,17
"5918",2023-07-04,115800,"ID128105989578437",185200,1000000,110100,17
"5919",2023-07-10,113300,"ID128105989578437",185200,1000000,113300,17
"5920",2023-07-26,110100,"ID128105989578437",185200,1000000,115700,17
"5921",2023-08-08,116200,"ID128105989578437",185200,1000000,115700,17
"5922",2023-08-18,115700,"ID128105989578437",185200,1000000,116100,17
"5923",2023-08-20,116100,"ID128105989578437",185200,1000000,116200,17
"5924",2023-09-07,117800,"ID128105989578437",185200,1000000,117800,17
"5925",2024-07-07,121700,"ID128105989578437",185200,1000000,120700,17
"5926",2024-07-08,121300,"ID128105989578437",185200,1000000,121300,17
"5927",2024-07-26,120700,"ID128105989578437",185200,1000000,121700,17
"5928",2024-07-30,122500,"ID128105989578437",185200,1000000,122500,17
"5929",2024-08-14,123800,"ID128105989578437",185200,1000000,122500,17
"5930",2024-08-23,125300,"ID128105989578437",185200,1000000,122500,17
"5931",2020-08-23,4000,"ID128415227223877",18000,1000000,17300,5
"5932",2021-07-01,17300,"ID128415227223877",18000,1000000,19100,5
"5933",2021-08-01,19100,"ID128415227223877",18000,1000000,19100,5
"5934",2021-08-06,27400,"ID128415227223877",18000,1000000,22900,5
"5935",2022-07-17,32300,"ID128415227223877",18000,1000000,22900,5
"5936",2021-07-01,35600,"ID128496831602541",92000,1000000,35600,15
"5937",2022-07-12,62600,"ID128496831602541",92000,1000000,53500,15
"5938",2022-07-17,82300,"ID128496831602541",92000,1000000,55700,15
"5939",2023-07-04,53500,"ID128496831602541",92000,1000000,55700,15
"5940",2023-07-10,55700,"ID128496831602541",92000,1000000,55700,15
"5941",2023-07-26,52400,"ID128496831602541",92000,1000000,55700,15
"5942",2023-08-08,55800,"ID128496831602541",92000,1000000,55800,15
"5943",2023-08-20,56100,"ID128496831602541",92000,1000000,56100,15
"5944",2023-09-07,70400,"ID128496831602541",92000,1000000,61100,15
"5945",2024-07-07,61100,"ID128496831602541",92000,1000000,61500,15
"5946",2024-07-08,62100,"ID128496831602541",92000,1000000,62100,15
"5947",2024-07-26,61500,"ID128496831602541",92000,1000000,62100,15
"5948",2024-07-30,63500,"ID128496831602541",92000,1000000,62100,15
"5949",2024-08-14,63400,"ID128496831602541",92000,1000000,62100,15
"5950",2024-08-23,62100,"ID128496831602541",92000,1000000,62100,15
"5951",2019-07-02,6000,"ID128518306447147",26400,1000000,7500,33
"5952",2019-07-18,7400,"ID128518306447147",26400,1000000,7500,33
"5953",2019-08-01,7500,"ID128518306447147",26400,1000000,7500,33
"5954",2019-08-12,9700,"ID128518306447147",26400,1000000,9700,33
"5955",2020-07-05,10300,"ID128518306447147",26400,1000000,10300,33
"5956",2020-07-05,10300,"ID128518306447147",26400,1000000,10300,33
"5957",2020-07-29,10800,"ID128518306447147",26400,1000000,10800,33
"5958",2020-08-14,12600,"ID128518306447147",26400,1000000,12600,33
"5959",2020-08-14,12600,"ID128518306447147",26400,1000000,12600,33
"5960",2020-08-27,13800,"ID128518306447147",26400,1000000,12600,33
"5961",2020-08-27,13800,"ID128518306447147",26400,1000000,12800,33
"5962",2020-09-07,12600,"ID128518306447147",26400,1000000,12800,33
"5963",2020-09-09,12800,"ID128518306447147",26400,1000000,12800,33
"5964",2020-09-22,11300,"ID128518306447147",26400,1000000,12800,33
"5965",2020-09-23,14200,"ID128518306447147",26400,1000000,13100,33
"5966",2021-07-17,13100,"ID128518306447147",26400,1000000,14200,33
"5967",2021-07-28,15300,"ID128518306447147",26400,1000000,14200,33
"5968",2021-08-02,14400,"ID128518306447147",26400,1000000,14400,33
"5969",2021-09-11,13500,"ID128518306447147",26400,1000000,14400,33
"5970",2022-07-13,15300,"ID128518306447147",26400,1000000,14400,33
"5971",2022-07-20,14400,"ID128518306447147",26400,1000000,15300,33
"5972",2022-07-24,15600,"ID128518306447147",26400,1000000,15300,33
"5973",2022-07-29,15400,"ID128518306447147",26400,1000000,15400,33
"5974",2022-08-14,15000,"ID128518306447147",26400,1000000,15600,33
"5975",2023-07-05,16500,"ID128518306447147",26400,1000000,16500,33
"5976",2023-07-26,17800,"ID128518306447147",26400,1000000,17100,33
"5977",2023-07-29,17100,"ID128518306447147",26400,1000000,17800,33
"5978",2023-08-07,18300,"ID128518306447147",26400,1000000,18300,33
"5979",2023-08-31,20400,"ID128518306447147",26400,1000000,19700,33
"5980",2024-07-06,19700,"ID128518306447147",26400,1000000,20400,33
"5981",2024-07-15,21100,"ID128518306447147",26400,1000000,21100,33
"5982",2024-07-26,26100,"ID128518306447147",26400,1000000,26100,33
"5983",2024-08-15,29400,"ID128518306447147",26400,1000000,29400,33
"5984",2019-07-18,7600,"ID128552666177350",21300,1000000,27200,13
"5985",2021-07-01,27200,"ID128552666177350",21300,1000000,27200,13
"5986",2021-08-06,28300,"ID128552666177350",21300,1000000,28300,13
"5987",2022-07-12,35900,"ID128552666177350",21300,1000000,33500,13
"5988",2022-07-17,33500,"ID128552666177350",21300,1000000,35900,13
"5989",2023-07-04,39000,"ID128552666177350",21300,1000000,35900,13
"5990",2023-07-10,40600,"ID128552666177350",21300,1000000,37300,13
"5991",2023-07-26,35500,"ID128552666177350",21300,1000000,38700,13
"5992",2023-08-08,37300,"ID128552666177350",21300,1000000,38700,13
"5993",2023-08-20,38700,"ID128552666177350",21300,1000000,38700,13
"5994",2024-07-07,40900,"ID128552666177350",21300,1000000,40600,13
"5995",2024-07-08,40600,"ID128552666177350",21300,1000000,40600,13
"5996",2024-07-26,41300,"ID128552666177350",21300,1000000,40900,13
"5997",2021-08-01,14500,"ID128651450425130",46700,1000000,67000,15
"5998",2021-08-06,67000,"ID128651450425130",46700,1000000,19900,15
"5999",2022-07-12,17100,"ID128651450425130",46700,1000000,19900,15
"6000",2022-07-17,19900,"ID128651450425130",46700,1000000,21800,15
"6001",2023-07-04,22800,"ID128651450425130",46700,1000000,20600,15
"6002",2023-07-10,21800,"ID128651450425130",46700,1000000,21600,15
"6003",2023-07-26,20600,"ID128651450425130",46700,1000000,21600,15
"6004",2023-08-08,21600,"ID128651450425130",46700,1000000,21600,15
"6005",2023-08-20,21500,"ID128651450425130",46700,1000000,21600,15
"6006",2023-09-07,23200,"ID128651450425130",46700,1000000,23200,15
"6007",2024-07-07,23900,"ID128651450425130",46700,1000000,23200,15
"6008",2024-07-08,24100,"ID128651450425130",46700,1000000,23900,15
"6009",2024-07-26,23200,"ID128651450425130",46700,1000000,23900,15
"6010",2024-07-30,24200,"ID128651450425130",46700,1000000,24100,15
"6011",2024-08-14,23700,"ID128651450425130",46700,1000000,24200,15
"6012",2021-08-01,48900,"ID128655745392510",49400,1000000,48900,16
"6013",2021-08-06,50800,"ID128655745392510",49400,1000000,50800,16
"6014",2022-07-12,63600,"ID128655745392510",49400,1000000,62500,16
"6015",2022-07-17,62500,"ID128655745392510",49400,1000000,63600,16
"6016",2023-07-04,69300,"ID128655745392510",49400,1000000,63600,16
"6017",2023-07-10,67600,"ID128655745392510",49400,1000000,63700,16
"6018",2023-07-26,59800,"ID128655745392510",49400,1000000,63700,16
"6019",2023-08-08,63700,"ID128655745392510",49400,1000000,63700,16
"6020",2023-08-20,62300,"ID128655745392510",49400,1000000,63700,16
"6021",2023-09-07,65600,"ID128655745392510",49400,1000000,65600,16
"6022",2024-07-07,66200,"ID128655745392510",49400,1000000,66200,16
"6023",2024-07-08,68000,"ID128655745392510",49400,1000000,66900,16
"6024",2024-07-26,66900,"ID128655745392510",49400,1000000,68000,16
"6025",2024-07-30,68800,"ID128655745392510",49400,1000000,68800,16
"6026",2024-08-14,69500,"ID128655745392510",49400,1000000,68800,16
"6027",2024-08-23,70300,"ID128655745392510",49400,1000000,68800,16
"6028",2019-07-18,12100,"ID128999342776055",26800,1000000,17900,19
"6029",2019-07-29,17900,"ID128999342776055",26800,1000000,17200,19
"6030",2020-07-06,17200,"ID128999342776055",26800,1000000,12100,19
"6031",2020-07-17,10300,"ID128999342776055",26800,1000000,16300,19
"6032",2020-08-14,11600,"ID128999342776055",26800,1000000,15400,19
"6033",2020-08-23,16300,"ID128999342776055",26800,1000000,15400,19
"6034",2021-07-01,15400,"ID128999342776055",26800,1000000,16300,19
"6035",2021-08-01,23400,"ID128999342776055",26800,1000000,23400,19
"6036",2021-08-06,26000,"ID128999342776055",26800,1000000,26000,19
"6037",2022-07-12,26500,"ID128999342776055",26800,1000000,26500,19
"6038",2022-07-17,26900,"ID128999342776055",26800,1000000,26900,19
"6039",2023-07-04,29200,"ID128999342776055",26800,1000000,26900,19
"6040",2023-07-10,29300,"ID128999342776055",26800,1000000,28700,19
"6041",2023-07-26,26600,"ID128999342776055",26800,1000000,28700,19
"6042",2023-08-08,28700,"ID128999342776055",26800,1000000,28100,19
"6043",2023-08-20,28100,"ID128999342776055",26800,1000000,28100,19
"6044",2023-09-07,27700,"ID128999342776055",26800,1000000,28700,19
"6045",2024-07-07,29000,"ID128999342776055",26800,1000000,28100,19
"6046",2024-07-08,29000,"ID128999342776055",26800,1000000,29000,19
"6047",2021-07-01,49400,"ID129149666631440",90500,1000000,49400,17
"6048",2021-08-01,53900,"ID129149666631440",90500,1000000,53900,17
"6049",2021-08-06,125000,"ID129149666631440",90500,1000000,72000,17
"6050",2022-07-12,73200,"ID129149666631440",90500,1000000,73200,17
"6051",2022-07-17,72000,"ID129149666631440",90500,1000000,87200,17
"6052",2023-07-04,87200,"ID129149666631440",90500,1000000,73200,17
"6053",2023-07-10,89000,"ID129149666631440",90500,1000000,85100,17
"6054",2023-07-26,70000,"ID129149666631440",90500,1000000,85100,17
"6055",2023-08-08,85100,"ID129149666631440",90500,1000000,85100,17
"6056",2023-08-20,84100,"ID129149666631440",90500,1000000,85100,17
"6057",2023-09-07,89600,"ID129149666631440",90500,1000000,89600,17
"6058",2024-07-07,94400,"ID129149666631440",90500,1000000,90500,17
"6059",2024-07-08,94100,"ID129149666631440",90500,1000000,94100,17
"6060",2024-07-26,90500,"ID129149666631440",90500,1000000,94100,17
"6061",2024-07-30,96000,"ID129149666631440",90500,1000000,94100,17
"6062",2024-08-14,91700,"ID129149666631440",90500,1000000,91700,17
"6063",2024-08-23,95300,"ID129149666631440",90500,1000000,91700,17
"6064",2019-07-18,8500,"ID130107444338936",22800,1000000,31600,18
"6065",2020-08-01,31600,"ID130107444338936",22800,1000000,31600,18
"6066",2021-08-01,29700,"ID130107444338936",22800,1000000,31600,18
"6067",2021-08-06,43600,"ID130107444338936",22800,1000000,31600,18
"6068",2022-07-12,40400,"ID130107444338936",22800,1000000,36700,18
"6069",2022-07-17,31000,"ID130107444338936",22800,1000000,36700,18
"6070",2023-07-04,36700,"ID130107444338936",22800,1000000,32400,18
"6071",2023-07-10,32400,"ID130107444338936",22800,1000000,31300,18
"6072",2023-07-26,29300,"ID130107444338936",22800,1000000,31900,18
"6073",2023-08-08,31300,"ID130107444338936",22800,1000000,31900,18
"6074",2023-08-20,31900,"ID130107444338936",22800,1000000,31900,18
"6075",2023-09-07,32200,"ID130107444338936",22800,1000000,32200,18
"6076",2024-07-07,36000,"ID130107444338936",22800,1000000,36000,18
"6077",2024-07-08,36600,"ID130107444338936",22800,1000000,36000,18
"6078",2024-07-26,38900,"ID130107444338936",22800,1000000,36000,18
"6079",2024-07-30,35700,"ID130107444338936",22800,1000000,35700,18
"6080",2024-08-14,35400,"ID130107444338936",22800,1000000,35700,18
"6081",2024-08-23,35600,"ID130107444338936",22800,1000000,35700,18
"6082",2019-07-02,2500,"ID130360847415838",11000,1000000,3100,28
"6083",2019-07-18,12400,"ID130360847415838",11000,1000000,2500,28
"6084",2019-08-01,3100,"ID130360847415838",11000,1000000,2500,28
"6085",2020-07-05,1100,"ID130360847415838",11000,1000000,3100,28
"6086",2020-08-14,800,"ID130360847415838",11000,1000000,3100,28
"6087",2021-07-01,21600,"ID130360847415838",11000,1000000,10600,28
"6088",2021-07-17,10600,"ID130360847415838",11000,1000000,11500,28
"6089",2021-07-28,11900,"ID130360847415838",11000,1000000,11900,28
"6090",2021-09-06,11500,"ID130360847415838",11000,1000000,11500,28
"6091",2022-07-11,13900,"ID130360847415838",11000,1000000,11500,28
"6092",2022-07-20,9900,"ID130360847415838",11000,1000000,10900,28
"6093",2022-07-29,9800,"ID130360847415838",11000,1000000,10600,28
"6094",2022-08-14,10900,"ID130360847415838",11000,1000000,10600,28
"6095",2022-08-23,10600,"ID130360847415838",11000,1000000,10900,28
"6096",2023-07-05,14900,"ID130360847415838",11000,1000000,12500,28
"6097",2023-07-08,15400,"ID130360847415838",11000,1000000,12700,28
"6098",2023-07-26,12500,"ID130360847415838",11000,1000000,12900,28
"6099",2023-07-29,12700,"ID130360847415838",11000,1000000,12900,28
"6100",2023-08-07,12900,"ID130360847415838",11000,1000000,12900,28
"6101",2023-08-19,13800,"ID130360847415838",11000,1000000,13800,28
"6102",2023-08-31,14700,"ID130360847415838",11000,1000000,14100,28
"6103",2023-09-05,14300,"ID130360847415838",11000,1000000,14300,28
"6104",2024-07-06,14100,"ID130360847415838",11000,1000000,14700,28
"6105",2024-07-08,15100,"ID130360847415838",11000,1000000,15100,28
"6106",2024-07-15,17400,"ID130360847415838",11000,1000000,15500,28
"6107",2024-07-26,15500,"ID130360847415838",11000,1000000,15800,28
"6108",2024-08-02,15800,"ID130360847415838",11000,1000000,17400,28
"6109",2024-08-15,17400,"ID130360847415838",11000,1000000,17400,28
"6110",2020-09-07,8300,"ID130992207608125",14400,1000000,9400,9
"6111",2020-09-09,8600,"ID130992207608125",14400,1000000,11300,9
"6112",2020-09-22,12400,"ID130992207608125",14400,1000000,11300,9
"6113",2020-09-23,11300,"ID130992207608125",14400,1000000,12400,9
"6114",2021-07-29,19200,"ID130992207608125",14400,1000000,19200,9
"6115",2022-07-11,27900,"ID130992207608125",14400,1000000,22400,9
"6116",2022-07-20,22800,"ID130992207608125",14400,1000000,22800,9
"6117",2022-07-29,22400,"ID130992207608125",14400,1000000,27800,9
"6118",2022-08-14,27800,"ID130992207608125",14400,1000000,27800,9
"6119",2020-09-07,6000,"ID131052337150254",18700,1000000,7800,22
"6120",2020-09-09,6400,"ID131052337150254",18700,1000000,7000,22
"6121",2020-09-22,7800,"ID131052337150254",18700,1000000,7000,22
"6122",2020-09-23,7000,"ID131052337150254",18700,1000000,7800,22
"6123",2021-07-17,14100,"ID131052337150254",18700,1000000,8000,22
"6124",2021-07-29,8200,"ID131052337150254",18700,1000000,8200,22
"6125",2022-07-11,8000,"ID131052337150254",18700,1000000,8300,22
"6126",2022-07-20,8300,"ID131052337150254",18700,1000000,8300,22
"6127",2022-08-14,9700,"ID131052337150254",18700,1000000,9000,22
"6128",2022-08-23,9000,"ID131052337150254",18700,1000000,9700,22
"6129",2023-07-26,10700,"ID131052337150254",18700,1000000,10600,22
"6130",2023-07-29,10600,"ID131052337150254",18700,1000000,10700,22
"6131",2023-08-10,11300,"ID131052337150254",18700,1000000,10800,22
"6132",2023-08-19,10800,"ID131052337150254",18700,1000000,11300,22
"6133",2023-08-31,11500,"ID131052337150254",18700,1000000,11500,22
"6134",2023-09-05,12500,"ID131052337150254",18700,1000000,11800,22
"6135",2024-07-06,11800,"ID131052337150254",18700,1000000,12100,22
"6136",2024-07-08,12100,"ID131052337150254",18700,1000000,12500,22
"6137",2024-07-15,12800,"ID131052337150254",18700,1000000,12800,22
"6138",2024-07-26,13400,"ID131052337150254",18700,1000000,13300,22
"6139",2024-08-02,13300,"ID131052337150254",18700,1000000,13400,22
"6140",2024-08-15,13600,"ID131052337150254",18700,1000000,13400,22
"6141",2019-07-02,7900,"ID131443179174162",12400,1000000,8600,31
"6142",2019-07-18,8400,"ID131443179174162",12400,1000000,8400,31
"6143",2019-08-01,8600,"ID131443179174162",12400,1000000,8400,31
"6144",2019-08-12,6600,"ID131443179174162",12400,1000000,8600,31
"6145",2020-07-22,10300,"ID131443179174162",12400,1000000,9700,31
"6146",2020-07-29,10400,"ID131443179174162",12400,1000000,10300,31
"6147",2020-08-23,9700,"ID131443179174162",12400,1000000,10400,31
"6148",2020-09-07,12300,"ID131443179174162",12400,1000000,11800,31
"6149",2020-09-09,11800,"ID131443179174162",12400,1000000,12300,31
"6150",2020-09-22,15000,"ID131443179174162",12400,1000000,14600,31
"6151",2020-09-23,14600,"ID131443179174162",12400,1000000,14600,31
"6152",2021-07-17,18200,"ID131443179174162",12400,1000000,15000,31
"6153",2021-07-29,14000,"ID131443179174162",12400,1000000,18100,31
"6154",2022-07-11,23100,"ID131443179174162",12400,1000000,18200,31
"6155",2022-07-20,18100,"ID131443179174162",12400,1000000,19500,31
"6156",2022-07-24,22100,"ID131443179174162",12400,1000000,19500,31
"6157",2022-07-29,19500,"ID131443179174162",12400,1000000,19500,31
"6158",2022-08-14,19500,"ID131443179174162",12400,1000000,19500,31
"6159",2023-07-05,19000,"ID131443179174162",12400,1000000,19500,31
"6160",2023-07-26,21100,"ID131443179174162",12400,1000000,19600,31
"6161",2023-07-29,21300,"ID131443179174162",12400,1000000,21100,31
"6162",2023-08-10,19600,"ID131443179174162",12400,1000000,21300,31
"6163",2023-08-19,21600,"ID131443179174162",12400,1000000,21400,31
"6164",2023-08-31,21400,"ID131443179174162",12400,1000000,21600,31
"6165",2023-09-05,23100,"ID131443179174162",12400,1000000,22600,31
"6166",2024-07-06,22900,"ID131443179174162",12400,1000000,22900,31
"6167",2024-07-08,22600,"ID131443179174162",12400,1000000,23100,31
"6168",2024-07-15,23400,"ID131443179174162",12400,1000000,23000,31
"6169",2024-07-26,23400,"ID131443179174162",12400,1000000,23400,31
"6170",2024-08-02,23000,"ID131443179174162",12400,1000000,23400,31
"6171",2024-08-15,23600,"ID131443179174162",12400,1000000,23600,31
"6172",2019-07-02,4500,"ID132366597137372",15200,1000000,4500,10
"6173",2019-07-18,3900,"ID132366597137372",15200,1000000,4200,10
"6174",2019-07-29,4200,"ID132366597137372",15200,1000000,4000,10
"6175",2019-08-12,2900,"ID132366597137372",15200,1000000,3900,10
"6176",2020-07-06,4000,"ID132366597137372",15200,1000000,3500,10
"6177",2020-07-17,3500,"ID132366597137372",15200,1000000,3500,10
"6178",2020-08-01,2000,"ID132366597137372",15200,1000000,4000,10
"6179",2020-08-14,12700,"ID132366597137372",15200,1000000,12700,10
"6180",2020-08-23,14700,"ID132366597137372",15200,1000000,14700,10
"6181",2021-08-01,25700,"ID132366597137372",15200,1000000,25700,10
"6182",2019-07-02,73800,"ID132379482039182",131300,1000000,97900,8
"6183",2019-07-18,77700,"ID132379482039182",131300,1000000,106700,8
"6184",2020-07-06,111800,"ID132379482039182",131300,1000000,111800,8
"6185",2020-07-17,142600,"ID132379482039182",131300,1000000,115600,8
"6186",2020-08-14,115600,"ID132379482039182",131300,1000000,142600,8
"6187",2022-07-14,150300,"ID132379482039182",131300,1000000,150300,8
"6188",2023-08-08,165000,"ID132379482039182",131300,1000000,150300,8
"6189",2023-08-18,162400,"ID132379482039182",131300,1000000,150300,8
"6190",2019-07-02,6800,"ID132383777006575",13000,1000000,6800,5
"6191",2019-07-18,6500,"ID132383777006575",13000,1000000,8700,5
"6192",2020-07-17,8700,"ID132383777006575",13000,1000000,8700,5
"6193",2020-08-14,10700,"ID132383777006575",13000,1000000,10700,5
"6194",2020-08-23,13400,"ID132383777006575",13000,1000000,13400,5
"6195",2019-07-02,6200,"ID132473971319866",9000,1000000,6200,4
"6196",2019-07-18,300,"ID132473971319866",9000,1000000,6200,4
"6197",2020-07-06,16300,"ID132473971319866",9000,1000000,16300,4
"6198",2020-08-23,16900,"ID132473971319866",9000,1000000,16900,4
"6199",2020-07-06,25300,"ID132525510927529",12800,1000000,4800,5
"6200",2020-08-05,4800,"ID132525510927529",12800,1000000,5400,5
"6201",2021-07-01,4800,"ID132525510927529",12800,1000000,11300,5
"6202",2024-07-07,11300,"ID132525510927529",12800,1000000,9500,5
"6203",2024-07-25,11700,"ID132525510927529",12800,1000000,11100,5
"6204",2020-08-14,4200,"ID132546985763848",24700,1000000,11200,8
"6205",2020-08-23,5400,"ID132546985763848",24700,1000000,11200,8
"6206",2021-07-01,11200,"ID132546985763848",24700,1000000,11200,8
"6207",2021-08-06,35800,"ID132546985763848",24700,1000000,35800,8
"6208",2022-07-14,40700,"ID132546985763848",24700,1000000,40000,8
"6209",2022-07-20,40000,"ID132546985763848",24700,1000000,40700,8
"6210",2023-07-05,48300,"ID132546985763848",24700,1000000,40700,8
"6211",2023-07-10,49100,"ID132546985763848",24700,1000000,40000,8
"6212",2020-08-23,13800,"ID132654359946341",21200,1000000,13800,10
"6213",2021-08-01,29900,"ID132654359946341",21200,1000000,29900,10
"6214",2021-08-06,32800,"ID132654359946341",21200,1000000,32800,10
"6215",2022-07-14,33300,"ID132654359946341",21200,1000000,33300,10
"6216",2022-07-20,34000,"ID132654359946341",21200,1000000,34000,10
"6217",2023-07-05,39800,"ID132654359946341",21200,1000000,38800,10
"6218",2023-07-10,40100,"ID132654359946341",21200,1000000,39800,10
"6219",2023-07-26,38800,"ID132654359946341",21200,1000000,40100,10
"6220",2023-08-08,41200,"ID132654359946341",21200,1000000,40100,10
"6221",2023-08-20,41600,"ID132654359946341",21200,1000000,38800,10
"6222",2019-07-17,6800,"ID132684424717526",29500,1000000,7600,10
"6223",2019-07-29,7600,"ID132684424717526",29500,1000000,7600,10
"6224",2019-08-12,22000,"ID132684424717526",29500,1000000,18100,10
"6225",2020-07-06,18100,"ID132684424717526",29500,1000000,18100,10
"6226",2020-07-09,19200,"ID132684424717526",29500,1000000,18100,10
"6227",2020-08-14,11500,"ID132684424717526",29500,1000000,18100,10
"6228",2020-08-23,16200,"ID132684424717526",29500,1000000,19200,10
"6229",2021-08-06,49500,"ID132684424717526",29500,1000000,49500,10
"6230",2022-07-14,55600,"ID132684424717526",29500,1000000,49500,10
"6231",2022-07-20,55500,"ID132684424717526",29500,1000000,49500,10
"6232",2019-07-02,350800,"ID132821863670836",352700,1000000,282900,27
"6233",2019-07-18,282900,"ID132821863670836",352700,1000000,314100,27
"6234",2019-07-29,343100,"ID132821863670836",352700,1000000,343100,27
"6235",2019-08-12,314100,"ID132821863670836",352700,1000000,317200,27
"6236",2020-07-06,355900,"ID132821863670836",352700,1000000,343100,27
"6237",2020-07-17,317200,"ID132821863670836",352700,1000000,347900,27
"6238",2020-08-01,347900,"ID132821863670836",352700,1000000,355900,27
"6239",2020-08-05,370100,"ID132821863670836",352700,1000000,368700,27
"6240",2020-08-14,368700,"ID132821863670836",352700,1000000,370100,27
"6241",2020-08-23,378700,"ID132821863670836",352700,1000000,378700,27
"6242",2021-08-01,400300,"ID132821863670836",352700,1000000,400300,27
"6243",2021-08-06,420500,"ID132821863670836",352700,1000000,420500,27
"6244",2022-07-14,425300,"ID132821863670836",352700,1000000,422700,27
"6245",2022-07-20,422700,"ID132821863670836",352700,1000000,425300,27
"6246",2023-07-05,434800,"ID132821863670836",352700,1000000,431600,27
"6247",2023-07-10,431600,"ID132821863670836",352700,1000000,432000,27
"6248",2023-07-26,432000,"ID132821863670836",352700,1000000,434800,27
"6249",2023-08-08,436800,"ID132821863670836",352700,1000000,436800,27
"6250",2023-08-18,517800,"ID132821863670836",352700,1000000,438000,27
"6251",2023-08-20,438000,"ID132821863670836",352700,1000000,446300,27
"6252",2023-09-07,451300,"ID132821863670836",352700,1000000,446300,27
"6253",2024-07-07,446300,"ID132821863670836",352700,1000000,446300,27
"6254",2024-07-08,445500,"ID132821863670836",352700,1000000,451300,27
"6255",2024-07-25,451400,"ID132821863670836",352700,1000000,451400,27
"6256",2024-07-30,453700,"ID132821863670836",352700,1000000,453700,27
"6257",2024-08-14,460500,"ID132821863670836",352700,1000000,453700,27
"6258",2024-08-23,660000,"ID132821863670836",352700,1000000,453700,27
"6259",2019-07-02,24300,"ID132873403278609",62200,1000000,24300,21
"6260",2019-07-17,20500,"ID132873403278609",62200,1000000,22900,21
"6261",2019-07-29,22700,"ID132873403278609",62200,1000000,22700,21
"6262",2019-08-12,22900,"ID132873403278609",62200,1000000,22200,21
"6263",2020-07-06,20800,"ID132873403278609",62200,1000000,22700,21
"6264",2020-07-09,22200,"ID132873403278609",62200,1000000,22900,21
"6265",2020-08-14,26400,"ID132873403278609",62200,1000000,26400,21
"6266",2020-08-23,28500,"ID132873403278609",62200,1000000,28500,21
"6267",2021-08-06,36800,"ID132873403278609",62200,1000000,36800,21
"6268",2022-07-14,49900,"ID132873403278609",62200,1000000,39200,21
"6269",2022-07-20,39200,"ID132873403278609",62200,1000000,45900,21
"6270",2023-07-05,50000,"ID132873403278609",62200,1000000,47800,21
"6271",2023-07-26,45900,"ID132873403278609",62200,1000000,47800,21
"6272",2023-08-08,47800,"ID132873403278609",62200,1000000,48400,21
"6273",2023-08-20,48400,"ID132873403278609",62200,1000000,48400,21
"6274",2023-09-07,51100,"ID132873403278609",62200,1000000,50900,21
"6275",2024-07-07,50900,"ID132873403278609",62200,1000000,51100,21
"6276",2024-07-08,52000,"ID132873403278609",62200,1000000,52000,21
"6277",2024-07-25,52200,"ID132873403278609",62200,1000000,52000,21
"6278",2024-08-14,55000,"ID132873403278609",62200,1000000,52000,21
"6279",2024-08-23,50300,"ID132873403278609",62200,1000000,50300,21
"6280",2019-07-29,70900,"ID132899173082132",74700,1000000,30500,6
"6281",2020-07-06,29700,"ID132899173082132",74700,1000000,29700,6
"6282",2020-07-09,23300,"ID132899173082132",74700,1000000,29700,6
"6283",2020-07-17,29300,"ID132899173082132",74700,1000000,29700,6
"6284",2020-08-01,35400,"ID132899173082132",74700,1000000,29300,6
"6285",2020-08-05,35900,"ID132899173082132",74700,1000000,31900,6
"6286",2021-07-01,6400,"ID132976482493447",19700,1000000,17400,18
"6287",2021-08-01,17400,"ID132976482493447",19700,1000000,7800,18
"6288",2021-08-06,7800,"ID132976482493447",19700,1000000,7800,18
"6289",2022-07-14,6900,"ID132976482493447",19700,1000000,8200,18
"6290",2022-07-20,8200,"ID132976482493447",19700,1000000,8200,18
"6291",2023-07-05,11100,"ID132976482493447",19700,1000000,10600,18
"6292",2023-07-10,11000,"ID132976482493447",19700,1000000,11000,18
"6293",2023-07-26,10600,"ID132976482493447",19700,1000000,11100,18
"6294",2023-08-08,11600,"ID132976482493447",19700,1000000,11400,18
"6295",2023-08-18,11400,"ID132976482493447",19700,1000000,11600,18
"6296",2023-08-20,12000,"ID132976482493447",19700,1000000,12000,18
"6297",2023-09-07,13500,"ID132976482493447",19700,1000000,13000,18
"6298",2024-07-07,13000,"ID132976482493447",19700,1000000,13500,18
"6299",2024-07-08,19500,"ID132976482493447",19700,1000000,19500,18
"6300",2024-07-25,19500,"ID132976482493447",19700,1000000,19500,18
"6301",2024-07-30,21000,"ID132976482493447",19700,1000000,19500,18
"6302",2024-08-14,20400,"ID132976482493447",19700,1000000,20400,18
"6303",2024-08-23,18600,"ID132976482493447",19700,1000000,21000,18
"6304",2021-07-01,8800,"ID133040907002949",18400,1000000,8800,6
"6305",2021-08-01,4300,"ID133040907002949",18400,1000000,8800,6
"6306",2021-08-06,2600,"ID133040907002949",18400,1000000,8800,6
"6307",2024-07-25,18200,"ID133040907002949",18400,1000000,18200,6
"6308",2024-07-30,18700,"ID133040907002949",18400,1000000,18700,6
"6309",2024-08-14,20200,"ID133040907002949",18400,1000000,18700,6
"6310",2022-07-14,10100,"ID133083856675895",9900,1000000,12000,13
"6311",2022-07-20,12000,"ID133083856675895",9900,1000000,13100,13
"6312",2023-07-05,13400,"ID133083856675895",9900,1000000,13100,13
"6313",2023-07-10,13100,"ID133083856675895",9900,1000000,13400,13
"6314",2023-07-26,13500,"ID133083856675895",9900,1000000,13500,13
"6315",2023-08-08,13500,"ID133083856675895",9900,1000000,13500,13
"6316",2023-08-20,13700,"ID133083856675895",9900,1000000,13600,13
"6317",2023-09-07,13600,"ID133083856675895",9900,1000000,13700,13
"6318",2024-07-07,14100,"ID133083856675895",9900,1000000,13900,13
"6319",2024-07-08,13900,"ID133083856675895",9900,1000000,14000,13
"6320",2024-07-25,14000,"ID133083856675895",9900,1000000,14100,13
"6321",2024-07-30,14300,"ID133083856675895",9900,1000000,14300,13
"6322",2024-08-14,14700,"ID133083856675895",9900,1000000,14700,13
"6323",2021-07-01,180700,"ID133143986218172",106000,1000000,125200,12
"6324",2022-07-14,134800,"ID133143986218172",106000,1000000,134800,12
"6325",2022-07-20,125200,"ID133143986218172",106000,1000000,137700,12
"6326",2023-07-05,144000,"ID133143986218172",106000,1000000,137700,12
"6327",2023-07-26,137700,"ID133143986218172",106000,1000000,144000,12
"6328",2023-08-08,144900,"ID133143986218172",106000,1000000,144900,12
"6329",2023-08-20,145800,"ID133143986218172",106000,1000000,145800,12
"6330",2024-07-07,150800,"ID133143986218172",106000,1000000,150800,12
"6331",2024-07-08,154100,"ID133143986218172",106000,1000000,154100,12
"6332",2024-07-25,162500,"ID133143986218172",106000,1000000,154100,12
"6333",2024-08-14,163500,"ID133143986218172",106000,1000000,154100,12
"6334",2024-08-23,147500,"ID133143986218172",106000,1000000,147500,12
"6335",2021-08-01,1900,"ID133719511835540",8100,1000000,12900,7
"6336",2023-08-18,12900,"ID133719511835540",8100,1000000,12600,7
"6337",2024-07-07,12400,"ID133719511835540",8100,1000000,12600,7
"6338",2024-07-08,12600,"ID133719511835540",8100,1000000,12900,7
"6339",2024-07-25,13400,"ID133719511835540",8100,1000000,12600,7
"6340",2024-07-30,13400,"ID133719511835540",8100,1000000,13400,7
"6341",2024-08-14,12500,"ID133719511835540",8100,1000000,13400,7
"6342",2020-07-06,11300,"ID134720239215288",36700,1000000,30200,8
"6343",2023-07-10,30200,"ID134720239215288",36700,1000000,14800,8
"6344",2023-08-08,14800,"ID134720239215288",36700,1000000,14800,8
"6345",2023-08-20,14800,"ID134720239215288",36700,1000000,15100,8
"6346",2023-09-07,15100,"ID134720239215288",36700,1000000,14800,8
"6347",2024-07-08,18200,"ID134720239215288",36700,1000000,15100,8
"6348",2024-07-25,13000,"ID134720239215288",36700,1000000,15100,8
"6349",2024-08-10,15900,"ID134720239215288",36700,1000000,13000,8
"6350",2020-07-06,3400,"ID134879153005443",15800,1000000,9600,6
"6351",2020-08-14,5600,"ID134879153005443",15800,1000000,9600,6
"6352",2022-07-20,9600,"ID134879153005443",15800,1000000,9600,6
"6353",2023-09-07,11800,"ID134879153005443",15800,1000000,10500,6
"6354",2024-07-07,10500,"ID134879153005443",15800,1000000,10600,6
"6355",2024-07-08,10600,"ID134879153005443",15800,1000000,10600,6
"6356",2020-07-04,4400,"ID135609297451497",22800,1000000,5700,24
"6357",2020-07-22,5700,"ID135609297451497",22800,1000000,5700,24
"6358",2020-07-29,5400,"ID135609297451497",22800,1000000,5700,24
"6359",2020-08-14,15500,"ID135609297451497",22800,1000000,15200,24
"6360",2020-08-23,16700,"ID135609297451497",22800,1000000,15200,24
"6361",2020-09-07,15200,"ID135609297451497",22800,1000000,15500,24
"6362",2020-09-09,14600,"ID135609297451497",22800,1000000,16200,24
"6363",2020-09-17,16800,"ID135609297451497",22800,1000000,15200,24
"6364",2020-09-23,16200,"ID135609297451497",22800,1000000,16200,24
"6365",2021-09-14,14600,"ID135609297451497",22800,1000000,16800,24
"6366",2022-07-11,26600,"ID135609297451497",22800,1000000,23900,24
"6367",2022-07-20,24700,"ID135609297451497",22800,1000000,23900,24
"6368",2022-08-16,23900,"ID135609297451497",22800,1000000,24700,24
"6369",2023-07-05,23300,"ID135609297451497",22800,1000000,24700,24
"6370",2023-07-26,26400,"ID135609297451497",22800,1000000,26300,24
"6371",2023-07-29,27100,"ID135609297451497",22800,1000000,26300,24
"6372",2023-08-10,26300,"ID135609297451497",22800,1000000,26300,24
"6373",2023-08-31,21000,"ID135609297451497",22800,1000000,26000,24
"6374",2024-07-05,23700,"ID135609297451497",22800,1000000,26000,24
"6375",2024-07-08,26000,"ID135609297451497",22800,1000000,26000,24
"6376",2024-07-15,34300,"ID135609297451497",22800,1000000,26000,24
"6377",2024-07-26,31900,"ID135609297451497",22800,1000000,31900,24
"6378",2024-08-02,25500,"ID135609297451497",22800,1000000,31900,24
"6379",2024-08-15,35900,"ID135609297451497",22800,1000000,25500,24
"6380",2021-09-14,17100,"ID136468290910884",23400,1000000,28500,13
"6381",2022-07-11,24100,"ID136468290910884",23400,1000000,24100,13
"6382",2022-07-20,28500,"ID136468290910884",23400,1000000,17100,13
"6383",2022-08-16,16300,"ID136468290910884",23400,1000000,24100,13
"6384",2023-07-05,17100,"ID136468290910884",23400,1000000,28500,13
"6385",2023-07-26,45000,"ID136468290910884",23400,1000000,27700,13
"6386",2023-07-29,38200,"ID136468290910884",23400,1000000,27700,13
"6387",2024-07-05,27700,"ID136468290910884",23400,1000000,37300,13
"6388",2024-07-08,21900,"ID136468290910884",23400,1000000,32100,13
"6389",2024-07-15,37300,"ID136468290910884",23400,1000000,32100,13
"6390",2024-07-26,32100,"ID136468290910884",23400,1000000,32600,13
"6391",2024-08-02,32600,"ID136468290910884",23400,1000000,32600,13
"6392",2024-08-15,33100,"ID136468290910884",23400,1000000,32600,13
