fid,label2024,first_year,latitude,longitude,area_km2,site_no
"1",7_0000000000000000011d,"2024",76.3236839650744,100.755769155484,0.00934180063251212,est1_006
"2",7_000000000000000001de,"2023",76.4092406836113,101.133498446871,0.0405129033768672,est1_006
"3",7_000000000000000001df,"2018",76.4063939807576,101.141419115516,0.0227941330338648,est1_006
"4",7_000000000000000001e0,"2022",76.4099429564407,101.137262785989,0.0405129033768672,est1_006
"5",7_000000000000000001e1,"2024",76.4180711786217,101.157715588967,0.0109658065762773,est1_006
"6",7_000000000000000001e2,"2021",76.3757128017945,101.19548987653,0.0186141792612586,est1_006
"7",7_000000000000000001e3,"2022",76.3650227596764,101.196818099832,0.0482632204474879,est1_006
"8",7_000000000000000001e4,"2021",76.3780132830544,101.212313991548,0.0879761728957412,est1_006
"9",7_000000000000000001e5,"2024",76.3650881286698,101.215085820828,0.00931453210252229,est1_006
"10",7_000000000000000001e6,"2021",76.3701050497139,101.216885956068,0.0702541545590616,est1_006
"11",7_000000000000000001e7,"2022",76.3751027009251,101.232493346659,0.0761526805543006,est1_006
"12",7_000000000000000001e8,"2021",76.3636429399893,101.222612678022,0.326876869804752,est1_006
"13",7_000000000000000001e9,"2021",76.375019023751,101.234969977531,0.0761526805543006,est1_006
"14",7_000000000000000001ea,"2024",76.3707230890515,101.315411351419,0.0118499653070764,est1_006
"15",7_000000000000000001eb,"2022",76.3631255712223,101.381419815016,0.0194775415650095,est1_006
"16",7_000000000000000001ec,"2021",76.3561887125597,101.445634541017,0.027961196894918,est1_006
"17",7_000000000000000001ed,"2024",76.3603026078148,101.510705136169,0.0101643898442482,est1_006
"18",7_000000000000000001ee,"2023",76.3583366173244,101.5320674232,0.0194851632354805,est1_006
"19",7_00000000000000000219,"2022",76.3362152785063,101.053290554685,0.0144251642882202,est1_006
"20",7_00000000000000000221,"2021",76.3362810490693,101.080522998611,0.0517570789642466,est1_006
"21",7_00000000000000000223,"2021",76.3393100761968,101.085953540131,0.0203590532598771,est1_006
"22",7_00000000000000000228,"2023",76.3400336409229,101.091256919487,0.0186616941782854,est1_006
"23",7_00000000000000000229,"2023",76.3443425090534,101.090131829636,0.022896087659488,est1_006
"24",7_0000000000000000022a,"2024",76.337090140899,101.091245749482,0.0127271884730377,est1_006
"25",7_0000000000000000022b,"2022",76.3423036165295,101.092098377251,0.00932961051173798,est1_006
"26",7_0000000000000000023a,"2021",76.3438685796565,101.109841815226,0.117876308996876,est1_006
"27",7_0000000000000000023b,"2022",76.3454409704818,101.115525591269,0.117876308996876,est1_006
"28",7_00000000000000000245,"2021",76.3481089690365,101.146789978672,0.038997596100405,est1_006
"29",7_0000000000000000024f,"2022",76.350573148567,101.154398679847,0.0110196566692658,est1_006
"30",7_00000000000000000255,"2021",76.3419416885528,101.167176505616,0.0228999731558309,est1_006
"31",7_00000000000000000256,"2021",76.354100794808,101.170544926554,0.144909502201739,est1_006
"32",7_00000000000000000261,"2023",76.3643932224148,101.195077117241,0.0482632204474879,est1_006
"33",7_0000000000000000026b,"2022",76.3600452439245,101.209273630234,0.181258131945026,est1_006
"34",7_0000000000000000026c,"2021",76.3622378929066,101.215937962819,0.364997934711263,est1_006
"35",7_00000000000000000272,"2022",76.358176467497,101.216865615357,0.044049244954158,est1_006
"36",7_0000000000000000027a,"2021",76.3386154670773,101.255682353001,0.0568396503185556,est1_006
"37",7_0000000000000000027d,"2022",76.3436866737836,101.260006334462,0.0254420683185586,est1_006
"38",7_0000000000000000027e,"2023",76.3023050585179,101.26515058267,0.01360980563893,est1_006
"39",7_00000000000000000286,"2024",76.3276319860066,101.28227091666,0.0441484028726282,est1_006
"40",7_00000000000000000287,"2021",76.3112280132973,101.27819013917,0.379962539135501,est1_006
"41",7_00000000000000000288,"2021",76.3306148382615,101.279535517526,0.0636649332355706,est1_006
"42",7_0000000000000000028a,"2024",76.3387756770855,101.28422349121,0.00933177163431292,est1_006
"43",7_0000000000000000028b,"2022",76.3158504729391,101.289463283635,0.0509854966944026,est1_006
"44",7_0000000000000000028c,"2023",76.3277451323144,101.283174948635,0.0441484028726282,est1_006
"45",7_0000000000000000028d,"2024",76.3381386698354,101.290985382246,0.00933201662331995,est1_006
"46",7_0000000000000000028e,"2022",76.3267403398254,101.289539197942,0.0161329486681216,est1_006
"47",7_0000000000000000028f,"2022",76.3348686156204,101.290292320296,0.0220639675492337,est1_006
"48",7_00000000000000000290,"2022",76.3396204861461,101.293397410559,0.0195112501927761,est1_006
"49",7_00000000000000000291,"2024",76.3281428913648,101.301667094031,0.0101880352767575,est1_006
"50",7_00000000000000000292,"2021",76.3231959560602,101.308405953261,0.105316864847059,est1_006
"51",7_00000000000000000293,"2023",76.3460246485242,101.321942721984,0.0144141521704002,est1_006
"52",7_00000000000000000294,"2024",76.3400343167442,101.325719622115,0.0135727064793061,est1_006
"53",7_00000000000000000295,"2022",76.3437178570159,101.325644516655,0.0220496064294353,est1_006
"54",7_00000000000000000296,"2022",76.3219224953912,101.332611269562,0.0127404880480071,est1_006
"55",7_00000000000000000297,"2024",76.3343167603504,101.334741429391,0.00933471940999502,est1_006
"56",7_00000000000000000298,"2024",76.3430300071195,101.340046825887,0.0245943029244422,est1_006
"57",7_00000000000000000299,"2022",76.3295708321893,101.340504125226,0.0118840913286433,est1_006
"58",7_0000000000000000029a,"2023",76.327828467281,101.346964760788,0.0203764645352884,est1_006
"59",7_0000000000000000029b,"2021",76.3036771364626,101.345221706007,0.0586842850981959,est1_006
"60",7_0000000000000000029c,"2022",76.3348066251217,101.347070271113,0.0526140263428187,est1_006
"61",7_0000000000000000029d,"2023",76.2992273369809,101.356773909887,0.0161643129729702,est1_006
"62",7_0000000000000000029e,"2022",76.3281646591289,101.360231217469,0.0365065049292569,est1_006
"63",7_0000000000000000029f,"2022",76.3379189658749,101.363919723359,0.0755094824455038,est1_006
"64",7_000000000000000002a0,"2021",76.3310936177925,101.375846748522,0.0806364643959654,est1_006
"65",7_000000000000000002a1,"2021",76.2757059461137,101.413474069939,0.0656218798586535,est1_006
"66",7_000000000000000002a4,"2024",76.325888941304,101.430240598736,0.00934070890150488,est1_006
"67",7_000000000000000002a8,"2024",76.3129433936661,101.486136296252,0.0169983428682294,est1_006
"68",7_000000000000000002a9,"2024",76.2595442773507,101.499917176096,0.00938471706313436,est1_006
"69",7_000000000000000002aa,"2023",76.2959756909123,101.505723267451,0.0204232759935699,est1_006
"70",7_000000000000000002ab,"2021",76.3216766207942,101.509209861526,0.0297294120578939,est1_006
"71",7_000000000000000002ac,"2024",76.2619942296226,101.510059992437,0.00938290387016398,est1_006
"72",7_000000000000000002ad,"2024",76.3445575378166,101.523387781442,0.00932759793939595,est1_006
"73",7_0000000000000000030e,"2022",76.5383879219927,101.993514480393,0.0585303364251836,est1_006
"74",7_0000000000000000030f,"2022",76.5385415265274,101.994545763506,0.0585303364251836,est1_006
"75",7_00000000000000000310,"2024",76.5364414547965,102.00654060575,0.010872153544241,est1_006
"76",7_00000000000000000311,"2022",76.5276728483749,102.013948814002,0.0343103330910873,est1_006
"77",7_00000000000000000312,"2022",76.5290940697396,102.027999016786,0.0234280635184498,est1_006
"78",7_00000000000000000313,"2023",76.5208016862618,102.149525603698,0.0318156194124851,est1_006
"79",7_00000000000000000314,"2023",76.5229369333771,102.160596854143,0.0133939927768619,est1_006
"80",7_00000000000000000315,"2024",76.5214154191154,102.165307431545,0.0100470253262315,est1_006
"81",7_00000000000000000316,"2023",76.5181951318655,102.185634670753,0.019260867009364,est1_006
"82",7_00000000000000000317,"2023",76.4979656758597,102.248598958789,0.0343849827711608,est1_006
"83",7_00000000000000000318,"2024",76.5139594237952,102.314427714971,0.0100516782031278,est1_006
"84",7_00000000000000000319,"2023",76.5157111251847,102.321321252074,0.0142384627129473,est1_006
"85",7_0000000000000000031a,"2022",76.5166071931769,102.328958025766,0.0134004891087155,est1_006
"86",7_0000000000000000031b,"2021",76.5127548065149,102.354402690311,0.0217818914687028,est1_006
"87",7_0000000000000000031c,"2022",76.5157006494429,102.357982342517,0.0276406556065801,est1_006
"88",7_0000000000000000031d,"2020",76.498077846034,102.022796859828,0.0327085228364216,est1_006
"89",7_0000000000000000031e,"2024",76.4996761590105,102.039678077474,0.0100630475393996,est1_006
"90",7_0000000000000000031f,"2016",76.4168219284066,102.106397718177,0.0767647413693392,est1_006
"91",7_00000000000000000320,"2016",76.3825497482874,102.152297038556,0.127696851027495,est1_006
"92",7_00000000000000000321,"2022",76.3892494332722,102.153494706732,0.076921109907457,est1_006
"93",7_00000000000000000322,"2024",76.3872220966873,102.162402858804,0.01521714667977,est1_006
"94",7_00000000000000000323,"2022",76.4978247601906,102.248198798622,0.0343849827711608,est1_006
"95",7_00000000000000000324,"2022",76.2059291923471,101.519670068616,0.0291190138055029,est1_006
"96",7_00000000000000000325,"2023",76.1946692875643,101.849841597442,0.0180002955081617,est1_006
"97",7_00000000000000000326,"2024",76.2030130770452,101.854435143782,0.0239852318522424,est1_006
"98",7_00000000000000000327,"2024",76.2030130770452,101.854435143782,0.0239852318522424,est1_006
"99",7_00000000000000000328,"2022",76.1974430537918,101.865947421168,0.0154236005780075,est1_006
"100",7_00000000000000000329,"2023",76.1909203279217,101.874481717406,0.0265776224027049,est1_006
"101",7_0000000000000000032a,"2024",76.1942285647851,101.869908652209,0.00942840916058597,est1_006
"102",7_0000000000000000032b,"2019",76.2040994446388,101.873145624305,0.0925085638275685,est1_006
"103",7_0000000000000000032c,"2021",76.1950511139375,101.881713439596,0.0942798013023221,est1_006
"104",7_0000000000000000032d,"2022",76.2046959326139,101.878455328132,0.0925085638275685,est1_006
"105",7_0000000000000000032e,"2021",76.199811082577,101.886759523494,0.041125773269859,est1_006
"106",7_0000000000000000032f,"2022",76.2105603094335,101.886553340328,0.0111303456083786,est1_006
"107",7_00000000000000000330,"2018",76.1847456112509,101.893870318133,0.106367158510825,est1_006
"108",7_00000000000000000331,"2022",76.1738368375226,101.898115292497,0.0274683365613527,est1_006
"109",7_00000000000000000332,"2023",76.173992013819,101.906682400102,0.0103021545644864,est1_006
"110",7_00000000000000000333,"2023",76.1880471686345,101.912694221586,0.0111487827040913,est1_006
"111",7_00000000000000000334,"2023",76.181671971813,101.910500450659,0.0265952710333865,est1_006
"112",7_00000000000000000335,"2024",76.1816975639081,101.911797882444,0.0265952710333865,est1_006
"113",7_00000000000000000336,"2024",76.2110824027847,101.923361015825,0.0231164025737088,est1_006
"114",7_00000000000000000337,"2023",76.1886864286479,101.927048317044,0.0154344916418176,est1_006
"115",7_00000000000000000338,"2021",76.1979602029154,101.948316470761,0.0462750750623083,est1_006
"116",7_00000000000000000339,"2024",76.1418570673604,102.097977031194,0.0249493379438029,est1_006
"117",7_00000000000000000343,"2024",76.1495321487447,101.791556916617,0.0180574113786503,est1_006
"118",7_000000000000000003a3,"2023",76.0928393859793,102.072356201096,0.0103594521796195,est1_006
"119",7_000000000000000003a5,"2022",76.0952801576414,102.075191477299,0.0207174279724997,est1_006
"120",7_000000000000000003aa,"2023",76.0798460359002,102.103613291736,0.0112331403035586,est1_006
"121",7_000000000000000003ab,"2021",76.0766404873234,102.108728083469,0.063094003008669,est1_006
"122",7_000000000000000003ac,"2021",76.0890438546359,102.097530474038,0.0699517746143946,est1_006
"123",7_000000000000000003ae,"2022",76.0943954228134,102.108912407914,0.0302130649051637,est1_006
"124",7_000000000000000003b2,"2024",76.0709552165871,102.120930561592,0.0103759644360287,est1_006
"125",7_000000000000000003b3,"2022",76.0774287217068,102.121048632801,0.013828997318955,est1_006
"126",7_000000000000000003b4,"2022",76.080220435391,102.131114175435,0.0509834877762545,est1_006
"127",7_000000000000000003b6,"2023",76.0724965711387,102.137574432962,0.0605182168609704,est1_006
"128",7_000000000000000003b7,"2022",76.0691990589987,102.132561676236,0.0250782081529484,est1_006
"129",7_000000000000000003b8,"2021",76.0727591385379,102.142946660548,0.0864538583767482,est1_006
"130",7_000000000000000003b9,"2021",76.0730861401903,102.148078705072,0.0544668383314819,est1_006
"131",7_000000000000000003ba,"2022",76.0743377878136,102.151954007757,0.0164258303413503,est1_006
"132",7_000000000000000003bb,"2022",76.0820347782017,102.156048429102,0.0786215161961432,est1_006
"133",7_000000000000000003bc,"2022",76.1046383318038,102.178790659379,0.0914348779766612,est1_006
"134",7_000000000000000003eb,"2016",75.79122924545,101.583847018906,0.0670048972374259,est1_006
"135",7_000000000000000003ed,"2022",75.7901136069047,101.596502583958,0.0158711475572986,est1_006
"136",7_00000000000000000419,"2018",75.7801256732629,101.580459280604,0.0105875087662517,est1_006
"137",7_0000000000000000041a,"2022",75.7812176692683,101.592990925998,0.0379389779585494,est1_006
"138",7_0000000000000000041b,"2022",75.7778427881444,101.593480522405,0.0132372402082099,est1_006
"139",7_0000000000000000041c,"2016",75.7826858652349,101.598043778348,0.0123501692658568,est1_006
"140",7_00000000000000000423,"2021",76.4713734491345,102.84470514282,0.0378116651837363,est1_006
"141",7_00000000000000000424,"2022",76.4675920383544,102.876948728102,0.0310978376715837,est1_006
"142",7_00000000000000000425,"2023",76.4648833042449,102.881516218387,0.022698919965411,est1_006
"143",7_00000000000000000426,"2024",76.4776879218451,102.917801584079,0.00923891825832448,est1_006
"144",7_00000000000000000427,"2022",76.4812242551099,102.917455851802,0.0327470099338007,est1_006
"145",7_00000000000000000428,"2023",76.4775870232809,102.928168586115,0.0218373792093086,est1_006
"146",7_00000000000000000429,"2024",76.4849887479748,102.926719469329,0.0109128523231317,est1_006
"147",7_0000000000000000042a,"2016",76.4827994169653,102.929575029566,0.0612913623034818,est1_006
"148",7_0000000000000000042b,"2016",76.4825243081917,102.930239152322,0.0612913623034818,est1_006
"149",7_0000000000000000042c,"2024",76.4681330887751,102.936323310578,0.0092456583750137,est1_006
"150",7_0000000000000000042d,"2022",76.4664334082253,102.942244991583,0.0168110992570267,est1_006
"151",7_0000000000000000042e,"2022",76.4817072470238,102.944873234614,0.047018564313807,est1_006
"152",7_0000000000000000042f,"2016",76.4871975334616,102.947626000494,0.0125896510814887,est1_006
"153",7_00000000000000000430,"2018",76.474985482345,102.982984032181,0.273855235789254,est1_006
"154",7_00000000000000000431,"2016",76.4940751440501,102.990937364352,0.0192938008705693,est1_006
"155",7_00000000000000000432,"2021",76.4694218787005,102.990666054702,0.0563049466297175,est1_006
"156",7_00000000000000000433,"2016",76.4908395554795,102.997388583704,0.174522373962664,est1_006
"157",7_00000000000000000434,"2018",76.4831614138644,103.028667698055,0.607805075051639,est1_006
"158",7_00000000000000000435,"2022",76.4866968305899,103.029870824982,0.607805075051639,est1_006
"159",7_00000000000000000436,"2024",76.4839107724355,103.032091835207,0.010074471618755,est1_006
"160",7_00000000000000000437,"2023",76.4828866693193,103.036942723042,0.0125936181379504,est1_006
"161",7_00000000000000000438,"2023",76.4914540177067,103.037589420987,0.0176203469540368,est1_006
"162",7_00000000000000000439,"2023",76.4854840635814,103.037985245033,0.0360950283180963,est1_006
"163",7_0000000000000000043a,"2021",76.4719146745334,103.042559455122,0.164674522753528,est1_006
"164",7_0000000000000000043b,"2024",76.4925346111529,103.044758076396,0.00922839568427852,est1_006
"165",7_0000000000000000043c,"2022",76.4731551575057,103.045636066602,0.164674522753528,est1_006
"166",7_0000000000000000043d,"2023",76.4687516707933,103.057963425855,0.0126061039345109,est1_006
"167",7_0000000000000000043e,"2019",76.4941515779146,103.054639549448,0.0109056161149163,est1_006
"168",7_0000000000000000043f,"2023",76.4860950758323,103.102866171906,0.0201457574913773,est1_006
"169",7_00000000000000000440,"2021",76.502184273933,103.117267781265,0.018444308823377,est1_006
"170",7_00000000000000000441,"2022",76.4860104877358,103.124523982172,0.0360936262678439,est1_006
"171",7_00000000000000000442,"2021",76.5131646330134,103.143280672676,0.181781461998615,est1_006
"172",7_00000000000000000443,"2024",76.5033143638168,103.232191607535,0.0100599797266007,est1_006
"173",7_00000000000000000444,"2022",76.4459663185648,103.247948386607,0.0185194628440559,est1_006
"174",7_00000000000000000445,"2021",76.5019041426112,103.24590534051,0.0670721332436479,est1_006
"175",7_00000000000000000446,"2021",76.4878812414371,103.262309967502,0.106585687009923,est1_006
"176",7_00000000000000000447,"2021",76.5078406450925,103.259354001829,0.0360359287451155,est1_006
"177",7_00000000000000000448,"2021",76.5057944836882,103.253019690699,0.0645351067013965,est1_006
"178",7_00000000000000000449,"2021",76.5114143737532,103.2625067653,0.0351897795872715,est1_006
"179",7_0000000000000000044a,"2020",76.4966057486423,103.269784321265,0.171938340665244,est1_006
"180",7_0000000000000000044b,"2021",76.4858018911738,103.266560880148,0.106585687009923,est1_006
"181",7_0000000000000000044c,"2019",76.4919281766635,103.272944294207,0.04278925367048,est1_006
"182",7_0000000000000000044d,"2024",76.5100618008022,103.275499518396,0.0444073880808653,est1_006
"183",7_0000000000000000044e,"2023",76.5102588096815,103.275896251235,0.0444073880808653,est1_006
"184",7_0000000000000000044f,"2021",76.4918913549816,103.289849819162,0.0553744271186397,est1_006
"185",7_00000000000000000450,"2021",76.4998419801814,103.31994120082,0.0285096210069497,est1_006
"186",7_00000000000000000451,"2021",76.4957893064186,103.326131356774,0.0394222200226103,est1_006
"187",7_00000000000000000452,"2021",76.5072853777845,103.32924132959,0.170127554791316,est1_006
"188",7_00000000000000000453,"2021",76.4957893064186,103.326131356774,0.0394222200226103,est1_006
"189",7_00000000000000000454,"2021",76.5040179791864,103.333441422321,0.0243102953820304,est1_006
"190",7_00000000000000000455,"2024",76.499406714113,103.340528396998,0.00670848879802429,est1_006
"191",7_00000000000000000456,"2024",76.5048414907208,103.346142911682,0.00502957745802806,est1_006
"192",7_00000000000000000457,"2021",76.4404821112085,102.495191397188,0.068212748986042,est1_006
"193",7_00000000000000000458,"2022",76.4301947359986,102.563276291945,0.0210699176226045,est1_006
"194",7_00000000000000000459,"2024",76.4348910942444,102.592404338266,0.0160083184266096,est1_006
"195",7_0000000000000000045a,"2022",76.4306643225159,102.599165150233,0.019383649870124,est1_006
"196",7_0000000000000000045b,"2021",76.4320897159631,102.63252663066,0.017696127362879,est1_006
"197",7_0000000000000000045c,"2022",76.4321258890445,102.644121485194,0.0126400055536696,est1_006
"198",7_0000000000000000045d,"2018",76.318133091965,102.757161127395,0.0127442994556641,est1_006
"199",7_0000000000000000045e,"2018",76.318133091965,102.757161127395,0.0127442994556641,est1_006
"200",7_0000000000000000045f,"2016",76.3217938159373,102.771516781684,0.0721974700888853,est1_006
"201",7_00000000000000000460,"2016",76.3240394577558,102.779772231287,0.0305733957270366,est1_006
"202",7_00000000000000000461,"2016",76.3264098096807,102.785876236407,0.0169819261489112,est1_006
"203",7_00000000000000000462,"2022",76.4559235494488,102.864595040828,0.105153974701397,est1_006
"204",7_00000000000000000463,"2023",76.4648833042449,102.881516218387,0.022698919965411,est1_006
"205",7_00000000000000000464,"2022",76.3102012207699,103.093468018568,0.0374036086695964,est1_006
"206",7_00000000000000000465,"2021",76.4129786188136,103.133306260214,0.030377293558928,est1_006
"207",7_00000000000000000466,"2023",76.437764985185,103.277103760613,0.0109500913676947,est1_006
"208",7_00000000000000000467,"2021",76.121806943766,102.458650992973,0.0637544346212189,est1_006
"209",7_00000000000000000468,"2020",76.1253442607764,102.500085862238,0.0964708647222746,est1_006
"210",7_00000000000000000469,"2021",76.1181367966007,102.502307515374,0.130992806588672,est1_006
"211",7_0000000000000000046a,"2022",76.1171770005171,102.513986197546,0.0430931750422902,est1_006
"212",7_0000000000000000046b,"2024",76.1294355489764,102.536581154257,0.0103331341928682,est1_006
"213",7_0000000000000000046c,"2022",76.1105091645291,102.544282493278,0.0379393161006695,est1_006
"214",7_0000000000000000046d,"2024",76.1337637954997,102.544086132,0.00946974319683223,est1_006
"215",7_0000000000000000046e,"2024",76.1338127937506,102.54898605549,0.00946945680878758,est1_006
"216",7_0000000000000000046f,"2021",76.1182729919378,102.543498171206,0.334369147170774,est1_006
"217",7_00000000000000000470,"2022",76.1227608261229,102.568861265507,0.0551369962704725,est1_006
"218",7_00000000000000000471,"2018",76.2701528898023,102.565965405881,0.0153453380627933,est1_006
"219",7_00000000000000000472,"2024",76.1476795350529,102.570643557769,0.00946030929752801,est1_006
"220",7_00000000000000000473,"2021",76.2670373449925,102.570570438747,0.0196124685881378,est1_006
"221",7_00000000000000000474,"2022",76.1077238316267,102.576310555956,0.107809939125845,est1_006
"222",7_00000000000000000475,"2024",76.1173981417325,102.578532558561,0.00948036399005887,est1_006
"223",7_00000000000000000476,"2022",76.1255419358852,102.582562119466,0.0215337207244602,est1_006
"224",7_00000000000000000477,"2021",76.1082312301514,102.587216580471,0.0388077410733382,est1_006
"225",7_00000000000000000478,"2021",76.1169379985703,102.582623939059,0.0741206817856187,est1_006
"226",7_00000000000000000479,"2024",76.1220040486278,102.600239112856,0.00947687625027249,est1_006
"227",7_0000000000000000047a,"2022",76.1235056566587,102.620441351855,0.329079502855231,est1_006
"228",7_0000000000000000047b,"2020",76.1107020903667,102.600221097934,0.436256000149734,est1_006
"229",7_0000000000000000047c,"2024",76.1449845488947,102.616163686661,0.00946152207270268,est1_006
"230",7_0000000000000000047d,"2024",76.2020194336817,102.636204344082,0.00942334840890178,est1_006
"231",7_0000000000000000047e,"2022",76.1139101249744,102.633537385504,0.0362074329361438,est1_006
"232",7_0000000000000000047f,"2022",76.1200894343972,102.646101578618,0.0275739083862755,est1_006
"233",7_00000000000000000480,"2019",76.139861425602,102.651756456208,0.0705572128339354,est1_006
"234",7_00000000000000000481,"2021",76.113607158969,102.65835394099,0.0525849991699283,est1_006
"235",7_00000000000000000482,"2022",76.1142916472948,102.660575648987,0.0525849991699283,est1_006
"236",7_00000000000000000483,"2020",76.1201335644628,102.664894147746,0.0232647789065528,est1_006
"237",7_00000000000000000484,"2024",76.159439248728,102.67514616736,0.0103109764176037,est1_006
"238",7_00000000000000000485,"2024",76.1144091945844,102.691916197644,0.00948236988474793,est1_006
"239",7_00000000000000000486,"2021",76.1573150729413,102.69438777564,0.114297086316955,est1_006
"240",7_00000000000000000487,"2024",76.1609092522642,102.703773925629,0.00945104650927051,est1_006
"241",7_00000000000000000488,"2021",76.1226824630696,102.723338690534,0.184363260539784,est1_006
"242",7_00000000000000000489,"2021",76.1617565546076,102.719858971194,0.0867727219330383,est1_006
"243",7_0000000000000000048a,"2022",76.2173798505979,102.716968928132,0.0171144023607862,est1_006
"244",7_0000000000000000048b,"2024",76.1433145324515,102.722532371507,0.0103222919985355,est1_006
"245",7_0000000000000000048c,"2021",76.1285488779195,102.715638271492,0.078364151414936,est1_006
"246",7_0000000000000000048d,"2023",76.1324598952011,102.727413242751,0.0154969036053798,est1_006
"247",7_0000000000000000048e,"2022",76.1530511282104,102.730073475285,0.0902640365647984,est1_006
"248",7_0000000000000000048f,"2021",76.1195108358242,102.729185398361,0.073245110833229,est1_006
"249",7_00000000000000000490,"2021",76.1577395974588,102.744010355501,0.111717588599899,est1_006
"250",7_00000000000000000491,"2021",76.1375894202346,102.735944574585,0.0877806233519042,est1_006
"251",7_00000000000000000492,"2021",76.1762144932372,102.744249910912,0.105568814963214,est1_006
"252",7_00000000000000000493,"2022",76.1477148262501,102.73881899869,0.0773990770590155,est1_006
"253",7_00000000000000000494,"2022",76.1296350595269,102.747163555759,0.0129158384962124,est1_006
"254",7_00000000000000000495,"2022",76.1766062072247,102.744753053818,0.105568814963214,est1_006
"255",7_00000000000000000496,"2022",76.1537878837409,102.755338941687,0.015474008296448,est1_006
"256",7_00000000000000000497,"2022",76.1338372929848,102.750739461343,0.0103299312728216,est1_006
"257",7_00000000000000000498,"2021",76.1652885130369,102.758941382652,0.335822628339563,est1_006
"258",7_00000000000000000499,"2023",76.1936070486826,102.751727609906,0.0128580882140487,est1_006
"259",7_0000000000000000049a,"2024",76.1380818350634,102.764079487755,0.0137689237697336,est1_006
"260",7_0000000000000000049b,"2023",76.1074788580715,102.770932701127,0.0163863960334581,est1_006
"261",7_0000000000000000049c,"2021",76.1189647242134,102.769978986045,0.01637277352146,est1_006
"262",7_0000000000000000049d,"2021",76.1674212761744,102.761796947176,0.232737174593905,est1_006
"263",7_0000000000000000049e,"2022",76.1636687982133,102.764137456298,0.169225748011138,est1_006
"264",7_0000000000000000049f,"2021",76.1719715080416,102.775711011909,0.0326229863111207,est1_006
"265",7_000000000000000004a0,"2022",76.193778120653,102.776374739387,0.0299998169234607,est1_006
"266",7_000000000000000004a1,"2023",76.1099333219128,102.783398074113,0.0163830788351422,est1_006
"267",7_000000000000000004a2,"2024",76.1301868627418,102.789375280553,0.00947159062746295,est1_006
"268",7_000000000000000004a3,"2021",76.1163111104763,102.797537430337,0.0991178080388976,est1_006
"269",7_000000000000000004a4,"2021",76.1134168320957,102.805392765714,0.034482031711741,est1_006
"270",7_000000000000000004a5,"2018",76.1155215830582,102.799984242794,0.0991178080388976,est1_006
"271",7_000000000000000004a6,"2019",76.1921003400268,102.80073097371,0.0548657078612173,est1_006
"272",7_000000000000000004a7,"2016",76.1194821995922,102.804557265316,0.0370533129867228,est1_006
"273",7_000000000000000004a8,"2021",76.1326079447072,102.803992450543,0.200588448765498,est1_006
"274",7_000000000000000004a9,"2021",76.1872532219022,102.820162248895,0.0523125057738763,est1_006
"275",7_000000000000000004aa,"2016",76.12337305971,102.823669835647,0.0318740704275902,est1_006
"276",7_000000000000000004ab,"2022",76.1635002497084,102.82421598464,0.0180399578189031,est1_006
"277",7_000000000000000004ac,"2024",76.2079483367887,102.832935388738,0.00941972124369586,est1_006
"278",7_000000000000000004ad,"2020",76.1425574727578,102.825207406894,0.228838902789307,est1_006
"279",7_000000000000000004ae,"2022",76.163500899717,102.836933750675,0.0197572107605191,est1_006
"280",7_000000000000000004af,"2021",76.1879174924124,102.833358776371,0.119199492491478,est1_006
"281",7_000000000000000004b0,"2022",76.160151878255,102.840630614481,0.0154649057115965,est1_006
"282",7_000000000000000004b1,"2016",76.1236585302457,102.847915793331,0.0120603669239951,est1_006
"283",7_000000000000000004b2,"2018",76.1262136076609,102.842948757883,0.0861258198048353,est1_006
"284",7_000000000000000004b3,"2022",76.22281634635,102.856473921353,0.0256625379442908,est1_006
"285",7_000000000000000004b4,"2022",76.22281634635,102.856473921353,0.0256625379442908,est1_006
"286",7_000000000000000004b5,"2022",76.1335867697377,102.867768541113,0.0180776233255503,est1_006
"287",7_000000000000000004b6,"2023",76.185996384436,102.86986792889,0.0145804055335126,est1_006
"288",7_000000000000000004b7,"2022",76.1893814456873,102.874024362609,0.0531616103176903,est1_006
"289",7_000000000000000004b8,"2022",76.147384141571,102.876461057634,0.016340269541578,est1_006
"290",7_000000000000000004b9,"2022",76.1913379102015,102.883946861604,0.0917342688323783,est1_006
"291",7_000000000000000004ba,"2021",76.1910306855807,102.883959557089,0.0917342688323783,est1_006
"292",7_000000000000000004bb,"2022",76.1901595106523,102.893268932064,0.0188621588456792,est1_006
"293",7_000000000000000004bc,"2024",76.1915336104121,102.899377938731,0.00943037458479191,est1_006
"294",7_000000000000000004bd,"2022",76.1935542380746,102.905468324306,0.0540053958625861,est1_006
"295",7_000000000000000004be,"2024",76.2178746956228,102.905743831585,0.0102681532193772,est1_006
"296",7_000000000000000004bf,"2023",76.1873952242137,102.92046174044,0.0102909726642674,est1_006
"297",7_000000000000000004c0,"2022",76.2084946167405,102.926694750245,0.0239753960611633,est1_006
"298",7_000000000000000004c1,"2021",76.2237769680111,102.920458556933,1.10505618335448,est1_006
"299",7_000000000000000004c2,"2024",76.2319333188132,102.933456792003,0.0119683097833783,est1_006
"300",7_000000000000000004c3,"2021",76.2373204531348,102.933616605298,0.0187991216384411,est1_006
"301",7_000000000000000004c4,"2021",76.2155806627459,102.933712994654,0.132659213200232,est1_006
"302",7_000000000000000004c5,"2021",76.2418738851596,102.94631726185,0.174264884486573,est1_006
"303",7_000000000000000004c6,"2021",76.1854072774053,102.945548910699,0.0420267223328775,est1_006
"304",7_000000000000000004c7,"2019",76.1935898082811,102.944611015256,0.700257183472892,est1_006
"305",7_000000000000000004c8,"2023",76.2414795582321,102.944345389869,0.174264884486573,est1_006
"306",7_000000000000000004c9,"2022",76.1796794089107,102.956548239942,0.064351626426083,est1_006
"307",7_000000000000000004ca,"2021",76.1903450044656,102.948516468689,0.700257183472892,est1_006
"308",7_000000000000000004cb,"2021",76.2045419799337,102.961869907015,0.105355037178322,est1_006
"309",7_000000000000000004cc,"2022",76.2178706416318,102.956701041767,0.049632303728298,est1_006
"310",7_000000000000000004cd,"2022",76.1946703498755,102.966356266798,0.0325706716698162,est1_006
"311",7_000000000000000004ce,"2022",76.2151750342826,102.962794016355,0.0111264982644953,est1_006
"312",7_000000000000000004cf,"2022",76.2398902619341,102.956237486119,0.0888541430622646,est1_006
"313",7_000000000000000004d0,"2022",76.1505920703128,102.963134375653,0.0163369488762552,est1_006
"314",7_000000000000000004d1,"2023",76.2222857111316,102.962848896155,0.0239521609626927,est1_006
"315",7_000000000000000004d2,"2021",76.2050246008486,102.985390973139,0.181586179766858,est1_006
"316",7_000000000000000004d3,"2023",76.2460932551448,102.966294324281,0.0256205679118759,est1_006
"317",7_000000000000000004d4,"2022",76.1782366332508,102.969823298822,0.0351832593307513,est1_006
"318",7_000000000000000004d5,"2024",76.151859743975,102.970411279381,0.0137555053688866,est1_006
"319",7_000000000000000004d6,"2021",76.1784010088251,102.969934159304,0.0351832593307513,est1_006
"320",7_000000000000000004d7,"2021",76.1836682075719,102.974345735256,0.0188714443558421,est1_006
"321",7_000000000000000004d8,"2023",76.2403174123698,102.974283399897,0.0119612871101686,est1_006
"322",7_000000000000000004d9,"2022",76.2434172072248,102.97630322444,0.0196456767527402,est1_006
"323",7_000000000000000004da,"2021",76.2143166218825,102.986060291121,0.0385163308606841,est1_006
"324",7_000000000000000004db,"2021",76.2454147609658,102.983174065065,0.0520953387925207,est1_006
"325",7_000000000000000004dc,"2020",76.1862948667523,102.987455034748,0.0557471176162827,est1_006
"326",7_000000000000000004dd,"2021",76.2301222544284,102.996203460566,0.083786402539001,est1_006
"327",7_000000000000000004de,"2021",76.1598430151495,102.996143344091,0.0704630098292924,est1_006
"328",7_000000000000000004df,"2021",76.1778632146147,102.993003078743,0.106405078729478,est1_006
"329",7_000000000000000004e0,"2022",76.2473244735488,102.996898525356,0.0333029046873564,est1_006
"330",7_000000000000000004e1,"2024",76.2244609489717,102.998649997255,0.00940814104736236,est1_006
"331",7_000000000000000004e2,"2022",76.231962127488,103.005582025447,0.0504360941119914,est1_006
"332",7_000000000000000004e3,"2021",76.1926071602852,103.00454157752,0.102013845936764,est1_006
"333",7_000000000000000004e4,"2024",76.2164251530355,102.999923958731,0.00941343253595827,est1_006
"334",7_000000000000000004e5,"2022",76.1983118674093,103.004337601713,0.110540402721478,est1_006
"335",7_000000000000000004e6,"2016",76.1761134472967,103.003208503912,0.0300387821913027,est1_006
"336",7_000000000000000004e7,"2022",76.2176501453301,103.001549134125,0.0119802764832332,est1_006
"337",7_000000000000000004e8,"2022",76.1600805374129,102.997616045264,0.0704630098292924,est1_006
"338",7_000000000000000004e9,"2024",76.2019364887711,103.006199577918,0.0111368505396171,est1_006
"339",7_000000000000000004ea,"2021",76.1936242805209,103.007510642022,0.0128578353267498,est1_006
"340",7_000000000000000004eb,"2021",76.1818821535429,103.010304956935,0.0411797084101088,est1_006
"341",7_000000000000000004ec,"2021",76.1987373299301,103.005256075673,0.110540402721478,est1_006
"342",7_000000000000000004ed,"2024",76.2480784935695,103.012320800059,0.00939256002737279,est1_006
"343",7_000000000000000004ee,"2022",76.192746894997,103.01294450023,0.102013845936764,est1_006
"344",7_000000000000000004ef,"2023",76.1783298069563,103.018084506355,0.0137295699620614,est1_006
"345",7_000000000000000004f0,"2021",76.2214197274421,103.00704261744,0.141160478803943,est1_006
"346",7_000000000000000004f1,"2021",76.235116070879,103.020645774341,0.0376064520577846,est1_006
"347",7_000000000000000004f2,"2021",76.2165009910732,103.016621815259,0.0402240216149724,est1_006
"348",7_000000000000000004f3,"2021",76.1818618788896,103.026513292665,0.0214475339723027,est1_006
"349",7_000000000000000004f4,"2023",76.2014226750206,103.026913714909,0.0119940214862747,est1_006
"350",7_000000000000000004f5,"2021",76.2168281689497,103.026513276314,0.0171147123911432,est1_006
"351",7_000000000000000004f6,"2022",76.184134385728,103.030688770049,0.207598651720834,est1_006
"352",7_000000000000000004f7,"2021",76.1907512258335,103.039905159656,0.451949056833215,est1_006
"353",7_000000000000000004f8,"2022",76.2385982386753,103.04196044743,0.051267569937151,est1_006
"354",7_000000000000000004f9,"2021",76.2132817819864,103.049146110388,0.149804891427363,est1_006
"355",7_000000000000000004fa,"2020",76.2000323475204,103.043040076787,0.285311447611472,est1_006
"356",7_000000000000000004fb,"2021",76.2038933502555,103.046128323278,0.145613168838364,est1_006
"357",7_000000000000000004fc,"2023",76.2056487979156,103.050894822853,0.0950789890333933,est1_006
"358",7_000000000000000004fd,"2021",76.2413742816201,103.052704970356,0.111909939344663,est1_006
"359",7_000000000000000004fe,"2021",76.2124902936456,103.047834920933,0.155797664163959,est1_006
"360",7_000000000000000004ff,"2023",76.2222560234074,103.063230761613,0.0094100716803387,est1_006
"361",7_00000000000000000500,"2022",76.2576409405965,103.087823755612,0.0230378613702657,est1_006
"362",7_00000000000000000501,"2022",76.2655858134488,103.086615595899,0.0247309828282011,est1_006
"363",7_00000000000000000502,"2023",76.265619282824,103.086958605945,0.0247309828282011,est1_006
"364",7_00000000000000000503,"2023",76.2536972861203,103.091694707662,0.0307277023500249,est1_006
"365",7_00000000000000000504,"2023",76.2534947149203,103.092548179617,0.0315813544968367,est1_006
"366",7_00000000000000000505,"2023",76.2641892027245,103.093335361553,0.0264398662343254,est1_006
"367",7_00000000000000000506,"2021",76.2609080248946,103.095994452605,0.0418018893714949,est1_006
"368",7_00000000000000000510,"2019",76.0742812567985,102.152713911618,0.0674291044212122,est1_006
"369",7_00000000000000000511,"2022",76.0813809976947,102.155396213265,0.0691178017259923,est1_006
"370",7_00000000000000000514,"2019",76.0754000107092,102.160260429306,0.10026145592577,est1_006
"371",7_00000000000000000516,"2022",76.0827597348062,102.155818776694,0.0760293428584317,est1_006
"372",7_0000000000000000051a,"2022",76.0881676148346,102.170919708195,0.0172718473296168,est1_006
"373",7_0000000000000000051b,"2021",76.0595447233911,102.167654055233,0.0415366751378343,est1_006
"374",7_0000000000000000051d,"2021",76.0514036748965,102.181124280322,0.101303509033674,est1_006
"375",7_0000000000000000051f,"2021",76.0765712208157,102.167271144694,0.0881578864755645,est1_006
"376",7_00000000000000000520,"2022",76.08277556281,102.175383570924,0.0138232093403282,est1_006
"377",7_00000000000000000521,"2022",76.1046383318038,102.178790659379,0.0914348779766612,est1_006
"378",7_00000000000000000523,"2021",76.0543027486405,102.183676322305,0.0839675402153968,est1_006
"379",7_00000000000000000525,"2022",76.0295887882292,102.18633660667,0.0398879675396046,est1_006
"380",7_00000000000000000526,"2021",76.0640241963016,102.177251379831,0.0994873440267624,est1_006
"381",7_00000000000000000529,"2021",76.04773241417,102.180910951139,0.0640911561045614,est1_006
"382",7_0000000000000000052a,"2023",76.0577146732065,102.188638761188,0.0138478403329606,est1_006
"383",7_0000000000000000052b,"2021",76.0304375669019,102.188092082335,0.0398879675396046,est1_006
"384",7_0000000000000000052c,"2023",76.0702365700842,102.191987389861,0.0103772058497283,est1_006
"385",7_0000000000000000052d,"2023",76.046594563135,102.188500362893,0.00952788917260059,est1_006
"386",7_0000000000000000052e,"2023",76.0408953495171,102.189589884996,0.0155966669894515,est1_006
"387",7_00000000000000000530,"2022",76.059332544052,102.187736568179,0.128938870218715,est1_006
"388",7_00000000000000000531,"2021",76.0595755578392,102.188147845908,0.128938870218715,est1_006
"389",7_00000000000000000533,"2021",76.0679929786232,102.197747614664,0.0570798471850885,est1_006
"390",7_00000000000000000534,"2021",76.0521900810985,102.197609029811,0.0658022958063756,est1_006
"391",7_00000000000000000535,"2022",76.0455605817734,102.194849742068,0.0285846896642144,est1_006
"392",7_00000000000000000536,"2021",76.0679929786232,102.197747614664,0.0570798471850885,est1_006
"393",7_00000000000000000537,"2021",76.059541410657,102.208025984976,0.14970793508325,est1_006
"394",7_00000000000000000538,"2022",76.0307888279744,102.206147669371,0.0554945832964311,est1_006
"395",7_00000000000000000539,"2021",76.0634610030194,102.203127789188,0.0198972726497771,est1_006
"396",7_0000000000000000053b,"2021",76.0676909257685,102.21009209018,0.0726444893499743,est1_006
"397",7_0000000000000000053c,"2023",76.1103257508214,102.206459626131,0.0155209089476393,est1_006
"398",7_0000000000000000053d,"2024",76.0504805564364,102.207293244205,0.0112571321653664,est1_006
"399",7_0000000000000000053e,"2022",76.0502179433225,102.213090975265,0.034636514772463,est1_006
"400",7_0000000000000000053f,"2021",76.0947033136311,102.215529263201,0.0949549760074115,est1_006
"401",7_00000000000000000540,"2022",76.067514326363,102.211008458851,0.0726444893499743,est1_006
"402",7_00000000000000000541,"2021",76.0177942847005,102.211599339388,0.0425269595052223,est1_006
"403",7_00000000000000000542,"2022",76.0505470320765,102.213628276933,0.034636514772463,est1_006
"404",7_00000000000000000543,"2024",76.0328182533953,102.215668430204,0.0112706016270613,est1_006
"405",7_00000000000000000544,"2023",76.0605213091488,102.211604360845,0.14970793508325,est1_006
"406",7_00000000000000000545,"2024",76.0092769044232,102.224955564521,0.0130268318095338,est1_006
"407",7_00000000000000000546,"2023",76.0513619898342,102.229487105675,0.0346356421974495,est1_006
"408",7_00000000000000000547,"2022",76.0273779558044,102.230122987976,0.0216834291091865,est1_006
"409",7_00000000000000000548,"2021",76.0060763345576,102.257533133954,0.67396215020894,est1_006
"410",7_00000000000000000549,"2023",76.0513619898342,102.229487105675,0.0346356421974495,est1_006
"411",7_0000000000000000054b,"2024",76.0287136721714,102.241000863149,0.0112745247960187,est1_006
"412",7_0000000000000000054c,"2023",76.1082353314549,102.241664260011,0.0146604463621744,est1_006
"413",7_0000000000000000054d,"2022",76.0818631464549,102.245531319251,0.0241925013316941,est1_006
"414",7_0000000000000000054f,"2021",76.0596394622811,102.253779409125,0.111629358142083,est1_006
"415",7_00000000000000000550,"2022",76.0561418654711,102.253577366098,0.027695928862144,est1_006
"416",7_00000000000000000551,"2023",76.0752332107955,102.251211389966,0.0371705906470852,est1_006
"417",7_00000000000000000552,"2021",76.1031630558091,102.242988259842,0.225153949390249,est1_006
"418",7_00000000000000000553,"2024",76.0729070272626,102.261214810216,0.00950906178258035,est1_006
"419",7_00000000000000000554,"2021",76.07582631895,102.281113449558,0.426134092905411,est1_006
"420",7_00000000000000000555,"2023",76.0643462152388,102.263248247208,0.0190319444339884,est1_006
"421",7_00000000000000000557,"2023",76.06436161322,102.271955401087,0.0216275691879408,est1_006
"422",7_00000000000000000558,"2021",75.9775185317012,102.279800966116,0.0461273683115217,est1_006
"423",7_00000000000000000559,"2021",76.1034124401132,102.281003994614,0.0422722816823025,est1_006
"424",7_0000000000000000055a,"2022",76.0679542289834,102.276972948597,0.0596739003208118,est1_006
"425",7_0000000000000000055b,"2021",76.0040583180953,102.271759924289,0.67396215020894,est1_006
"426",7_0000000000000000055d,"2023",76.0663669384342,102.287696799174,0.0198940798281224,est1_006
"427",7_0000000000000000055e,"2021",75.9862095544176,102.281426504474,0.152215622940285,est1_006
"428",7_0000000000000000055f,"2022",75.9996043641743,102.287836725637,0.0156417760812957,est1_006
"429",7_00000000000000000560,"2022",75.998040913004,102.287889132907,0.0139054806003218,est1_006
"430",7_00000000000000000561,"2024",76.0269416815272,102.287993764617,0.019948853056381,est1_006
"431",7_00000000000000000562,"2023",76.0429686066982,102.291078051014,0.0121286588110672,est1_006
"432",7_00000000000000000563,"2021",76.0106614577934,102.295165888185,0.0564411017933873,est1_006
"433",7_00000000000000000564,"2023",76.0256996630139,102.29258686669,0.0199507041405813,est1_006
"434",7_00000000000000000565,"2022",76.0686610656449,102.298303689403,0.0259434829802606,est1_006
"435",7_00000000000000000566,"2022",76.0686610656449,102.298303689403,0.0259434829802606,est1_006
"436",7_00000000000000000567,"2021",76.1060864086522,102.2981532532,0.0483028189156369,est1_006
"437",7_00000000000000000568,"2021",76.0504285205608,102.296924438198,0.0268430851472944,est1_006
"438",7_00000000000000000569,"2023",76.0232216703746,102.302569568892,0.0303648721602174,est1_006
"439",7_0000000000000000056a,"2023",76.0963865175574,102.305500918482,0.0267555420874409,est1_006
"440",7_0000000000000000056b,"2023",76.0963865175574,102.305500918482,0.0267555420874409,est1_006
"441",7_0000000000000000056c,"2023",76.1026914228854,102.306612436859,0.0120780260965803,est1_006
"442",7_0000000000000000056d,"2022",76.0233664767384,102.303150107129,0.0303648721602174,est1_006
"443",7_0000000000000000056e,"2021",75.9936847378797,102.309117948009,0.0669399717714298,est1_006
"444",7_0000000000000000056f,"2023",76.0185197256722,102.309810615688,0.0260356759303097,est1_006
"445",7_00000000000000000570,"2022",76.1115874909312,102.310347568832,0.0232784052156554,est1_006
"446",7_00000000000000000571,"2021",75.9850539933164,102.331186191415,0.766361072805415,est1_006
"447",7_00000000000000000572,"2024",76.1074890292374,102.310696302668,0.0112115731107329,est1_006
"448",7_00000000000000000573,"2022",76.0881476393705,102.308535481767,0.0708168104663751,est1_006
"449",7_00000000000000000574,"2022",76.1139526391144,102.308835968271,0.0267234725376945,est1_006
"450",7_00000000000000000575,"2023",76.021592802681,102.314427720933,0.012147157646875,est1_006
"451",7_00000000000000000576,"2023",76.021592802681,102.314427720933,0.012147157646875,est1_006
"452",7_00000000000000000577,"2022",76.0878989486192,102.312508495511,0.0708168104663751,est1_006
"453",7_00000000000000000578,"2021",75.9923259804499,102.323167659615,0.0269532933557944,est1_006
"454",7_00000000000000000579,"2021",76.0063575826009,102.323529479572,0.0608030825221821,est1_006
"455",7_0000000000000000057a,"2021",75.9784162607216,102.315592712653,0.0504790325243481,est1_006
"456",7_0000000000000000057b,"2023",75.9731200611096,102.323771933932,0.0139290559583904,est1_006
"457",7_0000000000000000057c,"2022",76.0885261961119,102.324199015492,0.0164068864688884,est1_006
"458",7_0000000000000000057d,"2022",75.9840707848843,102.326333732416,0.766361072805415,est1_006
"459",7_0000000000000000057e,"2021",76.0944527769447,102.3215078025,0.187320245494217,est1_006
"460",7_0000000000000000057f,"2019",76.1125286891511,102.329701112021,0.0931058469768274,est1_006
"461",7_00000000000000000580,"2023",76.0758893443787,102.337809067482,0.0146941196375446,est1_006
"462",7_00000000000000000581,"2018",76.0120267248418,102.336425006678,0.239645881546874,est1_006
"463",7_00000000000000000582,"2023",75.9743099727203,102.337442594463,0.0130573554678023,est1_006
"464",7_00000000000000000583,"2022",75.9755240200032,102.335539341092,0.0191498114895549,est1_006
"465",7_00000000000000000584,"2021",76.0461316970186,102.339074017566,0.0311832925722165,est1_006
"466",7_00000000000000000585,"2021",76.0267568957076,102.335057908859,0.0346948766323379,est1_006
"467",7_00000000000000000586,"2021",76.0178685888441,102.36644990571,0.3879506624546,est1_006
"468",7_00000000000000000587,"2022",76.0163548614123,102.342387409969,0.0329835758018126,est1_006
"469",7_00000000000000000588,"2022",76.0343938217381,102.342904402365,0.0138690439935451,est1_006
"470",7_00000000000000000589,"2021",76.0083240276413,102.356454886941,0.0347388201860289,est1_006
"471",7_0000000000000000058a,"2024",76.0263474581369,102.354043424854,0.0121435393620591,est1_006
"472",7_0000000000000000058b,"2023",76.0395173442129,102.354969215374,0.0147316263806965,est1_006
"473",7_0000000000000000058c,"2021",75.9842184023253,102.356853179657,0.0400169915865297,est1_006
"474",7_0000000000000000058d,"2022",76.0056891691719,102.355013980056,0.0156350540586361,est1_006
"475",7_0000000000000000058e,"2021",75.9903617541104,102.354792462516,0.062607328813916,est1_006
"476",7_0000000000000000058f,"2021",76.0083240276413,102.356454886941,0.0347388201860289,est1_006
"477",7_00000000000000000590,"2021",75.9920612968832,102.372242501269,0.0991173830045874,est1_006
"478",7_00000000000000000591,"2024",76.0419396361565,102.364014720794,0.0129956741170403,est1_006
"479",7_00000000000000000592,"2023",75.975601053589,102.366010737568,0.0226312438260386,est1_006
"480",7_00000000000000000593,"2022",75.9874002617489,102.375465296893,0.0452263736855844,est1_006
"481",7_00000000000000000594,"2022",76.0929174590289,102.382662631197,0.0112230303621785,est1_006
"482",7_00000000000000000595,"2020",75.9976857445393,102.396937360482,0.896070968008417,est1_006
"483",7_00000000000000000596,"2022",76.0082438255628,102.389494017654,0.0173692541103453,est1_006
"484",7_00000000000000000597,"2021",76.0152683948426,102.39579563324,0.183177315675969,est1_006
"485",7_00000000000000000598,"2022",76.0317377682519,102.397185754743,0.0832441539652364,est1_006
"486",7_00000000000000000599,"2021",76.0144539355711,102.396241987106,0.183177315675969,est1_006
"487",7_0000000000000000059a,"2021",76.0305194693626,102.400701514951,0.0997210779951181,est1_006
"488",7_0000000000000000059b,"2022",76.0291677720315,102.403732956048,0.0832491809251943,est1_006
"489",7_0000000000000000059c,"2023",76.0460297176042,102.406532559171,0.0225203665614819,est1_006
"490",7_0000000000000000059d,"2021",76.0129928827014,102.418260088085,0.0573009746568388,est1_006
"491",7_0000000000000000059e,"2018",76.0467836358004,102.433173129492,0.168023521085459,est1_006
"492",7_0000000000000000059f,"2022",76.0622864232678,102.42706149189,0.0320095520364804,est1_006
"493",7_000000000000000005a0,"2022",76.0625538797451,102.427423300779,0.0320095520364804,est1_006
"494",7_000000000000000005a1,"2023",76.0232220310738,102.428938482559,0.00954367439450923,est1_006
"495",7_000000000000000005a2,"2022",76.0434132125609,102.433108468002,0.0511148463105887,est1_006
"496",7_000000000000000005a3,"2021",76.032503890711,102.43365434854,0.180332770314378,est1_006
"497",7_000000000000000005a4,"2023",76.0391466722342,102.433495343266,0.00953285306413056,est1_006
"498",7_000000000000000005a5,"2023",75.9954216857186,102.436221110895,0.0173850012943385,est1_006
"499",7_000000000000000005a6,"2022",76.0361759045092,102.440308076196,0.0156018754464861,est1_006
"500",7_000000000000000005a7,"2022",76.0900537621701,102.44581027094,0.0215876235500176,est1_006
"501",7_000000000000000005a8,"2024",76.042674637043,102.446676146569,0.00952973141426633,est1_006
"502",7_000000000000000005a9,"2023",76.0899213578505,102.44620203204,0.0215876235500176,est1_006
"503",7_000000000000000005aa,"2022",76.0287650522459,102.444184840789,0.031220414959362,est1_006
"504",7_000000000000000005ab,"2023",76.0404885184081,102.448345874186,0.0155965823891941,est1_006
"505",7_000000000000000005ac,"2023",76.0404885184081,102.448345874186,0.0155965823891941,est1_006
"506",7_000000000000000005ad,"2023",76.0882191176361,102.460294463954,0.0164078277906667,est1_006
"507",7_000000000000000005ae,"2022",76.0175913298096,102.472833414547,0.0121507459808131,est1_006
"508",7_000000000000000005af,"2023",76.0511024440142,102.478280518923,0.0129884566283659,est1_006
"509",7_000000000000000005b0,"2022",76.0830178575488,102.475422613897,0.0336912825925095,est1_006
"510",7_000000000000000005b1,"2023",76.082763066752,102.475500687184,0.0336912825925095,est1_006
"511",7_000000000000000005b2,"2021",76.0875178697529,102.483299043754,0.0569996815860164,est1_006
"512",7_000000000000000005b3,"2021",76.0945256564104,102.485782464813,0.159696817161412,est1_006
"513",7_000000000000000005b4,"2022",76.1056402211573,102.48503009108,0.0181132936161026,est1_006
"514",7_000000000000000005b5,"2021",76.0220748813131,102.484865613309,0.0225583459939213,est1_006
"515",7_000000000000000005b6,"2024",76.089572831881,102.491148862233,0.0138166814873294,est1_006
"516",7_000000000000000005b7,"2023",76.0403804189624,102.490797274137,0.0147301232130694,est1_006
"517",7_000000000000000005b8,"2022",76.1068187440793,102.493342233589,0.0155243761527818,est1_006
"518",7_000000000000000005b9,"2022",76.0961754053095,102.497631806388,0.0388389692346199,est1_006
"519",7_000000000000000005ba,"2023",76.0901546953866,102.496753116067,0.00949841715796973,est1_006
"520",7_000000000000000005bb,"2021",76.1007420539236,102.49739427857,0.301118999000464,est1_006
"521",7_000000000000000005bc,"2024",76.0387057076779,102.504421412879,0.0103989438894072,est1_006
"522",7_000000000000000005bd,"2021",76.0189806524303,102.507525021841,0.0425242247591569,est1_006
"523",7_000000000000000005be,"2022",76.0415352918164,102.505537560594,0.0190619648005199,est1_006
"524",7_000000000000000005bf,"2023",76.1003204351897,102.500922464215,0.301118999000464,est1_006
"525",7_000000000000000005c0,"2022",76.0344586866508,102.511528152015,0.0156042599543337,est1_006
"526",7_000000000000000005c1,"2024",76.0152841683966,102.513510739154,0.00954851227740398,est1_006
"527",7_000000000000000005c2,"2022",76.0216051006784,102.51699880267,0.028632596338106,est1_006
"528",7_000000000000000005c3,"2022",76.1045256810382,102.521643725845,0.178556264724436,est1_006
"529",7_000000000000000005c4,"2024",76.035438070548,102.529888724154,0.013868956518342,est1_006
"530",7_000000000000000005c5,"2024",76.0210660738848,102.532081359262,0.00954419046125199,est1_006
"531",7_000000000000000005c6,"2023",76.0786507755514,102.529053102857,0.0172838372302118,est1_006
"532",7_000000000000000005c7,"2021",76.0201571536888,102.541877200602,0.0494612117373481,est1_006
"533",7_000000000000000005c8,"2022",76.0291641199798,102.541892786033,0.0156096106674714,est1_006
"534",7_000000000000000005c9,"2022",76.1047478643356,102.54564598893,0.0327777397474076,est1_006
"535",7_000000000000000005ca,"2022",76.1105091645291,102.544282493278,0.0379393161006695,est1_006
"536",7_000000000000000005cb,"2023",76.0763681071717,102.541530386592,0.0233369319047786,est1_006
"537",7_000000000000000005cc,"2023",76.075564287366,102.552163413501,0.0112366201025056,est1_006
"538",7_000000000000000005cd,"2022",76.0766968862256,102.556412024609,0.0146927891206583,est1_006
"539",7_000000000000000005ce,"2022",76.109347096729,102.555687751456,0.0198329212691836,est1_006
"540",7_000000000000000005cf,"2021",76.0221962183415,102.56405622275,0.0425140516250017,est1_006
"541",7_000000000000000005d0,"2018",76.0531043204611,102.561721249848,0.0424232064668938,est1_006
"542",7_000000000000000005d1,"2023",76.0131107332684,102.562462566364,0.0121543807615136,est1_006
"543",7_000000000000000005d2,"2016",76.0764058577199,102.572021021745,0.0648246577312988,est1_006
"544",7_000000000000000005d3,"2021",76.0844672060035,102.566450837387,0.189176838300053,est1_006
"545",7_000000000000000005d4,"2022",76.1077238316267,102.576310555956,0.107809939125845,est1_006
"546",7_000000000000000005d5,"2018",76.0786129314813,102.578070338609,0.0190125628002351,est1_006
"547",7_000000000000000005d6,"2021",76.0179061591678,102.573957698556,0.137130946837228,est1_006
"548",7_000000000000000005d7,"2023",76.0237393998263,102.583708998229,0.0156149827465873,est1_006
"549",7_000000000000000005d8,"2021",76.1082312301514,102.587216580471,0.0388077410733382,est1_006
"550",7_000000000000000005d9,"2021",76.1091347238758,102.600820932193,0.436256000149734,est1_006
"551",7_000000000000000005da,"2016",76.0221197608717,102.599694955422,0.0121471777466662,est1_006
"552",7_000000000000000005db,"2022",76.0842721711453,102.60143486403,0.0138213273968877,est1_006
"553",7_000000000000000005dc,"2021",76.0538602708101,102.602091966951,0.0536720325304684,est1_006
"554",7_000000000000000005dd,"2022",76.1033268516556,102.600679377558,0.0517594094458961,est1_006
"555",7_000000000000000005de,"2023",76.0857856301257,102.614371470326,0.0138197107948057,est1_006
"556",7_000000000000000005df,"2023",76.0817574637138,102.615105181616,0.0155515204767928,est1_006
"557",7_000000000000000005e0,"2023",76.0714356275034,102.617962525982,0.0371774996626313,est1_006
"558",7_000000000000000005e1,"2023",76.0330670837526,102.619150156541,0.0234072994151361,est1_006
"559",7_000000000000000005e2,"2023",76.0718398655657,102.619587407478,0.0371774996626313,est1_006
"560",7_000000000000000005e3,"2021",76.0754592561846,102.6234543447,0.0838458032110039,est1_006
"561",7_000000000000000005e4,"2023",76.0330670837526,102.619150156541,0.0234072994151361,est1_006
"562",7_000000000000000005e5,"2020",76.0802106333126,102.632454074487,0.135664135562895,est1_006
"563",7_000000000000000005e6,"2022",76.0868438379398,102.630702321549,0.0198647441412787,est1_006
"564",7_000000000000000005e7,"2021",76.0873085716506,102.654409585088,0.339414635973145,est1_006
"565",7_000000000000000005e8,"2021",76.070046021315,102.649366941083,0.144415147350748,est1_006
"566",7_000000000000000005e9,"2023",76.0927693011491,102.646834328476,0.0155403273926249,est1_006
"567",7_000000000000000005ea,"2024",76.0941235968873,102.649434043137,0.00949545396594238,est1_006
"568",7_000000000000000005eb,"2022",76.0595464621223,102.653600921959,0.0311522591217264,est1_006
"569",7_000000000000000005ec,"2022",76.0628533976959,102.659848861112,0.0207640229806547,est1_006
"570",7_000000000000000005ed,"2021",76.0694005056498,102.655533819001,0.144415147350748,est1_006
"571",7_000000000000000005ee,"2021",76.0892215781898,102.659402700265,0.339414635973145,est1_006
"572",7_000000000000000005ef,"2021",76.087710742343,102.673108815558,0.0431834860916193,est1_006
"573",7_000000000000000005f0,"2019",75.9780939315276,102.682312304673,0.00957318767366527,est1_006
"574",7_000000000000000005f1,"2022",76.070329079899,102.684966229549,0.0544755574862008,est1_006
"575",7_000000000000000005f2,"2016",75.978987459985,102.688541938894,0.0165347524461898,est1_006
"576",7_000000000000000005f3,"2020",76.0759256824543,102.68908891974,0.0708761655611941,est1_006
"577",7_000000000000000005f4,"2023",76.0675614948274,102.690477642562,0.0164320389779787,est1_006
"578",7_000000000000000005f5,"2023",76.0701964012793,102.685842163708,0.0544755574862008,est1_006
"579",7_000000000000000005f6,"2021",76.0835811817207,102.683186015448,0.123538410052172,est1_006
"580",7_000000000000000005f7,"2016",75.9744001172709,102.692606477184,0.0330791723720423,est1_006
"581",7_000000000000000005f8,"2016",75.9821863273488,102.691275794033,0.110497556487287,est1_006
"582",7_000000000000000005f9,"2016",75.9804187768346,102.708181777474,0.0870182955851693,est1_006
"583",7_000000000000000005fa,"2023",76.0685219501779,102.703294304662,0.022486072887909,est1_006
"584",7_000000000000000005fb,"2016",75.9803731860204,102.711717126464,0.0887586955212183,est1_006
"585",7_000000000000000005fc,"2016",75.9804266769314,102.716301175817,0.0565602292367235,est1_006
"586",7_000000000000000005fd,"2021",76.0853234152026,102.724902826418,0.0449176112086349,est1_006
"587",7_000000000000000005fe,"2021",76.0793477779905,102.71434164846,0.226403361061262,est1_006
"588",7_000000000000000005ff,"2022",76.0880815978572,102.740076426667,0.0138185885606893,est1_006
"589",7_00000000000000000600,"2021",76.0962956154796,102.770899677311,0.0630065311111718,est1_006
"590",7_00000000000000000601,"2018",76.0144512166301,102.783123653673,0.0121530074611107,est1_006
"591",7_00000000000000000602,"2022",76.0173590264496,102.800660063635,0.380960242349109,est1_006
"592",7_00000000000000000603,"2016",76.0188643889234,102.804062579948,0.380960242349109,est1_006
"593",7_00000000000000000613,"2021",76.4475438719936,103.298422791335,0.027777932817751,est1_006
"594",7_00000000000000000614,"2021",76.4475438719936,103.298422791335,0.027777932817751,est1_006
"595",7_00000000000000000615,"2022",76.451128237428,103.307605292584,0.0151472964353179,est1_006
"596",7_00000000000000000616,"2023",76.4464687072143,103.31281132164,0.0345129192465301,est1_006
"597",7_00000000000000000617,"2018",76.4471163131504,103.323531967527,0.209605602546606,est1_006
"598",7_00000000000000000618,"2024",76.4496849482437,103.330422463662,0.0100987537624493,est1_006
"599",7_00000000000000000619,"2021",76.4456909500694,103.349840831697,0.021044245128464,est1_006
"600",7_0000000000000000061a,"2021",76.4978547762643,103.360303232941,0.0570292304485739,est1_006
"601",7_0000000000000000061b,"2021",76.4978547762643,103.360303232941,0.0570292304485739,est1_006
"602",7_0000000000000000061c,"2021",76.5009794211655,103.374388024231,0.0989387619199959,est1_006
"603",7_0000000000000000061d,"2019",76.442472911254,103.385184636097,0.0488366140347401,est1_006
"604",7_0000000000000000061e,"2023",76.5118310191442,103.383309209283,0.013404811182516,est1_006
"605",7_0000000000000000061f,"2024",76.5119718497855,103.394124167805,0.0134039984157166,est1_006
"606",7_00000000000000000620,"2021",76.4431223444532,103.404255411156,0.0303110908323223,est1_006
"607",7_00000000000000000621,"2024",76.4423007717718,103.422158323569,0.0126305984800603,est1_006
"608",7_00000000000000000622,"2019",76.438291214497,103.434440178638,0.0471692223878168,est1_006
"609",7_00000000000000000623,"2022",76.4480337281672,103.442744182487,0.0252496502337789,est1_006
"610",7_00000000000000000624,"2022",76.4532831241519,103.446792589266,0.0201935299611123,est1_006
"611",7_00000000000000000625,"2022",76.4479771465974,103.458098786785,0.0799617866179734,est1_006
"612",7_00000000000000000626,"2024",76.4455655406954,103.469481549795,0.0117860726512024,est1_006
"613",7_00000000000000000627,"2020",76.4487034205138,103.503404519279,0.0782739156419496,est1_006
"614",7_00000000000000000628,"2021",76.4653042971821,103.548970778526,0.0411907789781023,est1_006
"615",7_00000000000000000629,"2018",76.4740340067477,103.711688395889,0.0134419537836189,est1_006
"616",7_0000000000000000062a,"2021",76.4580765021227,103.72871128712,0.105139327693555,est1_006
"617",7_0000000000000000062b,"2019",76.4400383924105,103.733252136203,0.138116204042609,est1_006
"618",7_0000000000000000062c,"2021",76.4281066680657,103.734476489446,0.10873450490067,est1_006
"619",7_0000000000000000062d,"2023",76.441575614719,103.745787032025,0.00926308521224816,est1_006
"620",7_0000000000000000062e,"2023",76.4360097721169,103.743037507637,0.131412236633367,est1_006
"621",7_0000000000000000062f,"2021",76.4365990629449,103.740600799342,0.131412236633367,est1_006
"622",7_00000000000000000630,"2022",76.4243189031041,103.76589656333,0.031196413502087,est1_006
"623",7_00000000000000000631,"2022",76.4352087256051,103.761102404592,0.0480206770822659,est1_006
"624",7_00000000000000000632,"2022",76.2760639019712,103.121840169264,0.0315298641768041,est1_006
"625",7_00000000000000000633,"2019",76.2874737173567,103.155642890896,0.00936633628004432,est1_006
"626",7_00000000000000000634,"2020",76.2863957362088,103.16318869782,0.00936670955755048,est1_006
"627",7_00000000000000000635,"2023",76.2892613775031,103.17811612729,0.0246919052388556,est1_006
"628",7_00000000000000000636,"2016",76.2774835172569,103.195143461783,0.0221547517302797,est1_006
"629",7_00000000000000000637,"2016",76.2731179006873,103.199973909519,0.0443219313935633,est1_006
"630",7_00000000000000000638,"2021",76.4324132565304,103.297163071783,0.0867923138568807,est1_006
"631",7_00000000000000000639,"2024",76.2919012095894,103.29765198073,0.0212796379288193,est1_006
"632",7_0000000000000000063a,"2023",76.4291788502341,103.299357064448,0.00927135163324617,est1_006
"633",7_0000000000000000063b,"2022",76.4287203784135,103.307839114369,0.0210715639975498,est1_006
"634",7_0000000000000000063c,"2022",76.3199440414131,103.309567578606,0.0135922152601843,est1_006
"635",7_0000000000000000063d,"2019",76.2858951749204,103.311016253194,0.0757956502555358,est1_006
"636",7_0000000000000000063e,"2023",76.3198690517493,103.324684286127,0.0118929743290939,est1_006
"637",7_0000000000000000063f,"2018",76.3801198240156,103.338298754097,0.0405957571319427,est1_006
"638",7_00000000000000000640,"2021",76.376401668907,103.349614308787,0.011844686662365,est1_006
"639",7_00000000000000000641,"2016",76.3572721797539,103.347430135159,0.426990960364281,est1_006
"640",7_00000000000000000642,"2016",76.3798858937867,103.357944550387,0.0177647298739945,est1_006
"641",7_00000000000000000643,"2021",76.4318082952574,103.371626814772,0.0261236240819665,est1_006
"642",7_00000000000000000644,"2016",76.3413351768145,103.375880450306,0.0551328482614612,est1_006
"643",7_00000000000000000645,"2021",76.424817480712,103.380502723216,0.0632339237422231,est1_006
"644",7_00000000000000000646,"2020",76.4317038996372,103.391901496296,0.221626979476062,est1_006
"645",7_00000000000000000647,"2023",76.3161330438308,103.377617415874,0.0339885935874083,est1_006
"646",7_00000000000000000648,"2024",76.3223936564542,103.388363691315,0.0152886229487889,est1_006
"647",7_00000000000000000649,"2016",76.4289641030817,103.389722801454,0.0750116127917075,est1_006
"648",7_0000000000000000064a,"2024",76.3203520595895,103.390642197085,0.00934436140457347,est1_006
"649",7_0000000000000000064b,"2016",76.4158892124176,103.390775089075,0.159444275256882,est1_006
"650",7_0000000000000000064c,"2021",76.3252679395572,103.393664076475,0.0237763958779527,est1_006
"651",7_0000000000000000064d,"2020",76.3391650170455,103.402331576542,0.0924636443933732,est1_006
"652",7_0000000000000000064e,"2024",76.4246219716389,103.413696121183,0.0101181874026767,est1_006
"653",7_0000000000000000064f,"2021",76.4036758501093,103.42049715665,0.0591032993428178,est1_006
"654",7_00000000000000000650,"2021",76.3189306029448,103.409597461327,0.0866566241347119,est1_006
"655",7_00000000000000000651,"2019",76.3396690748882,103.422448777568,0.0814361831460769,est1_006
"656",7_00000000000000000652,"2023",76.4041133470117,103.432803375625,0.0253296914997468,est1_006
"657",7_00000000000000000653,"2024",76.3366319430637,103.438624452804,0.010182138200125,est1_006
"658",7_00000000000000000654,"2021",76.3147050513139,103.437400504373,0.0900807071962063,est1_006
"659",7_00000000000000000655,"2023",76.2771331166588,103.444168819936,0.014485337640495,est1_006
"660",7_00000000000000000656,"2021",76.2842085317806,103.451886230142,0.246980947382008,est1_006
"661",7_00000000000000000657,"2023",76.312742144855,103.443687335395,0.0110491552846865,est1_006
"662",7_00000000000000000658,"2023",76.2803480461799,103.442141314264,0.0170379068658797,est1_006
"663",7_00000000000000000659,"2022",76.2999247488935,103.448588665885,0.0263711256433612,est1_006
"664",7_0000000000000000065a,"2021",76.3018478328557,103.451644490992,0.0544374865286998,est1_006
"665",7_0000000000000000065b,"2021",76.3161234308454,103.447073008152,0.015296175726183,est1_006
"666",7_0000000000000000065c,"2023",76.2789023745763,103.448807483703,0.0119280791393756,est1_006
"667",7_0000000000000000065d,"2024",76.2763999357662,103.454120297402,0.0119304526439374,est1_006
"668",7_0000000000000000065e,"2022",76.285073682222,103.463538798857,0.246980947382008,est1_006
"669",7_0000000000000000065f,"2022",76.2669085262231,103.479920487814,0.0187597930036463,est1_006
"670",7_00000000000000000660,"2021",76.2620362202243,103.490161241837,0.0358281394841397,est1_006
"671",7_00000000000000000661,"2023",76.2641502157293,103.519166626554,0.00938189040212076,est1_006
"672",7_00000000000000000662,"2022",76.3600048762221,103.553546940806,0.0465851697832134,est1_006
"673",7_00000000000000000663,"2024",76.3557468510613,103.556913278917,0.0118614181688578,est1_006
"674",7_00000000000000000664,"2024",76.3423250557936,103.57087888792,0.0135693740022406,est1_006
"675",7_00000000000000000665,"2021",76.3642663803002,103.57825721976,0.179530390801193,est1_006
"676",7_00000000000000000666,"2022",76.3248790487073,103.612185708188,0.0280236312698566,est1_006
"677",7_00000000000000000667,"2016",76.2656784046251,103.872052629478,0.017055996796427,est1_006
"678",7_00000000000000000668,"2019",76.2663614117324,103.877428793453,0.0383753799783878,est1_006
"679",7_00000000000000000669,"2024",76.2661591393735,103.894205017971,0.00255825199173266,est1_006
"680",7_0000000000000000066a,"2023",76.4033360470987,103.949310377284,0.012667066073032,est1_006
"681",7_0000000000000000066b,"2016",76.1401454490502,102.99557611245,0.0903469667219752,est1_006
"682",7_0000000000000000066c,"2018",76.1366833343418,103.003819231402,0.0215167377922602,est1_006
"683",7_0000000000000000066d,"2021",76.1818618788896,103.026513292665,0.0214475339723027,est1_006
"684",7_0000000000000000066e,"2021",76.1826084736008,103.033714890964,0.207598651720834,est1_006
"685",7_0000000000000000066f,"2023",76.1845267714682,103.044513191391,0.00943544311421626,est1_006
"686",7_00000000000000000670,"2021",76.1984700222242,103.041520926323,0.194513949573392,est1_006
"687",7_00000000000000000671,"2016",76.1512840584821,103.047872139865,0.0189148729133119,est1_006
"688",7_00000000000000000672,"2021",76.2029654105758,103.044186277558,0.320414642757064,est1_006
"689",7_00000000000000000673,"2024",76.2006964463796,103.053185941747,0.00942413274303535,est1_006
"690",7_00000000000000000674,"2021",76.1884267383006,103.052178606836,0.506816102410891,est1_006
"691",7_00000000000000000675,"2021",76.2116143177553,103.053548927461,0.114712855226887,est1_006
"692",7_00000000000000000676,"2021",76.1909833729184,103.063199562813,0.456237366576354,est1_006
"693",7_00000000000000000677,"2022",76.2003955912065,103.060773875903,0.0188501836466353,est1_006
"694",7_00000000000000000678,"2024",76.1887897198184,103.064847682126,0.00943228364857577,est1_006
"695",7_00000000000000000679,"2021",76.1862335602847,103.074979260811,0.0411654061300361,est1_006
"696",7_0000000000000000067a,"2023",76.1975622741484,103.075160194869,0.0119973115722627,est1_006
"697",7_0000000000000000067b,"2022",76.154942357471,103.07534324891,0.022348889266911,est1_006
"698",7_0000000000000000067c,"2021",76.1999267191939,103.086917161732,0.0359870379845328,est1_006
"699",7_0000000000000000067d,"2022",76.1560734264521,103.086058002702,0.0111729043126957,est1_006
"700",7_0000000000000000067e,"2024",76.1863887489463,103.088416233409,0.0111491808484652,est1_006
"701",7_0000000000000000067f,"2021",76.201385763499,103.096822243841,0.108804366518808,est1_006
"702",7_00000000000000000680,"2021",76.1767570603335,103.092027342477,0.0343292563871681,est1_006
"703",7_00000000000000000681,"2024",76.2271068962288,103.094933145473,0.00940654156404355,est1_006
"704",7_00000000000000000682,"2024",76.2527553376254,103.094345082441,0.017072425036117,est1_006
"705",7_00000000000000000683,"2023",76.1740919446712,103.097694801382,0.0145920157315411,est1_006
"706",7_00000000000000000684,"2021",76.2216749467761,103.095643239821,0.0282315220864539,est1_006
"707",7_00000000000000000685,"2021",76.1514759008374,103.101572824557,0.0429873836972783,est1_006
"708",7_00000000000000000686,"2023",76.2271813070046,103.110223782673,0.035061616689821,est1_006
"709",7_00000000000000000687,"2021",76.2206605385944,103.113240114514,0.0496204992546064,est1_006
"710",7_00000000000000000688,"2023",76.1759511443334,103.108054912768,0.0266063116214082,est1_006
"711",7_00000000000000000689,"2021",76.1907427143023,103.103569589813,0.0840211949649629,est1_006
"712",7_0000000000000000068a,"2023",76.1488064964178,103.112572694423,0.00945930203224569,est1_006
"713",7_0000000000000000068b,"2021",76.2459588267086,103.110227316907,0.0640488969035433,est1_006
"714",7_0000000000000000068c,"2021",76.1615160999177,103.117238292835,0.0738850572484166,est1_006
"715",7_0000000000000000068d,"2021",76.2493818466875,103.111988431545,0.0315901161012442,est1_006
"716",7_0000000000000000068e,"2024",76.2137528257515,103.118392234325,0.0111280838787751,est1_006
"717",7_0000000000000000068f,"2024",76.2338197895402,103.123383107958,0.0136755488172645,est1_006
"718",7_00000000000000000690,"2018",76.1932717541001,103.122018538639,0.207444764755907,est1_006
"719",7_00000000000000000691,"2022",76.1976791767731,103.13695074716,0.0599861762884762,est1_006
"720",7_00000000000000000692,"2024",76.2442075750774,103.133348335755,0.00939455121950348,est1_006
"721",7_00000000000000000693,"2021",76.2117676664246,103.127062073342,0.0573577710612181,est1_006
"722",7_00000000000000000694,"2024",76.1599782682522,103.141083169886,0.0180438680695667,est1_006
"723",7_00000000000000000695,"2021",76.2454649212302,103.139237208988,0.0179344684462112,est1_006
"724",7_00000000000000000696,"2024",76.2024910607273,103.142786718563,0.0137048842046335,est1_006
"725",7_00000000000000000697,"2021",76.1829991986213,103.138688811126,0.123532827603731,est1_006
"726",7_00000000000000000698,"2023",76.239964247539,103.151046799457,0.0128151738438715,est1_006
"727",7_00000000000000000699,"2021",76.206624875374,103.152519054184,0.0205545625306654,est1_006
"728",7_0000000000000000069a,"2016",76.2273578213515,103.156128600461,0.212078077861869,est1_006
"729",7_0000000000000000069b,"2022",76.1809439995962,103.153506529741,0.0214486490150901,est1_006
"730",7_0000000000000000069c,"2016",76.1594665689987,103.158837179076,0.0300743180599856,est1_006
"731",7_0000000000000000069d,"2022",76.2062790558581,103.160228681469,0.0299743393135823,est1_006
"732",7_0000000000000000069e,"2022",76.2029504161775,103.167745635908,0.00942226917351143,est1_006
"733",7_0000000000000000069f,"2018",76.2255338484248,103.163815747572,0.212078077861869,est1_006
"734",7_000000000000000006a0,"2021",76.1738888723552,103.172893474543,0.270395746545991,est1_006
"735",7_000000000000000006a1,"2022",76.1934935873369,103.180607825952,0.0188579889215937,est1_006
"736",7_000000000000000006a2,"2021",76.2215776816574,103.180641275251,0.025663907480401,est1_006
"737",7_000000000000000006a3,"2024",76.2047558371516,103.186346498463,0.0111347275670783,est1_006
"738",7_000000000000000006a4,"2024",76.210171648664,103.196281440392,0.0136993405443545,est1_006
"739",7_000000000000000006a5,"2020",76.1701160732242,103.199714120045,0.0206072418094382,est1_006
"740",7_000000000000000006a6,"2016",76.176143310609,103.209214241674,0.262624675583956,est1_006
"741",7_000000000000000006a7,"2024",76.201705017639,103.203984458358,0.0102802268920571,est1_006
"742",7_000000000000000006a8,"2021",76.1814939303686,103.205691490559,0.0351732225225672,est1_006
"743",7_000000000000000006a9,"2023",76.2256873834718,103.210706691547,0.0145395040800565,est1_006
"744",7_000000000000000006aa,"2022",76.2224332350951,103.213217519699,0.0188208156415022,est1_006
"745",7_000000000000000006ab,"2016",76.1760359039155,103.216622826224,0.262624675583956,est1_006
"746",7_000000000000000006ac,"2024",76.2226806132673,103.223433194163,0.0153973671240255,est1_006
"747",7_000000000000000006ad,"2021",76.225746475106,103.229779946718,0.0915111565809824,est1_006
"748",7_000000000000000006ae,"2022",76.2329776865652,103.22479162714,0.016241402968531,est1_006
"749",7_000000000000000006af,"2022",76.2126913758634,103.226720714125,0.0171198536441951,est1_006
"750",7_000000000000000006b0,"2022",76.2310931610496,103.229377632663,0.0145351769628642,est1_006
"751",7_000000000000000006b1,"2021",76.1804559316607,103.233522020087,0.102958277364908,est1_006
"752",7_000000000000000006b2,"2021",76.2149985820706,103.233602034311,0.0282437795706699,est1_006
"753",7_000000000000000006b3,"2023",76.2270824295599,103.25092155463,0.010261831273045,est1_006
"754",7_000000000000000006b4,"2018",76.2488763722185,103.250673621582,0.0256140556925631,est1_006
"755",7_000000000000000006b5,"2023",76.2244608793328,103.260258726288,0.0453323768842156,est1_006
"756",7_000000000000000006b6,"2019",76.2490316773003,103.266889791238,0.0170759503070424,est1_006
"757",7_000000000000000006b7,"2022",76.2231890281775,103.276106636366,0.0299389362574332,est1_006
"758",7_000000000000000006b8,"2023",76.2228614777582,103.290799696764,0.0188196231228938,est1_006
"759",7_000000000000000006b9,"2022",76.2243866213297,103.325443694326,0.0675712256938484,est1_006
"760",7_000000000000000006ba,"2024",76.2178694278889,103.340234068905,0.0470663679412376,est1_006
"761",7_000000000000000006bb,"2023",76.2174010659999,103.340628646208,0.0470663679412376,est1_006
"762",7_000000000000000006bc,"2021",76.2268607400575,103.371208557486,0.0761070336837919,est1_006
"763",7_000000000000000006bd,"2016",76.2174204103046,103.807816676841,0.0231052039554117,est1_006
"764",7_000000000000000006be,"2023",76.2244933529749,103.812769553046,0.0119742911500043,est1_006
"765",7_000000000000000006bf,"2019",76.2179990907539,103.820232555846,0.0213925295374695,est1_006
"766",7_000000000000000006c0,"2023",76.2219666703065,103.814124220436,0.0213864008782802,est1_006
"767",7_000000000000000006c1,"2023",76.2219666703065,103.814124220436,0.0213864008782802,est1_006
"768",7_000000000000000006c2,"2019",76.2179990907539,103.820232555846,0.0213925295374695,est1_006
"769",7_000000000000000006c3,"2016",76.2226630924523,103.836113995937,0.0316517880863275,est1_006
"770",7_000000000000000006c4,"2016",75.7227033857211,103.028990814493,0.0752925285410201,est1_006
"771",7_000000000000000006c5,"2019",75.7259968662117,103.050901095805,0.0150559048583185,est1_006
"772",7_000000000000000006c8,"2023",76.2357062636011,103.908757726523,0.0102548660494405,est1_006
"773",7_000000000000000006c9,"2023",76.2467555572895,103.935707255769,0.00939377695194205,est1_006
"774",7_000000000000000006ca,"2022",76.2446591610775,103.949769464292,0.0350176735577614,est1_006
"775",7_000000000000000006cb,"2022",76.2446591610775,103.949769464292,0.0350176735577614,est1_006
"776",7_000000000000000006cc,"2021",76.3064396153904,104.004401323428,0.0153051322858603,est1_006
"777",7_000000000000000006cd,"2021",76.3398410415679,104.131127372066,0.0220543016475546,est1_006
"778",7_000000000000000006ce,"2019",76.3360456876696,104.137805404197,0.033940534872078,est1_006
"779",7_000000000000000006cf,"2019",76.335759327311,104.139477214267,0.033940534872078,est1_006
"780",7_000000000000000006d0,"2018",76.3366059290983,104.14724518535,0.0271511065651692,est1_006
"781",7_000000000000000006d1,"2018",76.3364663458899,104.156272375609,0.0890887492645592,est1_006
"782",7_000000000000000006d2,"2016",76.3375550585873,104.172186444831,0.0619344173434601,est1_006
"783",7_000000000000000006d3,"2016",76.3295442879601,104.262658036276,0.0127330368144763,est1_006
"784",7_000000000000000006d4,"2016",76.330166075552,104.271865667897,0.0195242383870718,est1_006
"785",7_000000000000000006d5,"2022",76.3258592686931,104.294165446768,0.0186805153326785,est1_006
"786",7_000000000000000001e2,"2021",76.3757128017945,101.19548987653,0.0186141792612586,est1_005
"787",7_000000000000000001e4,"2021",76.3780132830544,101.212313991548,0.0879761728957412,est1_005
"788",7_000000000000000001e6,"2021",76.3701050497139,101.216885956068,0.0702541545590616,est1_005
"789",7_000000000000000001e8,"2021",76.3636429399893,101.222612678022,0.326876869804752,est1_005
"790",7_000000000000000001e7,"2022",76.3751027009251,101.232493346659,0.0761526805543006,est1_005
"791",7_000000000000000001e9,"2021",76.375019023751,101.234969977531,0.0761526805543006,est1_005
"792",7_0000000000000000027a,"2021",76.3386154670773,101.255682353001,0.0568396503185556,est1_005
"793",7_0000000000000000027d,"2022",76.3436866737836,101.260006334462,0.0254420683185586,est1_005
"794",7_0000000000000000027e,"2023",76.3023050585179,101.26515058267,0.01360980563893,est1_005
"795",7_00000000000000000287,"2021",76.3112280132973,101.27819013917,0.379962539135501,est1_005
"796",7_00000000000000000288,"2021",76.3306148382615,101.279535517526,0.0636649332355706,est1_005
"797",7_00000000000000000286,"2024",76.3276319860066,101.28227091666,0.0441484028726282,est1_005
"798",7_0000000000000000028c,"2023",76.3277451323144,101.283174948635,0.0441484028726282,est1_005
"799",7_0000000000000000028a,"2024",76.3387756770855,101.28422349121,0.00933177163431292,est1_005
"800",7_0000000000000000028b,"2022",76.3158504729391,101.289463283635,0.0509854966944026,est1_005
"801",7_0000000000000000028e,"2022",76.3267403398254,101.289539197942,0.0161329486681216,est1_005
"802",7_0000000000000000028f,"2022",76.3348686156204,101.290292320296,0.0220639675492337,est1_005
"803",7_0000000000000000028d,"2024",76.3381386698354,101.290985382246,0.00933201662331995,est1_005
"804",7_00000000000000000290,"2022",76.3396204861461,101.293397410559,0.0195112501927761,est1_005
"805",7_00000000000000000291,"2024",76.3281428913648,101.301667094031,0.0101880352767575,est1_005
"806",7_00000000000000000292,"2021",76.3231959560602,101.308405953261,0.105316864847059,est1_005
"807",7_000000000000000001ea,"2024",76.3707230890515,101.315411351419,0.0118499653070764,est1_005
"808",7_00000000000000000293,"2023",76.3460246485242,101.321942721984,0.0144141521704002,est1_005
"809",7_00000000000000000295,"2022",76.3437178570159,101.325644516655,0.0220496064294353,est1_005
"810",7_00000000000000000294,"2024",76.3400343167442,101.325719622115,0.0135727064793061,est1_005
"811",7_00000000000000000296,"2022",76.3219224953912,101.332611269562,0.0127404880480071,est1_005
"812",7_00000000000000000297,"2024",76.3343167603504,101.334741429391,0.00933471940999502,est1_005
"813",7_00000000000000000298,"2024",76.3430300071195,101.340046825887,0.0245943029244422,est1_005
"814",7_00000000000000000299,"2022",76.3295708321893,101.340504125226,0.0118840913286433,est1_005
"815",7_0000000000000000029b,"2021",76.3036771364626,101.345221706007,0.0586842850981959,est1_005
"816",7_0000000000000000029a,"2023",76.327828467281,101.346964760788,0.0203764645352884,est1_005
"817",7_0000000000000000029c,"2022",76.3348066251217,101.347070271113,0.0526140263428187,est1_005
"818",7_0000000000000000029d,"2023",76.2992273369809,101.356773909887,0.0161643129729702,est1_005
"819",7_0000000000000000029e,"2022",76.3281646591289,101.360231217469,0.0365065049292569,est1_005
"820",7_0000000000000000029f,"2022",76.3379189658749,101.363919723359,0.0755094824455038,est1_005
"821",7_000000000000000002a0,"2021",76.3310936177925,101.375846748522,0.0806364643959654,est1_005
"822",7_000000000000000001eb,"2022",76.3631255712223,101.381419815016,0.0194775415650095,est1_005
"823",7_000000000000000002a1,"2021",76.2757059461137,101.413474069939,0.0656218798586535,est1_005
"824",7_000000000000000002a4,"2024",76.325888941304,101.430240598736,0.00934070890150488,est1_005
"825",7_000000000000000001ec,"2021",76.3561887125597,101.445634541017,0.027961196894918,est1_005
"826",7_000000000000000002a8,"2024",76.3129433936661,101.486136296252,0.0169983428682294,est1_005
"827",7_00000000000000000324,"2022",76.2059291923471,101.519670068616,0.0291190138055029,est1_005
"828",7_000000000000000002ac,"2024",76.2619942296226,101.510059992437,0.00938290387016398,est1_005
"829",7_000000000000000002ab,"2021",76.3216766207942,101.509209861526,0.0297294120578939,est1_005
"830",7_000000000000000002aa,"2023",76.2959756909123,101.505723267451,0.0204232759935699,est1_005
"831",7_000000000000000002a9,"2024",76.2595442773507,101.499917176096,0.00938471706313436,est1_005
"832",7_000000000000000003eb,"2016",75.79122924545,101.583847018906,0.0670048972374259,est1_005
"833",7_000000000000000003ed,"2022",75.7901136069047,101.596502583958,0.0158711475572986,est1_005
"834",7_00000000000000000419,"2018",75.7801256732629,101.580459280604,0.0105875087662517,est1_005
"835",7_0000000000000000041a,"2022",75.7812176692683,101.592990925998,0.0379389779585494,est1_005
"836",7_0000000000000000041b,"2022",75.7778427881444,101.593480522405,0.0132372402082099,est1_005
"837",7_0000000000000000041c,"2016",75.7826858652349,101.598043778348,0.0123501692658568,est1_005
"838",7_000000000000000001ee,"2023",76.3583366173244,101.5320674232,0.0194851632354805,est1_005
"839",7_000000000000000002ad,"2024",76.3445575378166,101.523387781442,0.00932759793939595,est1_005
"840",7_00000000000000000343,"2024",76.1495321487447,101.791556916617,0.0180574113786503,est1_005
"841",7_00000000000000000325,"2023",76.1946692875643,101.849841597442,0.0180002955081617,est1_005
"842",7_00000000000000000327,"2024",76.2030130770452,101.854435143782,0.0239852318522424,est1_005
"843",7_00000000000000000326,"2024",76.2030130770452,101.854435143782,0.0239852318522424,est1_005
"844",7_00000000000000000328,"2022",76.1974430537918,101.865947421168,0.0154236005780075,est1_005
"845",7_0000000000000000032a,"2024",76.1942285647851,101.869908652209,0.00942840916058597,est1_005
"846",7_0000000000000000032b,"2019",76.2040994446388,101.873145624305,0.0925085638275685,est1_005
"847",7_00000000000000000329,"2023",76.1909203279217,101.874481717406,0.0265776224027049,est1_005
"848",7_0000000000000000032d,"2022",76.2046959326139,101.878455328132,0.0925085638275685,est1_005
"849",7_0000000000000000032c,"2021",76.1950511139375,101.881713439596,0.0942798013023221,est1_005
"850",7_0000000000000000032f,"2022",76.2105603094335,101.886553340328,0.0111303456083786,est1_005
"851",7_0000000000000000032e,"2021",76.199811082577,101.886759523494,0.041125773269859,est1_005
"852",7_00000000000000000330,"2018",76.1847456112509,101.893870318133,0.106367158510825,est1_005
"853",7_00000000000000000331,"2022",76.1738368375226,101.898115292497,0.0274683365613527,est1_005
"854",7_00000000000000000332,"2023",76.173992013819,101.906682400102,0.0103021545644864,est1_005
"855",7_00000000000000000334,"2023",76.181671971813,101.910500450659,0.0265952710333865,est1_005
"856",7_00000000000000000335,"2024",76.1816975639081,101.911797882444,0.0265952710333865,est1_005
"857",7_00000000000000000333,"2023",76.1880471686345,101.912694221586,0.0111487827040913,est1_005
"858",7_00000000000000000336,"2024",76.2110824027847,101.923361015825,0.0231164025737088,est1_005
"859",7_00000000000000000337,"2023",76.1886864286479,101.927048317044,0.0154344916418176,est1_005
"860",7_00000000000000000338,"2021",76.1979602029154,101.948316470761,0.0462750750623083,est1_005
"861",7_000000000000000001ed,"2024",76.3603026078148,101.510705136169,0.0101643898442482,est1_005
"862",7_0000000000000000030e,"2022",76.5383879219927,101.993514480393,0.0585303364251836,est1_005
"863",7_0000000000000000030f,"2022",76.5385415265274,101.994545763506,0.0585303364251836,est1_005
"864",7_00000000000000000310,"2024",76.5364414547965,102.00654060575,0.010872153544241,est1_005
"865",7_00000000000000000311,"2022",76.5276728483749,102.013948814002,0.0343103330910873,est1_005
"866",7_0000000000000000031d,"2020",76.498077846034,102.022796859828,0.0327085228364216,est1_005
"867",7_00000000000000000312,"2022",76.5290940697396,102.027999016786,0.0234280635184498,est1_005
"868",7_0000000000000000031e,"2024",76.4996761590105,102.039678077474,0.0100630475393996,est1_005
"869",7_0000000000000000031f,"2016",76.4168219284066,102.106397718177,0.0767647413693392,est1_005
"870",7_00000000000000000313,"2023",76.5208016862618,102.149525603698,0.0318156194124851,est1_005
"871",7_00000000000000000320,"2016",76.3825497482874,102.152297038556,0.127696851027495,est1_005
"872",7_00000000000000000321,"2022",76.3892494332722,102.153494706732,0.076921109907457,est1_005
"873",7_00000000000000000314,"2023",76.5229369333771,102.160596854143,0.0133939927768619,est1_005
"874",7_00000000000000000322,"2024",76.3872220966873,102.162402858804,0.01521714667977,est1_005
"875",7_00000000000000000315,"2024",76.5214154191154,102.165307431545,0.0100470253262315,est1_005
"876",7_00000000000000000316,"2023",76.5181951318655,102.185634670753,0.019260867009364,est1_005
"877",7_00000000000000000323,"2022",76.4978247601906,102.248198798622,0.0343849827711608,est1_005
"878",7_00000000000000000317,"2023",76.4979656758597,102.248598958789,0.0343849827711608,est1_005
"879",7_00000000000000000318,"2024",76.5139594237952,102.314427714971,0.0100516782031278,est1_005
"880",7_00000000000000000319,"2023",76.5157111251847,102.321321252074,0.0142384627129473,est1_005
"881",7_0000000000000000031a,"2022",76.5166071931769,102.328958025766,0.0134004891087155,est1_005
"882",7_0000000000000000031b,"2021",76.5127548065149,102.354402690311,0.0217818914687028,est1_005
"883",7_0000000000000000031c,"2022",76.5157006494429,102.357982342517,0.0276406556065801,est1_005
"884",7_00000000000000000457,"2021",76.4404821112085,102.495191397188,0.068212748986042,est1_005
"885",7_00000000000000000458,"2022",76.4301947359986,102.563276291945,0.0210699176226045,est1_005
"886",7_00000000000000000459,"2024",76.4348910942444,102.592404338266,0.0160083184266096,est1_005
"887",7_0000000000000000045a,"2022",76.4306643225159,102.599165150233,0.019383649870124,est1_005
"888",7_0000000000000000045b,"2021",76.4320897159631,102.63252663066,0.017696127362879,est1_005
"889",7_0000000000000000045c,"2022",76.4321258890445,102.644121485194,0.0126400055536696,est1_005
"890",7_00000000000000000423,"2021",76.4713734491345,102.84470514282,0.0378116651837363,est1_005
"891",7_00000000000000000424,"2022",76.4675920383544,102.876948728102,0.0310978376715837,est1_005
"892",7_00000000000000000425,"2023",76.4648833042449,102.881516218387,0.022698919965411,est1_005
"893",7_00000000000000000427,"2022",76.4812242551099,102.917455851802,0.0327470099338007,est1_005
"894",7_00000000000000000426,"2024",76.4776879218451,102.917801584079,0.00923891825832448,est1_005
"895",7_00000000000000000429,"2024",76.4849887479748,102.926719469329,0.0109128523231317,est1_005
"896",7_00000000000000000428,"2023",76.4775870232809,102.928168586115,0.0218373792093086,est1_005
"897",7_0000000000000000042a,"2016",76.4827994169653,102.929575029566,0.0612913623034818,est1_005
"898",7_0000000000000000042b,"2016",76.4825243081917,102.930239152322,0.0612913623034818,est1_005
"899",7_0000000000000000042c,"2024",76.4681330887751,102.936323310578,0.0092456583750137,est1_005
"900",7_0000000000000000042d,"2022",76.4664334082253,102.942244991583,0.0168110992570267,est1_005
"901",7_0000000000000000042e,"2022",76.4817072470238,102.944873234614,0.047018564313807,est1_005
"902",7_0000000000000000042f,"2016",76.4871975334616,102.947626000494,0.0125896510814887,est1_005
"903",7_00000000000000000430,"2018",76.474985482345,102.982984032181,0.273855235789254,est1_005
"904",7_00000000000000000432,"2021",76.4694218787005,102.990666054702,0.0563049466297175,est1_005
"905",7_00000000000000000431,"2016",76.4940751440501,102.990937364352,0.0192938008705693,est1_005
"906",7_00000000000000000433,"2016",76.4908395554795,102.997388583704,0.174522373962664,est1_005
"907",7_00000000000000000434,"2018",76.4831614138644,103.028667698055,0.607805075051639,est1_005
"908",7_00000000000000000435,"2022",76.4866968305899,103.029870824982,0.607805075051639,est1_005
"909",7_00000000000000000436,"2024",76.4839107724355,103.032091835207,0.010074471618755,est1_005
"910",7_00000000000000000437,"2023",76.4828866693193,103.036942723042,0.0125936181379504,est1_005
"911",7_00000000000000000438,"2023",76.4914540177067,103.037589420987,0.0176203469540368,est1_005
"912",7_00000000000000000439,"2023",76.4854840635814,103.037985245033,0.0360950283180963,est1_005
"913",7_0000000000000000043a,"2021",76.4719146745334,103.042559455122,0.164674522753528,est1_005
"914",7_0000000000000000043b,"2024",76.4925346111529,103.044758076396,0.00922839568427852,est1_005
"915",7_0000000000000000043c,"2022",76.4731551575057,103.045636066602,0.164674522753528,est1_005
"916",7_0000000000000000043e,"2019",76.4941515779146,103.054639549448,0.0109056161149163,est1_005
"917",7_0000000000000000043d,"2023",76.4687516707933,103.057963425855,0.0126061039345109,est1_005
"918",7_0000000000000000043f,"2023",76.4860950758323,103.102866171906,0.0201457574913773,est1_005
"919",7_00000000000000000440,"2021",76.502184273933,103.117267781265,0.018444308823377,est1_005
"920",7_00000000000000000441,"2022",76.4860104877358,103.124523982172,0.0360936262678439,est1_005
"921",7_00000000000000000442,"2021",76.5131646330134,103.143280672676,0.181781461998615,est1_005
"922",7_0000000000000000045d,"2018",76.318133091965,102.757161127395,0.0127442994556641,est1_005
"923",7_0000000000000000045e,"2018",76.318133091965,102.757161127395,0.0127442994556641,est1_005
"924",7_0000000000000000045f,"2016",76.3217938159373,102.771516781684,0.0721974700888853,est1_005
"925",7_00000000000000000460,"2016",76.3240394577558,102.779772231287,0.0305733957270366,est1_005
"926",7_00000000000000000461,"2016",76.3264098096807,102.785876236407,0.0169819261489112,est1_005
"927",7_00000000000000000462,"2022",76.4559235494488,102.864595040828,0.105153974701397,est1_005
"928",7_00000000000000000463,"2023",76.4648833042449,102.881516218387,0.022698919965411,est1_005
"929",7_00000000000000000464,"2022",76.3102012207699,103.093468018568,0.0374036086695964,est1_005
"930",7_00000000000000000465,"2021",76.4129786188136,103.133306260214,0.030377293558928,est1_005
"931",7_00000000000000000443,"2024",76.5033143638168,103.232191607535,0.0100599797266007,est1_005
"932",7_00000000000000000445,"2021",76.5019041426112,103.24590534051,0.0670721332436479,est1_005
"933",7_00000000000000000444,"2022",76.4459663185648,103.247948386607,0.0185194628440559,est1_005
"934",7_00000000000000000448,"2021",76.5057944836882,103.253019690699,0.0645351067013965,est1_005
"935",7_00000000000000000447,"2021",76.5078406450925,103.259354001829,0.0360359287451155,est1_005
"936",7_00000000000000000446,"2021",76.4878812414371,103.262309967502,0.106585687009923,est1_005
"937",7_00000000000000000449,"2021",76.5114143737532,103.2625067653,0.0351897795872715,est1_005
"938",7_0000000000000000044b,"2021",76.4858018911738,103.266560880148,0.106585687009923,est1_005
"939",7_0000000000000000044a,"2020",76.4966057486423,103.269784321265,0.171938340665244,est1_005
"940",7_0000000000000000044c,"2019",76.4919281766635,103.272944294207,0.04278925367048,est1_005
"941",7_0000000000000000044d,"2024",76.5100618008022,103.275499518396,0.0444073880808653,est1_005
"942",7_0000000000000000044e,"2023",76.5102588096815,103.275896251235,0.0444073880808653,est1_005
"943",7_00000000000000000466,"2023",76.437764985185,103.277103760613,0.0109500913676947,est1_005
"944",7_0000000000000000044f,"2021",76.4918913549816,103.289849819162,0.0553744271186397,est1_005
"945",7_00000000000000000638,"2021",76.4324132565304,103.297163071783,0.0867923138568807,est1_005
"946",7_00000000000000000613,"2021",76.4475438719936,103.298422791335,0.027777932817751,est1_005
"947",7_00000000000000000614,"2021",76.4475438719936,103.298422791335,0.027777932817751,est1_005
"948",7_0000000000000000063a,"2023",76.4291788502341,103.299357064448,0.00927135163324617,est1_005
"949",7_00000000000000000615,"2022",76.451128237428,103.307605292584,0.0151472964353179,est1_005
"950",7_0000000000000000063b,"2022",76.4287203784135,103.307839114369,0.0210715639975498,est1_005
"951",7_00000000000000000616,"2023",76.4464687072143,103.31281132164,0.0345129192465301,est1_005
"952",7_00000000000000000450,"2021",76.4998419801814,103.31994120082,0.0285096210069497,est1_005
"953",7_00000000000000000617,"2018",76.4471163131504,103.323531967527,0.209605602546606,est1_005
"954",7_00000000000000000451,"2021",76.4957893064186,103.326131356774,0.0394222200226103,est1_005
"955",7_00000000000000000453,"2021",76.4957893064186,103.326131356774,0.0394222200226103,est1_005
"956",7_00000000000000000452,"2021",76.5072853777845,103.32924132959,0.170127554791316,est1_005
"957",7_00000000000000000618,"2024",76.4496849482437,103.330422463662,0.0100987537624493,est1_005
"958",7_00000000000000000454,"2021",76.5040179791864,103.333441422321,0.0243102953820304,est1_005
"959",7_00000000000000000455,"2024",76.499406714113,103.340528396998,0.00670848879802429,est1_005
"960",7_000000000000000003a3,"2023",76.0928393859793,102.072356201096,0.0103594521796195,est1_005
"961",7_000000000000000003a5,"2022",76.0952801576414,102.075191477299,0.0207174279724997,est1_005
"962",7_000000000000000003ac,"2021",76.0890438546359,102.097530474038,0.0699517746143946,est1_005
"963",7_00000000000000000339,"2024",76.1418570673604,102.097977031194,0.0249493379438029,est1_005
"964",7_000000000000000003aa,"2023",76.0798460359002,102.103613291736,0.0112331403035586,est1_005
"965",7_000000000000000003ab,"2021",76.0766404873234,102.108728083469,0.063094003008669,est1_005
"966",7_000000000000000003ae,"2022",76.0943954228134,102.108912407914,0.0302130649051637,est1_005
"967",7_000000000000000003b2,"2024",76.0709552165871,102.120930561592,0.0103759644360287,est1_005
"968",7_000000000000000003b3,"2022",76.0774287217068,102.121048632801,0.013828997318955,est1_005
"969",7_000000000000000003b4,"2022",76.080220435391,102.131114175435,0.0509834877762545,est1_005
"970",7_000000000000000003b7,"2022",76.0691990589987,102.132561676236,0.0250782081529484,est1_005
"971",7_000000000000000003b6,"2023",76.0724965711387,102.137574432962,0.0605182168609704,est1_005
"972",7_000000000000000003b8,"2021",76.0727591385379,102.142946660548,0.0864538583767482,est1_005
"973",7_000000000000000003b9,"2021",76.0730861401903,102.148078705072,0.0544668383314819,est1_005
"974",7_000000000000000003ba,"2022",76.0743377878136,102.151954007757,0.0164258303413503,est1_005
"975",7_00000000000000000510,"2019",76.0742812567985,102.152713911618,0.0674291044212122,est1_005
"976",7_00000000000000000511,"2022",76.0813809976947,102.155396213265,0.0691178017259923,est1_005
"977",7_00000000000000000516,"2022",76.0827597348062,102.155818776694,0.0760293428584317,est1_005
"978",7_000000000000000003bb,"2022",76.0820347782017,102.156048429102,0.0786215161961432,est1_005
"979",7_00000000000000000514,"2019",76.0754000107092,102.160260429306,0.10026145592577,est1_005
"980",7_00000000000000000467,"2021",76.121806943766,102.458650992973,0.0637544346212189,est1_005
"981",7_00000000000000000468,"2020",76.1253442607764,102.500085862238,0.0964708647222746,est1_005
"982",7_00000000000000000469,"2021",76.1181367966007,102.502307515374,0.130992806588672,est1_005
"983",7_0000000000000000046a,"2022",76.1171770005171,102.513986197546,0.0430931750422902,est1_005
"984",7_0000000000000000046b,"2024",76.1294355489764,102.536581154257,0.0103331341928682,est1_005
"985",7_0000000000000000046f,"2021",76.1182729919378,102.543498171206,0.334369147170774,est1_005
"986",7_0000000000000000046d,"2024",76.1337637954997,102.544086132,0.00946974319683223,est1_005
"987",7_0000000000000000046c,"2022",76.1105091645291,102.544282493278,0.0379393161006695,est1_005
"988",7_0000000000000000046e,"2024",76.1338127937506,102.54898605549,0.00946945680878758,est1_005
"989",7_00000000000000000471,"2018",76.2701528898023,102.565965405881,0.0153453380627933,est1_005
"990",7_00000000000000000470,"2022",76.1227608261229,102.568861265507,0.0551369962704725,est1_005
"991",7_00000000000000000473,"2021",76.2670373449925,102.570570438747,0.0196124685881378,est1_005
"992",7_00000000000000000472,"2024",76.1476795350529,102.570643557769,0.00946030929752801,est1_005
"993",7_00000000000000000474,"2022",76.1077238316267,102.576310555956,0.107809939125845,est1_005
"994",7_00000000000000000475,"2024",76.1173981417325,102.578532558561,0.00948036399005887,est1_005
"995",7_00000000000000000476,"2022",76.1255419358852,102.582562119466,0.0215337207244602,est1_005
"996",7_00000000000000000478,"2021",76.1169379985703,102.582623939059,0.0741206817856187,est1_005
"997",7_00000000000000000477,"2021",76.1082312301514,102.587216580471,0.0388077410733382,est1_005
"998",7_0000000000000000047b,"2020",76.1107020903667,102.600221097934,0.436256000149734,est1_005
"999",7_00000000000000000479,"2024",76.1220040486278,102.600239112856,0.00947687625027249,est1_005
"1000",7_000000000000000005b4,"2022",76.1056402211573,102.48503009108,0.0181132936161026,est1_005
"1001",7_000000000000000005b8,"2022",76.1068187440793,102.493342233589,0.0155243761527818,est1_005
"1002",7_000000000000000005bb,"2021",76.1007420539236,102.49739427857,0.301118999000464,est1_005
"1003",7_000000000000000005bf,"2023",76.1003204351897,102.500922464215,0.301118999000464,est1_005
"1004",7_000000000000000005c3,"2022",76.1045256810382,102.521643725845,0.178556264724436,est1_005
"1005",7_000000000000000005c9,"2022",76.1047478643356,102.54564598893,0.0327777397474076,est1_005
"1006",7_000000000000000005ca,"2022",76.1105091645291,102.544282493278,0.0379393161006695,est1_005
"1007",7_000000000000000005ce,"2022",76.109347096729,102.555687751456,0.0198329212691836,est1_005
"1008",7_000000000000000005d4,"2022",76.1077238316267,102.576310555956,0.107809939125845,est1_005
"1009",7_000000000000000005d8,"2021",76.1082312301514,102.587216580471,0.0388077410733382,est1_005
"1010",7_000000000000000005d9,"2021",76.1091347238758,102.600820932193,0.436256000149734,est1_005
"1011",7_000000000000000005dd,"2022",76.1033268516556,102.600679377558,0.0517594094458961,est1_005
"1012",7_0000000000000000047c,"2024",76.1449845488947,102.616163686661,0.00946152207270268,est1_005
"1013",7_0000000000000000047a,"2022",76.1235056566587,102.620441351855,0.329079502855231,est1_005
"1014",7_0000000000000000047e,"2022",76.1139101249744,102.633537385504,0.0362074329361438,est1_005
"1015",7_0000000000000000047d,"2024",76.2020194336817,102.636204344082,0.00942334840890178,est1_005
"1016",7_0000000000000000047f,"2022",76.1200894343972,102.646101578618,0.0275739083862755,est1_005
"1017",7_00000000000000000480,"2019",76.139861425602,102.651756456208,0.0705572128339354,est1_005
"1018",7_00000000000000000481,"2021",76.113607158969,102.65835394099,0.0525849991699283,est1_005
"1019",7_00000000000000000482,"2022",76.1142916472948,102.660575648987,0.0525849991699283,est1_005
"1020",7_00000000000000000483,"2020",76.1201335644628,102.664894147746,0.0232647789065528,est1_005
"1021",7_00000000000000000484,"2024",76.159439248728,102.67514616736,0.0103109764176037,est1_005
"1022",7_00000000000000000485,"2024",76.1144091945844,102.691916197644,0.00948236988474793,est1_005
"1023",7_00000000000000000486,"2021",76.1573150729413,102.69438777564,0.114297086316955,est1_005
"1024",7_00000000000000000487,"2024",76.1609092522642,102.703773925629,0.00945104650927051,est1_005
"1025",7_0000000000000000048c,"2021",76.1285488779195,102.715638271492,0.078364151414936,est1_005
"1026",7_0000000000000000048a,"2022",76.2173798505979,102.716968928132,0.0171144023607862,est1_005
"1027",7_00000000000000000489,"2021",76.1617565546076,102.719858971194,0.0867727219330383,est1_005
"1028",7_0000000000000000048b,"2024",76.1433145324515,102.722532371507,0.0103222919985355,est1_005
"1029",7_00000000000000000488,"2021",76.1226824630696,102.723338690534,0.184363260539784,est1_005
"1030",7_0000000000000000048d,"2023",76.1324598952011,102.727413242751,0.0154969036053798,est1_005
"1031",7_0000000000000000048f,"2021",76.1195108358242,102.729185398361,0.073245110833229,est1_005
"1032",7_0000000000000000048e,"2022",76.1530511282104,102.730073475285,0.0902640365647984,est1_005
"1033",7_00000000000000000491,"2021",76.1375894202346,102.735944574585,0.0877806233519042,est1_005
"1034",7_00000000000000000493,"2022",76.1477148262501,102.73881899869,0.0773990770590155,est1_005
"1035",7_00000000000000000490,"2021",76.1577395974588,102.744010355501,0.111717588599899,est1_005
"1036",7_00000000000000000492,"2021",76.1762144932372,102.744249910912,0.105568814963214,est1_005
"1037",7_00000000000000000495,"2022",76.1766062072247,102.744753053818,0.105568814963214,est1_005
"1038",7_00000000000000000494,"2022",76.1296350595269,102.747163555759,0.0129158384962124,est1_005
"1039",7_00000000000000000497,"2022",76.1338372929848,102.750739461343,0.0103299312728216,est1_005
"1040",7_00000000000000000499,"2023",76.1936070486826,102.751727609906,0.0128580882140487,est1_005
"1041",7_00000000000000000496,"2022",76.1537878837409,102.755338941687,0.015474008296448,est1_005
"1042",7_00000000000000000498,"2021",76.1652885130369,102.758941382652,0.335822628339563,est1_005
"1043",7_0000000000000000049d,"2021",76.1674212761744,102.761796947176,0.232737174593905,est1_005
"1044",7_0000000000000000049a,"2024",76.1380818350634,102.764079487755,0.0137689237697336,est1_005
"1045",7_0000000000000000049e,"2022",76.1636687982133,102.764137456298,0.169225748011138,est1_005
"1046",7_0000000000000000049c,"2021",76.1189647242134,102.769978986045,0.01637277352146,est1_005
"1047",7_0000000000000000049b,"2023",76.1074788580715,102.770932701127,0.0163863960334581,est1_005
"1048",7_0000000000000000049f,"2021",76.1719715080416,102.775711011909,0.0326229863111207,est1_005
"1049",7_000000000000000004a0,"2022",76.193778120653,102.776374739387,0.0299998169234607,est1_005
"1050",7_000000000000000004a1,"2023",76.1099333219128,102.783398074113,0.0163830788351422,est1_005
"1051",7_000000000000000004a2,"2024",76.1301868627418,102.789375280553,0.00947159062746295,est1_005
"1052",7_000000000000000004a3,"2021",76.1163111104763,102.797537430337,0.0991178080388976,est1_005
"1053",7_000000000000000004a5,"2018",76.1155215830582,102.799984242794,0.0991178080388976,est1_005
"1054",7_000000000000000004a6,"2019",76.1921003400268,102.80073097371,0.0548657078612173,est1_005
"1055",7_000000000000000004a8,"2021",76.1326079447072,102.803992450543,0.200588448765498,est1_005
"1056",7_000000000000000004a7,"2016",76.1194821995922,102.804557265316,0.0370533129867228,est1_005
"1057",7_000000000000000004a4,"2021",76.1134168320957,102.805392765714,0.034482031711741,est1_005
"1058",7_000000000000000005ff,"2022",76.0880815978572,102.740076426667,0.0138185885606893,est1_005
"1059",7_00000000000000000600,"2021",76.0962956154796,102.770899677311,0.0630065311111718,est1_005
"1060",7_00000000000000000601,"2018",76.0144512166301,102.783123653673,0.0121530074611107,est1_005
"1061",7_00000000000000000602,"2022",76.0173590264496,102.800660063635,0.380960242349109,est1_005
"1062",7_00000000000000000603,"2016",76.0188643889234,102.804062579948,0.380960242349109,est1_005
"1063",7_000000000000000004a9,"2021",76.1872532219022,102.820162248895,0.0523125057738763,est1_005
"1064",7_000000000000000004aa,"2016",76.12337305971,102.823669835647,0.0318740704275902,est1_005
"1065",7_000000000000000004ab,"2022",76.1635002497084,102.82421598464,0.0180399578189031,est1_005
"1066",7_000000000000000004ad,"2020",76.1425574727578,102.825207406894,0.228838902789307,est1_005
"1067",7_000000000000000004ac,"2024",76.2079483367887,102.832935388738,0.00941972124369586,est1_005
"1068",7_000000000000000004af,"2021",76.1879174924124,102.833358776371,0.119199492491478,est1_005
"1069",7_000000000000000004ae,"2022",76.163500899717,102.836933750675,0.0197572107605191,est1_005
"1070",7_000000000000000004b0,"2022",76.160151878255,102.840630614481,0.0154649057115965,est1_005
"1071",7_000000000000000004b2,"2018",76.1262136076609,102.842948757883,0.0861258198048353,est1_005
"1072",7_000000000000000004b1,"2016",76.1236585302457,102.847915793331,0.0120603669239951,est1_005
"1073",7_000000000000000004b3,"2022",76.22281634635,102.856473921353,0.0256625379442908,est1_005
"1074",7_000000000000000004b4,"2022",76.22281634635,102.856473921353,0.0256625379442908,est1_005
"1075",7_000000000000000004b5,"2022",76.1335867697377,102.867768541113,0.0180776233255503,est1_005
"1076",7_000000000000000004b6,"2023",76.185996384436,102.86986792889,0.0145804055335126,est1_005
"1077",7_000000000000000004b7,"2022",76.1893814456873,102.874024362609,0.0531616103176903,est1_005
"1078",7_000000000000000004b8,"2022",76.147384141571,102.876461057634,0.016340269541578,est1_005
"1079",7_000000000000000004b9,"2022",76.1913379102015,102.883946861604,0.0917342688323783,est1_005
"1080",7_000000000000000004ba,"2021",76.1910306855807,102.883959557089,0.0917342688323783,est1_005
"1081",7_000000000000000004bb,"2022",76.1901595106523,102.893268932064,0.0188621588456792,est1_005
"1082",7_000000000000000004bc,"2024",76.1915336104121,102.899377938731,0.00943037458479191,est1_005
"1083",7_000000000000000004bd,"2022",76.1935542380746,102.905468324306,0.0540053958625861,est1_005
"1084",7_000000000000000004be,"2024",76.2178746956228,102.905743831585,0.0102681532193772,est1_005
"1085",7_000000000000000004bf,"2023",76.1873952242137,102.92046174044,0.0102909726642674,est1_005
"1086",7_000000000000000004c1,"2021",76.2237769680111,102.920458556933,1.10505618335448,est1_005
"1087",7_000000000000000004c0,"2022",76.2084946167405,102.926694750245,0.0239753960611633,est1_005
"1088",7_000000000000000004c2,"2024",76.2319333188132,102.933456792003,0.0119683097833783,est1_005
"1089",7_000000000000000004c3,"2021",76.2373204531348,102.933616605298,0.0187991216384411,est1_005
"1090",7_000000000000000004c4,"2021",76.2155806627459,102.933712994654,0.132659213200232,est1_005
"1091",7_000000000000000004c8,"2023",76.2414795582321,102.944345389869,0.174264884486573,est1_005
"1092",7_000000000000000004c7,"2019",76.1935898082811,102.944611015256,0.700257183472892,est1_005
"1093",7_000000000000000004c6,"2021",76.1854072774053,102.945548910699,0.0420267223328775,est1_005
"1094",7_000000000000000004c5,"2021",76.2418738851596,102.94631726185,0.174264884486573,est1_005
"1095",7_000000000000000004ca,"2021",76.1903450044656,102.948516468689,0.700257183472892,est1_005
"1096",7_000000000000000004cf,"2022",76.2398902619341,102.956237486119,0.0888541430622646,est1_005
"1097",7_000000000000000004c9,"2022",76.1796794089107,102.956548239942,0.064351626426083,est1_005
"1098",7_000000000000000004cc,"2022",76.2178706416318,102.956701041767,0.049632303728298,est1_005
"1099",7_000000000000000004cb,"2021",76.2045419799337,102.961869907015,0.105355037178322,est1_005
"1100",7_000000000000000004ce,"2022",76.2151750342826,102.962794016355,0.0111264982644953,est1_005
"1101",7_000000000000000004d1,"2023",76.2222857111316,102.962848896155,0.0239521609626927,est1_005
"1102",7_000000000000000004d0,"2022",76.1505920703128,102.963134375653,0.0163369488762552,est1_005
"1103",7_000000000000000004d3,"2023",76.2460932551448,102.966294324281,0.0256205679118759,est1_005
"1104",7_000000000000000004cd,"2022",76.1946703498755,102.966356266798,0.0325706716698162,est1_005
"1105",7_000000000000000004d4,"2022",76.1782366332508,102.969823298822,0.0351832593307513,est1_005
"1106",7_000000000000000004d6,"2021",76.1784010088251,102.969934159304,0.0351832593307513,est1_005
"1107",7_000000000000000004d5,"2024",76.151859743975,102.970411279381,0.0137555053688866,est1_005
"1108",7_000000000000000004d8,"2023",76.2403174123698,102.974283399897,0.0119612871101686,est1_005
"1109",7_000000000000000004d7,"2021",76.1836682075719,102.974345735256,0.0188714443558421,est1_005
"1110",7_000000000000000004d9,"2022",76.2434172072248,102.97630322444,0.0196456767527402,est1_005
"1111",7_000000000000000004db,"2021",76.2454147609658,102.983174065065,0.0520953387925207,est1_005
"1112",7_000000000000000004d2,"2021",76.2050246008486,102.985390973139,0.181586179766858,est1_005
"1113",7_000000000000000004da,"2021",76.2143166218825,102.986060291121,0.0385163308606841,est1_005
"1114",7_000000000000000004dc,"2020",76.1862948667523,102.987455034748,0.0557471176162827,est1_005
"1115",7_000000000000000004df,"2021",76.1778632146147,102.993003078743,0.106405078729478,est1_005
"1116",7_0000000000000000066b,"2016",76.1401454490502,102.99557611245,0.0903469667219752,est1_005
"1117",7_000000000000000004de,"2021",76.1598430151495,102.996143344091,0.0704630098292924,est1_005
"1118",7_000000000000000004dd,"2021",76.2301222544284,102.996203460566,0.083786402539001,est1_005
"1119",7_000000000000000004e0,"2022",76.2473244735488,102.996898525356,0.0333029046873564,est1_005
"1120",7_000000000000000004e8,"2022",76.1600805374129,102.997616045264,0.0704630098292924,est1_005
"1121",7_000000000000000004e1,"2024",76.2244609489717,102.998649997255,0.00940814104736236,est1_005
"1122",7_000000000000000004e4,"2024",76.2164251530355,102.999923958731,0.00941343253595827,est1_005
"1123",7_000000000000000004e7,"2022",76.2176501453301,103.001549134125,0.0119802764832332,est1_005
"1124",7_000000000000000004e6,"2016",76.1761134472967,103.003208503912,0.0300387821913027,est1_005
"1125",7_0000000000000000066c,"2018",76.1366833343418,103.003819231402,0.0215167377922602,est1_005
"1126",7_000000000000000004e5,"2022",76.1983118674093,103.004337601713,0.110540402721478,est1_005
"1127",7_000000000000000004e3,"2021",76.1926071602852,103.00454157752,0.102013845936764,est1_005
"1128",7_000000000000000004ec,"2021",76.1987373299301,103.005256075673,0.110540402721478,est1_005
"1129",7_000000000000000004e2,"2022",76.231962127488,103.005582025447,0.0504360941119914,est1_005
"1130",7_000000000000000004e9,"2024",76.2019364887711,103.006199577918,0.0111368505396171,est1_005
"1131",7_000000000000000004f0,"2021",76.2214197274421,103.00704261744,0.141160478803943,est1_005
"1132",7_000000000000000004ea,"2021",76.1936242805209,103.007510642022,0.0128578353267498,est1_005
"1133",7_000000000000000004eb,"2021",76.1818821535429,103.010304956935,0.0411797084101088,est1_005
"1134",7_000000000000000004ed,"2024",76.2480784935695,103.012320800059,0.00939256002737279,est1_005
"1135",7_000000000000000004ee,"2022",76.192746894997,103.01294450023,0.102013845936764,est1_005
"1136",7_000000000000000006b5,"2023",76.2244608793328,103.260258726288,0.0453323768842156,est1_005
"1137",7_00000000000000000698,"2023",76.239964247539,103.151046799457,0.0128151738438715,est1_005
"1138",7_00000000000000000690,"2018",76.1932717541001,103.122018538639,0.207444764755907,est1_005
"1139",7_000000000000000004f8,"2022",76.2385982386753,103.04196044743,0.051267569937151,est1_005
"1140",7_000000000000000004fa,"2020",76.2000323475204,103.043040076787,0.285311447611472,est1_005
"1141",7_000000000000000004fe,"2021",76.2124902936456,103.047834920933,0.155797664163959,est1_005
"1142",7_000000000000000004fd,"2021",76.2413742816201,103.052704970356,0.111909939344663,est1_005
"1143",7_000000000000000004ff,"2023",76.2222560234074,103.063230761613,0.0094100716803387,est1_005
"1144",7_00000000000000000500,"2022",76.2576409405965,103.087823755612,0.0230378613702657,est1_005
"1145",7_00000000000000000503,"2023",76.2536972861203,103.091694707662,0.0307277023500249,est1_005
"1146",7_00000000000000000634,"2020",76.2863957362088,103.16318869782,0.00936670955755048,est1_005
"1147",7_00000000000000000636,"2016",76.2774835172569,103.195143461783,0.0221547517302797,est1_005
"1148",7_00000000000000000673,"2024",76.2006964463796,103.053185941747,0.00942413274303535,est1_005
"1149",7_00000000000000000674,"2021",76.1884267383006,103.052178606836,0.506816102410891,est1_005
"1150",7_00000000000000000676,"2021",76.1909833729184,103.063199562813,0.456237366576354,est1_005
"1151",7_0000000000000000067e,"2024",76.1863887489463,103.088416233409,0.0111491808484652,est1_005
"1152",7_00000000000000000681,"2024",76.2271068962288,103.094933145473,0.00940654156404355,est1_005
"1153",7_00000000000000000687,"2021",76.2206605385944,103.113240114514,0.0496204992546064,est1_005
"1154",7_0000000000000000069d,"2022",76.2062790558581,103.160228681469,0.0299743393135823,est1_005
"1155",7_000000000000000006a1,"2022",76.1934935873369,103.180607825952,0.0188579889215937,est1_005
"1156",7_000000000000000006a2,"2021",76.2215776816574,103.180641275251,0.025663907480401,est1_005
"1157",7_000000000000000006a4,"2024",76.210171648664,103.196281440392,0.0136993405443545,est1_005
"1158",7_000000000000000006b7,"2022",76.2231890281775,103.276106636366,0.0299389362574332,est1_005
"1159",7_000000000000000006b6,"2019",76.2490316773003,103.266889791238,0.0170759503070424,est1_005
"1160",7_000000000000000006b4,"2018",76.2488763722185,103.250673621582,0.0256140556925631,est1_005
"1161",7_000000000000000006b3,"2023",76.2270824295599,103.25092155463,0.010261831273045,est1_005
"1162",7_000000000000000006b2,"2021",76.2149985820706,103.233602034311,0.0282437795706699,est1_005
"1163",7_00000000000000000501,"2022",76.2655858134488,103.086615595899,0.0247309828282011,est1_005
"1164",7_00000000000000000502,"2023",76.265619282824,103.086958605945,0.0247309828282011,est1_005
"1165",7_00000000000000000504,"2023",76.2534947149203,103.092548179617,0.0315813544968367,est1_005
"1166",7_00000000000000000505,"2023",76.2641892027245,103.093335361553,0.0264398662343254,est1_005
"1167",7_00000000000000000506,"2021",76.2609080248946,103.095994452605,0.0418018893714949,est1_005
"1168",7_00000000000000000632,"2022",76.2760639019712,103.121840169264,0.0315298641768041,est1_005
"1169",7_00000000000000000633,"2019",76.2874737173567,103.155642890896,0.00936633628004432,est1_005
"1170",7_00000000000000000635,"2023",76.2892613775031,103.17811612729,0.0246919052388556,est1_005
"1171",7_00000000000000000637,"2016",76.2731179006873,103.199973909519,0.0443219313935633,est1_005
"1172",7_00000000000000000639,"2024",76.2919012095894,103.29765198073,0.0212796379288193,est1_005
"1173",7_0000000000000000063d,"2019",76.2858951749204,103.311016253194,0.0757956502555358,est1_005
"1174",7_00000000000000000682,"2024",76.2527553376254,103.094345082441,0.017072425036117,est1_005
"1175",7_0000000000000000068d,"2021",76.2493818466875,103.111988431545,0.0315901161012442,est1_005
"1176",7_000000000000000006b8,"2023",76.2228614777582,103.290799696764,0.0188196231228938,est1_005
"1177",7_000000000000000006b9,"2022",76.2243866213297,103.325443694326,0.0675712256938484,est1_005
"1178",7_000000000000000006ba,"2024",76.2178694278889,103.340234068905,0.0470663679412376,est1_005
"1179",7_000000000000000006bb,"2023",76.2174010659999,103.340628646208,0.0470663679412376,est1_005
"1180",7_000000000000000006bc,"2021",76.2268607400575,103.371208557486,0.0761070336837919,est1_005
"1181",7_0000000000000000051f,"2021",76.0765712208157,102.167271144694,0.0881578864755645,est1_005
"1182",7_0000000000000000051b,"2021",76.0595447233911,102.167654055233,0.0415366751378343,est1_005
"1183",7_0000000000000000051a,"2022",76.0881676148346,102.170919708195,0.0172718473296168,est1_005
"1184",7_00000000000000000520,"2022",76.08277556281,102.175383570924,0.0138232093403282,est1_005
"1185",7_00000000000000000526,"2021",76.0640241963016,102.177251379831,0.0994873440267624,est1_005
"1186",7_000000000000000003bc,"2022",76.1046383318038,102.178790659379,0.0914348779766612,est1_005
"1187",7_00000000000000000521,"2022",76.1046383318038,102.178790659379,0.0914348779766612,est1_005
"1188",7_00000000000000000529,"2021",76.04773241417,102.180910951139,0.0640911561045614,est1_005
"1189",7_0000000000000000051d,"2021",76.0514036748965,102.181124280322,0.101303509033674,est1_005
"1190",7_00000000000000000523,"2021",76.0543027486405,102.183676322305,0.0839675402153968,est1_005
"1191",7_00000000000000000525,"2022",76.0295887882292,102.18633660667,0.0398879675396046,est1_005
"1192",7_00000000000000000530,"2022",76.059332544052,102.187736568179,0.128938870218715,est1_005
"1193",7_0000000000000000052b,"2021",76.0304375669019,102.188092082335,0.0398879675396046,est1_005
"1194",7_00000000000000000531,"2021",76.0595755578392,102.188147845908,0.128938870218715,est1_005
"1195",7_0000000000000000052d,"2023",76.046594563135,102.188500362893,0.00952788917260059,est1_005
"1196",7_0000000000000000052a,"2023",76.0577146732065,102.188638761188,0.0138478403329606,est1_005
"1197",7_0000000000000000052e,"2023",76.0408953495171,102.189589884996,0.0155966669894515,est1_005
"1198",7_0000000000000000052c,"2023",76.0702365700842,102.191987389861,0.0103772058497283,est1_005
"1199",7_00000000000000000535,"2022",76.0455605817734,102.194849742068,0.0285846896642144,est1_005
"1200",7_00000000000000000534,"2021",76.0521900810985,102.197609029811,0.0658022958063756,est1_005
"1201",7_00000000000000000533,"2021",76.0679929786232,102.197747614664,0.0570798471850885,est1_005
"1202",7_00000000000000000536,"2021",76.0679929786232,102.197747614664,0.0570798471850885,est1_005
"1203",7_00000000000000000539,"2021",76.0634610030194,102.203127789188,0.0198972726497771,est1_005
"1204",7_00000000000000000538,"2022",76.0307888279744,102.206147669371,0.0554945832964311,est1_005
"1205",7_0000000000000000053c,"2023",76.1103257508214,102.206459626131,0.0155209089476393,est1_005
"1206",7_0000000000000000053d,"2024",76.0504805564364,102.207293244205,0.0112571321653664,est1_005
"1207",7_00000000000000000537,"2021",76.059541410657,102.208025984976,0.14970793508325,est1_005
"1208",7_0000000000000000053b,"2021",76.0676909257685,102.21009209018,0.0726444893499743,est1_005
"1209",7_00000000000000000540,"2022",76.067514326363,102.211008458851,0.0726444893499743,est1_005
"1210",7_00000000000000000541,"2021",76.0177942847005,102.211599339388,0.0425269595052223,est1_005
"1211",7_00000000000000000544,"2023",76.0605213091488,102.211604360845,0.14970793508325,est1_005
"1212",7_0000000000000000053e,"2022",76.0502179433225,102.213090975265,0.034636514772463,est1_005
"1213",7_00000000000000000542,"2022",76.0505470320765,102.213628276933,0.034636514772463,est1_005
"1214",7_0000000000000000053f,"2021",76.0947033136311,102.215529263201,0.0949549760074115,est1_005
"1215",7_00000000000000000543,"2024",76.0328182533953,102.215668430204,0.0112706016270613,est1_005
"1216",7_00000000000000000545,"2024",76.0092769044232,102.224955564521,0.0130268318095338,est1_005
"1217",7_00000000000000000547,"2022",76.0273779558044,102.230122987976,0.0216834291091865,est1_005
"1218",7_0000000000000000054b,"2024",76.0287136721714,102.241000863149,0.0112745247960187,est1_005
"1219",7_00000000000000000548,"2021",76.0060763345576,102.257533133954,0.67396215020894,est1_005
"1220",7_0000000000000000055b,"2021",76.0040583180953,102.271759924289,0.67396215020894,est1_005
"1221",7_00000000000000000558,"2021",75.9775185317012,102.279800966116,0.0461273683115217,est1_005
"1222",7_0000000000000000055e,"2021",75.9862095544176,102.281426504474,0.152215622940285,est1_005
"1223",7_0000000000000000055f,"2022",75.9996043641743,102.287836725637,0.0156417760812957,est1_005
"1224",7_00000000000000000560,"2022",75.998040913004,102.287889132907,0.0139054806003218,est1_005
"1225",7_00000000000000000561,"2024",76.0269416815272,102.287993764617,0.019948853056381,est1_005
"1226",7_00000000000000000564,"2023",76.0256996630139,102.29258686669,0.0199507041405813,est1_005
"1227",7_00000000000000000563,"2021",76.0106614577934,102.295165888185,0.0564411017933873,est1_005
"1228",7_00000000000000000569,"2023",76.0232216703746,102.302569568892,0.0303648721602174,est1_005
"1229",7_0000000000000000056d,"2022",76.0233664767384,102.303150107129,0.0303648721602174,est1_005
"1230",7_0000000000000000056e,"2021",75.9936847378797,102.309117948009,0.0669399717714298,est1_005
"1231",7_0000000000000000056f,"2023",76.0185197256722,102.309810615688,0.0260356759303097,est1_005
"1232",7_00000000000000000575,"2023",76.021592802681,102.314427720933,0.012147157646875,est1_005
"1233",7_00000000000000000576,"2023",76.021592802681,102.314427720933,0.012147157646875,est1_005
"1234",7_0000000000000000057a,"2021",75.9784162607216,102.315592712653,0.0504790325243481,est1_005
"1235",7_00000000000000000578,"2021",75.9923259804499,102.323167659615,0.0269532933557944,est1_005
"1236",7_00000000000000000579,"2021",76.0063575826009,102.323529479572,0.0608030825221821,est1_005
"1237",7_0000000000000000057b,"2023",75.9731200611096,102.323771933932,0.0139290559583904,est1_005
"1238",7_0000000000000000057d,"2022",75.9840707848843,102.326333732416,0.766361072805415,est1_005
"1239",7_00000000000000000571,"2021",75.9850539933164,102.331186191415,0.766361072805415,est1_005
"1240",7_00000000000000000585,"2021",76.0267568957076,102.335057908859,0.0346948766323379,est1_005
"1241",7_00000000000000000583,"2022",75.9755240200032,102.335539341092,0.0191498114895549,est1_005
"1242",7_00000000000000000581,"2018",76.0120267248418,102.336425006678,0.239645881546874,est1_005
"1243",7_00000000000000000582,"2023",75.9743099727203,102.337442594463,0.0130573554678023,est1_005
"1244",7_00000000000000000562,"2023",76.0429686066982,102.291078051014,0.0121286588110672,est1_005
"1245",7_00000000000000000568,"2021",76.0504285205608,102.296924438198,0.0268430851472944,est1_005
"1246",7_00000000000000000546,"2023",76.0513619898342,102.229487105675,0.0346356421974495,est1_005
"1247",7_00000000000000000549,"2023",76.0513619898342,102.229487105675,0.0346356421974495,est1_005
"1248",7_00000000000000000550,"2022",76.0561418654711,102.253577366098,0.027695928862144,est1_005
"1249",7_0000000000000000054f,"2021",76.0596394622811,102.253779409125,0.111629358142083,est1_005
"1250",7_00000000000000000555,"2023",76.0643462152388,102.263248247208,0.0190319444339884,est1_005
"1251",7_00000000000000000557,"2023",76.06436161322,102.271955401087,0.0216275691879408,est1_005
"1252",7_0000000000000000055d,"2023",76.0663669384342,102.287696799174,0.0198940798281224,est1_005
"1253",7_0000000000000000055a,"2022",76.0679542289834,102.276972948597,0.0596739003208118,est1_005
"1254",7_00000000000000000565,"2022",76.0686610656449,102.298303689403,0.0259434829802606,est1_005
"1255",7_00000000000000000566,"2022",76.0686610656449,102.298303689403,0.0259434829802606,est1_005
"1256",7_00000000000000000553,"2024",76.0729070272626,102.261214810216,0.00950906178258035,est1_005
"1257",7_00000000000000000551,"2023",76.0752332107955,102.251211389966,0.0371705906470852,est1_005
"1258",7_00000000000000000554,"2021",76.07582631895,102.281113449558,0.426134092905411,est1_005
"1259",7_0000000000000000054d,"2022",76.0818631464549,102.245531319251,0.0241925013316941,est1_005
"1260",7_00000000000000000577,"2022",76.0878989486192,102.312508495511,0.0708168104663751,est1_005
"1261",7_00000000000000000573,"2022",76.0881476393705,102.308535481767,0.0708168104663751,est1_005
"1262",7_0000000000000000057c,"2022",76.0885261961119,102.324199015492,0.0164068864688884,est1_005
"1263",7_0000000000000000056a,"2023",76.0963865175574,102.305500918482,0.0267555420874409,est1_005
"1264",7_0000000000000000056b,"2023",76.0963865175574,102.305500918482,0.0267555420874409,est1_005
"1265",7_0000000000000000056c,"2023",76.1026914228854,102.306612436859,0.0120780260965803,est1_005
"1266",7_00000000000000000552,"2021",76.1031630558091,102.242988259842,0.225153949390249,est1_005
"1267",7_00000000000000000559,"2021",76.1034124401132,102.281003994614,0.0422722816823025,est1_005
"1268",7_00000000000000000567,"2021",76.1060864086522,102.2981532532,0.0483028189156369,est1_005
"1269",7_00000000000000000572,"2024",76.1074890292374,102.310696302668,0.0112115731107329,est1_005
"1270",7_0000000000000000054c,"2023",76.1082353314549,102.241664260011,0.0146604463621744,est1_005
"1271",7_00000000000000000570,"2022",76.1115874909312,102.310347568832,0.0232784052156554,est1_005
"1272",7_00000000000000000574,"2022",76.1139526391144,102.308835968271,0.0267234725376945,est1_005
"1273",7_0000000000000000057e,"2021",76.0944527769447,102.3215078025,0.187320245494217,est1_005
"1274",7_0000000000000000057f,"2019",76.1125286891511,102.329701112021,0.0931058469768274,est1_005
"1275",7_00000000000000000580,"2023",76.0758893443787,102.337809067482,0.0146941196375446,est1_005
"1276",7_00000000000000000584,"2021",76.0461316970186,102.339074017566,0.0311832925722165,est1_005
"1277",7_00000000000000000594,"2022",76.0929174590289,102.382662631197,0.0112230303621785,est1_005
"1278",7_00000000000000000587,"2022",76.0163548614123,102.342387409969,0.0329835758018126,est1_005
"1279",7_00000000000000000588,"2022",76.0343938217381,102.342904402365,0.0138690439935451,est1_005
"1280",7_0000000000000000058a,"2024",76.0263474581369,102.354043424854,0.0121435393620591,est1_005
"1281",7_0000000000000000058e,"2021",75.9903617541104,102.354792462516,0.062607328813916,est1_005
"1282",7_0000000000000000058b,"2023",76.0395173442129,102.354969215374,0.0147316263806965,est1_005
"1283",7_0000000000000000058d,"2022",76.0056891691719,102.355013980056,0.0156350540586361,est1_005
"1284",7_00000000000000000589,"2021",76.0083240276413,102.356454886941,0.0347388201860289,est1_005
"1285",7_0000000000000000058f,"2021",76.0083240276413,102.356454886941,0.0347388201860289,est1_005
"1286",7_0000000000000000058c,"2021",75.9842184023253,102.356853179657,0.0400169915865297,est1_005
"1287",7_00000000000000000591,"2024",76.0419396361565,102.364014720794,0.0129956741170403,est1_005
"1288",7_00000000000000000592,"2023",75.975601053589,102.366010737568,0.0226312438260386,est1_005
"1289",7_00000000000000000586,"2021",76.0178685888441,102.36644990571,0.3879506624546,est1_005
"1290",7_00000000000000000590,"2021",75.9920612968832,102.372242501269,0.0991173830045874,est1_005
"1291",7_00000000000000000593,"2022",75.9874002617489,102.375465296893,0.0452263736855844,est1_005
"1292",7_00000000000000000596,"2022",76.0082438255628,102.389494017654,0.0173692541103453,est1_005
"1293",7_00000000000000000597,"2021",76.0152683948426,102.39579563324,0.183177315675969,est1_005
"1294",7_00000000000000000599,"2021",76.0144539355711,102.396241987106,0.183177315675969,est1_005
"1295",7_00000000000000000595,"2020",75.9976857445393,102.396937360482,0.896070968008417,est1_005
"1296",7_00000000000000000598,"2022",76.0317377682519,102.397185754743,0.0832441539652364,est1_005
"1297",7_0000000000000000059a,"2021",76.0305194693626,102.400701514951,0.0997210779951181,est1_005
"1298",7_0000000000000000059b,"2022",76.0291677720315,102.403732956048,0.0832491809251943,est1_005
"1299",7_0000000000000000059c,"2023",76.0460297176042,102.406532559171,0.0225203665614819,est1_005
"1300",7_0000000000000000059d,"2021",76.0129928827014,102.418260088085,0.0573009746568388,est1_005
"1301",7_0000000000000000059f,"2022",76.0622864232678,102.42706149189,0.0320095520364804,est1_005
"1302",7_000000000000000005a0,"2022",76.0625538797451,102.427423300779,0.0320095520364804,est1_005
"1303",7_000000000000000005a1,"2023",76.0232220310738,102.428938482559,0.00954367439450923,est1_005
"1304",7_000000000000000005a2,"2022",76.0434132125609,102.433108468002,0.0511148463105887,est1_005
"1305",7_0000000000000000059e,"2018",76.0467836358004,102.433173129492,0.168023521085459,est1_005
"1306",7_000000000000000005a4,"2023",76.0391466722342,102.433495343266,0.00953285306413056,est1_005
"1307",7_000000000000000005a3,"2021",76.032503890711,102.43365434854,0.180332770314378,est1_005
"1308",7_000000000000000005a5,"2023",75.9954216857186,102.436221110895,0.0173850012943385,est1_005
"1309",7_000000000000000005a6,"2022",76.0361759045092,102.440308076196,0.0156018754464861,est1_005
"1310",7_000000000000000005aa,"2022",76.0287650522459,102.444184840789,0.031220414959362,est1_005
"1311",7_000000000000000005a7,"2022",76.0900537621701,102.44581027094,0.0215876235500176,est1_005
"1312",7_000000000000000005a9,"2023",76.0899213578505,102.44620203204,0.0215876235500176,est1_005
"1313",7_000000000000000005a8,"2024",76.042674637043,102.446676146569,0.00952973141426633,est1_005
"1314",7_000000000000000005ab,"2023",76.0404885184081,102.448345874186,0.0155965823891941,est1_005
"1315",7_000000000000000005ac,"2023",76.0404885184081,102.448345874186,0.0155965823891941,est1_005
"1316",7_000000000000000005ad,"2023",76.0882191176361,102.460294463954,0.0164078277906667,est1_005
"1317",7_000000000000000005ae,"2022",76.0175913298096,102.472833414547,0.0121507459808131,est1_005
"1318",7_000000000000000005b0,"2022",76.0830178575488,102.475422613897,0.0336912825925095,est1_005
"1319",7_000000000000000005b1,"2023",76.082763066752,102.475500687184,0.0336912825925095,est1_005
"1320",7_000000000000000005af,"2023",76.0511024440142,102.478280518923,0.0129884566283659,est1_005
"1321",7_000000000000000005b2,"2021",76.0875178697529,102.483299043754,0.0569996815860164,est1_005
"1322",7_000000000000000005b5,"2021",76.0220748813131,102.484865613309,0.0225583459939213,est1_005
"1323",7_000000000000000005b3,"2021",76.0945256564104,102.485782464813,0.159696817161412,est1_005
"1324",7_000000000000000005b7,"2023",76.0403804189624,102.490797274137,0.0147301232130694,est1_005
"1325",7_000000000000000005b6,"2024",76.089572831881,102.491148862233,0.0138166814873294,est1_005
"1326",7_000000000000000005ba,"2023",76.0901546953866,102.496753116067,0.00949841715796973,est1_005
"1327",7_000000000000000005b9,"2022",76.0961754053095,102.497631806388,0.0388389692346199,est1_005
"1328",7_000000000000000005bc,"2024",76.0387057076779,102.504421412879,0.0103989438894072,est1_005
"1329",7_000000000000000005be,"2022",76.0415352918164,102.505537560594,0.0190619648005199,est1_005
"1330",7_000000000000000005bd,"2021",76.0189806524303,102.507525021841,0.0425242247591569,est1_005
"1331",7_000000000000000005c0,"2022",76.0344586866508,102.511528152015,0.0156042599543337,est1_005
"1332",7_000000000000000005c1,"2024",76.0152841683966,102.513510739154,0.00954851227740398,est1_005
"1333",7_000000000000000005c2,"2022",76.0216051006784,102.51699880267,0.028632596338106,est1_005
"1334",7_000000000000000005c6,"2023",76.0786507755514,102.529053102857,0.0172838372302118,est1_005
"1335",7_000000000000000005c4,"2024",76.035438070548,102.529888724154,0.013868956518342,est1_005
"1336",7_000000000000000005c5,"2024",76.0210660738848,102.532081359262,0.00954419046125199,est1_005
"1337",7_000000000000000005cb,"2023",76.0763681071717,102.541530386592,0.0233369319047786,est1_005
"1338",7_000000000000000005c7,"2021",76.0201571536888,102.541877200602,0.0494612117373481,est1_005
"1339",7_000000000000000005c8,"2022",76.0291641199798,102.541892786033,0.0156096106674714,est1_005
"1340",7_000000000000000005cc,"2023",76.075564287366,102.552163413501,0.0112366201025056,est1_005
"1341",7_000000000000000005cd,"2022",76.0766968862256,102.556412024609,0.0146927891206583,est1_005
"1342",7_000000000000000005d0,"2018",76.0531043204611,102.561721249848,0.0424232064668938,est1_005
"1343",7_000000000000000005d1,"2023",76.0131107332684,102.562462566364,0.0121543807615136,est1_005
"1344",7_000000000000000005cf,"2021",76.0221962183415,102.56405622275,0.0425140516250017,est1_005
"1345",7_000000000000000005d3,"2021",76.0844672060035,102.566450837387,0.189176838300053,est1_005
"1346",7_000000000000000005d2,"2016",76.0764058577199,102.572021021745,0.0648246577312988,est1_005
"1347",7_000000000000000005d6,"2021",76.0179061591678,102.573957698556,0.137130946837228,est1_005
"1348",7_000000000000000005d5,"2018",76.0786129314813,102.578070338609,0.0190125628002351,est1_005
"1349",7_000000000000000005d7,"2023",76.0237393998263,102.583708998229,0.0156149827465873,est1_005
"1350",7_000000000000000005da,"2016",76.0221197608717,102.599694955422,0.0121471777466662,est1_005
"1351",7_000000000000000005db,"2022",76.0842721711453,102.60143486403,0.0138213273968877,est1_005
"1352",7_000000000000000005dc,"2021",76.0538602708101,102.602091966951,0.0536720325304684,est1_005
"1353",7_000000000000000005de,"2023",76.0857856301257,102.614371470326,0.0138197107948057,est1_005
"1354",7_000000000000000005df,"2023",76.0817574637138,102.615105181616,0.0155515204767928,est1_005
"1355",7_000000000000000005e0,"2023",76.0714356275034,102.617962525982,0.0371774996626313,est1_005
"1356",7_000000000000000005e1,"2023",76.0330670837526,102.619150156541,0.0234072994151361,est1_005
"1357",7_000000000000000005e4,"2023",76.0330670837526,102.619150156541,0.0234072994151361,est1_005
"1358",7_000000000000000005e2,"2023",76.0718398655657,102.619587407478,0.0371774996626313,est1_005
"1359",7_000000000000000005e3,"2021",76.0754592561846,102.6234543447,0.0838458032110039,est1_005
"1360",7_000000000000000005e6,"2022",76.0868438379398,102.630702321549,0.0198647441412787,est1_005
"1361",7_000000000000000005e5,"2020",76.0802106333126,102.632454074487,0.135664135562895,est1_005
"1362",7_000000000000000005e9,"2023",76.0927693011491,102.646834328476,0.0155403273926249,est1_005
"1363",7_000000000000000005e8,"2021",76.070046021315,102.649366941083,0.144415147350748,est1_005
"1364",7_000000000000000005ea,"2024",76.0941235968873,102.649434043137,0.00949545396594238,est1_005
"1365",7_000000000000000005eb,"2022",76.0595464621223,102.653600921959,0.0311522591217264,est1_005
"1366",7_000000000000000005e7,"2021",76.0873085716506,102.654409585088,0.339414635973145,est1_005
"1367",7_000000000000000005ed,"2021",76.0694005056498,102.655533819001,0.144415147350748,est1_005
"1368",7_000000000000000005ee,"2021",76.0892215781898,102.659402700265,0.339414635973145,est1_005
"1369",7_000000000000000005ec,"2022",76.0628533976959,102.659848861112,0.0207640229806547,est1_005
"1370",7_000000000000000005ef,"2021",76.087710742343,102.673108815558,0.0431834860916193,est1_005
"1371",7_000000000000000005f0,"2019",75.9780939315276,102.682312304673,0.00957318767366527,est1_005
"1372",7_000000000000000005f6,"2021",76.0835811817207,102.683186015448,0.123538410052172,est1_005
"1373",7_000000000000000005f1,"2022",76.070329079899,102.684966229549,0.0544755574862008,est1_005
"1374",7_000000000000000005f5,"2023",76.0701964012793,102.685842163708,0.0544755574862008,est1_005
"1375",7_000000000000000005f2,"2016",75.978987459985,102.688541938894,0.0165347524461898,est1_005
"1376",7_000000000000000005f3,"2020",76.0759256824543,102.68908891974,0.0708761655611941,est1_005
"1377",7_000000000000000005f4,"2023",76.0675614948274,102.690477642562,0.0164320389779787,est1_005
"1378",7_000000000000000005f8,"2016",75.9821863273488,102.691275794033,0.110497556487287,est1_005
"1379",7_000000000000000005f7,"2016",75.9744001172709,102.692606477184,0.0330791723720423,est1_005
"1380",7_000000000000000005fa,"2023",76.0685219501779,102.703294304662,0.022486072887909,est1_005
"1381",7_000000000000000005f9,"2016",75.9804187768346,102.708181777474,0.0870182955851693,est1_005
"1382",7_000000000000000005fb,"2016",75.9803731860204,102.711717126464,0.0887586955212183,est1_005
"1383",7_000000000000000005fe,"2021",76.0793477779905,102.71434164846,0.226403361061262,est1_005
"1384",7_000000000000000005fc,"2016",75.9804266769314,102.716301175817,0.0565602292367235,est1_005
"1385",7_000000000000000005fd,"2021",76.0853234152026,102.724902826418,0.0449176112086349,est1_005
"1386",7_00000000000000000621,"2024",76.4423007717718,103.422158323569,0.0126305984800603,est1_005
"1387",7_00000000000000000622,"2019",76.438291214497,103.434440178638,0.0471692223878168,est1_005
"1388",7_00000000000000000623,"2022",76.4480337281672,103.442744182487,0.0252496502337789,est1_005
"1389",7_00000000000000000624,"2022",76.4532831241519,103.446792589266,0.0201935299611123,est1_005
"1390",7_00000000000000000625,"2022",76.4479771465974,103.458098786785,0.0799617866179734,est1_005
"1391",7_00000000000000000626,"2024",76.4455655406954,103.469481549795,0.0117860726512024,est1_005
"1392",7_00000000000000000627,"2020",76.4487034205138,103.503404519279,0.0782739156419496,est1_005
"1393",7_00000000000000000628,"2021",76.4653042971821,103.548970778526,0.0411907789781023,est1_005
"1394",7_00000000000000000629,"2018",76.4740340067477,103.711688395889,0.0134419537836189,est1_005
"1395",7_0000000000000000062a,"2021",76.4580765021227,103.72871128712,0.105139327693555,est1_005
"1396",7_0000000000000000062b,"2019",76.4400383924105,103.733252136203,0.138116204042609,est1_005
"1397",7_0000000000000000062c,"2021",76.4281066680657,103.734476489446,0.10873450490067,est1_005
"1398",7_0000000000000000062f,"2021",76.4365990629449,103.740600799342,0.131412236633367,est1_005
"1399",7_0000000000000000062e,"2023",76.4360097721169,103.743037507637,0.131412236633367,est1_005
"1400",7_0000000000000000062d,"2023",76.441575614719,103.745787032025,0.00926308521224816,est1_005
"1401",7_00000000000000000631,"2022",76.4352087256051,103.761102404592,0.0480206770822659,est1_005
"1402",7_00000000000000000630,"2022",76.4243189031041,103.76589656333,0.031196413502087,est1_005
"1403",7_0000000000000000064e,"2024",76.4246219716389,103.413696121183,0.0101181874026767,est1_005
"1404",7_0000000000000000063f,"2018",76.3801198240156,103.338298754097,0.0405957571319427,est1_005
"1405",7_00000000000000000456,"2024",76.5048414907208,103.346142911682,0.00502957745802806,est1_005
"1406",7_00000000000000000641,"2016",76.3572721797539,103.347430135159,0.426990960364281,est1_005
"1407",7_00000000000000000640,"2021",76.376401668907,103.349614308787,0.011844686662365,est1_005
"1408",7_00000000000000000619,"2021",76.4456909500694,103.349840831697,0.021044245128464,est1_005
"1409",7_00000000000000000642,"2016",76.3798858937867,103.357944550387,0.0177647298739945,est1_005
"1410",7_0000000000000000061b,"2021",76.4978547762643,103.360303232941,0.0570292304485739,est1_005
"1411",7_0000000000000000061a,"2021",76.4978547762643,103.360303232941,0.0570292304485739,est1_005
"1412",7_00000000000000000643,"2021",76.4318082952574,103.371626814772,0.0261236240819665,est1_005
"1413",7_0000000000000000061c,"2021",76.5009794211655,103.374388024231,0.0989387619199959,est1_005
"1414",7_00000000000000000644,"2016",76.3413351768145,103.375880450306,0.0551328482614612,est1_005
"1415",7_00000000000000000647,"2023",76.3161330438308,103.377617415874,0.0339885935874083,est1_005
"1416",7_00000000000000000645,"2021",76.424817480712,103.380502723216,0.0632339237422231,est1_005
"1417",7_0000000000000000061e,"2023",76.5118310191442,103.383309209283,0.013404811182516,est1_005
"1418",7_0000000000000000061d,"2019",76.442472911254,103.385184636097,0.0488366140347401,est1_005
"1419",7_00000000000000000648,"2024",76.3223936564542,103.388363691315,0.0152886229487889,est1_005
"1420",7_00000000000000000649,"2016",76.4289641030817,103.389722801454,0.0750116127917075,est1_005
"1421",7_0000000000000000064a,"2024",76.3203520595895,103.390642197085,0.00934436140457347,est1_005
"1422",7_0000000000000000064b,"2016",76.4158892124176,103.390775089075,0.159444275256882,est1_005
"1423",7_00000000000000000646,"2020",76.4317038996372,103.391901496296,0.221626979476062,est1_005
"1424",7_0000000000000000064c,"2021",76.3252679395572,103.393664076475,0.0237763958779527,est1_005
"1425",7_0000000000000000061f,"2024",76.5119718497855,103.394124167805,0.0134039984157166,est1_005
"1426",7_0000000000000000064d,"2020",76.3391650170455,103.402331576542,0.0924636443933732,est1_005
"1427",7_00000000000000000620,"2021",76.4431223444532,103.404255411156,0.0303110908323223,est1_005
"1428",7_00000000000000000650,"2021",76.3189306029448,103.409597461327,0.0866566241347119,est1_005
"1429",7_0000000000000000063c,"2022",76.3199440414131,103.309567578606,0.0135922152601843,est1_005
"1430",7_0000000000000000063e,"2023",76.3198690517493,103.324684286127,0.0118929743290939,est1_005
"1431",7_0000000000000000064f,"2021",76.4036758501093,103.42049715665,0.0591032993428178,est1_005
"1432",7_00000000000000000651,"2019",76.3396690748882,103.422448777568,0.0814361831460769,est1_005
"1433",7_00000000000000000652,"2023",76.4041133470117,103.432803375625,0.0253296914997468,est1_005
"1434",7_00000000000000000654,"2021",76.3147050513139,103.437400504373,0.0900807071962063,est1_005
"1435",7_00000000000000000653,"2024",76.3366319430637,103.438624452804,0.010182138200125,est1_005
"1436",7_00000000000000000658,"2023",76.2803480461799,103.442141314264,0.0170379068658797,est1_005
"1437",7_00000000000000000657,"2023",76.312742144855,103.443687335395,0.0110491552846865,est1_005
"1438",7_00000000000000000655,"2023",76.2771331166588,103.444168819936,0.014485337640495,est1_005
"1439",7_0000000000000000065b,"2021",76.3161234308454,103.447073008152,0.015296175726183,est1_005
"1440",7_00000000000000000659,"2022",76.2999247488935,103.448588665885,0.0263711256433612,est1_005
"1441",7_0000000000000000065c,"2023",76.2789023745763,103.448807483703,0.0119280791393756,est1_005
"1442",7_0000000000000000065a,"2021",76.3018478328557,103.451644490992,0.0544374865286998,est1_005
"1443",7_00000000000000000656,"2021",76.2842085317806,103.451886230142,0.246980947382008,est1_005
"1444",7_0000000000000000065d,"2024",76.2763999357662,103.454120297402,0.0119304526439374,est1_005
"1445",7_0000000000000000065e,"2022",76.285073682222,103.463538798857,0.246980947382008,est1_005
"1446",7_0000000000000000065f,"2022",76.2669085262231,103.479920487814,0.0187597930036463,est1_005
"1447",7_00000000000000000660,"2021",76.2620362202243,103.490161241837,0.0358281394841397,est1_005
"1448",7_00000000000000000661,"2023",76.2641502157293,103.519166626554,0.00938189040212076,est1_005
"1449",7_00000000000000000662,"2022",76.3600048762221,103.553546940806,0.0465851697832134,est1_005
"1450",7_00000000000000000663,"2024",76.3557468510613,103.556913278917,0.0118614181688578,est1_005
"1451",7_00000000000000000664,"2024",76.3423250557936,103.57087888792,0.0135693740022406,est1_005
"1452",7_00000000000000000665,"2021",76.3642663803002,103.57825721976,0.179530390801193,est1_005
"1453",7_00000000000000000666,"2022",76.3248790487073,103.612185708188,0.0280236312698566,est1_005
"1454",7_00000000000000000667,"2016",76.2656784046251,103.872052629478,0.017055996796427,est1_005
"1455",7_00000000000000000668,"2019",76.2663614117324,103.877428793453,0.0383753799783878,est1_005
"1456",7_00000000000000000669,"2024",76.2661591393735,103.894205017971,0.00255825199173266,est1_005
"1457",7_0000000000000000066a,"2023",76.4033360470987,103.949310377284,0.012667066073032,est1_005
"1458",7_000000000000000006bd,"2016",76.2174204103046,103.807816676841,0.0231052039554117,est1_005
"1459",7_000000000000000006be,"2023",76.2244933529749,103.812769553046,0.0119742911500043,est1_005
"1460",7_000000000000000006bf,"2019",76.2179990907539,103.820232555846,0.0213925295374695,est1_005
"1461",7_000000000000000006c0,"2023",76.2219666703065,103.814124220436,0.0213864008782802,est1_005
"1462",7_000000000000000006c1,"2023",76.2219666703065,103.814124220436,0.0213864008782802,est1_005
"1463",7_000000000000000006c2,"2019",76.2179990907539,103.820232555846,0.0213925295374695,est1_005
"1464",7_000000000000000006c3,"2016",76.2226630924523,103.836113995937,0.0316517880863275,est1_005
"1465",7_000000000000000006c8,"2023",76.2357062636011,103.908757726523,0.0102548660494405,est1_005
"1466",7_000000000000000006c9,"2023",76.2467555572895,103.935707255769,0.00939377695194205,est1_005
"1467",7_000000000000000006ca,"2022",76.2446591610775,103.949769464292,0.0350176735577614,est1_005
"1468",7_000000000000000006cb,"2022",76.2446591610775,103.949769464292,0.0350176735577614,est1_005
"1469",7_000000000000000006cc,"2021",76.3064396153904,104.004401323428,0.0153051322858603,est1_005
"1470",7_000000000000000006cd,"2021",76.3398410415679,104.131127372066,0.0220543016475546,est1_005
"1471",7_000000000000000006ce,"2019",76.3360456876696,104.137805404197,0.033940534872078,est1_005
"1472",7_000000000000000006cf,"2019",76.335759327311,104.139477214267,0.033940534872078,est1_005
"1473",7_000000000000000006d0,"2018",76.3366059290983,104.14724518535,0.0271511065651692,est1_005
"1474",7_000000000000000006d1,"2018",76.3364663458899,104.156272375609,0.0890887492645592,est1_005
"1475",7_000000000000000006d2,"2016",76.3375550585873,104.172186444831,0.0619344173434601,est1_005
"1476",7_000000000000000006d3,"2016",76.3295442879601,104.262658036276,0.0127330368144763,est1_005
"1477",7_000000000000000006d4,"2016",76.330166075552,104.271865667897,0.0195242383870718,est1_005
"1478",7_000000000000000006d5,"2022",76.3258592686931,104.294165446768,0.0186805153326785,est1_005
"1479",7_000000000000000004f2,"2021",76.2165009910732,103.016621815259,0.0402240216149724,est1_005
"1480",7_000000000000000004ef,"2023",76.1783298069563,103.018084506355,0.0137295699620614,est1_005
"1481",7_000000000000000004f1,"2021",76.235116070879,103.020645774341,0.0376064520577846,est1_005
"1482",7_0000000000000000066d,"2021",76.1818618788896,103.026513292665,0.0214475339723027,est1_005
"1483",7_000000000000000004f3,"2021",76.1818618788896,103.026513292665,0.0214475339723027,est1_005
"1484",7_000000000000000004f5,"2021",76.2168281689497,103.026513276314,0.0171147123911432,est1_005
"1485",7_000000000000000004f4,"2023",76.2014226750206,103.026913714909,0.0119940214862747,est1_005
"1486",7_000000000000000004f6,"2022",76.184134385728,103.030688770049,0.207598651720834,est1_005
"1487",7_0000000000000000066e,"2021",76.1826084736008,103.033714890964,0.207598651720834,est1_005
"1488",7_000000000000000004f7,"2021",76.1907512258335,103.039905159656,0.451949056833215,est1_005
"1489",7_00000000000000000670,"2021",76.1984700222242,103.041520926323,0.194513949573392,est1_005
"1490",7_00000000000000000672,"2021",76.2029654105758,103.044186277558,0.320414642757064,est1_005
"1491",7_0000000000000000066f,"2023",76.1845267714682,103.044513191391,0.00943544311421626,est1_005
"1492",7_000000000000000004fb,"2021",76.2038933502555,103.046128323278,0.145613168838364,est1_005
"1493",7_00000000000000000671,"2016",76.1512840584821,103.047872139865,0.0189148729133119,est1_005
"1494",7_000000000000000004f9,"2021",76.2132817819864,103.049146110388,0.149804891427363,est1_005
"1495",7_000000000000000004fc,"2023",76.2056487979156,103.050894822853,0.0950789890333933,est1_005
"1496",7_00000000000000000675,"2021",76.2116143177553,103.053548927461,0.114712855226887,est1_005
"1497",7_00000000000000000677,"2022",76.2003955912065,103.060773875903,0.0188501836466353,est1_005
"1498",7_00000000000000000678,"2024",76.1887897198184,103.064847682126,0.00943228364857577,est1_005
"1499",7_00000000000000000679,"2021",76.1862335602847,103.074979260811,0.0411654061300361,est1_005
"1500",7_0000000000000000067a,"2023",76.1975622741484,103.075160194869,0.0119973115722627,est1_005
"1501",7_0000000000000000067b,"2022",76.154942357471,103.07534324891,0.022348889266911,est1_005
"1502",7_000000000000000006c4,"2016",75.7227033857211,103.028990814493,0.0752925285410201,est1_005
"1503",7_000000000000000006c5,"2019",75.7259968662117,103.050901095805,0.0150559048583185,est1_005
"1504",7_0000000000000000067d,"2022",76.1560734264521,103.086058002702,0.0111729043126957,est1_005
"1505",7_0000000000000000067c,"2021",76.1999267191939,103.086917161732,0.0359870379845328,est1_005
"1506",7_00000000000000000680,"2021",76.1767570603335,103.092027342477,0.0343292563871681,est1_005
"1507",7_00000000000000000684,"2021",76.2216749467761,103.095643239821,0.0282315220864539,est1_005
"1508",7_0000000000000000067f,"2021",76.201385763499,103.096822243841,0.108804366518808,est1_005
"1509",7_00000000000000000683,"2023",76.1740919446712,103.097694801382,0.0145920157315411,est1_005
"1510",7_00000000000000000685,"2021",76.1514759008374,103.101572824557,0.0429873836972783,est1_005
"1511",7_00000000000000000689,"2021",76.1907427143023,103.103569589813,0.0840211949649629,est1_005
"1512",7_00000000000000000688,"2023",76.1759511443334,103.108054912768,0.0266063116214082,est1_005
"1513",7_0000000000000000068b,"2021",76.2459588267086,103.110227316907,0.0640488969035433,est1_005
"1514",7_00000000000000000686,"2023",76.2271813070046,103.110223782673,0.035061616689821,est1_005
"1515",7_0000000000000000068a,"2023",76.1488064964178,103.112572694423,0.00945930203224569,est1_005
"1516",7_0000000000000000068c,"2021",76.1615160999177,103.117238292835,0.0738850572484166,est1_005
"1517",7_0000000000000000068e,"2024",76.2137528257515,103.118392234325,0.0111280838787751,est1_005
"1518",7_0000000000000000068f,"2024",76.2338197895402,103.123383107958,0.0136755488172645,est1_005
"1519",7_00000000000000000693,"2021",76.2117676664246,103.127062073342,0.0573577710612181,est1_005
"1520",7_00000000000000000692,"2024",76.2442075750774,103.133348335755,0.00939455121950348,est1_005
"1521",7_00000000000000000691,"2022",76.1976791767731,103.13695074716,0.0599861762884762,est1_005
"1522",7_00000000000000000697,"2021",76.1829991986213,103.138688811126,0.123532827603731,est1_005
"1523",7_00000000000000000695,"2021",76.2454649212302,103.139237208988,0.0179344684462112,est1_005
"1524",7_00000000000000000694,"2024",76.1599782682522,103.141083169886,0.0180438680695667,est1_005
"1525",7_0000000000000000069b,"2022",76.1809439995962,103.153506529741,0.0214486490150901,est1_005
"1526",7_0000000000000000069c,"2016",76.1594665689987,103.158837179076,0.0300743180599856,est1_005
"1527",7_000000000000000006a0,"2021",76.1738888723552,103.172893474543,0.270395746545991,est1_005
"1528",7_000000000000000006a5,"2020",76.1701160732242,103.199714120045,0.0206072418094382,est1_005
"1529",7_000000000000000006a7,"2024",76.201705017639,103.203984458358,0.0102802268920571,est1_005
"1530",7_000000000000000006a8,"2021",76.1814939303686,103.205691490559,0.0351732225225672,est1_005
"1531",7_000000000000000006a6,"2016",76.176143310609,103.209214241674,0.262624675583956,est1_005
"1532",7_000000000000000006ab,"2016",76.1760359039155,103.216622826224,0.262624675583956,est1_005
"1533",7_00000000000000000696,"2024",76.2024910607273,103.142786718563,0.0137048842046335,est1_005
"1534",7_00000000000000000699,"2021",76.206624875374,103.152519054184,0.0205545625306654,est1_005
"1535",7_0000000000000000069a,"2016",76.2273578213515,103.156128600461,0.212078077861869,est1_005
"1536",7_000000000000000006b1,"2021",76.1804559316607,103.233522020087,0.102958277364908,est1_005
"1537",7_0000000000000000069e,"2022",76.2029504161775,103.167745635908,0.00942226917351143,est1_005
"1538",7_0000000000000000069f,"2018",76.2255338484248,103.163815747572,0.212078077861869,est1_005
"1539",7_000000000000000006a3,"2024",76.2047558371516,103.186346498463,0.0111347275670783,est1_005
"1540",7_000000000000000006a9,"2023",76.2256873834718,103.210706691547,0.0145395040800565,est1_005
"1541",7_000000000000000006aa,"2022",76.2224332350951,103.213217519699,0.0188208156415022,est1_005
"1542",7_000000000000000006ac,"2024",76.2226806132673,103.223433194163,0.0153973671240255,est1_005
"1543",7_000000000000000006ad,"2021",76.225746475106,103.229779946718,0.0915111565809824,est1_005
"1544",7_000000000000000006ae,"2022",76.2329776865652,103.22479162714,0.016241402968531,est1_005
"1545",7_000000000000000006af,"2022",76.2126913758634,103.226720714125,0.0171198536441951,est1_005
"1546",7_000000000000000006b0,"2022",76.2310931610496,103.229377632663,0.0145351769628642,est1_005
"1547",7_0000000000000000027e,"2023",76.3023050585179,101.26515058267,0.01360980563893,est1_004
"1548",7_00000000000000000287,"2021",76.3112280132973,101.27819013917,0.379962539135501,est1_004
"1549",7_0000000000000000028b,"2022",76.3158504729391,101.289463283635,0.0509854966944026,est1_004
"1550",7_0000000000000000029b,"2021",76.3036771364626,101.345221706007,0.0586842850981959,est1_004
"1551",7_0000000000000000029d,"2023",76.2992273369809,101.356773909887,0.0161643129729702,est1_004
"1552",7_000000000000000002a1,"2021",76.2757059461137,101.413474069939,0.0656218798586535,est1_004
"1553",7_000000000000000002a8,"2024",76.3129433936661,101.486136296252,0.0169983428682294,est1_004
"1554",7_00000000000000000324,"2022",76.2059291923471,101.519670068616,0.0291190138055029,est1_004
"1555",7_000000000000000002ac,"2024",76.2619942296226,101.510059992437,0.00938290387016398,est1_004
"1556",7_000000000000000002ab,"2021",76.3216766207942,101.509209861526,0.0297294120578939,est1_004
"1557",7_000000000000000002aa,"2023",76.2959756909123,101.505723267451,0.0204232759935699,est1_004
"1558",7_000000000000000002a9,"2024",76.2595442773507,101.499917176096,0.00938471706313436,est1_004
"1559",7_000000000000000003eb,"2016",75.79122924545,101.583847018906,0.0670048972374259,est1_004
"1560",7_000000000000000003ed,"2022",75.7901136069047,101.596502583958,0.0158711475572986,est1_004
"1561",7_00000000000000000419,"2018",75.7801256732629,101.580459280604,0.0105875087662517,est1_004
"1562",7_0000000000000000041a,"2022",75.7812176692683,101.592990925998,0.0379389779585494,est1_004
"1563",7_0000000000000000041b,"2022",75.7778427881444,101.593480522405,0.0132372402082099,est1_004
"1564",7_0000000000000000041c,"2016",75.7826858652349,101.598043778348,0.0123501692658568,est1_004
"1565",7_000000000000000001ee,"2023",76.3583366173244,101.5320674232,0.0194851632354805,est1_004
"1566",7_000000000000000002ad,"2024",76.3445575378166,101.523387781442,0.00932759793939595,est1_004
"1567",7_00000000000000000343,"2024",76.1495321487447,101.791556916617,0.0180574113786503,est1_004
"1568",7_00000000000000000325,"2023",76.1946692875643,101.849841597442,0.0180002955081617,est1_004
"1569",7_00000000000000000327,"2024",76.2030130770452,101.854435143782,0.0239852318522424,est1_004
"1570",7_00000000000000000326,"2024",76.2030130770452,101.854435143782,0.0239852318522424,est1_004
"1571",7_00000000000000000328,"2022",76.1974430537918,101.865947421168,0.0154236005780075,est1_004
"1572",7_0000000000000000032a,"2024",76.1942285647851,101.869908652209,0.00942840916058597,est1_004
"1573",7_0000000000000000032b,"2019",76.2040994446388,101.873145624305,0.0925085638275685,est1_004
"1574",7_00000000000000000329,"2023",76.1909203279217,101.874481717406,0.0265776224027049,est1_004
"1575",7_0000000000000000032d,"2022",76.2046959326139,101.878455328132,0.0925085638275685,est1_004
"1576",7_0000000000000000032c,"2021",76.1950511139375,101.881713439596,0.0942798013023221,est1_004
"1577",7_0000000000000000032f,"2022",76.2105603094335,101.886553340328,0.0111303456083786,est1_004
"1578",7_0000000000000000032e,"2021",76.199811082577,101.886759523494,0.041125773269859,est1_004
"1579",7_00000000000000000330,"2018",76.1847456112509,101.893870318133,0.106367158510825,est1_004
"1580",7_00000000000000000331,"2022",76.1738368375226,101.898115292497,0.0274683365613527,est1_004
"1581",7_00000000000000000332,"2023",76.173992013819,101.906682400102,0.0103021545644864,est1_004
"1582",7_00000000000000000334,"2023",76.181671971813,101.910500450659,0.0265952710333865,est1_004
"1583",7_00000000000000000335,"2024",76.1816975639081,101.911797882444,0.0265952710333865,est1_004
"1584",7_00000000000000000333,"2023",76.1880471686345,101.912694221586,0.0111487827040913,est1_004
"1585",7_00000000000000000336,"2024",76.2110824027847,101.923361015825,0.0231164025737088,est1_004
"1586",7_00000000000000000337,"2023",76.1886864286479,101.927048317044,0.0154344916418176,est1_004
"1587",7_00000000000000000338,"2021",76.1979602029154,101.948316470761,0.0462750750623083,est1_004
"1588",7_000000000000000001ed,"2024",76.3603026078148,101.510705136169,0.0101643898442482,est1_004
"1589",7_0000000000000000030e,"2022",76.5383879219927,101.993514480393,0.0585303364251836,est1_004
"1590",7_0000000000000000030f,"2022",76.5385415265274,101.994545763506,0.0585303364251836,est1_004
"1591",7_00000000000000000310,"2024",76.5364414547965,102.00654060575,0.010872153544241,est1_004
"1592",7_00000000000000000311,"2022",76.5276728483749,102.013948814002,0.0343103330910873,est1_004
"1593",7_0000000000000000031d,"2020",76.498077846034,102.022796859828,0.0327085228364216,est1_004
"1594",7_00000000000000000312,"2022",76.5290940697396,102.027999016786,0.0234280635184498,est1_004
"1595",7_0000000000000000031e,"2024",76.4996761590105,102.039678077474,0.0100630475393996,est1_004
"1596",7_0000000000000000031f,"2016",76.4168219284066,102.106397718177,0.0767647413693392,est1_004
"1597",7_00000000000000000313,"2023",76.5208016862618,102.149525603698,0.0318156194124851,est1_004
"1598",7_00000000000000000320,"2016",76.3825497482874,102.152297038556,0.127696851027495,est1_004
"1599",7_00000000000000000321,"2022",76.3892494332722,102.153494706732,0.076921109907457,est1_004
"1600",7_00000000000000000314,"2023",76.5229369333771,102.160596854143,0.0133939927768619,est1_004
"1601",7_00000000000000000322,"2024",76.3872220966873,102.162402858804,0.01521714667977,est1_004
"1602",7_00000000000000000315,"2024",76.5214154191154,102.165307431545,0.0100470253262315,est1_004
"1603",7_00000000000000000316,"2023",76.5181951318655,102.185634670753,0.019260867009364,est1_004
"1604",7_00000000000000000323,"2022",76.4978247601906,102.248198798622,0.0343849827711608,est1_004
"1605",7_00000000000000000317,"2023",76.4979656758597,102.248598958789,0.0343849827711608,est1_004
"1606",7_00000000000000000318,"2024",76.5139594237952,102.314427714971,0.0100516782031278,est1_004
"1607",7_00000000000000000319,"2023",76.5157111251847,102.321321252074,0.0142384627129473,est1_004
"1608",7_0000000000000000031a,"2022",76.5166071931769,102.328958025766,0.0134004891087155,est1_004
"1609",7_0000000000000000031b,"2021",76.5127548065149,102.354402690311,0.0217818914687028,est1_004
"1610",7_0000000000000000031c,"2022",76.5157006494429,102.357982342517,0.0276406556065801,est1_004
"1611",7_00000000000000000457,"2021",76.4404821112085,102.495191397188,0.068212748986042,est1_004
"1612",7_00000000000000000458,"2022",76.4301947359986,102.563276291945,0.0210699176226045,est1_004
"1613",7_00000000000000000459,"2024",76.4348910942444,102.592404338266,0.0160083184266096,est1_004
"1614",7_0000000000000000045a,"2022",76.4306643225159,102.599165150233,0.019383649870124,est1_004
"1615",7_0000000000000000045b,"2021",76.4320897159631,102.63252663066,0.017696127362879,est1_004
"1616",7_0000000000000000045c,"2022",76.4321258890445,102.644121485194,0.0126400055536696,est1_004
"1617",7_00000000000000000423,"2021",76.4713734491345,102.84470514282,0.0378116651837363,est1_004
"1618",7_00000000000000000424,"2022",76.4675920383544,102.876948728102,0.0310978376715837,est1_004
"1619",7_00000000000000000425,"2023",76.4648833042449,102.881516218387,0.022698919965411,est1_004
"1620",7_00000000000000000427,"2022",76.4812242551099,102.917455851802,0.0327470099338007,est1_004
"1621",7_00000000000000000426,"2024",76.4776879218451,102.917801584079,0.00923891825832448,est1_004
"1622",7_00000000000000000429,"2024",76.4849887479748,102.926719469329,0.0109128523231317,est1_004
"1623",7_00000000000000000428,"2023",76.4775870232809,102.928168586115,0.0218373792093086,est1_004
"1624",7_0000000000000000042a,"2016",76.4827994169653,102.929575029566,0.0612913623034818,est1_004
"1625",7_0000000000000000042b,"2016",76.4825243081917,102.930239152322,0.0612913623034818,est1_004
"1626",7_0000000000000000042c,"2024",76.4681330887751,102.936323310578,0.0092456583750137,est1_004
"1627",7_0000000000000000042d,"2022",76.4664334082253,102.942244991583,0.0168110992570267,est1_004
"1628",7_0000000000000000042e,"2022",76.4817072470238,102.944873234614,0.047018564313807,est1_004
"1629",7_0000000000000000042f,"2016",76.4871975334616,102.947626000494,0.0125896510814887,est1_004
"1630",7_00000000000000000430,"2018",76.474985482345,102.982984032181,0.273855235789254,est1_004
"1631",7_00000000000000000432,"2021",76.4694218787005,102.990666054702,0.0563049466297175,est1_004
"1632",7_00000000000000000431,"2016",76.4940751440501,102.990937364352,0.0192938008705693,est1_004
"1633",7_00000000000000000433,"2016",76.4908395554795,102.997388583704,0.174522373962664,est1_004
"1634",7_00000000000000000434,"2018",76.4831614138644,103.028667698055,0.607805075051639,est1_004
"1635",7_00000000000000000435,"2022",76.4866968305899,103.029870824982,0.607805075051639,est1_004
"1636",7_00000000000000000436,"2024",76.4839107724355,103.032091835207,0.010074471618755,est1_004
"1637",7_00000000000000000437,"2023",76.4828866693193,103.036942723042,0.0125936181379504,est1_004
"1638",7_00000000000000000438,"2023",76.4914540177067,103.037589420987,0.0176203469540368,est1_004
"1639",7_00000000000000000439,"2023",76.4854840635814,103.037985245033,0.0360950283180963,est1_004
"1640",7_0000000000000000043a,"2021",76.4719146745334,103.042559455122,0.164674522753528,est1_004
"1641",7_0000000000000000043b,"2024",76.4925346111529,103.044758076396,0.00922839568427852,est1_004
"1642",7_0000000000000000043c,"2022",76.4731551575057,103.045636066602,0.164674522753528,est1_004
"1643",7_0000000000000000043e,"2019",76.4941515779146,103.054639549448,0.0109056161149163,est1_004
"1644",7_0000000000000000043d,"2023",76.4687516707933,103.057963425855,0.0126061039345109,est1_004
"1645",7_0000000000000000043f,"2023",76.4860950758323,103.102866171906,0.0201457574913773,est1_004
"1646",7_00000000000000000440,"2021",76.502184273933,103.117267781265,0.018444308823377,est1_004
"1647",7_00000000000000000441,"2022",76.4860104877358,103.124523982172,0.0360936262678439,est1_004
"1648",7_00000000000000000442,"2021",76.5131646330134,103.143280672676,0.181781461998615,est1_004
"1649",7_0000000000000000045d,"2018",76.318133091965,102.757161127395,0.0127442994556641,est1_004
"1650",7_0000000000000000045e,"2018",76.318133091965,102.757161127395,0.0127442994556641,est1_004
"1651",7_0000000000000000045f,"2016",76.3217938159373,102.771516781684,0.0721974700888853,est1_004
"1652",7_00000000000000000460,"2016",76.3240394577558,102.779772231287,0.0305733957270366,est1_004
"1653",7_00000000000000000461,"2016",76.3264098096807,102.785876236407,0.0169819261489112,est1_004
"1654",7_00000000000000000462,"2022",76.4559235494488,102.864595040828,0.105153974701397,est1_004
"1655",7_00000000000000000463,"2023",76.4648833042449,102.881516218387,0.022698919965411,est1_004
"1656",7_00000000000000000464,"2022",76.3102012207699,103.093468018568,0.0374036086695964,est1_004
"1657",7_00000000000000000465,"2021",76.4129786188136,103.133306260214,0.030377293558928,est1_004
"1658",7_00000000000000000443,"2024",76.5033143638168,103.232191607535,0.0100599797266007,est1_004
"1659",7_00000000000000000445,"2021",76.5019041426112,103.24590534051,0.0670721332436479,est1_004
"1660",7_00000000000000000444,"2022",76.4459663185648,103.247948386607,0.0185194628440559,est1_004
"1661",7_00000000000000000448,"2021",76.5057944836882,103.253019690699,0.0645351067013965,est1_004
"1662",7_00000000000000000447,"2021",76.5078406450925,103.259354001829,0.0360359287451155,est1_004
"1663",7_00000000000000000446,"2021",76.4878812414371,103.262309967502,0.106585687009923,est1_004
"1664",7_00000000000000000449,"2021",76.5114143737532,103.2625067653,0.0351897795872715,est1_004
"1665",7_0000000000000000044b,"2021",76.4858018911738,103.266560880148,0.106585687009923,est1_004
"1666",7_0000000000000000044a,"2020",76.4966057486423,103.269784321265,0.171938340665244,est1_004
"1667",7_0000000000000000044c,"2019",76.4919281766635,103.272944294207,0.04278925367048,est1_004
"1668",7_0000000000000000044d,"2024",76.5100618008022,103.275499518396,0.0444073880808653,est1_004
"1669",7_0000000000000000044e,"2023",76.5102588096815,103.275896251235,0.0444073880808653,est1_004
"1670",7_00000000000000000466,"2023",76.437764985185,103.277103760613,0.0109500913676947,est1_004
"1671",7_0000000000000000044f,"2021",76.4918913549816,103.289849819162,0.0553744271186397,est1_004
"1672",7_00000000000000000638,"2021",76.4324132565304,103.297163071783,0.0867923138568807,est1_004
"1673",7_00000000000000000613,"2021",76.4475438719936,103.298422791335,0.027777932817751,est1_004
"1674",7_00000000000000000614,"2021",76.4475438719936,103.298422791335,0.027777932817751,est1_004
"1675",7_0000000000000000063a,"2023",76.4291788502341,103.299357064448,0.00927135163324617,est1_004
"1676",7_00000000000000000615,"2022",76.451128237428,103.307605292584,0.0151472964353179,est1_004
"1677",7_0000000000000000063b,"2022",76.4287203784135,103.307839114369,0.0210715639975498,est1_004
"1678",7_00000000000000000616,"2023",76.4464687072143,103.31281132164,0.0345129192465301,est1_004
"1679",7_00000000000000000450,"2021",76.4998419801814,103.31994120082,0.0285096210069497,est1_004
"1680",7_00000000000000000617,"2018",76.4471163131504,103.323531967527,0.209605602546606,est1_004
"1681",7_00000000000000000451,"2021",76.4957893064186,103.326131356774,0.0394222200226103,est1_004
"1682",7_00000000000000000453,"2021",76.4957893064186,103.326131356774,0.0394222200226103,est1_004
"1683",7_00000000000000000452,"2021",76.5072853777845,103.32924132959,0.170127554791316,est1_004
"1684",7_00000000000000000618,"2024",76.4496849482437,103.330422463662,0.0100987537624493,est1_004
"1685",7_00000000000000000454,"2021",76.5040179791864,103.333441422321,0.0243102953820304,est1_004
"1686",7_00000000000000000455,"2024",76.499406714113,103.340528396998,0.00670848879802429,est1_004
"1687",7_000000000000000003a3,"2023",76.0928393859793,102.072356201096,0.0103594521796195,est1_004
"1688",7_000000000000000003a5,"2022",76.0952801576414,102.075191477299,0.0207174279724997,est1_004
"1689",7_000000000000000003ac,"2021",76.0890438546359,102.097530474038,0.0699517746143946,est1_004
"1690",7_00000000000000000339,"2024",76.1418570673604,102.097977031194,0.0249493379438029,est1_004
"1691",7_000000000000000003aa,"2023",76.0798460359002,102.103613291736,0.0112331403035586,est1_004
"1692",7_000000000000000003ab,"2021",76.0766404873234,102.108728083469,0.063094003008669,est1_004
"1693",7_000000000000000003ae,"2022",76.0943954228134,102.108912407914,0.0302130649051637,est1_004
"1694",7_000000000000000003b2,"2024",76.0709552165871,102.120930561592,0.0103759644360287,est1_004
"1695",7_000000000000000003b3,"2022",76.0774287217068,102.121048632801,0.013828997318955,est1_004
"1696",7_000000000000000003b4,"2022",76.080220435391,102.131114175435,0.0509834877762545,est1_004
"1697",7_000000000000000003b7,"2022",76.0691990589987,102.132561676236,0.0250782081529484,est1_004
"1698",7_000000000000000003b6,"2023",76.0724965711387,102.137574432962,0.0605182168609704,est1_004
"1699",7_000000000000000003b8,"2021",76.0727591385379,102.142946660548,0.0864538583767482,est1_004
"1700",7_000000000000000003b9,"2021",76.0730861401903,102.148078705072,0.0544668383314819,est1_004
"1701",7_000000000000000003ba,"2022",76.0743377878136,102.151954007757,0.0164258303413503,est1_004
"1702",7_00000000000000000510,"2019",76.0742812567985,102.152713911618,0.0674291044212122,est1_004
"1703",7_00000000000000000511,"2022",76.0813809976947,102.155396213265,0.0691178017259923,est1_004
"1704",7_00000000000000000516,"2022",76.0827597348062,102.155818776694,0.0760293428584317,est1_004
"1705",7_000000000000000003bb,"2022",76.0820347782017,102.156048429102,0.0786215161961432,est1_004
"1706",7_00000000000000000514,"2019",76.0754000107092,102.160260429306,0.10026145592577,est1_004
"1707",7_00000000000000000467,"2021",76.121806943766,102.458650992973,0.0637544346212189,est1_004
"1708",7_00000000000000000468,"2020",76.1253442607764,102.500085862238,0.0964708647222746,est1_004
"1709",7_00000000000000000469,"2021",76.1181367966007,102.502307515374,0.130992806588672,est1_004
"1710",7_0000000000000000046a,"2022",76.1171770005171,102.513986197546,0.0430931750422902,est1_004
"1711",7_0000000000000000046b,"2024",76.1294355489764,102.536581154257,0.0103331341928682,est1_004
"1712",7_0000000000000000046f,"2021",76.1182729919378,102.543498171206,0.334369147170774,est1_004
"1713",7_0000000000000000046d,"2024",76.1337637954997,102.544086132,0.00946974319683223,est1_004
"1714",7_0000000000000000046c,"2022",76.1105091645291,102.544282493278,0.0379393161006695,est1_004
"1715",7_0000000000000000046e,"2024",76.1338127937506,102.54898605549,0.00946945680878758,est1_004
"1716",7_00000000000000000471,"2018",76.2701528898023,102.565965405881,0.0153453380627933,est1_004
"1717",7_00000000000000000470,"2022",76.1227608261229,102.568861265507,0.0551369962704725,est1_004
"1718",7_00000000000000000473,"2021",76.2670373449925,102.570570438747,0.0196124685881378,est1_004
"1719",7_00000000000000000472,"2024",76.1476795350529,102.570643557769,0.00946030929752801,est1_004
"1720",7_00000000000000000474,"2022",76.1077238316267,102.576310555956,0.107809939125845,est1_004
"1721",7_00000000000000000475,"2024",76.1173981417325,102.578532558561,0.00948036399005887,est1_004
"1722",7_00000000000000000476,"2022",76.1255419358852,102.582562119466,0.0215337207244602,est1_004
"1723",7_00000000000000000478,"2021",76.1169379985703,102.582623939059,0.0741206817856187,est1_004
"1724",7_00000000000000000477,"2021",76.1082312301514,102.587216580471,0.0388077410733382,est1_004
"1725",7_0000000000000000047b,"2020",76.1107020903667,102.600221097934,0.436256000149734,est1_004
"1726",7_00000000000000000479,"2024",76.1220040486278,102.600239112856,0.00947687625027249,est1_004
"1727",7_000000000000000005b4,"2022",76.1056402211573,102.48503009108,0.0181132936161026,est1_004
"1728",7_000000000000000005b8,"2022",76.1068187440793,102.493342233589,0.0155243761527818,est1_004
"1729",7_000000000000000005bb,"2021",76.1007420539236,102.49739427857,0.301118999000464,est1_004
"1730",7_000000000000000005bf,"2023",76.1003204351897,102.500922464215,0.301118999000464,est1_004
"1731",7_000000000000000005c3,"2022",76.1045256810382,102.521643725845,0.178556264724436,est1_004
"1732",7_000000000000000005c9,"2022",76.1047478643356,102.54564598893,0.0327777397474076,est1_004
"1733",7_000000000000000005ca,"2022",76.1105091645291,102.544282493278,0.0379393161006695,est1_004
"1734",7_000000000000000005ce,"2022",76.109347096729,102.555687751456,0.0198329212691836,est1_004
"1735",7_000000000000000005d4,"2022",76.1077238316267,102.576310555956,0.107809939125845,est1_004
"1736",7_000000000000000005d8,"2021",76.1082312301514,102.587216580471,0.0388077410733382,est1_004
"1737",7_000000000000000005d9,"2021",76.1091347238758,102.600820932193,0.436256000149734,est1_004
"1738",7_000000000000000005dd,"2022",76.1033268516556,102.600679377558,0.0517594094458961,est1_004
"1739",7_0000000000000000047c,"2024",76.1449845488947,102.616163686661,0.00946152207270268,est1_004
"1740",7_0000000000000000047a,"2022",76.1235056566587,102.620441351855,0.329079502855231,est1_004
"1741",7_0000000000000000047e,"2022",76.1139101249744,102.633537385504,0.0362074329361438,est1_004
"1742",7_0000000000000000047d,"2024",76.2020194336817,102.636204344082,0.00942334840890178,est1_004
"1743",7_0000000000000000047f,"2022",76.1200894343972,102.646101578618,0.0275739083862755,est1_004
"1744",7_00000000000000000480,"2019",76.139861425602,102.651756456208,0.0705572128339354,est1_004
"1745",7_00000000000000000481,"2021",76.113607158969,102.65835394099,0.0525849991699283,est1_004
"1746",7_00000000000000000482,"2022",76.1142916472948,102.660575648987,0.0525849991699283,est1_004
"1747",7_00000000000000000483,"2020",76.1201335644628,102.664894147746,0.0232647789065528,est1_004
"1748",7_00000000000000000484,"2024",76.159439248728,102.67514616736,0.0103109764176037,est1_004
"1749",7_00000000000000000485,"2024",76.1144091945844,102.691916197644,0.00948236988474793,est1_004
"1750",7_00000000000000000486,"2021",76.1573150729413,102.69438777564,0.114297086316955,est1_004
"1751",7_00000000000000000487,"2024",76.1609092522642,102.703773925629,0.00945104650927051,est1_004
"1752",7_0000000000000000048c,"2021",76.1285488779195,102.715638271492,0.078364151414936,est1_004
"1753",7_0000000000000000048a,"2022",76.2173798505979,102.716968928132,0.0171144023607862,est1_004
"1754",7_00000000000000000489,"2021",76.1617565546076,102.719858971194,0.0867727219330383,est1_004
"1755",7_0000000000000000048b,"2024",76.1433145324515,102.722532371507,0.0103222919985355,est1_004
"1756",7_00000000000000000488,"2021",76.1226824630696,102.723338690534,0.184363260539784,est1_004
"1757",7_0000000000000000048d,"2023",76.1324598952011,102.727413242751,0.0154969036053798,est1_004
"1758",7_0000000000000000048f,"2021",76.1195108358242,102.729185398361,0.073245110833229,est1_004
"1759",7_0000000000000000048e,"2022",76.1530511282104,102.730073475285,0.0902640365647984,est1_004
"1760",7_00000000000000000491,"2021",76.1375894202346,102.735944574585,0.0877806233519042,est1_004
"1761",7_00000000000000000493,"2022",76.1477148262501,102.73881899869,0.0773990770590155,est1_004
"1762",7_00000000000000000490,"2021",76.1577395974588,102.744010355501,0.111717588599899,est1_004
"1763",7_00000000000000000492,"2021",76.1762144932372,102.744249910912,0.105568814963214,est1_004
"1764",7_00000000000000000495,"2022",76.1766062072247,102.744753053818,0.105568814963214,est1_004
"1765",7_00000000000000000494,"2022",76.1296350595269,102.747163555759,0.0129158384962124,est1_004
"1766",7_00000000000000000497,"2022",76.1338372929848,102.750739461343,0.0103299312728216,est1_004
"1767",7_00000000000000000499,"2023",76.1936070486826,102.751727609906,0.0128580882140487,est1_004
"1768",7_00000000000000000496,"2022",76.1537878837409,102.755338941687,0.015474008296448,est1_004
"1769",7_00000000000000000498,"2021",76.1652885130369,102.758941382652,0.335822628339563,est1_004
"1770",7_0000000000000000049d,"2021",76.1674212761744,102.761796947176,0.232737174593905,est1_004
"1771",7_0000000000000000049a,"2024",76.1380818350634,102.764079487755,0.0137689237697336,est1_004
"1772",7_0000000000000000049e,"2022",76.1636687982133,102.764137456298,0.169225748011138,est1_004
"1773",7_0000000000000000049c,"2021",76.1189647242134,102.769978986045,0.01637277352146,est1_004
"1774",7_0000000000000000049b,"2023",76.1074788580715,102.770932701127,0.0163863960334581,est1_004
"1775",7_0000000000000000049f,"2021",76.1719715080416,102.775711011909,0.0326229863111207,est1_004
"1776",7_000000000000000004a0,"2022",76.193778120653,102.776374739387,0.0299998169234607,est1_004
"1777",7_000000000000000004a1,"2023",76.1099333219128,102.783398074113,0.0163830788351422,est1_004
"1778",7_000000000000000004a2,"2024",76.1301868627418,102.789375280553,0.00947159062746295,est1_004
"1779",7_000000000000000004a3,"2021",76.1163111104763,102.797537430337,0.0991178080388976,est1_004
"1780",7_000000000000000004a5,"2018",76.1155215830582,102.799984242794,0.0991178080388976,est1_004
"1781",7_000000000000000004a6,"2019",76.1921003400268,102.80073097371,0.0548657078612173,est1_004
"1782",7_000000000000000004a8,"2021",76.1326079447072,102.803992450543,0.200588448765498,est1_004
"1783",7_000000000000000004a7,"2016",76.1194821995922,102.804557265316,0.0370533129867228,est1_004
"1784",7_000000000000000004a4,"2021",76.1134168320957,102.805392765714,0.034482031711741,est1_004
"1785",7_000000000000000005ff,"2022",76.0880815978572,102.740076426667,0.0138185885606893,est1_004
"1786",7_00000000000000000600,"2021",76.0962956154796,102.770899677311,0.0630065311111718,est1_004
"1787",7_00000000000000000601,"2018",76.0144512166301,102.783123653673,0.0121530074611107,est1_004
"1788",7_00000000000000000602,"2022",76.0173590264496,102.800660063635,0.380960242349109,est1_004
"1789",7_00000000000000000603,"2016",76.0188643889234,102.804062579948,0.380960242349109,est1_004
"1790",7_000000000000000004a9,"2021",76.1872532219022,102.820162248895,0.0523125057738763,est1_004
"1791",7_000000000000000004aa,"2016",76.12337305971,102.823669835647,0.0318740704275902,est1_004
"1792",7_000000000000000004ab,"2022",76.1635002497084,102.82421598464,0.0180399578189031,est1_004
"1793",7_000000000000000004ad,"2020",76.1425574727578,102.825207406894,0.228838902789307,est1_004
"1794",7_000000000000000004ac,"2024",76.2079483367887,102.832935388738,0.00941972124369586,est1_004
"1795",7_000000000000000004af,"2021",76.1879174924124,102.833358776371,0.119199492491478,est1_004
"1796",7_000000000000000004ae,"2022",76.163500899717,102.836933750675,0.0197572107605191,est1_004
"1797",7_000000000000000004b0,"2022",76.160151878255,102.840630614481,0.0154649057115965,est1_004
"1798",7_000000000000000004b2,"2018",76.1262136076609,102.842948757883,0.0861258198048353,est1_004
"1799",7_000000000000000004b1,"2016",76.1236585302457,102.847915793331,0.0120603669239951,est1_004
"1800",7_000000000000000004b3,"2022",76.22281634635,102.856473921353,0.0256625379442908,est1_004
"1801",7_000000000000000004b4,"2022",76.22281634635,102.856473921353,0.0256625379442908,est1_004
"1802",7_000000000000000004b5,"2022",76.1335867697377,102.867768541113,0.0180776233255503,est1_004
"1803",7_000000000000000004b6,"2023",76.185996384436,102.86986792889,0.0145804055335126,est1_004
"1804",7_000000000000000004b7,"2022",76.1893814456873,102.874024362609,0.0531616103176903,est1_004
"1805",7_000000000000000004b8,"2022",76.147384141571,102.876461057634,0.016340269541578,est1_004
"1806",7_000000000000000004b9,"2022",76.1913379102015,102.883946861604,0.0917342688323783,est1_004
"1807",7_000000000000000004ba,"2021",76.1910306855807,102.883959557089,0.0917342688323783,est1_004
"1808",7_000000000000000004bb,"2022",76.1901595106523,102.893268932064,0.0188621588456792,est1_004
"1809",7_000000000000000004bc,"2024",76.1915336104121,102.899377938731,0.00943037458479191,est1_004
"1810",7_000000000000000004bd,"2022",76.1935542380746,102.905468324306,0.0540053958625861,est1_004
"1811",7_000000000000000004be,"2024",76.2178746956228,102.905743831585,0.0102681532193772,est1_004
"1812",7_000000000000000004bf,"2023",76.1873952242137,102.92046174044,0.0102909726642674,est1_004
"1813",7_000000000000000004c1,"2021",76.2237769680111,102.920458556933,1.10505618335448,est1_004
"1814",7_000000000000000004c0,"2022",76.2084946167405,102.926694750245,0.0239753960611633,est1_004
"1815",7_000000000000000004c2,"2024",76.2319333188132,102.933456792003,0.0119683097833783,est1_004
"1816",7_000000000000000004c3,"2021",76.2373204531348,102.933616605298,0.0187991216384411,est1_004
"1817",7_000000000000000004c4,"2021",76.2155806627459,102.933712994654,0.132659213200232,est1_004
"1818",7_000000000000000004c8,"2023",76.2414795582321,102.944345389869,0.174264884486573,est1_004
"1819",7_000000000000000004c7,"2019",76.1935898082811,102.944611015256,0.700257183472892,est1_004
"1820",7_000000000000000004c6,"2021",76.1854072774053,102.945548910699,0.0420267223328775,est1_004
"1821",7_000000000000000004c5,"2021",76.2418738851596,102.94631726185,0.174264884486573,est1_004
"1822",7_000000000000000004ca,"2021",76.1903450044656,102.948516468689,0.700257183472892,est1_004
"1823",7_000000000000000004cf,"2022",76.2398902619341,102.956237486119,0.0888541430622646,est1_004
"1824",7_000000000000000004c9,"2022",76.1796794089107,102.956548239942,0.064351626426083,est1_004
"1825",7_000000000000000004cc,"2022",76.2178706416318,102.956701041767,0.049632303728298,est1_004
"1826",7_000000000000000004cb,"2021",76.2045419799337,102.961869907015,0.105355037178322,est1_004
"1827",7_000000000000000004ce,"2022",76.2151750342826,102.962794016355,0.0111264982644953,est1_004
"1828",7_000000000000000004d1,"2023",76.2222857111316,102.962848896155,0.0239521609626927,est1_004
"1829",7_000000000000000004d0,"2022",76.1505920703128,102.963134375653,0.0163369488762552,est1_004
"1830",7_000000000000000004d3,"2023",76.2460932551448,102.966294324281,0.0256205679118759,est1_004
"1831",7_000000000000000004cd,"2022",76.1946703498755,102.966356266798,0.0325706716698162,est1_004
"1832",7_000000000000000004d4,"2022",76.1782366332508,102.969823298822,0.0351832593307513,est1_004
"1833",7_000000000000000004d6,"2021",76.1784010088251,102.969934159304,0.0351832593307513,est1_004
"1834",7_000000000000000004d5,"2024",76.151859743975,102.970411279381,0.0137555053688866,est1_004
"1835",7_000000000000000004d8,"2023",76.2403174123698,102.974283399897,0.0119612871101686,est1_004
"1836",7_000000000000000004d7,"2021",76.1836682075719,102.974345735256,0.0188714443558421,est1_004
"1837",7_000000000000000004d9,"2022",76.2434172072248,102.97630322444,0.0196456767527402,est1_004
"1838",7_000000000000000004db,"2021",76.2454147609658,102.983174065065,0.0520953387925207,est1_004
"1839",7_000000000000000004d2,"2021",76.2050246008486,102.985390973139,0.181586179766858,est1_004
"1840",7_000000000000000004da,"2021",76.2143166218825,102.986060291121,0.0385163308606841,est1_004
"1841",7_000000000000000004dc,"2020",76.1862948667523,102.987455034748,0.0557471176162827,est1_004
"1842",7_000000000000000004df,"2021",76.1778632146147,102.993003078743,0.106405078729478,est1_004
"1843",7_0000000000000000066b,"2016",76.1401454490502,102.99557611245,0.0903469667219752,est1_004
"1844",7_000000000000000004de,"2021",76.1598430151495,102.996143344091,0.0704630098292924,est1_004
"1845",7_000000000000000004dd,"2021",76.2301222544284,102.996203460566,0.083786402539001,est1_004
"1846",7_000000000000000004e0,"2022",76.2473244735488,102.996898525356,0.0333029046873564,est1_004
"1847",7_000000000000000004e8,"2022",76.1600805374129,102.997616045264,0.0704630098292924,est1_004
"1848",7_000000000000000004e1,"2024",76.2244609489717,102.998649997255,0.00940814104736236,est1_004
"1849",7_000000000000000004e4,"2024",76.2164251530355,102.999923958731,0.00941343253595827,est1_004
"1850",7_000000000000000004e7,"2022",76.2176501453301,103.001549134125,0.0119802764832332,est1_004
"1851",7_000000000000000004e6,"2016",76.1761134472967,103.003208503912,0.0300387821913027,est1_004
"1852",7_0000000000000000066c,"2018",76.1366833343418,103.003819231402,0.0215167377922602,est1_004
"1853",7_000000000000000004e5,"2022",76.1983118674093,103.004337601713,0.110540402721478,est1_004
"1854",7_000000000000000004e3,"2021",76.1926071602852,103.00454157752,0.102013845936764,est1_004
"1855",7_000000000000000004ec,"2021",76.1987373299301,103.005256075673,0.110540402721478,est1_004
"1856",7_000000000000000004e2,"2022",76.231962127488,103.005582025447,0.0504360941119914,est1_004
"1857",7_000000000000000004e9,"2024",76.2019364887711,103.006199577918,0.0111368505396171,est1_004
"1858",7_000000000000000004f0,"2021",76.2214197274421,103.00704261744,0.141160478803943,est1_004
"1859",7_000000000000000004ea,"2021",76.1936242805209,103.007510642022,0.0128578353267498,est1_004
"1860",7_000000000000000004eb,"2021",76.1818821535429,103.010304956935,0.0411797084101088,est1_004
"1861",7_000000000000000004ed,"2024",76.2480784935695,103.012320800059,0.00939256002737279,est1_004
"1862",7_000000000000000004ee,"2022",76.192746894997,103.01294450023,0.102013845936764,est1_004
"1863",7_000000000000000006b5,"2023",76.2244608793328,103.260258726288,0.0453323768842156,est1_004
"1864",7_00000000000000000698,"2023",76.239964247539,103.151046799457,0.0128151738438715,est1_004
"1865",7_00000000000000000690,"2018",76.1932717541001,103.122018538639,0.207444764755907,est1_004
"1866",7_000000000000000004f8,"2022",76.2385982386753,103.04196044743,0.051267569937151,est1_004
"1867",7_000000000000000004fa,"2020",76.2000323475204,103.043040076787,0.285311447611472,est1_004
"1868",7_000000000000000004fe,"2021",76.2124902936456,103.047834920933,0.155797664163959,est1_004
"1869",7_000000000000000004fd,"2021",76.2413742816201,103.052704970356,0.111909939344663,est1_004
"1870",7_000000000000000004ff,"2023",76.2222560234074,103.063230761613,0.0094100716803387,est1_004
"1871",7_00000000000000000500,"2022",76.2576409405965,103.087823755612,0.0230378613702657,est1_004
"1872",7_00000000000000000503,"2023",76.2536972861203,103.091694707662,0.0307277023500249,est1_004
"1873",7_00000000000000000634,"2020",76.2863957362088,103.16318869782,0.00936670955755048,est1_004
"1874",7_00000000000000000636,"2016",76.2774835172569,103.195143461783,0.0221547517302797,est1_004
"1875",7_00000000000000000673,"2024",76.2006964463796,103.053185941747,0.00942413274303535,est1_004
"1876",7_00000000000000000674,"2021",76.1884267383006,103.052178606836,0.506816102410891,est1_004
"1877",7_00000000000000000676,"2021",76.1909833729184,103.063199562813,0.456237366576354,est1_004
"1878",7_0000000000000000067e,"2024",76.1863887489463,103.088416233409,0.0111491808484652,est1_004
"1879",7_00000000000000000681,"2024",76.2271068962288,103.094933145473,0.00940654156404355,est1_004
"1880",7_00000000000000000687,"2021",76.2206605385944,103.113240114514,0.0496204992546064,est1_004
"1881",7_0000000000000000069d,"2022",76.2062790558581,103.160228681469,0.0299743393135823,est1_004
"1882",7_000000000000000006a1,"2022",76.1934935873369,103.180607825952,0.0188579889215937,est1_004
"1883",7_000000000000000006a2,"2021",76.2215776816574,103.180641275251,0.025663907480401,est1_004
"1884",7_000000000000000006a4,"2024",76.210171648664,103.196281440392,0.0136993405443545,est1_004
"1885",7_000000000000000006b7,"2022",76.2231890281775,103.276106636366,0.0299389362574332,est1_004
"1886",7_000000000000000006b6,"2019",76.2490316773003,103.266889791238,0.0170759503070424,est1_004
"1887",7_000000000000000006b4,"2018",76.2488763722185,103.250673621582,0.0256140556925631,est1_004
"1888",7_000000000000000006b3,"2023",76.2270824295599,103.25092155463,0.010261831273045,est1_004
"1889",7_000000000000000006b2,"2021",76.2149985820706,103.233602034311,0.0282437795706699,est1_004
"1890",7_00000000000000000501,"2022",76.2655858134488,103.086615595899,0.0247309828282011,est1_004
"1891",7_00000000000000000502,"2023",76.265619282824,103.086958605945,0.0247309828282011,est1_004
"1892",7_00000000000000000504,"2023",76.2534947149203,103.092548179617,0.0315813544968367,est1_004
"1893",7_00000000000000000505,"2023",76.2641892027245,103.093335361553,0.0264398662343254,est1_004
"1894",7_00000000000000000506,"2021",76.2609080248946,103.095994452605,0.0418018893714949,est1_004
"1895",7_00000000000000000632,"2022",76.2760639019712,103.121840169264,0.0315298641768041,est1_004
"1896",7_00000000000000000633,"2019",76.2874737173567,103.155642890896,0.00936633628004432,est1_004
"1897",7_00000000000000000635,"2023",76.2892613775031,103.17811612729,0.0246919052388556,est1_004
"1898",7_00000000000000000637,"2016",76.2731179006873,103.199973909519,0.0443219313935633,est1_004
"1899",7_00000000000000000639,"2024",76.2919012095894,103.29765198073,0.0212796379288193,est1_004
"1900",7_0000000000000000063d,"2019",76.2858951749204,103.311016253194,0.0757956502555358,est1_004
"1901",7_00000000000000000682,"2024",76.2527553376254,103.094345082441,0.017072425036117,est1_004
"1902",7_0000000000000000068d,"2021",76.2493818466875,103.111988431545,0.0315901161012442,est1_004
"1903",7_000000000000000006b8,"2023",76.2228614777582,103.290799696764,0.0188196231228938,est1_004
"1904",7_000000000000000006b9,"2022",76.2243866213297,103.325443694326,0.0675712256938484,est1_004
"1905",7_000000000000000006ba,"2024",76.2178694278889,103.340234068905,0.0470663679412376,est1_004
"1906",7_000000000000000006bb,"2023",76.2174010659999,103.340628646208,0.0470663679412376,est1_004
"1907",7_000000000000000006bc,"2021",76.2268607400575,103.371208557486,0.0761070336837919,est1_004
"1908",7_0000000000000000051f,"2021",76.0765712208157,102.167271144694,0.0881578864755645,est1_004
"1909",7_0000000000000000051b,"2021",76.0595447233911,102.167654055233,0.0415366751378343,est1_004
"1910",7_0000000000000000051a,"2022",76.0881676148346,102.170919708195,0.0172718473296168,est1_004
"1911",7_00000000000000000520,"2022",76.08277556281,102.175383570924,0.0138232093403282,est1_004
"1912",7_00000000000000000526,"2021",76.0640241963016,102.177251379831,0.0994873440267624,est1_004
"1913",7_000000000000000003bc,"2022",76.1046383318038,102.178790659379,0.0914348779766612,est1_004
"1914",7_00000000000000000521,"2022",76.1046383318038,102.178790659379,0.0914348779766612,est1_004
"1915",7_00000000000000000529,"2021",76.04773241417,102.180910951139,0.0640911561045614,est1_004
"1916",7_0000000000000000051d,"2021",76.0514036748965,102.181124280322,0.101303509033674,est1_004
"1917",7_00000000000000000523,"2021",76.0543027486405,102.183676322305,0.0839675402153968,est1_004
"1918",7_00000000000000000525,"2022",76.0295887882292,102.18633660667,0.0398879675396046,est1_004
"1919",7_00000000000000000530,"2022",76.059332544052,102.187736568179,0.128938870218715,est1_004
"1920",7_0000000000000000052b,"2021",76.0304375669019,102.188092082335,0.0398879675396046,est1_004
"1921",7_00000000000000000531,"2021",76.0595755578392,102.188147845908,0.128938870218715,est1_004
"1922",7_0000000000000000052d,"2023",76.046594563135,102.188500362893,0.00952788917260059,est1_004
"1923",7_0000000000000000052a,"2023",76.0577146732065,102.188638761188,0.0138478403329606,est1_004
"1924",7_0000000000000000052e,"2023",76.0408953495171,102.189589884996,0.0155966669894515,est1_004
"1925",7_0000000000000000052c,"2023",76.0702365700842,102.191987389861,0.0103772058497283,est1_004
"1926",7_00000000000000000535,"2022",76.0455605817734,102.194849742068,0.0285846896642144,est1_004
"1927",7_00000000000000000534,"2021",76.0521900810985,102.197609029811,0.0658022958063756,est1_004
"1928",7_00000000000000000533,"2021",76.0679929786232,102.197747614664,0.0570798471850885,est1_004
"1929",7_00000000000000000536,"2021",76.0679929786232,102.197747614664,0.0570798471850885,est1_004
"1930",7_00000000000000000539,"2021",76.0634610030194,102.203127789188,0.0198972726497771,est1_004
"1931",7_00000000000000000538,"2022",76.0307888279744,102.206147669371,0.0554945832964311,est1_004
"1932",7_0000000000000000053c,"2023",76.1103257508214,102.206459626131,0.0155209089476393,est1_004
"1933",7_0000000000000000053d,"2024",76.0504805564364,102.207293244205,0.0112571321653664,est1_004
"1934",7_00000000000000000537,"2021",76.059541410657,102.208025984976,0.14970793508325,est1_004
"1935",7_0000000000000000053b,"2021",76.0676909257685,102.21009209018,0.0726444893499743,est1_004
"1936",7_00000000000000000540,"2022",76.067514326363,102.211008458851,0.0726444893499743,est1_004
"1937",7_00000000000000000541,"2021",76.0177942847005,102.211599339388,0.0425269595052223,est1_004
"1938",7_00000000000000000544,"2023",76.0605213091488,102.211604360845,0.14970793508325,est1_004
"1939",7_0000000000000000053e,"2022",76.0502179433225,102.213090975265,0.034636514772463,est1_004
"1940",7_00000000000000000542,"2022",76.0505470320765,102.213628276933,0.034636514772463,est1_004
"1941",7_0000000000000000053f,"2021",76.0947033136311,102.215529263201,0.0949549760074115,est1_004
"1942",7_00000000000000000543,"2024",76.0328182533953,102.215668430204,0.0112706016270613,est1_004
"1943",7_00000000000000000545,"2024",76.0092769044232,102.224955564521,0.0130268318095338,est1_004
"1944",7_00000000000000000547,"2022",76.0273779558044,102.230122987976,0.0216834291091865,est1_004
"1945",7_0000000000000000054b,"2024",76.0287136721714,102.241000863149,0.0112745247960187,est1_004
"1946",7_00000000000000000548,"2021",76.0060763345576,102.257533133954,0.67396215020894,est1_004
"1947",7_0000000000000000055b,"2021",76.0040583180953,102.271759924289,0.67396215020894,est1_004
"1948",7_00000000000000000558,"2021",75.9775185317012,102.279800966116,0.0461273683115217,est1_004
"1949",7_0000000000000000055e,"2021",75.9862095544176,102.281426504474,0.152215622940285,est1_004
"1950",7_0000000000000000055f,"2022",75.9996043641743,102.287836725637,0.0156417760812957,est1_004
"1951",7_00000000000000000560,"2022",75.998040913004,102.287889132907,0.0139054806003218,est1_004
"1952",7_00000000000000000561,"2024",76.0269416815272,102.287993764617,0.019948853056381,est1_004
"1953",7_00000000000000000564,"2023",76.0256996630139,102.29258686669,0.0199507041405813,est1_004
"1954",7_00000000000000000563,"2021",76.0106614577934,102.295165888185,0.0564411017933873,est1_004
"1955",7_00000000000000000569,"2023",76.0232216703746,102.302569568892,0.0303648721602174,est1_004
"1956",7_0000000000000000056d,"2022",76.0233664767384,102.303150107129,0.0303648721602174,est1_004
"1957",7_0000000000000000056e,"2021",75.9936847378797,102.309117948009,0.0669399717714298,est1_004
"1958",7_0000000000000000056f,"2023",76.0185197256722,102.309810615688,0.0260356759303097,est1_004
"1959",7_00000000000000000575,"2023",76.021592802681,102.314427720933,0.012147157646875,est1_004
"1960",7_00000000000000000576,"2023",76.021592802681,102.314427720933,0.012147157646875,est1_004
"1961",7_0000000000000000057a,"2021",75.9784162607216,102.315592712653,0.0504790325243481,est1_004
"1962",7_00000000000000000578,"2021",75.9923259804499,102.323167659615,0.0269532933557944,est1_004
"1963",7_00000000000000000579,"2021",76.0063575826009,102.323529479572,0.0608030825221821,est1_004
"1964",7_0000000000000000057b,"2023",75.9731200611096,102.323771933932,0.0139290559583904,est1_004
"1965",7_0000000000000000057d,"2022",75.9840707848843,102.326333732416,0.766361072805415,est1_004
"1966",7_00000000000000000571,"2021",75.9850539933164,102.331186191415,0.766361072805415,est1_004
"1967",7_00000000000000000585,"2021",76.0267568957076,102.335057908859,0.0346948766323379,est1_004
"1968",7_00000000000000000583,"2022",75.9755240200032,102.335539341092,0.0191498114895549,est1_004
"1969",7_00000000000000000581,"2018",76.0120267248418,102.336425006678,0.239645881546874,est1_004
"1970",7_00000000000000000582,"2023",75.9743099727203,102.337442594463,0.0130573554678023,est1_004
"1971",7_00000000000000000562,"2023",76.0429686066982,102.291078051014,0.0121286588110672,est1_004
"1972",7_00000000000000000568,"2021",76.0504285205608,102.296924438198,0.0268430851472944,est1_004
"1973",7_00000000000000000546,"2023",76.0513619898342,102.229487105675,0.0346356421974495,est1_004
"1974",7_00000000000000000549,"2023",76.0513619898342,102.229487105675,0.0346356421974495,est1_004
"1975",7_00000000000000000550,"2022",76.0561418654711,102.253577366098,0.027695928862144,est1_004
"1976",7_0000000000000000054f,"2021",76.0596394622811,102.253779409125,0.111629358142083,est1_004
"1977",7_00000000000000000555,"2023",76.0643462152388,102.263248247208,0.0190319444339884,est1_004
"1978",7_00000000000000000557,"2023",76.06436161322,102.271955401087,0.0216275691879408,est1_004
"1979",7_0000000000000000055d,"2023",76.0663669384342,102.287696799174,0.0198940798281224,est1_004
"1980",7_0000000000000000055a,"2022",76.0679542289834,102.276972948597,0.0596739003208118,est1_004
"1981",7_00000000000000000565,"2022",76.0686610656449,102.298303689403,0.0259434829802606,est1_004
"1982",7_00000000000000000566,"2022",76.0686610656449,102.298303689403,0.0259434829802606,est1_004
"1983",7_00000000000000000553,"2024",76.0729070272626,102.261214810216,0.00950906178258035,est1_004
"1984",7_00000000000000000551,"2023",76.0752332107955,102.251211389966,0.0371705906470852,est1_004
"1985",7_00000000000000000554,"2021",76.07582631895,102.281113449558,0.426134092905411,est1_004
"1986",7_0000000000000000054d,"2022",76.0818631464549,102.245531319251,0.0241925013316941,est1_004
"1987",7_00000000000000000577,"2022",76.0878989486192,102.312508495511,0.0708168104663751,est1_004
"1988",7_00000000000000000573,"2022",76.0881476393705,102.308535481767,0.0708168104663751,est1_004
"1989",7_0000000000000000057c,"2022",76.0885261961119,102.324199015492,0.0164068864688884,est1_004
"1990",7_0000000000000000056a,"2023",76.0963865175574,102.305500918482,0.0267555420874409,est1_004
"1991",7_0000000000000000056b,"2023",76.0963865175574,102.305500918482,0.0267555420874409,est1_004
"1992",7_0000000000000000056c,"2023",76.1026914228854,102.306612436859,0.0120780260965803,est1_004
"1993",7_00000000000000000552,"2021",76.1031630558091,102.242988259842,0.225153949390249,est1_004
"1994",7_00000000000000000559,"2021",76.1034124401132,102.281003994614,0.0422722816823025,est1_004
"1995",7_00000000000000000567,"2021",76.1060864086522,102.2981532532,0.0483028189156369,est1_004
"1996",7_00000000000000000572,"2024",76.1074890292374,102.310696302668,0.0112115731107329,est1_004
"1997",7_0000000000000000054c,"2023",76.1082353314549,102.241664260011,0.0146604463621744,est1_004
"1998",7_00000000000000000570,"2022",76.1115874909312,102.310347568832,0.0232784052156554,est1_004
"1999",7_00000000000000000574,"2022",76.1139526391144,102.308835968271,0.0267234725376945,est1_004
"2000",7_0000000000000000057e,"2021",76.0944527769447,102.3215078025,0.187320245494217,est1_004
"2001",7_0000000000000000057f,"2019",76.1125286891511,102.329701112021,0.0931058469768274,est1_004
"2002",7_00000000000000000580,"2023",76.0758893443787,102.337809067482,0.0146941196375446,est1_004
"2003",7_00000000000000000584,"2021",76.0461316970186,102.339074017566,0.0311832925722165,est1_004
"2004",7_00000000000000000594,"2022",76.0929174590289,102.382662631197,0.0112230303621785,est1_004
"2005",7_00000000000000000587,"2022",76.0163548614123,102.342387409969,0.0329835758018126,est1_004
"2006",7_00000000000000000588,"2022",76.0343938217381,102.342904402365,0.0138690439935451,est1_004
"2007",7_0000000000000000058a,"2024",76.0263474581369,102.354043424854,0.0121435393620591,est1_004
"2008",7_0000000000000000058e,"2021",75.9903617541104,102.354792462516,0.062607328813916,est1_004
"2009",7_0000000000000000058b,"2023",76.0395173442129,102.354969215374,0.0147316263806965,est1_004
"2010",7_0000000000000000058d,"2022",76.0056891691719,102.355013980056,0.0156350540586361,est1_004
"2011",7_00000000000000000589,"2021",76.0083240276413,102.356454886941,0.0347388201860289,est1_004
"2012",7_0000000000000000058f,"2021",76.0083240276413,102.356454886941,0.0347388201860289,est1_004
"2013",7_0000000000000000058c,"2021",75.9842184023253,102.356853179657,0.0400169915865297,est1_004
"2014",7_00000000000000000591,"2024",76.0419396361565,102.364014720794,0.0129956741170403,est1_004
"2015",7_00000000000000000592,"2023",75.975601053589,102.366010737568,0.0226312438260386,est1_004
"2016",7_00000000000000000586,"2021",76.0178685888441,102.36644990571,0.3879506624546,est1_004
"2017",7_00000000000000000590,"2021",75.9920612968832,102.372242501269,0.0991173830045874,est1_004
"2018",7_00000000000000000593,"2022",75.9874002617489,102.375465296893,0.0452263736855844,est1_004
"2019",7_00000000000000000596,"2022",76.0082438255628,102.389494017654,0.0173692541103453,est1_004
"2020",7_00000000000000000597,"2021",76.0152683948426,102.39579563324,0.183177315675969,est1_004
"2021",7_00000000000000000599,"2021",76.0144539355711,102.396241987106,0.183177315675969,est1_004
"2022",7_00000000000000000595,"2020",75.9976857445393,102.396937360482,0.896070968008417,est1_004
"2023",7_00000000000000000598,"2022",76.0317377682519,102.397185754743,0.0832441539652364,est1_004
"2024",7_0000000000000000059a,"2021",76.0305194693626,102.400701514951,0.0997210779951181,est1_004
"2025",7_0000000000000000059b,"2022",76.0291677720315,102.403732956048,0.0832491809251943,est1_004
"2026",7_0000000000000000059c,"2023",76.0460297176042,102.406532559171,0.0225203665614819,est1_004
"2027",7_0000000000000000059d,"2021",76.0129928827014,102.418260088085,0.0573009746568388,est1_004
"2028",7_0000000000000000059f,"2022",76.0622864232678,102.42706149189,0.0320095520364804,est1_004
"2029",7_000000000000000005a0,"2022",76.0625538797451,102.427423300779,0.0320095520364804,est1_004
"2030",7_000000000000000005a1,"2023",76.0232220310738,102.428938482559,0.00954367439450923,est1_004
"2031",7_000000000000000005a2,"2022",76.0434132125609,102.433108468002,0.0511148463105887,est1_004
"2032",7_0000000000000000059e,"2018",76.0467836358004,102.433173129492,0.168023521085459,est1_004
"2033",7_000000000000000005a4,"2023",76.0391466722342,102.433495343266,0.00953285306413056,est1_004
"2034",7_000000000000000005a3,"2021",76.032503890711,102.43365434854,0.180332770314378,est1_004
"2035",7_000000000000000005a5,"2023",75.9954216857186,102.436221110895,0.0173850012943385,est1_004
"2036",7_000000000000000005a6,"2022",76.0361759045092,102.440308076196,0.0156018754464861,est1_004
"2037",7_000000000000000005aa,"2022",76.0287650522459,102.444184840789,0.031220414959362,est1_004
"2038",7_000000000000000005a7,"2022",76.0900537621701,102.44581027094,0.0215876235500176,est1_004
"2039",7_000000000000000005a9,"2023",76.0899213578505,102.44620203204,0.0215876235500176,est1_004
"2040",7_000000000000000005a8,"2024",76.042674637043,102.446676146569,0.00952973141426633,est1_004
"2041",7_000000000000000005ab,"2023",76.0404885184081,102.448345874186,0.0155965823891941,est1_004
"2042",7_000000000000000005ac,"2023",76.0404885184081,102.448345874186,0.0155965823891941,est1_004
"2043",7_000000000000000005ad,"2023",76.0882191176361,102.460294463954,0.0164078277906667,est1_004
"2044",7_000000000000000005ae,"2022",76.0175913298096,102.472833414547,0.0121507459808131,est1_004
"2045",7_000000000000000005b0,"2022",76.0830178575488,102.475422613897,0.0336912825925095,est1_004
"2046",7_000000000000000005b1,"2023",76.082763066752,102.475500687184,0.0336912825925095,est1_004
"2047",7_000000000000000005af,"2023",76.0511024440142,102.478280518923,0.0129884566283659,est1_004
"2048",7_000000000000000005b2,"2021",76.0875178697529,102.483299043754,0.0569996815860164,est1_004
"2049",7_000000000000000005b5,"2021",76.0220748813131,102.484865613309,0.0225583459939213,est1_004
"2050",7_000000000000000005b3,"2021",76.0945256564104,102.485782464813,0.159696817161412,est1_004
"2051",7_000000000000000005b7,"2023",76.0403804189624,102.490797274137,0.0147301232130694,est1_004
"2052",7_000000000000000005b6,"2024",76.089572831881,102.491148862233,0.0138166814873294,est1_004
"2053",7_000000000000000005ba,"2023",76.0901546953866,102.496753116067,0.00949841715796973,est1_004
"2054",7_000000000000000005b9,"2022",76.0961754053095,102.497631806388,0.0388389692346199,est1_004
"2055",7_000000000000000005bc,"2024",76.0387057076779,102.504421412879,0.0103989438894072,est1_004
"2056",7_000000000000000005be,"2022",76.0415352918164,102.505537560594,0.0190619648005199,est1_004
"2057",7_000000000000000005bd,"2021",76.0189806524303,102.507525021841,0.0425242247591569,est1_004
"2058",7_000000000000000005c0,"2022",76.0344586866508,102.511528152015,0.0156042599543337,est1_004
"2059",7_000000000000000005c1,"2024",76.0152841683966,102.513510739154,0.00954851227740398,est1_004
"2060",7_000000000000000005c2,"2022",76.0216051006784,102.51699880267,0.028632596338106,est1_004
"2061",7_000000000000000005c6,"2023",76.0786507755514,102.529053102857,0.0172838372302118,est1_004
"2062",7_000000000000000005c4,"2024",76.035438070548,102.529888724154,0.013868956518342,est1_004
"2063",7_000000000000000005c5,"2024",76.0210660738848,102.532081359262,0.00954419046125199,est1_004
"2064",7_000000000000000005cb,"2023",76.0763681071717,102.541530386592,0.0233369319047786,est1_004
"2065",7_000000000000000005c7,"2021",76.0201571536888,102.541877200602,0.0494612117373481,est1_004
"2066",7_000000000000000005c8,"2022",76.0291641199798,102.541892786033,0.0156096106674714,est1_004
"2067",7_000000000000000005cc,"2023",76.075564287366,102.552163413501,0.0112366201025056,est1_004
"2068",7_000000000000000005cd,"2022",76.0766968862256,102.556412024609,0.0146927891206583,est1_004
"2069",7_000000000000000005d0,"2018",76.0531043204611,102.561721249848,0.0424232064668938,est1_004
"2070",7_000000000000000005d1,"2023",76.0131107332684,102.562462566364,0.0121543807615136,est1_004
"2071",7_000000000000000005cf,"2021",76.0221962183415,102.56405622275,0.0425140516250017,est1_004
"2072",7_000000000000000005d3,"2021",76.0844672060035,102.566450837387,0.189176838300053,est1_004
"2073",7_000000000000000005d2,"2016",76.0764058577199,102.572021021745,0.0648246577312988,est1_004
"2074",7_000000000000000005d6,"2021",76.0179061591678,102.573957698556,0.137130946837228,est1_004
"2075",7_000000000000000005d5,"2018",76.0786129314813,102.578070338609,0.0190125628002351,est1_004
"2076",7_000000000000000005d7,"2023",76.0237393998263,102.583708998229,0.0156149827465873,est1_004
"2077",7_000000000000000005da,"2016",76.0221197608717,102.599694955422,0.0121471777466662,est1_004
"2078",7_000000000000000005db,"2022",76.0842721711453,102.60143486403,0.0138213273968877,est1_004
"2079",7_000000000000000005dc,"2021",76.0538602708101,102.602091966951,0.0536720325304684,est1_004
"2080",7_000000000000000005de,"2023",76.0857856301257,102.614371470326,0.0138197107948057,est1_004
"2081",7_000000000000000005df,"2023",76.0817574637138,102.615105181616,0.0155515204767928,est1_004
"2082",7_000000000000000005e0,"2023",76.0714356275034,102.617962525982,0.0371774996626313,est1_004
"2083",7_000000000000000005e1,"2023",76.0330670837526,102.619150156541,0.0234072994151361,est1_004
"2084",7_000000000000000005e4,"2023",76.0330670837526,102.619150156541,0.0234072994151361,est1_004
"2085",7_000000000000000005e2,"2023",76.0718398655657,102.619587407478,0.0371774996626313,est1_004
"2086",7_000000000000000005e3,"2021",76.0754592561846,102.6234543447,0.0838458032110039,est1_004
"2087",7_000000000000000005e6,"2022",76.0868438379398,102.630702321549,0.0198647441412787,est1_004
"2088",7_000000000000000005e5,"2020",76.0802106333126,102.632454074487,0.135664135562895,est1_004
"2089",7_000000000000000005e9,"2023",76.0927693011491,102.646834328476,0.0155403273926249,est1_004
"2090",7_000000000000000005e8,"2021",76.070046021315,102.649366941083,0.144415147350748,est1_004
"2091",7_000000000000000005ea,"2024",76.0941235968873,102.649434043137,0.00949545396594238,est1_004
"2092",7_000000000000000005eb,"2022",76.0595464621223,102.653600921959,0.0311522591217264,est1_004
"2093",7_000000000000000005e7,"2021",76.0873085716506,102.654409585088,0.339414635973145,est1_004
"2094",7_000000000000000005ed,"2021",76.0694005056498,102.655533819001,0.144415147350748,est1_004
"2095",7_000000000000000005ee,"2021",76.0892215781898,102.659402700265,0.339414635973145,est1_004
"2096",7_000000000000000005ec,"2022",76.0628533976959,102.659848861112,0.0207640229806547,est1_004
"2097",7_000000000000000005ef,"2021",76.087710742343,102.673108815558,0.0431834860916193,est1_004
"2098",7_000000000000000005f0,"2019",75.9780939315276,102.682312304673,0.00957318767366527,est1_004
"2099",7_000000000000000005f6,"2021",76.0835811817207,102.683186015448,0.123538410052172,est1_004
"2100",7_000000000000000005f1,"2022",76.070329079899,102.684966229549,0.0544755574862008,est1_004
"2101",7_000000000000000005f5,"2023",76.0701964012793,102.685842163708,0.0544755574862008,est1_004
"2102",7_000000000000000005f2,"2016",75.978987459985,102.688541938894,0.0165347524461898,est1_004
"2103",7_000000000000000005f3,"2020",76.0759256824543,102.68908891974,0.0708761655611941,est1_004
"2104",7_000000000000000005f4,"2023",76.0675614948274,102.690477642562,0.0164320389779787,est1_004
"2105",7_000000000000000005f8,"2016",75.9821863273488,102.691275794033,0.110497556487287,est1_004
"2106",7_000000000000000005f7,"2016",75.9744001172709,102.692606477184,0.0330791723720423,est1_004
"2107",7_000000000000000005fa,"2023",76.0685219501779,102.703294304662,0.022486072887909,est1_004
"2108",7_000000000000000005f9,"2016",75.9804187768346,102.708181777474,0.0870182955851693,est1_004
"2109",7_000000000000000005fb,"2016",75.9803731860204,102.711717126464,0.0887586955212183,est1_004
"2110",7_000000000000000005fe,"2021",76.0793477779905,102.71434164846,0.226403361061262,est1_004
"2111",7_000000000000000005fc,"2016",75.9804266769314,102.716301175817,0.0565602292367235,est1_004
"2112",7_000000000000000005fd,"2021",76.0853234152026,102.724902826418,0.0449176112086349,est1_004
"2113",7_00000000000000000621,"2024",76.4423007717718,103.422158323569,0.0126305984800603,est1_004
"2114",7_00000000000000000622,"2019",76.438291214497,103.434440178638,0.0471692223878168,est1_004
"2115",7_00000000000000000623,"2022",76.4480337281672,103.442744182487,0.0252496502337789,est1_004
"2116",7_00000000000000000624,"2022",76.4532831241519,103.446792589266,0.0201935299611123,est1_004
"2117",7_00000000000000000625,"2022",76.4479771465974,103.458098786785,0.0799617866179734,est1_004
"2118",7_00000000000000000626,"2024",76.4455655406954,103.469481549795,0.0117860726512024,est1_004
"2119",7_00000000000000000627,"2020",76.4487034205138,103.503404519279,0.0782739156419496,est1_004
"2120",7_00000000000000000628,"2021",76.4653042971821,103.548970778526,0.0411907789781023,est1_004
"2121",7_00000000000000000629,"2018",76.4740340067477,103.711688395889,0.0134419537836189,est1_004
"2122",7_0000000000000000062a,"2021",76.4580765021227,103.72871128712,0.105139327693555,est1_004
"2123",7_0000000000000000062b,"2019",76.4400383924105,103.733252136203,0.138116204042609,est1_004
"2124",7_0000000000000000062c,"2021",76.4281066680657,103.734476489446,0.10873450490067,est1_004
"2125",7_0000000000000000062f,"2021",76.4365990629449,103.740600799342,0.131412236633367,est1_004
"2126",7_0000000000000000062e,"2023",76.4360097721169,103.743037507637,0.131412236633367,est1_004
"2127",7_0000000000000000062d,"2023",76.441575614719,103.745787032025,0.00926308521224816,est1_004
"2128",7_00000000000000000631,"2022",76.4352087256051,103.761102404592,0.0480206770822659,est1_004
"2129",7_00000000000000000630,"2022",76.4243189031041,103.76589656333,0.031196413502087,est1_004
"2130",7_0000000000000000064e,"2024",76.4246219716389,103.413696121183,0.0101181874026767,est1_004
"2131",7_0000000000000000063f,"2018",76.3801198240156,103.338298754097,0.0405957571319427,est1_004
"2132",7_00000000000000000456,"2024",76.5048414907208,103.346142911682,0.00502957745802806,est1_004
"2133",7_00000000000000000641,"2016",76.3572721797539,103.347430135159,0.426990960364281,est1_004
"2134",7_00000000000000000640,"2021",76.376401668907,103.349614308787,0.011844686662365,est1_004
"2135",7_00000000000000000619,"2021",76.4456909500694,103.349840831697,0.021044245128464,est1_004
"2136",7_00000000000000000642,"2016",76.3798858937867,103.357944550387,0.0177647298739945,est1_004
"2137",7_0000000000000000061b,"2021",76.4978547762643,103.360303232941,0.0570292304485739,est1_004
"2138",7_0000000000000000061a,"2021",76.4978547762643,103.360303232941,0.0570292304485739,est1_004
"2139",7_00000000000000000643,"2021",76.4318082952574,103.371626814772,0.0261236240819665,est1_004
"2140",7_0000000000000000061c,"2021",76.5009794211655,103.374388024231,0.0989387619199959,est1_004
"2141",7_00000000000000000644,"2016",76.3413351768145,103.375880450306,0.0551328482614612,est1_004
"2142",7_00000000000000000647,"2023",76.3161330438308,103.377617415874,0.0339885935874083,est1_004
"2143",7_00000000000000000645,"2021",76.424817480712,103.380502723216,0.0632339237422231,est1_004
"2144",7_0000000000000000061e,"2023",76.5118310191442,103.383309209283,0.013404811182516,est1_004
"2145",7_0000000000000000061d,"2019",76.442472911254,103.385184636097,0.0488366140347401,est1_004
"2146",7_00000000000000000648,"2024",76.3223936564542,103.388363691315,0.0152886229487889,est1_004
"2147",7_00000000000000000649,"2016",76.4289641030817,103.389722801454,0.0750116127917075,est1_004
"2148",7_0000000000000000064a,"2024",76.3203520595895,103.390642197085,0.00934436140457347,est1_004
"2149",7_0000000000000000064b,"2016",76.4158892124176,103.390775089075,0.159444275256882,est1_004
"2150",7_00000000000000000646,"2020",76.4317038996372,103.391901496296,0.221626979476062,est1_004
"2151",7_0000000000000000064c,"2021",76.3252679395572,103.393664076475,0.0237763958779527,est1_004
"2152",7_0000000000000000061f,"2024",76.5119718497855,103.394124167805,0.0134039984157166,est1_004
"2153",7_0000000000000000064d,"2020",76.3391650170455,103.402331576542,0.0924636443933732,est1_004
"2154",7_00000000000000000620,"2021",76.4431223444532,103.404255411156,0.0303110908323223,est1_004
"2155",7_00000000000000000650,"2021",76.3189306029448,103.409597461327,0.0866566241347119,est1_004
"2156",7_0000000000000000063c,"2022",76.3199440414131,103.309567578606,0.0135922152601843,est1_004
"2157",7_0000000000000000063e,"2023",76.3198690517493,103.324684286127,0.0118929743290939,est1_004
"2158",7_0000000000000000064f,"2021",76.4036758501093,103.42049715665,0.0591032993428178,est1_004
"2159",7_00000000000000000651,"2019",76.3396690748882,103.422448777568,0.0814361831460769,est1_004
"2160",7_00000000000000000652,"2023",76.4041133470117,103.432803375625,0.0253296914997468,est1_004
"2161",7_00000000000000000654,"2021",76.3147050513139,103.437400504373,0.0900807071962063,est1_004
"2162",7_00000000000000000653,"2024",76.3366319430637,103.438624452804,0.010182138200125,est1_004
"2163",7_00000000000000000658,"2023",76.2803480461799,103.442141314264,0.0170379068658797,est1_004
"2164",7_00000000000000000657,"2023",76.312742144855,103.443687335395,0.0110491552846865,est1_004
"2165",7_00000000000000000655,"2023",76.2771331166588,103.444168819936,0.014485337640495,est1_004
"2166",7_0000000000000000065b,"2021",76.3161234308454,103.447073008152,0.015296175726183,est1_004
"2167",7_00000000000000000659,"2022",76.2999247488935,103.448588665885,0.0263711256433612,est1_004
"2168",7_0000000000000000065c,"2023",76.2789023745763,103.448807483703,0.0119280791393756,est1_004
"2169",7_0000000000000000065a,"2021",76.3018478328557,103.451644490992,0.0544374865286998,est1_004
"2170",7_00000000000000000656,"2021",76.2842085317806,103.451886230142,0.246980947382008,est1_004
"2171",7_0000000000000000065d,"2024",76.2763999357662,103.454120297402,0.0119304526439374,est1_004
"2172",7_0000000000000000065e,"2022",76.285073682222,103.463538798857,0.246980947382008,est1_004
"2173",7_0000000000000000065f,"2022",76.2669085262231,103.479920487814,0.0187597930036463,est1_004
"2174",7_00000000000000000660,"2021",76.2620362202243,103.490161241837,0.0358281394841397,est1_004
"2175",7_00000000000000000661,"2023",76.2641502157293,103.519166626554,0.00938189040212076,est1_004
"2176",7_00000000000000000662,"2022",76.3600048762221,103.553546940806,0.0465851697832134,est1_004
"2177",7_00000000000000000663,"2024",76.3557468510613,103.556913278917,0.0118614181688578,est1_004
"2178",7_00000000000000000664,"2024",76.3423250557936,103.57087888792,0.0135693740022406,est1_004
"2179",7_00000000000000000665,"2021",76.3642663803002,103.57825721976,0.179530390801193,est1_004
"2180",7_00000000000000000666,"2022",76.3248790487073,103.612185708188,0.0280236312698566,est1_004
"2181",7_00000000000000000667,"2016",76.2656784046251,103.872052629478,0.017055996796427,est1_004
"2182",7_00000000000000000668,"2019",76.2663614117324,103.877428793453,0.0383753799783878,est1_004
"2183",7_00000000000000000669,"2024",76.2661591393735,103.894205017971,0.00255825199173266,est1_004
"2184",7_0000000000000000066a,"2023",76.4033360470987,103.949310377284,0.012667066073032,est1_004
"2185",7_000000000000000006bd,"2016",76.2174204103046,103.807816676841,0.0231052039554117,est1_004
"2186",7_000000000000000006be,"2023",76.2244933529749,103.812769553046,0.0119742911500043,est1_004
"2187",7_000000000000000006bf,"2019",76.2179990907539,103.820232555846,0.0213925295374695,est1_004
"2188",7_000000000000000006c0,"2023",76.2219666703065,103.814124220436,0.0213864008782802,est1_004
"2189",7_000000000000000006c1,"2023",76.2219666703065,103.814124220436,0.0213864008782802,est1_004
"2190",7_000000000000000006c2,"2019",76.2179990907539,103.820232555846,0.0213925295374695,est1_004
"2191",7_000000000000000006c3,"2016",76.2226630924523,103.836113995937,0.0316517880863275,est1_004
"2192",7_000000000000000006c8,"2023",76.2357062636011,103.908757726523,0.0102548660494405,est1_004
"2193",7_000000000000000006c9,"2023",76.2467555572895,103.935707255769,0.00939377695194205,est1_004
"2194",7_000000000000000006ca,"2022",76.2446591610775,103.949769464292,0.0350176735577614,est1_004
"2195",7_000000000000000006cb,"2022",76.2446591610775,103.949769464292,0.0350176735577614,est1_004
"2196",7_000000000000000006cc,"2021",76.3064396153904,104.004401323428,0.0153051322858603,est1_004
"2197",7_000000000000000006cd,"2021",76.3398410415679,104.131127372066,0.0220543016475546,est1_004
"2198",7_000000000000000006ce,"2019",76.3360456876696,104.137805404197,0.033940534872078,est1_004
"2199",7_000000000000000006cf,"2019",76.335759327311,104.139477214267,0.033940534872078,est1_004
"2200",7_000000000000000006d0,"2018",76.3366059290983,104.14724518535,0.0271511065651692,est1_004
"2201",7_000000000000000006d1,"2018",76.3364663458899,104.156272375609,0.0890887492645592,est1_004
"2202",7_000000000000000006d2,"2016",76.3375550585873,104.172186444831,0.0619344173434601,est1_004
"2203",7_000000000000000006d3,"2016",76.3295442879601,104.262658036276,0.0127330368144763,est1_004
"2204",7_000000000000000006d4,"2016",76.330166075552,104.271865667897,0.0195242383870718,est1_004
"2205",7_000000000000000006d5,"2022",76.3258592686931,104.294165446768,0.0186805153326785,est1_004
"2206",7_000000000000000004f2,"2021",76.2165009910732,103.016621815259,0.0402240216149724,est1_004
"2207",7_000000000000000004ef,"2023",76.1783298069563,103.018084506355,0.0137295699620614,est1_004
"2208",7_000000000000000004f1,"2021",76.235116070879,103.020645774341,0.0376064520577846,est1_004
"2209",7_0000000000000000066d,"2021",76.1818618788896,103.026513292665,0.0214475339723027,est1_004
"2210",7_000000000000000004f3,"2021",76.1818618788896,103.026513292665,0.0214475339723027,est1_004
"2211",7_000000000000000004f5,"2021",76.2168281689497,103.026513276314,0.0171147123911432,est1_004
"2212",7_000000000000000004f4,"2023",76.2014226750206,103.026913714909,0.0119940214862747,est1_004
"2213",7_000000000000000004f6,"2022",76.184134385728,103.030688770049,0.207598651720834,est1_004
"2214",7_0000000000000000066e,"2021",76.1826084736008,103.033714890964,0.207598651720834,est1_004
"2215",7_000000000000000004f7,"2021",76.1907512258335,103.039905159656,0.451949056833215,est1_004
"2216",7_00000000000000000670,"2021",76.1984700222242,103.041520926323,0.194513949573392,est1_004
"2217",7_00000000000000000672,"2021",76.2029654105758,103.044186277558,0.320414642757064,est1_004
"2218",7_0000000000000000066f,"2023",76.1845267714682,103.044513191391,0.00943544311421626,est1_004
"2219",7_000000000000000004fb,"2021",76.2038933502555,103.046128323278,0.145613168838364,est1_004
"2220",7_00000000000000000671,"2016",76.1512840584821,103.047872139865,0.0189148729133119,est1_004
"2221",7_000000000000000004f9,"2021",76.2132817819864,103.049146110388,0.149804891427363,est1_004
"2222",7_000000000000000004fc,"2023",76.2056487979156,103.050894822853,0.0950789890333933,est1_004
"2223",7_00000000000000000675,"2021",76.2116143177553,103.053548927461,0.114712855226887,est1_004
"2224",7_00000000000000000677,"2022",76.2003955912065,103.060773875903,0.0188501836466353,est1_004
"2225",7_00000000000000000678,"2024",76.1887897198184,103.064847682126,0.00943228364857577,est1_004
"2226",7_00000000000000000679,"2021",76.1862335602847,103.074979260811,0.0411654061300361,est1_004
"2227",7_0000000000000000067a,"2023",76.1975622741484,103.075160194869,0.0119973115722627,est1_004
"2228",7_0000000000000000067b,"2022",76.154942357471,103.07534324891,0.022348889266911,est1_004
"2229",7_000000000000000006c4,"2016",75.7227033857211,103.028990814493,0.0752925285410201,est1_004
"2230",7_000000000000000006c5,"2019",75.7259968662117,103.050901095805,0.0150559048583185,est1_004
"2231",7_0000000000000000067d,"2022",76.1560734264521,103.086058002702,0.0111729043126957,est1_004
"2232",7_0000000000000000067c,"2021",76.1999267191939,103.086917161732,0.0359870379845328,est1_004
"2233",7_00000000000000000680,"2021",76.1767570603335,103.092027342477,0.0343292563871681,est1_004
"2234",7_00000000000000000684,"2021",76.2216749467761,103.095643239821,0.0282315220864539,est1_004
"2235",7_0000000000000000067f,"2021",76.201385763499,103.096822243841,0.108804366518808,est1_004
"2236",7_00000000000000000683,"2023",76.1740919446712,103.097694801382,0.0145920157315411,est1_004
"2237",7_00000000000000000685,"2021",76.1514759008374,103.101572824557,0.0429873836972783,est1_004
"2238",7_00000000000000000689,"2021",76.1907427143023,103.103569589813,0.0840211949649629,est1_004
"2239",7_00000000000000000688,"2023",76.1759511443334,103.108054912768,0.0266063116214082,est1_004
"2240",7_0000000000000000068b,"2021",76.2459588267086,103.110227316907,0.0640488969035433,est1_004
"2241",7_00000000000000000686,"2023",76.2271813070046,103.110223782673,0.035061616689821,est1_004
"2242",7_0000000000000000068a,"2023",76.1488064964178,103.112572694423,0.00945930203224569,est1_004
"2243",7_0000000000000000068c,"2021",76.1615160999177,103.117238292835,0.0738850572484166,est1_004
"2244",7_0000000000000000068e,"2024",76.2137528257515,103.118392234325,0.0111280838787751,est1_004
"2245",7_0000000000000000068f,"2024",76.2338197895402,103.123383107958,0.0136755488172645,est1_004
"2246",7_00000000000000000693,"2021",76.2117676664246,103.127062073342,0.0573577710612181,est1_004
"2247",7_00000000000000000692,"2024",76.2442075750774,103.133348335755,0.00939455121950348,est1_004
"2248",7_00000000000000000691,"2022",76.1976791767731,103.13695074716,0.0599861762884762,est1_004
"2249",7_00000000000000000697,"2021",76.1829991986213,103.138688811126,0.123532827603731,est1_004
"2250",7_00000000000000000695,"2021",76.2454649212302,103.139237208988,0.0179344684462112,est1_004
"2251",7_00000000000000000694,"2024",76.1599782682522,103.141083169886,0.0180438680695667,est1_004
"2252",7_0000000000000000069b,"2022",76.1809439995962,103.153506529741,0.0214486490150901,est1_004
"2253",7_0000000000000000069c,"2016",76.1594665689987,103.158837179076,0.0300743180599856,est1_004
"2254",7_000000000000000006a0,"2021",76.1738888723552,103.172893474543,0.270395746545991,est1_004
"2255",7_000000000000000006a5,"2020",76.1701160732242,103.199714120045,0.0206072418094382,est1_004
"2256",7_000000000000000006a7,"2024",76.201705017639,103.203984458358,0.0102802268920571,est1_004
"2257",7_000000000000000006a8,"2021",76.1814939303686,103.205691490559,0.0351732225225672,est1_004
"2258",7_000000000000000006a6,"2016",76.176143310609,103.209214241674,0.262624675583956,est1_004
"2259",7_000000000000000006ab,"2016",76.1760359039155,103.216622826224,0.262624675583956,est1_004
"2260",7_00000000000000000696,"2024",76.2024910607273,103.142786718563,0.0137048842046335,est1_004
"2261",7_00000000000000000699,"2021",76.206624875374,103.152519054184,0.0205545625306654,est1_004
"2262",7_0000000000000000069a,"2016",76.2273578213515,103.156128600461,0.212078077861869,est1_004
"2263",7_000000000000000006b1,"2021",76.1804559316607,103.233522020087,0.102958277364908,est1_004
"2264",7_0000000000000000069e,"2022",76.2029504161775,103.167745635908,0.00942226917351143,est1_004
"2265",7_0000000000000000069f,"2018",76.2255338484248,103.163815747572,0.212078077861869,est1_004
"2266",7_000000000000000006a3,"2024",76.2047558371516,103.186346498463,0.0111347275670783,est1_004
"2267",7_000000000000000006a9,"2023",76.2256873834718,103.210706691547,0.0145395040800565,est1_004
"2268",7_000000000000000006aa,"2022",76.2224332350951,103.213217519699,0.0188208156415022,est1_004
"2269",7_000000000000000006ac,"2024",76.2226806132673,103.223433194163,0.0153973671240255,est1_004
"2270",7_000000000000000006ad,"2021",76.225746475106,103.229779946718,0.0915111565809824,est1_004
"2271",7_000000000000000006ae,"2022",76.2329776865652,103.22479162714,0.016241402968531,est1_004
"2272",7_000000000000000006af,"2022",76.2126913758634,103.226720714125,0.0171198536441951,est1_004
"2273",7_000000000000000006b0,"2022",76.2310931610496,103.229377632663,0.0145351769628642,est1_004
"2274",7_00000000000000000324,"2022",76.2059291923471,101.519670068616,0.0291190138055029,est1_004a
"2275",7_000000000000000003eb,"2016",75.79122924545,101.583847018906,0.0670048972374259,est1_004a
"2276",7_000000000000000003ed,"2022",75.7901136069047,101.596502583958,0.0158711475572986,est1_004a
"2277",7_00000000000000000419,"2018",75.7801256732629,101.580459280604,0.0105875087662517,est1_004a
"2278",7_0000000000000000041a,"2022",75.7812176692683,101.592990925998,0.0379389779585494,est1_004a
"2279",7_0000000000000000041b,"2022",75.7778427881444,101.593480522405,0.0132372402082099,est1_004a
"2280",7_0000000000000000041c,"2016",75.7826858652349,101.598043778348,0.0123501692658568,est1_004a
"2281",7_00000000000000000343,"2024",76.1495321487447,101.791556916617,0.0180574113786503,est1_004a
"2282",7_00000000000000000325,"2023",76.1946692875643,101.849841597442,0.0180002955081617,est1_004a
"2283",7_00000000000000000327,"2024",76.2030130770452,101.854435143782,0.0239852318522424,est1_004a
"2284",7_00000000000000000326,"2024",76.2030130770452,101.854435143782,0.0239852318522424,est1_004a
"2285",7_00000000000000000328,"2022",76.1974430537918,101.865947421168,0.0154236005780075,est1_004a
"2286",7_0000000000000000032a,"2024",76.1942285647851,101.869908652209,0.00942840916058597,est1_004a
"2287",7_0000000000000000032b,"2019",76.2040994446388,101.873145624305,0.0925085638275685,est1_004a
"2288",7_00000000000000000329,"2023",76.1909203279217,101.874481717406,0.0265776224027049,est1_004a
"2289",7_0000000000000000032d,"2022",76.2046959326139,101.878455328132,0.0925085638275685,est1_004a
"2290",7_0000000000000000032c,"2021",76.1950511139375,101.881713439596,0.0942798013023221,est1_004a
"2291",7_0000000000000000032f,"2022",76.2105603094335,101.886553340328,0.0111303456083786,est1_004a
"2292",7_0000000000000000032e,"2021",76.199811082577,101.886759523494,0.041125773269859,est1_004a
"2293",7_00000000000000000330,"2018",76.1847456112509,101.893870318133,0.106367158510825,est1_004a
"2294",7_00000000000000000331,"2022",76.1738368375226,101.898115292497,0.0274683365613527,est1_004a
"2295",7_00000000000000000332,"2023",76.173992013819,101.906682400102,0.0103021545644864,est1_004a
"2296",7_00000000000000000334,"2023",76.181671971813,101.910500450659,0.0265952710333865,est1_004a
"2297",7_00000000000000000335,"2024",76.1816975639081,101.911797882444,0.0265952710333865,est1_004a
"2298",7_00000000000000000333,"2023",76.1880471686345,101.912694221586,0.0111487827040913,est1_004a
"2299",7_00000000000000000336,"2024",76.2110824027847,101.923361015825,0.0231164025737088,est1_004a
"2300",7_00000000000000000337,"2023",76.1886864286479,101.927048317044,0.0154344916418176,est1_004a
"2301",7_00000000000000000338,"2021",76.1979602029154,101.948316470761,0.0462750750623083,est1_004a
"2302",7_00000000000000000457,"2021",76.4404821112085,102.495191397188,0.068212748986042,est1_004a
"2303",7_00000000000000000458,"2022",76.4301947359986,102.563276291945,0.0210699176226045,est1_004a
"2304",7_00000000000000000459,"2024",76.4348910942444,102.592404338266,0.0160083184266096,est1_004a
"2305",7_0000000000000000045a,"2022",76.4306643225159,102.599165150233,0.019383649870124,est1_004a
"2306",7_0000000000000000045b,"2021",76.4320897159631,102.63252663066,0.017696127362879,est1_004a
"2307",7_0000000000000000045c,"2022",76.4321258890445,102.644121485194,0.0126400055536696,est1_004a
"2308",7_00000000000000000423,"2021",76.4713734491345,102.84470514282,0.0378116651837363,est1_004a
"2309",7_00000000000000000424,"2022",76.4675920383544,102.876948728102,0.0310978376715837,est1_004a
"2310",7_00000000000000000425,"2023",76.4648833042449,102.881516218387,0.022698919965411,est1_004a
"2311",7_00000000000000000427,"2022",76.4812242551099,102.917455851802,0.0327470099338007,est1_004a
"2312",7_00000000000000000426,"2024",76.4776879218451,102.917801584079,0.00923891825832448,est1_004a
"2313",7_00000000000000000429,"2024",76.4849887479748,102.926719469329,0.0109128523231317,est1_004a
"2314",7_00000000000000000428,"2023",76.4775870232809,102.928168586115,0.0218373792093086,est1_004a
"2315",7_0000000000000000042a,"2016",76.4827994169653,102.929575029566,0.0612913623034818,est1_004a
"2316",7_0000000000000000042b,"2016",76.4825243081917,102.930239152322,0.0612913623034818,est1_004a
"2317",7_0000000000000000042c,"2024",76.4681330887751,102.936323310578,0.0092456583750137,est1_004a
"2318",7_0000000000000000042d,"2022",76.4664334082253,102.942244991583,0.0168110992570267,est1_004a
"2319",7_0000000000000000042e,"2022",76.4817072470238,102.944873234614,0.047018564313807,est1_004a
"2320",7_0000000000000000042f,"2016",76.4871975334616,102.947626000494,0.0125896510814887,est1_004a
"2321",7_00000000000000000430,"2018",76.474985482345,102.982984032181,0.273855235789254,est1_004a
"2322",7_00000000000000000432,"2021",76.4694218787005,102.990666054702,0.0563049466297175,est1_004a
"2323",7_00000000000000000431,"2016",76.4940751440501,102.990937364352,0.0192938008705693,est1_004a
"2324",7_00000000000000000433,"2016",76.4908395554795,102.997388583704,0.174522373962664,est1_004a
"2325",7_00000000000000000434,"2018",76.4831614138644,103.028667698055,0.607805075051639,est1_004a
"2326",7_00000000000000000435,"2022",76.4866968305899,103.029870824982,0.607805075051639,est1_004a
"2327",7_00000000000000000436,"2024",76.4839107724355,103.032091835207,0.010074471618755,est1_004a
"2328",7_00000000000000000437,"2023",76.4828866693193,103.036942723042,0.0125936181379504,est1_004a
"2329",7_00000000000000000438,"2023",76.4914540177067,103.037589420987,0.0176203469540368,est1_004a
"2330",7_00000000000000000439,"2023",76.4854840635814,103.037985245033,0.0360950283180963,est1_004a
"2331",7_0000000000000000043a,"2021",76.4719146745334,103.042559455122,0.164674522753528,est1_004a
"2332",7_0000000000000000043b,"2024",76.4925346111529,103.044758076396,0.00922839568427852,est1_004a
"2333",7_0000000000000000043c,"2022",76.4731551575057,103.045636066602,0.164674522753528,est1_004a
"2334",7_0000000000000000043e,"2019",76.4941515779146,103.054639549448,0.0109056161149163,est1_004a
"2335",7_0000000000000000043d,"2023",76.4687516707933,103.057963425855,0.0126061039345109,est1_004a
"2336",7_0000000000000000043f,"2023",76.4860950758323,103.102866171906,0.0201457574913773,est1_004a
"2337",7_00000000000000000440,"2021",76.502184273933,103.117267781265,0.018444308823377,est1_004a
"2338",7_00000000000000000441,"2022",76.4860104877358,103.124523982172,0.0360936262678439,est1_004a
"2339",7_00000000000000000442,"2021",76.5131646330134,103.143280672676,0.181781461998615,est1_004a
"2340",7_0000000000000000045d,"2018",76.318133091965,102.757161127395,0.0127442994556641,est1_004a
"2341",7_0000000000000000045e,"2018",76.318133091965,102.757161127395,0.0127442994556641,est1_004a
"2342",7_0000000000000000045f,"2016",76.3217938159373,102.771516781684,0.0721974700888853,est1_004a
"2343",7_00000000000000000460,"2016",76.3240394577558,102.779772231287,0.0305733957270366,est1_004a
"2344",7_00000000000000000461,"2016",76.3264098096807,102.785876236407,0.0169819261489112,est1_004a
"2345",7_00000000000000000462,"2022",76.4559235494488,102.864595040828,0.105153974701397,est1_004a
"2346",7_00000000000000000463,"2023",76.4648833042449,102.881516218387,0.022698919965411,est1_004a
"2347",7_00000000000000000464,"2022",76.3102012207699,103.093468018568,0.0374036086695964,est1_004a
"2348",7_00000000000000000465,"2021",76.4129786188136,103.133306260214,0.030377293558928,est1_004a
"2349",7_00000000000000000443,"2024",76.5033143638168,103.232191607535,0.0100599797266007,est1_004a
"2350",7_00000000000000000445,"2021",76.5019041426112,103.24590534051,0.0670721332436479,est1_004a
"2351",7_00000000000000000444,"2022",76.4459663185648,103.247948386607,0.0185194628440559,est1_004a
"2352",7_00000000000000000448,"2021",76.5057944836882,103.253019690699,0.0645351067013965,est1_004a
"2353",7_00000000000000000447,"2021",76.5078406450925,103.259354001829,0.0360359287451155,est1_004a
"2354",7_00000000000000000446,"2021",76.4878812414371,103.262309967502,0.106585687009923,est1_004a
"2355",7_00000000000000000449,"2021",76.5114143737532,103.2625067653,0.0351897795872715,est1_004a
"2356",7_0000000000000000044b,"2021",76.4858018911738,103.266560880148,0.106585687009923,est1_004a
"2357",7_0000000000000000044a,"2020",76.4966057486423,103.269784321265,0.171938340665244,est1_004a
"2358",7_0000000000000000044c,"2019",76.4919281766635,103.272944294207,0.04278925367048,est1_004a
"2359",7_0000000000000000044d,"2024",76.5100618008022,103.275499518396,0.0444073880808653,est1_004a
"2360",7_0000000000000000044e,"2023",76.5102588096815,103.275896251235,0.0444073880808653,est1_004a
"2361",7_00000000000000000466,"2023",76.437764985185,103.277103760613,0.0109500913676947,est1_004a
"2362",7_0000000000000000044f,"2021",76.4918913549816,103.289849819162,0.0553744271186397,est1_004a
"2363",7_00000000000000000638,"2021",76.4324132565304,103.297163071783,0.0867923138568807,est1_004a
"2364",7_00000000000000000613,"2021",76.4475438719936,103.298422791335,0.027777932817751,est1_004a
"2365",7_00000000000000000614,"2021",76.4475438719936,103.298422791335,0.027777932817751,est1_004a
"2366",7_0000000000000000063a,"2023",76.4291788502341,103.299357064448,0.00927135163324617,est1_004a
"2367",7_00000000000000000615,"2022",76.451128237428,103.307605292584,0.0151472964353179,est1_004a
"2368",7_0000000000000000063b,"2022",76.4287203784135,103.307839114369,0.0210715639975498,est1_004a
"2369",7_00000000000000000616,"2023",76.4464687072143,103.31281132164,0.0345129192465301,est1_004a
"2370",7_00000000000000000450,"2021",76.4998419801814,103.31994120082,0.0285096210069497,est1_004a
"2371",7_00000000000000000617,"2018",76.4471163131504,103.323531967527,0.209605602546606,est1_004a
"2372",7_00000000000000000451,"2021",76.4957893064186,103.326131356774,0.0394222200226103,est1_004a
"2373",7_00000000000000000453,"2021",76.4957893064186,103.326131356774,0.0394222200226103,est1_004a
"2374",7_00000000000000000452,"2021",76.5072853777845,103.32924132959,0.170127554791316,est1_004a
"2375",7_00000000000000000618,"2024",76.4496849482437,103.330422463662,0.0100987537624493,est1_004a
"2376",7_00000000000000000454,"2021",76.5040179791864,103.333441422321,0.0243102953820304,est1_004a
"2377",7_00000000000000000455,"2024",76.499406714113,103.340528396998,0.00670848879802429,est1_004a
"2378",7_000000000000000003a3,"2023",76.0928393859793,102.072356201096,0.0103594521796195,est1_004a
"2379",7_000000000000000003a5,"2022",76.0952801576414,102.075191477299,0.0207174279724997,est1_004a
"2380",7_000000000000000003ac,"2021",76.0890438546359,102.097530474038,0.0699517746143946,est1_004a
"2381",7_00000000000000000339,"2024",76.1418570673604,102.097977031194,0.0249493379438029,est1_004a
"2382",7_000000000000000003aa,"2023",76.0798460359002,102.103613291736,0.0112331403035586,est1_004a
"2383",7_000000000000000003ab,"2021",76.0766404873234,102.108728083469,0.063094003008669,est1_004a
"2384",7_000000000000000003ae,"2022",76.0943954228134,102.108912407914,0.0302130649051637,est1_004a
"2385",7_000000000000000003b2,"2024",76.0709552165871,102.120930561592,0.0103759644360287,est1_004a
"2386",7_000000000000000003b3,"2022",76.0774287217068,102.121048632801,0.013828997318955,est1_004a
"2387",7_000000000000000003b4,"2022",76.080220435391,102.131114175435,0.0509834877762545,est1_004a
"2388",7_000000000000000003b7,"2022",76.0691990589987,102.132561676236,0.0250782081529484,est1_004a
"2389",7_000000000000000003b6,"2023",76.0724965711387,102.137574432962,0.0605182168609704,est1_004a
"2390",7_000000000000000003b8,"2021",76.0727591385379,102.142946660548,0.0864538583767482,est1_004a
"2391",7_000000000000000003b9,"2021",76.0730861401903,102.148078705072,0.0544668383314819,est1_004a
"2392",7_000000000000000003ba,"2022",76.0743377878136,102.151954007757,0.0164258303413503,est1_004a
"2393",7_00000000000000000510,"2019",76.0742812567985,102.152713911618,0.0674291044212122,est1_004a
"2394",7_00000000000000000511,"2022",76.0813809976947,102.155396213265,0.0691178017259923,est1_004a
"2395",7_00000000000000000516,"2022",76.0827597348062,102.155818776694,0.0760293428584317,est1_004a
"2396",7_000000000000000003bb,"2022",76.0820347782017,102.156048429102,0.0786215161961432,est1_004a
"2397",7_00000000000000000514,"2019",76.0754000107092,102.160260429306,0.10026145592577,est1_004a
"2398",7_00000000000000000467,"2021",76.121806943766,102.458650992973,0.0637544346212189,est1_004a
"2399",7_00000000000000000468,"2020",76.1253442607764,102.500085862238,0.0964708647222746,est1_004a
"2400",7_00000000000000000469,"2021",76.1181367966007,102.502307515374,0.130992806588672,est1_004a
"2401",7_0000000000000000046a,"2022",76.1171770005171,102.513986197546,0.0430931750422902,est1_004a
"2402",7_0000000000000000046b,"2024",76.1294355489764,102.536581154257,0.0103331341928682,est1_004a
"2403",7_0000000000000000046f,"2021",76.1182729919378,102.543498171206,0.334369147170774,est1_004a
"2404",7_0000000000000000046d,"2024",76.1337637954997,102.544086132,0.00946974319683223,est1_004a
"2405",7_0000000000000000046c,"2022",76.1105091645291,102.544282493278,0.0379393161006695,est1_004a
"2406",7_0000000000000000046e,"2024",76.1338127937506,102.54898605549,0.00946945680878758,est1_004a
"2407",7_00000000000000000471,"2018",76.2701528898023,102.565965405881,0.0153453380627933,est1_004a
"2408",7_00000000000000000470,"2022",76.1227608261229,102.568861265507,0.0551369962704725,est1_004a
"2409",7_00000000000000000473,"2021",76.2670373449925,102.570570438747,0.0196124685881378,est1_004a
"2410",7_00000000000000000472,"2024",76.1476795350529,102.570643557769,0.00946030929752801,est1_004a
"2411",7_00000000000000000474,"2022",76.1077238316267,102.576310555956,0.107809939125845,est1_004a
"2412",7_00000000000000000475,"2024",76.1173981417325,102.578532558561,0.00948036399005887,est1_004a
"2413",7_00000000000000000476,"2022",76.1255419358852,102.582562119466,0.0215337207244602,est1_004a
"2414",7_00000000000000000478,"2021",76.1169379985703,102.582623939059,0.0741206817856187,est1_004a
"2415",7_00000000000000000477,"2021",76.1082312301514,102.587216580471,0.0388077410733382,est1_004a
"2416",7_0000000000000000047b,"2020",76.1107020903667,102.600221097934,0.436256000149734,est1_004a
"2417",7_00000000000000000479,"2024",76.1220040486278,102.600239112856,0.00947687625027249,est1_004a
"2418",7_000000000000000005b4,"2022",76.1056402211573,102.48503009108,0.0181132936161026,est1_004a
"2419",7_000000000000000005b8,"2022",76.1068187440793,102.493342233589,0.0155243761527818,est1_004a
"2420",7_000000000000000005bb,"2021",76.1007420539236,102.49739427857,0.301118999000464,est1_004a
"2421",7_000000000000000005bf,"2023",76.1003204351897,102.500922464215,0.301118999000464,est1_004a
"2422",7_000000000000000005c3,"2022",76.1045256810382,102.521643725845,0.178556264724436,est1_004a
"2423",7_000000000000000005c9,"2022",76.1047478643356,102.54564598893,0.0327777397474076,est1_004a
"2424",7_000000000000000005ca,"2022",76.1105091645291,102.544282493278,0.0379393161006695,est1_004a
"2425",7_000000000000000005ce,"2022",76.109347096729,102.555687751456,0.0198329212691836,est1_004a
"2426",7_000000000000000005d4,"2022",76.1077238316267,102.576310555956,0.107809939125845,est1_004a
"2427",7_000000000000000005d8,"2021",76.1082312301514,102.587216580471,0.0388077410733382,est1_004a
"2428",7_000000000000000005d9,"2021",76.1091347238758,102.600820932193,0.436256000149734,est1_004a
"2429",7_000000000000000005dd,"2022",76.1033268516556,102.600679377558,0.0517594094458961,est1_004a
"2430",7_0000000000000000047c,"2024",76.1449845488947,102.616163686661,0.00946152207270268,est1_004a
"2431",7_0000000000000000047a,"2022",76.1235056566587,102.620441351855,0.329079502855231,est1_004a
"2432",7_0000000000000000047e,"2022",76.1139101249744,102.633537385504,0.0362074329361438,est1_004a
"2433",7_0000000000000000047d,"2024",76.2020194336817,102.636204344082,0.00942334840890178,est1_004a
"2434",7_0000000000000000047f,"2022",76.1200894343972,102.646101578618,0.0275739083862755,est1_004a
"2435",7_00000000000000000480,"2019",76.139861425602,102.651756456208,0.0705572128339354,est1_004a
"2436",7_00000000000000000481,"2021",76.113607158969,102.65835394099,0.0525849991699283,est1_004a
"2437",7_00000000000000000482,"2022",76.1142916472948,102.660575648987,0.0525849991699283,est1_004a
"2438",7_00000000000000000483,"2020",76.1201335644628,102.664894147746,0.0232647789065528,est1_004a
"2439",7_00000000000000000484,"2024",76.159439248728,102.67514616736,0.0103109764176037,est1_004a
"2440",7_00000000000000000485,"2024",76.1144091945844,102.691916197644,0.00948236988474793,est1_004a
"2441",7_00000000000000000486,"2021",76.1573150729413,102.69438777564,0.114297086316955,est1_004a
"2442",7_00000000000000000487,"2024",76.1609092522642,102.703773925629,0.00945104650927051,est1_004a
"2443",7_0000000000000000048c,"2021",76.1285488779195,102.715638271492,0.078364151414936,est1_004a
"2444",7_0000000000000000048a,"2022",76.2173798505979,102.716968928132,0.0171144023607862,est1_004a
"2445",7_00000000000000000489,"2021",76.1617565546076,102.719858971194,0.0867727219330383,est1_004a
"2446",7_0000000000000000048b,"2024",76.1433145324515,102.722532371507,0.0103222919985355,est1_004a
"2447",7_00000000000000000488,"2021",76.1226824630696,102.723338690534,0.184363260539784,est1_004a
"2448",7_0000000000000000048d,"2023",76.1324598952011,102.727413242751,0.0154969036053798,est1_004a
"2449",7_0000000000000000048f,"2021",76.1195108358242,102.729185398361,0.073245110833229,est1_004a
"2450",7_0000000000000000048e,"2022",76.1530511282104,102.730073475285,0.0902640365647984,est1_004a
"2451",7_00000000000000000491,"2021",76.1375894202346,102.735944574585,0.0877806233519042,est1_004a
"2452",7_00000000000000000493,"2022",76.1477148262501,102.73881899869,0.0773990770590155,est1_004a
"2453",7_00000000000000000490,"2021",76.1577395974588,102.744010355501,0.111717588599899,est1_004a
"2454",7_00000000000000000492,"2021",76.1762144932372,102.744249910912,0.105568814963214,est1_004a
"2455",7_00000000000000000495,"2022",76.1766062072247,102.744753053818,0.105568814963214,est1_004a
"2456",7_00000000000000000494,"2022",76.1296350595269,102.747163555759,0.0129158384962124,est1_004a
"2457",7_00000000000000000497,"2022",76.1338372929848,102.750739461343,0.0103299312728216,est1_004a
"2458",7_00000000000000000499,"2023",76.1936070486826,102.751727609906,0.0128580882140487,est1_004a
"2459",7_00000000000000000496,"2022",76.1537878837409,102.755338941687,0.015474008296448,est1_004a
"2460",7_00000000000000000498,"2021",76.1652885130369,102.758941382652,0.335822628339563,est1_004a
"2461",7_0000000000000000049d,"2021",76.1674212761744,102.761796947176,0.232737174593905,est1_004a
"2462",7_0000000000000000049a,"2024",76.1380818350634,102.764079487755,0.0137689237697336,est1_004a
"2463",7_0000000000000000049e,"2022",76.1636687982133,102.764137456298,0.169225748011138,est1_004a
"2464",7_0000000000000000049c,"2021",76.1189647242134,102.769978986045,0.01637277352146,est1_004a
"2465",7_0000000000000000049b,"2023",76.1074788580715,102.770932701127,0.0163863960334581,est1_004a
"2466",7_0000000000000000049f,"2021",76.1719715080416,102.775711011909,0.0326229863111207,est1_004a
"2467",7_000000000000000004a0,"2022",76.193778120653,102.776374739387,0.0299998169234607,est1_004a
"2468",7_000000000000000004a1,"2023",76.1099333219128,102.783398074113,0.0163830788351422,est1_004a
"2469",7_000000000000000004a2,"2024",76.1301868627418,102.789375280553,0.00947159062746295,est1_004a
"2470",7_000000000000000004a3,"2021",76.1163111104763,102.797537430337,0.0991178080388976,est1_004a
"2471",7_000000000000000004a5,"2018",76.1155215830582,102.799984242794,0.0991178080388976,est1_004a
"2472",7_000000000000000004a6,"2019",76.1921003400268,102.80073097371,0.0548657078612173,est1_004a
"2473",7_000000000000000004a8,"2021",76.1326079447072,102.803992450543,0.200588448765498,est1_004a
"2474",7_000000000000000004a7,"2016",76.1194821995922,102.804557265316,0.0370533129867228,est1_004a
"2475",7_000000000000000004a4,"2021",76.1134168320957,102.805392765714,0.034482031711741,est1_004a
"2476",7_000000000000000005ff,"2022",76.0880815978572,102.740076426667,0.0138185885606893,est1_004a
"2477",7_00000000000000000600,"2021",76.0962956154796,102.770899677311,0.0630065311111718,est1_004a
"2478",7_00000000000000000601,"2018",76.0144512166301,102.783123653673,0.0121530074611107,est1_004a
"2479",7_00000000000000000602,"2022",76.0173590264496,102.800660063635,0.380960242349109,est1_004a
"2480",7_00000000000000000603,"2016",76.0188643889234,102.804062579948,0.380960242349109,est1_004a
"2481",7_000000000000000004a9,"2021",76.1872532219022,102.820162248895,0.0523125057738763,est1_004a
"2482",7_000000000000000004aa,"2016",76.12337305971,102.823669835647,0.0318740704275902,est1_004a
"2483",7_000000000000000004ab,"2022",76.1635002497084,102.82421598464,0.0180399578189031,est1_004a
"2484",7_000000000000000004ad,"2020",76.1425574727578,102.825207406894,0.228838902789307,est1_004a
"2485",7_000000000000000004ac,"2024",76.2079483367887,102.832935388738,0.00941972124369586,est1_004a
"2486",7_000000000000000004af,"2021",76.1879174924124,102.833358776371,0.119199492491478,est1_004a
"2487",7_000000000000000004ae,"2022",76.163500899717,102.836933750675,0.0197572107605191,est1_004a
"2488",7_000000000000000004b0,"2022",76.160151878255,102.840630614481,0.0154649057115965,est1_004a
"2489",7_000000000000000004b2,"2018",76.1262136076609,102.842948757883,0.0861258198048353,est1_004a
"2490",7_000000000000000004b1,"2016",76.1236585302457,102.847915793331,0.0120603669239951,est1_004a
"2491",7_000000000000000004b3,"2022",76.22281634635,102.856473921353,0.0256625379442908,est1_004a
"2492",7_000000000000000004b4,"2022",76.22281634635,102.856473921353,0.0256625379442908,est1_004a
"2493",7_000000000000000004b5,"2022",76.1335867697377,102.867768541113,0.0180776233255503,est1_004a
"2494",7_000000000000000004b6,"2023",76.185996384436,102.86986792889,0.0145804055335126,est1_004a
"2495",7_000000000000000004b7,"2022",76.1893814456873,102.874024362609,0.0531616103176903,est1_004a
"2496",7_000000000000000004b8,"2022",76.147384141571,102.876461057634,0.016340269541578,est1_004a
"2497",7_000000000000000004b9,"2022",76.1913379102015,102.883946861604,0.0917342688323783,est1_004a
"2498",7_000000000000000004ba,"2021",76.1910306855807,102.883959557089,0.0917342688323783,est1_004a
"2499",7_000000000000000004bb,"2022",76.1901595106523,102.893268932064,0.0188621588456792,est1_004a
"2500",7_000000000000000004bc,"2024",76.1915336104121,102.899377938731,0.00943037458479191,est1_004a
"2501",7_000000000000000004bd,"2022",76.1935542380746,102.905468324306,0.0540053958625861,est1_004a
"2502",7_000000000000000004be,"2024",76.2178746956228,102.905743831585,0.0102681532193772,est1_004a
"2503",7_000000000000000004bf,"2023",76.1873952242137,102.92046174044,0.0102909726642674,est1_004a
"2504",7_000000000000000004c1,"2021",76.2237769680111,102.920458556933,1.10505618335448,est1_004a
"2505",7_000000000000000004c0,"2022",76.2084946167405,102.926694750245,0.0239753960611633,est1_004a
"2506",7_000000000000000004c2,"2024",76.2319333188132,102.933456792003,0.0119683097833783,est1_004a
"2507",7_000000000000000004c3,"2021",76.2373204531348,102.933616605298,0.0187991216384411,est1_004a
"2508",7_000000000000000004c4,"2021",76.2155806627459,102.933712994654,0.132659213200232,est1_004a
"2509",7_000000000000000004c8,"2023",76.2414795582321,102.944345389869,0.174264884486573,est1_004a
"2510",7_000000000000000004c7,"2019",76.1935898082811,102.944611015256,0.700257183472892,est1_004a
"2511",7_000000000000000004c6,"2021",76.1854072774053,102.945548910699,0.0420267223328775,est1_004a
"2512",7_000000000000000004c5,"2021",76.2418738851596,102.94631726185,0.174264884486573,est1_004a
"2513",7_000000000000000004ca,"2021",76.1903450044656,102.948516468689,0.700257183472892,est1_004a
"2514",7_000000000000000004cf,"2022",76.2398902619341,102.956237486119,0.0888541430622646,est1_004a
"2515",7_000000000000000004c9,"2022",76.1796794089107,102.956548239942,0.064351626426083,est1_004a
"2516",7_000000000000000004cc,"2022",76.2178706416318,102.956701041767,0.049632303728298,est1_004a
"2517",7_000000000000000004cb,"2021",76.2045419799337,102.961869907015,0.105355037178322,est1_004a
"2518",7_000000000000000004ce,"2022",76.2151750342826,102.962794016355,0.0111264982644953,est1_004a
"2519",7_000000000000000004d1,"2023",76.2222857111316,102.962848896155,0.0239521609626927,est1_004a
"2520",7_000000000000000004d0,"2022",76.1505920703128,102.963134375653,0.0163369488762552,est1_004a
"2521",7_000000000000000004d3,"2023",76.2460932551448,102.966294324281,0.0256205679118759,est1_004a
"2522",7_000000000000000004cd,"2022",76.1946703498755,102.966356266798,0.0325706716698162,est1_004a
"2523",7_000000000000000004d4,"2022",76.1782366332508,102.969823298822,0.0351832593307513,est1_004a
"2524",7_000000000000000004d6,"2021",76.1784010088251,102.969934159304,0.0351832593307513,est1_004a
"2525",7_000000000000000004d5,"2024",76.151859743975,102.970411279381,0.0137555053688866,est1_004a
"2526",7_000000000000000004d8,"2023",76.2403174123698,102.974283399897,0.0119612871101686,est1_004a
"2527",7_000000000000000004d7,"2021",76.1836682075719,102.974345735256,0.0188714443558421,est1_004a
"2528",7_000000000000000004d9,"2022",76.2434172072248,102.97630322444,0.0196456767527402,est1_004a
"2529",7_000000000000000004db,"2021",76.2454147609658,102.983174065065,0.0520953387925207,est1_004a
"2530",7_000000000000000004d2,"2021",76.2050246008486,102.985390973139,0.181586179766858,est1_004a
"2531",7_000000000000000004da,"2021",76.2143166218825,102.986060291121,0.0385163308606841,est1_004a
"2532",7_000000000000000004dc,"2020",76.1862948667523,102.987455034748,0.0557471176162827,est1_004a
"2533",7_000000000000000004df,"2021",76.1778632146147,102.993003078743,0.106405078729478,est1_004a
"2534",7_0000000000000000066b,"2016",76.1401454490502,102.99557611245,0.0903469667219752,est1_004a
"2535",7_000000000000000004de,"2021",76.1598430151495,102.996143344091,0.0704630098292924,est1_004a
"2536",7_000000000000000004dd,"2021",76.2301222544284,102.996203460566,0.083786402539001,est1_004a
"2537",7_000000000000000004e0,"2022",76.2473244735488,102.996898525356,0.0333029046873564,est1_004a
"2538",7_000000000000000004e8,"2022",76.1600805374129,102.997616045264,0.0704630098292924,est1_004a
"2539",7_000000000000000004e1,"2024",76.2244609489717,102.998649997255,0.00940814104736236,est1_004a
"2540",7_000000000000000004e4,"2024",76.2164251530355,102.999923958731,0.00941343253595827,est1_004a
"2541",7_000000000000000004e7,"2022",76.2176501453301,103.001549134125,0.0119802764832332,est1_004a
"2542",7_000000000000000004e6,"2016",76.1761134472967,103.003208503912,0.0300387821913027,est1_004a
"2543",7_0000000000000000066c,"2018",76.1366833343418,103.003819231402,0.0215167377922602,est1_004a
"2544",7_000000000000000004e5,"2022",76.1983118674093,103.004337601713,0.110540402721478,est1_004a
"2545",7_000000000000000004e3,"2021",76.1926071602852,103.00454157752,0.102013845936764,est1_004a
"2546",7_000000000000000004ec,"2021",76.1987373299301,103.005256075673,0.110540402721478,est1_004a
"2547",7_000000000000000004e2,"2022",76.231962127488,103.005582025447,0.0504360941119914,est1_004a
"2548",7_000000000000000004e9,"2024",76.2019364887711,103.006199577918,0.0111368505396171,est1_004a
"2549",7_000000000000000004f0,"2021",76.2214197274421,103.00704261744,0.141160478803943,est1_004a
"2550",7_000000000000000004ea,"2021",76.1936242805209,103.007510642022,0.0128578353267498,est1_004a
"2551",7_000000000000000004eb,"2021",76.1818821535429,103.010304956935,0.0411797084101088,est1_004a
"2552",7_000000000000000004ed,"2024",76.2480784935695,103.012320800059,0.00939256002737279,est1_004a
"2553",7_000000000000000004ee,"2022",76.192746894997,103.01294450023,0.102013845936764,est1_004a
"2554",7_000000000000000006b5,"2023",76.2244608793328,103.260258726288,0.0453323768842156,est1_004a
"2555",7_00000000000000000698,"2023",76.239964247539,103.151046799457,0.0128151738438715,est1_004a
"2556",7_00000000000000000690,"2018",76.1932717541001,103.122018538639,0.207444764755907,est1_004a
"2557",7_000000000000000004f8,"2022",76.2385982386753,103.04196044743,0.051267569937151,est1_004a
"2558",7_000000000000000004fa,"2020",76.2000323475204,103.043040076787,0.285311447611472,est1_004a
"2559",7_000000000000000004fe,"2021",76.2124902936456,103.047834920933,0.155797664163959,est1_004a
"2560",7_000000000000000004fd,"2021",76.2413742816201,103.052704970356,0.111909939344663,est1_004a
"2561",7_000000000000000004ff,"2023",76.2222560234074,103.063230761613,0.0094100716803387,est1_004a
"2562",7_00000000000000000500,"2022",76.2576409405965,103.087823755612,0.0230378613702657,est1_004a
"2563",7_00000000000000000503,"2023",76.2536972861203,103.091694707662,0.0307277023500249,est1_004a
"2564",7_00000000000000000634,"2020",76.2863957362088,103.16318869782,0.00936670955755048,est1_004a
"2565",7_00000000000000000636,"2016",76.2774835172569,103.195143461783,0.0221547517302797,est1_004a
"2566",7_00000000000000000673,"2024",76.2006964463796,103.053185941747,0.00942413274303535,est1_004a
"2567",7_00000000000000000674,"2021",76.1884267383006,103.052178606836,0.506816102410891,est1_004a
"2568",7_00000000000000000676,"2021",76.1909833729184,103.063199562813,0.456237366576354,est1_004a
"2569",7_0000000000000000067e,"2024",76.1863887489463,103.088416233409,0.0111491808484652,est1_004a
"2570",7_00000000000000000681,"2024",76.2271068962288,103.094933145473,0.00940654156404355,est1_004a
"2571",7_00000000000000000687,"2021",76.2206605385944,103.113240114514,0.0496204992546064,est1_004a
"2572",7_0000000000000000069d,"2022",76.2062790558581,103.160228681469,0.0299743393135823,est1_004a
"2573",7_000000000000000006a1,"2022",76.1934935873369,103.180607825952,0.0188579889215937,est1_004a
"2574",7_000000000000000006a2,"2021",76.2215776816574,103.180641275251,0.025663907480401,est1_004a
"2575",7_000000000000000006a4,"2024",76.210171648664,103.196281440392,0.0136993405443545,est1_004a
"2576",7_000000000000000006b7,"2022",76.2231890281775,103.276106636366,0.0299389362574332,est1_004a
"2577",7_000000000000000006b6,"2019",76.2490316773003,103.266889791238,0.0170759503070424,est1_004a
"2578",7_000000000000000006b4,"2018",76.2488763722185,103.250673621582,0.0256140556925631,est1_004a
"2579",7_000000000000000006b3,"2023",76.2270824295599,103.25092155463,0.010261831273045,est1_004a
"2580",7_000000000000000006b2,"2021",76.2149985820706,103.233602034311,0.0282437795706699,est1_004a
"2581",7_00000000000000000501,"2022",76.2655858134488,103.086615595899,0.0247309828282011,est1_004a
"2582",7_00000000000000000502,"2023",76.265619282824,103.086958605945,0.0247309828282011,est1_004a
"2583",7_00000000000000000504,"2023",76.2534947149203,103.092548179617,0.0315813544968367,est1_004a
"2584",7_00000000000000000505,"2023",76.2641892027245,103.093335361553,0.0264398662343254,est1_004a
"2585",7_00000000000000000506,"2021",76.2609080248946,103.095994452605,0.0418018893714949,est1_004a
"2586",7_00000000000000000632,"2022",76.2760639019712,103.121840169264,0.0315298641768041,est1_004a
"2587",7_00000000000000000633,"2019",76.2874737173567,103.155642890896,0.00936633628004432,est1_004a
"2588",7_00000000000000000635,"2023",76.2892613775031,103.17811612729,0.0246919052388556,est1_004a
"2589",7_00000000000000000637,"2016",76.2731179006873,103.199973909519,0.0443219313935633,est1_004a
"2590",7_00000000000000000639,"2024",76.2919012095894,103.29765198073,0.0212796379288193,est1_004a
"2591",7_0000000000000000063d,"2019",76.2858951749204,103.311016253194,0.0757956502555358,est1_004a
"2592",7_00000000000000000682,"2024",76.2527553376254,103.094345082441,0.017072425036117,est1_004a
"2593",7_0000000000000000068d,"2021",76.2493818466875,103.111988431545,0.0315901161012442,est1_004a
"2594",7_000000000000000006b8,"2023",76.2228614777582,103.290799696764,0.0188196231228938,est1_004a
"2595",7_000000000000000006b9,"2022",76.2243866213297,103.325443694326,0.0675712256938484,est1_004a
"2596",7_000000000000000006ba,"2024",76.2178694278889,103.340234068905,0.0470663679412376,est1_004a
"2597",7_000000000000000006bb,"2023",76.2174010659999,103.340628646208,0.0470663679412376,est1_004a
"2598",7_000000000000000006bc,"2021",76.2268607400575,103.371208557486,0.0761070336837919,est1_004a
"2599",7_0000000000000000051f,"2021",76.0765712208157,102.167271144694,0.0881578864755645,est1_004a
"2600",7_0000000000000000051b,"2021",76.0595447233911,102.167654055233,0.0415366751378343,est1_004a
"2601",7_0000000000000000051a,"2022",76.0881676148346,102.170919708195,0.0172718473296168,est1_004a
"2602",7_00000000000000000520,"2022",76.08277556281,102.175383570924,0.0138232093403282,est1_004a
"2603",7_00000000000000000526,"2021",76.0640241963016,102.177251379831,0.0994873440267624,est1_004a
"2604",7_000000000000000003bc,"2022",76.1046383318038,102.178790659379,0.0914348779766612,est1_004a
"2605",7_00000000000000000521,"2022",76.1046383318038,102.178790659379,0.0914348779766612,est1_004a
"2606",7_00000000000000000529,"2021",76.04773241417,102.180910951139,0.0640911561045614,est1_004a
"2607",7_0000000000000000051d,"2021",76.0514036748965,102.181124280322,0.101303509033674,est1_004a
"2608",7_00000000000000000523,"2021",76.0543027486405,102.183676322305,0.0839675402153968,est1_004a
"2609",7_00000000000000000525,"2022",76.0295887882292,102.18633660667,0.0398879675396046,est1_004a
"2610",7_00000000000000000530,"2022",76.059332544052,102.187736568179,0.128938870218715,est1_004a
"2611",7_0000000000000000052b,"2021",76.0304375669019,102.188092082335,0.0398879675396046,est1_004a
"2612",7_00000000000000000531,"2021",76.0595755578392,102.188147845908,0.128938870218715,est1_004a
"2613",7_0000000000000000052d,"2023",76.046594563135,102.188500362893,0.00952788917260059,est1_004a
"2614",7_0000000000000000052a,"2023",76.0577146732065,102.188638761188,0.0138478403329606,est1_004a
"2615",7_0000000000000000052e,"2023",76.0408953495171,102.189589884996,0.0155966669894515,est1_004a
"2616",7_0000000000000000052c,"2023",76.0702365700842,102.191987389861,0.0103772058497283,est1_004a
"2617",7_00000000000000000535,"2022",76.0455605817734,102.194849742068,0.0285846896642144,est1_004a
"2618",7_00000000000000000534,"2021",76.0521900810985,102.197609029811,0.0658022958063756,est1_004a
"2619",7_00000000000000000533,"2021",76.0679929786232,102.197747614664,0.0570798471850885,est1_004a
"2620",7_00000000000000000536,"2021",76.0679929786232,102.197747614664,0.0570798471850885,est1_004a
"2621",7_00000000000000000539,"2021",76.0634610030194,102.203127789188,0.0198972726497771,est1_004a
"2622",7_00000000000000000538,"2022",76.0307888279744,102.206147669371,0.0554945832964311,est1_004a
"2623",7_0000000000000000053c,"2023",76.1103257508214,102.206459626131,0.0155209089476393,est1_004a
"2624",7_0000000000000000053d,"2024",76.0504805564364,102.207293244205,0.0112571321653664,est1_004a
"2625",7_00000000000000000537,"2021",76.059541410657,102.208025984976,0.14970793508325,est1_004a
"2626",7_0000000000000000053b,"2021",76.0676909257685,102.21009209018,0.0726444893499743,est1_004a
"2627",7_00000000000000000540,"2022",76.067514326363,102.211008458851,0.0726444893499743,est1_004a
"2628",7_00000000000000000541,"2021",76.0177942847005,102.211599339388,0.0425269595052223,est1_004a
"2629",7_00000000000000000544,"2023",76.0605213091488,102.211604360845,0.14970793508325,est1_004a
"2630",7_0000000000000000053e,"2022",76.0502179433225,102.213090975265,0.034636514772463,est1_004a
"2631",7_00000000000000000542,"2022",76.0505470320765,102.213628276933,0.034636514772463,est1_004a
"2632",7_0000000000000000053f,"2021",76.0947033136311,102.215529263201,0.0949549760074115,est1_004a
"2633",7_00000000000000000543,"2024",76.0328182533953,102.215668430204,0.0112706016270613,est1_004a
"2634",7_00000000000000000545,"2024",76.0092769044232,102.224955564521,0.0130268318095338,est1_004a
"2635",7_00000000000000000547,"2022",76.0273779558044,102.230122987976,0.0216834291091865,est1_004a
"2636",7_0000000000000000054b,"2024",76.0287136721714,102.241000863149,0.0112745247960187,est1_004a
"2637",7_00000000000000000548,"2021",76.0060763345576,102.257533133954,0.67396215020894,est1_004a
"2638",7_0000000000000000055b,"2021",76.0040583180953,102.271759924289,0.67396215020894,est1_004a
"2639",7_00000000000000000558,"2021",75.9775185317012,102.279800966116,0.0461273683115217,est1_004a
"2640",7_0000000000000000055e,"2021",75.9862095544176,102.281426504474,0.152215622940285,est1_004a
"2641",7_0000000000000000055f,"2022",75.9996043641743,102.287836725637,0.0156417760812957,est1_004a
"2642",7_00000000000000000560,"2022",75.998040913004,102.287889132907,0.0139054806003218,est1_004a
"2643",7_00000000000000000561,"2024",76.0269416815272,102.287993764617,0.019948853056381,est1_004a
"2644",7_00000000000000000564,"2023",76.0256996630139,102.29258686669,0.0199507041405813,est1_004a
"2645",7_00000000000000000563,"2021",76.0106614577934,102.295165888185,0.0564411017933873,est1_004a
"2646",7_00000000000000000569,"2023",76.0232216703746,102.302569568892,0.0303648721602174,est1_004a
"2647",7_0000000000000000056d,"2022",76.0233664767384,102.303150107129,0.0303648721602174,est1_004a
"2648",7_0000000000000000056e,"2021",75.9936847378797,102.309117948009,0.0669399717714298,est1_004a
"2649",7_0000000000000000056f,"2023",76.0185197256722,102.309810615688,0.0260356759303097,est1_004a
"2650",7_00000000000000000575,"2023",76.021592802681,102.314427720933,0.012147157646875,est1_004a
"2651",7_00000000000000000576,"2023",76.021592802681,102.314427720933,0.012147157646875,est1_004a
"2652",7_0000000000000000057a,"2021",75.9784162607216,102.315592712653,0.0504790325243481,est1_004a
"2653",7_00000000000000000578,"2021",75.9923259804499,102.323167659615,0.0269532933557944,est1_004a
"2654",7_00000000000000000579,"2021",76.0063575826009,102.323529479572,0.0608030825221821,est1_004a
"2655",7_0000000000000000057b,"2023",75.9731200611096,102.323771933932,0.0139290559583904,est1_004a
"2656",7_0000000000000000057d,"2022",75.9840707848843,102.326333732416,0.766361072805415,est1_004a
"2657",7_00000000000000000571,"2021",75.9850539933164,102.331186191415,0.766361072805415,est1_004a
"2658",7_00000000000000000585,"2021",76.0267568957076,102.335057908859,0.0346948766323379,est1_004a
"2659",7_00000000000000000583,"2022",75.9755240200032,102.335539341092,0.0191498114895549,est1_004a
"2660",7_00000000000000000581,"2018",76.0120267248418,102.336425006678,0.239645881546874,est1_004a
"2661",7_00000000000000000582,"2023",75.9743099727203,102.337442594463,0.0130573554678023,est1_004a
"2662",7_00000000000000000562,"2023",76.0429686066982,102.291078051014,0.0121286588110672,est1_004a
"2663",7_00000000000000000568,"2021",76.0504285205608,102.296924438198,0.0268430851472944,est1_004a
"2664",7_00000000000000000546,"2023",76.0513619898342,102.229487105675,0.0346356421974495,est1_004a
"2665",7_00000000000000000549,"2023",76.0513619898342,102.229487105675,0.0346356421974495,est1_004a
"2666",7_00000000000000000550,"2022",76.0561418654711,102.253577366098,0.027695928862144,est1_004a
"2667",7_0000000000000000054f,"2021",76.0596394622811,102.253779409125,0.111629358142083,est1_004a
"2668",7_00000000000000000555,"2023",76.0643462152388,102.263248247208,0.0190319444339884,est1_004a
"2669",7_00000000000000000557,"2023",76.06436161322,102.271955401087,0.0216275691879408,est1_004a
"2670",7_0000000000000000055d,"2023",76.0663669384342,102.287696799174,0.0198940798281224,est1_004a
"2671",7_0000000000000000055a,"2022",76.0679542289834,102.276972948597,0.0596739003208118,est1_004a
"2672",7_00000000000000000565,"2022",76.0686610656449,102.298303689403,0.0259434829802606,est1_004a
"2673",7_00000000000000000566,"2022",76.0686610656449,102.298303689403,0.0259434829802606,est1_004a
"2674",7_00000000000000000553,"2024",76.0729070272626,102.261214810216,0.00950906178258035,est1_004a
"2675",7_00000000000000000551,"2023",76.0752332107955,102.251211389966,0.0371705906470852,est1_004a
"2676",7_00000000000000000554,"2021",76.07582631895,102.281113449558,0.426134092905411,est1_004a
"2677",7_0000000000000000054d,"2022",76.0818631464549,102.245531319251,0.0241925013316941,est1_004a
"2678",7_00000000000000000577,"2022",76.0878989486192,102.312508495511,0.0708168104663751,est1_004a
"2679",7_00000000000000000573,"2022",76.0881476393705,102.308535481767,0.0708168104663751,est1_004a
"2680",7_0000000000000000057c,"2022",76.0885261961119,102.324199015492,0.0164068864688884,est1_004a
"2681",7_0000000000000000056a,"2023",76.0963865175574,102.305500918482,0.0267555420874409,est1_004a
"2682",7_0000000000000000056b,"2023",76.0963865175574,102.305500918482,0.0267555420874409,est1_004a
"2683",7_0000000000000000056c,"2023",76.1026914228854,102.306612436859,0.0120780260965803,est1_004a
"2684",7_00000000000000000552,"2021",76.1031630558091,102.242988259842,0.225153949390249,est1_004a
"2685",7_00000000000000000559,"2021",76.1034124401132,102.281003994614,0.0422722816823025,est1_004a
"2686",7_00000000000000000567,"2021",76.1060864086522,102.2981532532,0.0483028189156369,est1_004a
"2687",7_00000000000000000572,"2024",76.1074890292374,102.310696302668,0.0112115731107329,est1_004a
"2688",7_0000000000000000054c,"2023",76.1082353314549,102.241664260011,0.0146604463621744,est1_004a
"2689",7_00000000000000000570,"2022",76.1115874909312,102.310347568832,0.0232784052156554,est1_004a
"2690",7_00000000000000000574,"2022",76.1139526391144,102.308835968271,0.0267234725376945,est1_004a
"2691",7_0000000000000000057e,"2021",76.0944527769447,102.3215078025,0.187320245494217,est1_004a
"2692",7_0000000000000000057f,"2019",76.1125286891511,102.329701112021,0.0931058469768274,est1_004a
"2693",7_00000000000000000580,"2023",76.0758893443787,102.337809067482,0.0146941196375446,est1_004a
"2694",7_00000000000000000584,"2021",76.0461316970186,102.339074017566,0.0311832925722165,est1_004a
"2695",7_00000000000000000594,"2022",76.0929174590289,102.382662631197,0.0112230303621785,est1_004a
"2696",7_00000000000000000587,"2022",76.0163548614123,102.342387409969,0.0329835758018126,est1_004a
"2697",7_00000000000000000588,"2022",76.0343938217381,102.342904402365,0.0138690439935451,est1_004a
"2698",7_0000000000000000058a,"2024",76.0263474581369,102.354043424854,0.0121435393620591,est1_004a
"2699",7_0000000000000000058e,"2021",75.9903617541104,102.354792462516,0.062607328813916,est1_004a
"2700",7_0000000000000000058b,"2023",76.0395173442129,102.354969215374,0.0147316263806965,est1_004a
"2701",7_0000000000000000058d,"2022",76.0056891691719,102.355013980056,0.0156350540586361,est1_004a
"2702",7_00000000000000000589,"2021",76.0083240276413,102.356454886941,0.0347388201860289,est1_004a
"2703",7_0000000000000000058f,"2021",76.0083240276413,102.356454886941,0.0347388201860289,est1_004a
"2704",7_0000000000000000058c,"2021",75.9842184023253,102.356853179657,0.0400169915865297,est1_004a
"2705",7_00000000000000000591,"2024",76.0419396361565,102.364014720794,0.0129956741170403,est1_004a
"2706",7_00000000000000000592,"2023",75.975601053589,102.366010737568,0.0226312438260386,est1_004a
"2707",7_00000000000000000586,"2021",76.0178685888441,102.36644990571,0.3879506624546,est1_004a
"2708",7_00000000000000000590,"2021",75.9920612968832,102.372242501269,0.0991173830045874,est1_004a
"2709",7_00000000000000000593,"2022",75.9874002617489,102.375465296893,0.0452263736855844,est1_004a
"2710",7_00000000000000000596,"2022",76.0082438255628,102.389494017654,0.0173692541103453,est1_004a
"2711",7_00000000000000000597,"2021",76.0152683948426,102.39579563324,0.183177315675969,est1_004a
"2712",7_00000000000000000599,"2021",76.0144539355711,102.396241987106,0.183177315675969,est1_004a
"2713",7_00000000000000000595,"2020",75.9976857445393,102.396937360482,0.896070968008417,est1_004a
"2714",7_00000000000000000598,"2022",76.0317377682519,102.397185754743,0.0832441539652364,est1_004a
"2715",7_0000000000000000059a,"2021",76.0305194693626,102.400701514951,0.0997210779951181,est1_004a
"2716",7_0000000000000000059b,"2022",76.0291677720315,102.403732956048,0.0832491809251943,est1_004a
"2717",7_0000000000000000059c,"2023",76.0460297176042,102.406532559171,0.0225203665614819,est1_004a
"2718",7_0000000000000000059d,"2021",76.0129928827014,102.418260088085,0.0573009746568388,est1_004a
"2719",7_0000000000000000059f,"2022",76.0622864232678,102.42706149189,0.0320095520364804,est1_004a
"2720",7_000000000000000005a0,"2022",76.0625538797451,102.427423300779,0.0320095520364804,est1_004a
"2721",7_000000000000000005a1,"2023",76.0232220310738,102.428938482559,0.00954367439450923,est1_004a
"2722",7_000000000000000005a2,"2022",76.0434132125609,102.433108468002,0.0511148463105887,est1_004a
"2723",7_0000000000000000059e,"2018",76.0467836358004,102.433173129492,0.168023521085459,est1_004a
"2724",7_000000000000000005a4,"2023",76.0391466722342,102.433495343266,0.00953285306413056,est1_004a
"2725",7_000000000000000005a3,"2021",76.032503890711,102.43365434854,0.180332770314378,est1_004a
"2726",7_000000000000000005a5,"2023",75.9954216857186,102.436221110895,0.0173850012943385,est1_004a
"2727",7_000000000000000005a6,"2022",76.0361759045092,102.440308076196,0.0156018754464861,est1_004a
"2728",7_000000000000000005aa,"2022",76.0287650522459,102.444184840789,0.031220414959362,est1_004a
"2729",7_000000000000000005a7,"2022",76.0900537621701,102.44581027094,0.0215876235500176,est1_004a
"2730",7_000000000000000005a9,"2023",76.0899213578505,102.44620203204,0.0215876235500176,est1_004a
"2731",7_000000000000000005a8,"2024",76.042674637043,102.446676146569,0.00952973141426633,est1_004a
"2732",7_000000000000000005ab,"2023",76.0404885184081,102.448345874186,0.0155965823891941,est1_004a
"2733",7_000000000000000005ac,"2023",76.0404885184081,102.448345874186,0.0155965823891941,est1_004a
"2734",7_000000000000000005ad,"2023",76.0882191176361,102.460294463954,0.0164078277906667,est1_004a
"2735",7_000000000000000005ae,"2022",76.0175913298096,102.472833414547,0.0121507459808131,est1_004a
"2736",7_000000000000000005b0,"2022",76.0830178575488,102.475422613897,0.0336912825925095,est1_004a
"2737",7_000000000000000005b1,"2023",76.082763066752,102.475500687184,0.0336912825925095,est1_004a
"2738",7_000000000000000005af,"2023",76.0511024440142,102.478280518923,0.0129884566283659,est1_004a
"2739",7_000000000000000005b2,"2021",76.0875178697529,102.483299043754,0.0569996815860164,est1_004a
"2740",7_000000000000000005b5,"2021",76.0220748813131,102.484865613309,0.0225583459939213,est1_004a
"2741",7_000000000000000005b3,"2021",76.0945256564104,102.485782464813,0.159696817161412,est1_004a
"2742",7_000000000000000005b7,"2023",76.0403804189624,102.490797274137,0.0147301232130694,est1_004a
"2743",7_000000000000000005b6,"2024",76.089572831881,102.491148862233,0.0138166814873294,est1_004a
"2744",7_000000000000000005ba,"2023",76.0901546953866,102.496753116067,0.00949841715796973,est1_004a
"2745",7_000000000000000005b9,"2022",76.0961754053095,102.497631806388,0.0388389692346199,est1_004a
"2746",7_000000000000000005bc,"2024",76.0387057076779,102.504421412879,0.0103989438894072,est1_004a
"2747",7_000000000000000005be,"2022",76.0415352918164,102.505537560594,0.0190619648005199,est1_004a
"2748",7_000000000000000005bd,"2021",76.0189806524303,102.507525021841,0.0425242247591569,est1_004a
"2749",7_000000000000000005c0,"2022",76.0344586866508,102.511528152015,0.0156042599543337,est1_004a
"2750",7_000000000000000005c1,"2024",76.0152841683966,102.513510739154,0.00954851227740398,est1_004a
"2751",7_000000000000000005c2,"2022",76.0216051006784,102.51699880267,0.028632596338106,est1_004a
"2752",7_000000000000000005c6,"2023",76.0786507755514,102.529053102857,0.0172838372302118,est1_004a
"2753",7_000000000000000005c4,"2024",76.035438070548,102.529888724154,0.013868956518342,est1_004a
"2754",7_000000000000000005c5,"2024",76.0210660738848,102.532081359262,0.00954419046125199,est1_004a
"2755",7_000000000000000005cb,"2023",76.0763681071717,102.541530386592,0.0233369319047786,est1_004a
"2756",7_000000000000000005c7,"2021",76.0201571536888,102.541877200602,0.0494612117373481,est1_004a
"2757",7_000000000000000005c8,"2022",76.0291641199798,102.541892786033,0.0156096106674714,est1_004a
"2758",7_000000000000000005cc,"2023",76.075564287366,102.552163413501,0.0112366201025056,est1_004a
"2759",7_000000000000000005cd,"2022",76.0766968862256,102.556412024609,0.0146927891206583,est1_004a
"2760",7_000000000000000005d0,"2018",76.0531043204611,102.561721249848,0.0424232064668938,est1_004a
"2761",7_000000000000000005d1,"2023",76.0131107332684,102.562462566364,0.0121543807615136,est1_004a
"2762",7_000000000000000005cf,"2021",76.0221962183415,102.56405622275,0.0425140516250017,est1_004a
"2763",7_000000000000000005d3,"2021",76.0844672060035,102.566450837387,0.189176838300053,est1_004a
"2764",7_000000000000000005d2,"2016",76.0764058577199,102.572021021745,0.0648246577312988,est1_004a
"2765",7_000000000000000005d6,"2021",76.0179061591678,102.573957698556,0.137130946837228,est1_004a
"2766",7_000000000000000005d5,"2018",76.0786129314813,102.578070338609,0.0190125628002351,est1_004a
"2767",7_000000000000000005d7,"2023",76.0237393998263,102.583708998229,0.0156149827465873,est1_004a
"2768",7_000000000000000005da,"2016",76.0221197608717,102.599694955422,0.0121471777466662,est1_004a
"2769",7_000000000000000005db,"2022",76.0842721711453,102.60143486403,0.0138213273968877,est1_004a
"2770",7_000000000000000005dc,"2021",76.0538602708101,102.602091966951,0.0536720325304684,est1_004a
"2771",7_000000000000000005de,"2023",76.0857856301257,102.614371470326,0.0138197107948057,est1_004a
"2772",7_000000000000000005df,"2023",76.0817574637138,102.615105181616,0.0155515204767928,est1_004a
"2773",7_000000000000000005e0,"2023",76.0714356275034,102.617962525982,0.0371774996626313,est1_004a
"2774",7_000000000000000005e1,"2023",76.0330670837526,102.619150156541,0.0234072994151361,est1_004a
"2775",7_000000000000000005e4,"2023",76.0330670837526,102.619150156541,0.0234072994151361,est1_004a
"2776",7_000000000000000005e2,"2023",76.0718398655657,102.619587407478,0.0371774996626313,est1_004a
"2777",7_000000000000000005e3,"2021",76.0754592561846,102.6234543447,0.0838458032110039,est1_004a
"2778",7_000000000000000005e6,"2022",76.0868438379398,102.630702321549,0.0198647441412787,est1_004a
"2779",7_000000000000000005e5,"2020",76.0802106333126,102.632454074487,0.135664135562895,est1_004a
"2780",7_000000000000000005e9,"2023",76.0927693011491,102.646834328476,0.0155403273926249,est1_004a
"2781",7_000000000000000005e8,"2021",76.070046021315,102.649366941083,0.144415147350748,est1_004a
"2782",7_000000000000000005ea,"2024",76.0941235968873,102.649434043137,0.00949545396594238,est1_004a
"2783",7_000000000000000005eb,"2022",76.0595464621223,102.653600921959,0.0311522591217264,est1_004a
"2784",7_000000000000000005e7,"2021",76.0873085716506,102.654409585088,0.339414635973145,est1_004a
"2785",7_000000000000000005ed,"2021",76.0694005056498,102.655533819001,0.144415147350748,est1_004a
"2786",7_000000000000000005ee,"2021",76.0892215781898,102.659402700265,0.339414635973145,est1_004a
"2787",7_000000000000000005ec,"2022",76.0628533976959,102.659848861112,0.0207640229806547,est1_004a
"2788",7_000000000000000005ef,"2021",76.087710742343,102.673108815558,0.0431834860916193,est1_004a
"2789",7_000000000000000005f0,"2019",75.9780939315276,102.682312304673,0.00957318767366527,est1_004a
"2790",7_000000000000000005f6,"2021",76.0835811817207,102.683186015448,0.123538410052172,est1_004a
"2791",7_000000000000000005f1,"2022",76.070329079899,102.684966229549,0.0544755574862008,est1_004a
"2792",7_000000000000000005f5,"2023",76.0701964012793,102.685842163708,0.0544755574862008,est1_004a
"2793",7_000000000000000005f2,"2016",75.978987459985,102.688541938894,0.0165347524461898,est1_004a
"2794",7_000000000000000005f3,"2020",76.0759256824543,102.68908891974,0.0708761655611941,est1_004a
"2795",7_000000000000000005f4,"2023",76.0675614948274,102.690477642562,0.0164320389779787,est1_004a
"2796",7_000000000000000005f8,"2016",75.9821863273488,102.691275794033,0.110497556487287,est1_004a
"2797",7_000000000000000005f7,"2016",75.9744001172709,102.692606477184,0.0330791723720423,est1_004a
"2798",7_000000000000000005fa,"2023",76.0685219501779,102.703294304662,0.022486072887909,est1_004a
"2799",7_000000000000000005f9,"2016",75.9804187768346,102.708181777474,0.0870182955851693,est1_004a
"2800",7_000000000000000005fb,"2016",75.9803731860204,102.711717126464,0.0887586955212183,est1_004a
"2801",7_000000000000000005fe,"2021",76.0793477779905,102.71434164846,0.226403361061262,est1_004a
"2802",7_000000000000000005fc,"2016",75.9804266769314,102.716301175817,0.0565602292367235,est1_004a
"2803",7_000000000000000005fd,"2021",76.0853234152026,102.724902826418,0.0449176112086349,est1_004a
"2804",7_00000000000000000621,"2024",76.4423007717718,103.422158323569,0.0126305984800603,est1_004a
"2805",7_00000000000000000622,"2019",76.438291214497,103.434440178638,0.0471692223878168,est1_004a
"2806",7_00000000000000000623,"2022",76.4480337281672,103.442744182487,0.0252496502337789,est1_004a
"2807",7_00000000000000000624,"2022",76.4532831241519,103.446792589266,0.0201935299611123,est1_004a
"2808",7_00000000000000000625,"2022",76.4479771465974,103.458098786785,0.0799617866179734,est1_004a
"2809",7_00000000000000000626,"2024",76.4455655406954,103.469481549795,0.0117860726512024,est1_004a
"2810",7_00000000000000000627,"2020",76.4487034205138,103.503404519279,0.0782739156419496,est1_004a
"2811",7_00000000000000000628,"2021",76.4653042971821,103.548970778526,0.0411907789781023,est1_004a
"2812",7_00000000000000000629,"2018",76.4740340067477,103.711688395889,0.0134419537836189,est1_004a
"2813",7_0000000000000000062a,"2021",76.4580765021227,103.72871128712,0.105139327693555,est1_004a
"2814",7_0000000000000000062b,"2019",76.4400383924105,103.733252136203,0.138116204042609,est1_004a
"2815",7_0000000000000000062c,"2021",76.4281066680657,103.734476489446,0.10873450490067,est1_004a
"2816",7_0000000000000000062f,"2021",76.4365990629449,103.740600799342,0.131412236633367,est1_004a
"2817",7_0000000000000000062e,"2023",76.4360097721169,103.743037507637,0.131412236633367,est1_004a
"2818",7_0000000000000000062d,"2023",76.441575614719,103.745787032025,0.00926308521224816,est1_004a
"2819",7_00000000000000000631,"2022",76.4352087256051,103.761102404592,0.0480206770822659,est1_004a
"2820",7_00000000000000000630,"2022",76.4243189031041,103.76589656333,0.031196413502087,est1_004a
"2821",7_0000000000000000064e,"2024",76.4246219716389,103.413696121183,0.0101181874026767,est1_004a
"2822",7_0000000000000000063f,"2018",76.3801198240156,103.338298754097,0.0405957571319427,est1_004a
"2823",7_00000000000000000456,"2024",76.5048414907208,103.346142911682,0.00502957745802806,est1_004a
"2824",7_00000000000000000641,"2016",76.3572721797539,103.347430135159,0.426990960364281,est1_004a
"2825",7_00000000000000000640,"2021",76.376401668907,103.349614308787,0.011844686662365,est1_004a
"2826",7_00000000000000000619,"2021",76.4456909500694,103.349840831697,0.021044245128464,est1_004a
"2827",7_00000000000000000642,"2016",76.3798858937867,103.357944550387,0.0177647298739945,est1_004a
"2828",7_0000000000000000061b,"2021",76.4978547762643,103.360303232941,0.0570292304485739,est1_004a
"2829",7_0000000000000000061a,"2021",76.4978547762643,103.360303232941,0.0570292304485739,est1_004a
"2830",7_00000000000000000643,"2021",76.4318082952574,103.371626814772,0.0261236240819665,est1_004a
"2831",7_0000000000000000061c,"2021",76.5009794211655,103.374388024231,0.0989387619199959,est1_004a
"2832",7_00000000000000000644,"2016",76.3413351768145,103.375880450306,0.0551328482614612,est1_004a
"2833",7_00000000000000000647,"2023",76.3161330438308,103.377617415874,0.0339885935874083,est1_004a
"2834",7_00000000000000000645,"2021",76.424817480712,103.380502723216,0.0632339237422231,est1_004a
"2835",7_0000000000000000061e,"2023",76.5118310191442,103.383309209283,0.013404811182516,est1_004a
"2836",7_0000000000000000061d,"2019",76.442472911254,103.385184636097,0.0488366140347401,est1_004a
"2837",7_00000000000000000648,"2024",76.3223936564542,103.388363691315,0.0152886229487889,est1_004a
"2838",7_00000000000000000649,"2016",76.4289641030817,103.389722801454,0.0750116127917075,est1_004a
"2839",7_0000000000000000064a,"2024",76.3203520595895,103.390642197085,0.00934436140457347,est1_004a
"2840",7_0000000000000000064b,"2016",76.4158892124176,103.390775089075,0.159444275256882,est1_004a
"2841",7_00000000000000000646,"2020",76.4317038996372,103.391901496296,0.221626979476062,est1_004a
"2842",7_0000000000000000064c,"2021",76.3252679395572,103.393664076475,0.0237763958779527,est1_004a
"2843",7_0000000000000000061f,"2024",76.5119718497855,103.394124167805,0.0134039984157166,est1_004a
"2844",7_0000000000000000064d,"2020",76.3391650170455,103.402331576542,0.0924636443933732,est1_004a
"2845",7_00000000000000000620,"2021",76.4431223444532,103.404255411156,0.0303110908323223,est1_004a
"2846",7_00000000000000000650,"2021",76.3189306029448,103.409597461327,0.0866566241347119,est1_004a
"2847",7_0000000000000000063c,"2022",76.3199440414131,103.309567578606,0.0135922152601843,est1_004a
"2848",7_0000000000000000063e,"2023",76.3198690517493,103.324684286127,0.0118929743290939,est1_004a
"2849",7_0000000000000000064f,"2021",76.4036758501093,103.42049715665,0.0591032993428178,est1_004a
"2850",7_00000000000000000651,"2019",76.3396690748882,103.422448777568,0.0814361831460769,est1_004a
"2851",7_00000000000000000652,"2023",76.4041133470117,103.432803375625,0.0253296914997468,est1_004a
"2852",7_00000000000000000654,"2021",76.3147050513139,103.437400504373,0.0900807071962063,est1_004a
"2853",7_00000000000000000653,"2024",76.3366319430637,103.438624452804,0.010182138200125,est1_004a
"2854",7_00000000000000000658,"2023",76.2803480461799,103.442141314264,0.0170379068658797,est1_004a
"2855",7_00000000000000000657,"2023",76.312742144855,103.443687335395,0.0110491552846865,est1_004a
"2856",7_00000000000000000655,"2023",76.2771331166588,103.444168819936,0.014485337640495,est1_004a
"2857",7_0000000000000000065b,"2021",76.3161234308454,103.447073008152,0.015296175726183,est1_004a
"2858",7_00000000000000000659,"2022",76.2999247488935,103.448588665885,0.0263711256433612,est1_004a
"2859",7_0000000000000000065c,"2023",76.2789023745763,103.448807483703,0.0119280791393756,est1_004a
"2860",7_0000000000000000065a,"2021",76.3018478328557,103.451644490992,0.0544374865286998,est1_004a
"2861",7_00000000000000000656,"2021",76.2842085317806,103.451886230142,0.246980947382008,est1_004a
"2862",7_0000000000000000065d,"2024",76.2763999357662,103.454120297402,0.0119304526439374,est1_004a
"2863",7_0000000000000000065e,"2022",76.285073682222,103.463538798857,0.246980947382008,est1_004a
"2864",7_0000000000000000065f,"2022",76.2669085262231,103.479920487814,0.0187597930036463,est1_004a
"2865",7_00000000000000000660,"2021",76.2620362202243,103.490161241837,0.0358281394841397,est1_004a
"2866",7_00000000000000000661,"2023",76.2641502157293,103.519166626554,0.00938189040212076,est1_004a
"2867",7_00000000000000000662,"2022",76.3600048762221,103.553546940806,0.0465851697832134,est1_004a
"2868",7_00000000000000000663,"2024",76.3557468510613,103.556913278917,0.0118614181688578,est1_004a
"2869",7_00000000000000000664,"2024",76.3423250557936,103.57087888792,0.0135693740022406,est1_004a
"2870",7_00000000000000000665,"2021",76.3642663803002,103.57825721976,0.179530390801193,est1_004a
"2871",7_00000000000000000666,"2022",76.3248790487073,103.612185708188,0.0280236312698566,est1_004a
"2872",7_00000000000000000667,"2016",76.2656784046251,103.872052629478,0.017055996796427,est1_004a
"2873",7_00000000000000000668,"2019",76.2663614117324,103.877428793453,0.0383753799783878,est1_004a
"2874",7_00000000000000000669,"2024",76.2661591393735,103.894205017971,0.00255825199173266,est1_004a
"2875",7_0000000000000000066a,"2023",76.4033360470987,103.949310377284,0.012667066073032,est1_004a
"2876",7_000000000000000006bd,"2016",76.2174204103046,103.807816676841,0.0231052039554117,est1_004a
"2877",7_000000000000000006be,"2023",76.2244933529749,103.812769553046,0.0119742911500043,est1_004a
"2878",7_000000000000000006bf,"2019",76.2179990907539,103.820232555846,0.0213925295374695,est1_004a
"2879",7_000000000000000006c0,"2023",76.2219666703065,103.814124220436,0.0213864008782802,est1_004a
"2880",7_000000000000000006c1,"2023",76.2219666703065,103.814124220436,0.0213864008782802,est1_004a
"2881",7_000000000000000006c2,"2019",76.2179990907539,103.820232555846,0.0213925295374695,est1_004a
"2882",7_000000000000000006c3,"2016",76.2226630924523,103.836113995937,0.0316517880863275,est1_004a
"2883",7_000000000000000006c8,"2023",76.2357062636011,103.908757726523,0.0102548660494405,est1_004a
"2884",7_000000000000000006c9,"2023",76.2467555572895,103.935707255769,0.00939377695194205,est1_004a
"2885",7_000000000000000006ca,"2022",76.2446591610775,103.949769464292,0.0350176735577614,est1_004a
"2886",7_000000000000000006cb,"2022",76.2446591610775,103.949769464292,0.0350176735577614,est1_004a
"2887",7_000000000000000006cc,"2021",76.3064396153904,104.004401323428,0.0153051322858603,est1_004a
"2888",7_000000000000000006cd,"2021",76.3398410415679,104.131127372066,0.0220543016475546,est1_004a
"2889",7_000000000000000006ce,"2019",76.3360456876696,104.137805404197,0.033940534872078,est1_004a
"2890",7_000000000000000006cf,"2019",76.335759327311,104.139477214267,0.033940534872078,est1_004a
"2891",7_000000000000000006d0,"2018",76.3366059290983,104.14724518535,0.0271511065651692,est1_004a
"2892",7_000000000000000006d1,"2018",76.3364663458899,104.156272375609,0.0890887492645592,est1_004a
"2893",7_000000000000000006d2,"2016",76.3375550585873,104.172186444831,0.0619344173434601,est1_004a
"2894",7_000000000000000006d3,"2016",76.3295442879601,104.262658036276,0.0127330368144763,est1_004a
"2895",7_000000000000000006d4,"2016",76.330166075552,104.271865667897,0.0195242383870718,est1_004a
"2896",7_000000000000000006d5,"2022",76.3258592686931,104.294165446768,0.0186805153326785,est1_004a
"2897",7_000000000000000004f2,"2021",76.2165009910732,103.016621815259,0.0402240216149724,est1_004a
"2898",7_000000000000000004ef,"2023",76.1783298069563,103.018084506355,0.0137295699620614,est1_004a
"2899",7_000000000000000004f1,"2021",76.235116070879,103.020645774341,0.0376064520577846,est1_004a
"2900",7_0000000000000000066d,"2021",76.1818618788896,103.026513292665,0.0214475339723027,est1_004a
"2901",7_000000000000000004f3,"2021",76.1818618788896,103.026513292665,0.0214475339723027,est1_004a
"2902",7_000000000000000004f5,"2021",76.2168281689497,103.026513276314,0.0171147123911432,est1_004a
"2903",7_000000000000000004f4,"2023",76.2014226750206,103.026913714909,0.0119940214862747,est1_004a
"2904",7_000000000000000004f6,"2022",76.184134385728,103.030688770049,0.207598651720834,est1_004a
"2905",7_0000000000000000066e,"2021",76.1826084736008,103.033714890964,0.207598651720834,est1_004a
"2906",7_000000000000000004f7,"2021",76.1907512258335,103.039905159656,0.451949056833215,est1_004a
"2907",7_00000000000000000670,"2021",76.1984700222242,103.041520926323,0.194513949573392,est1_004a
"2908",7_00000000000000000672,"2021",76.2029654105758,103.044186277558,0.320414642757064,est1_004a
"2909",7_0000000000000000066f,"2023",76.1845267714682,103.044513191391,0.00943544311421626,est1_004a
"2910",7_000000000000000004fb,"2021",76.2038933502555,103.046128323278,0.145613168838364,est1_004a
"2911",7_00000000000000000671,"2016",76.1512840584821,103.047872139865,0.0189148729133119,est1_004a
"2912",7_000000000000000004f9,"2021",76.2132817819864,103.049146110388,0.149804891427363,est1_004a
"2913",7_000000000000000004fc,"2023",76.2056487979156,103.050894822853,0.0950789890333933,est1_004a
"2914",7_00000000000000000675,"2021",76.2116143177553,103.053548927461,0.114712855226887,est1_004a
"2915",7_00000000000000000677,"2022",76.2003955912065,103.060773875903,0.0188501836466353,est1_004a
"2916",7_00000000000000000678,"2024",76.1887897198184,103.064847682126,0.00943228364857577,est1_004a
"2917",7_00000000000000000679,"2021",76.1862335602847,103.074979260811,0.0411654061300361,est1_004a
"2918",7_0000000000000000067a,"2023",76.1975622741484,103.075160194869,0.0119973115722627,est1_004a
"2919",7_0000000000000000067b,"2022",76.154942357471,103.07534324891,0.022348889266911,est1_004a
"2920",7_000000000000000006c4,"2016",75.7227033857211,103.028990814493,0.0752925285410201,est1_004a
"2921",7_000000000000000006c5,"2019",75.7259968662117,103.050901095805,0.0150559048583185,est1_004a
"2922",7_0000000000000000067d,"2022",76.1560734264521,103.086058002702,0.0111729043126957,est1_004a
"2923",7_0000000000000000067c,"2021",76.1999267191939,103.086917161732,0.0359870379845328,est1_004a
"2924",7_00000000000000000680,"2021",76.1767570603335,103.092027342477,0.0343292563871681,est1_004a
"2925",7_00000000000000000684,"2021",76.2216749467761,103.095643239821,0.0282315220864539,est1_004a
"2926",7_0000000000000000067f,"2021",76.201385763499,103.096822243841,0.108804366518808,est1_004a
"2927",7_00000000000000000683,"2023",76.1740919446712,103.097694801382,0.0145920157315411,est1_004a
"2928",7_00000000000000000685,"2021",76.1514759008374,103.101572824557,0.0429873836972783,est1_004a
"2929",7_00000000000000000689,"2021",76.1907427143023,103.103569589813,0.0840211949649629,est1_004a
"2930",7_00000000000000000688,"2023",76.1759511443334,103.108054912768,0.0266063116214082,est1_004a
"2931",7_0000000000000000068b,"2021",76.2459588267086,103.110227316907,0.0640488969035433,est1_004a
"2932",7_00000000000000000686,"2023",76.2271813070046,103.110223782673,0.035061616689821,est1_004a
"2933",7_0000000000000000068a,"2023",76.1488064964178,103.112572694423,0.00945930203224569,est1_004a
"2934",7_0000000000000000068c,"2021",76.1615160999177,103.117238292835,0.0738850572484166,est1_004a
"2935",7_0000000000000000068e,"2024",76.2137528257515,103.118392234325,0.0111280838787751,est1_004a
"2936",7_0000000000000000068f,"2024",76.2338197895402,103.123383107958,0.0136755488172645,est1_004a
"2937",7_00000000000000000693,"2021",76.2117676664246,103.127062073342,0.0573577710612181,est1_004a
"2938",7_00000000000000000692,"2024",76.2442075750774,103.133348335755,0.00939455121950348,est1_004a
"2939",7_00000000000000000691,"2022",76.1976791767731,103.13695074716,0.0599861762884762,est1_004a
"2940",7_00000000000000000697,"2021",76.1829991986213,103.138688811126,0.123532827603731,est1_004a
"2941",7_00000000000000000695,"2021",76.2454649212302,103.139237208988,0.0179344684462112,est1_004a
"2942",7_00000000000000000694,"2024",76.1599782682522,103.141083169886,0.0180438680695667,est1_004a
"2943",7_0000000000000000069b,"2022",76.1809439995962,103.153506529741,0.0214486490150901,est1_004a
"2944",7_0000000000000000069c,"2016",76.1594665689987,103.158837179076,0.0300743180599856,est1_004a
"2945",7_000000000000000006a0,"2021",76.1738888723552,103.172893474543,0.270395746545991,est1_004a
"2946",7_000000000000000006a5,"2020",76.1701160732242,103.199714120045,0.0206072418094382,est1_004a
"2947",7_000000000000000006a7,"2024",76.201705017639,103.203984458358,0.0102802268920571,est1_004a
"2948",7_000000000000000006a8,"2021",76.1814939303686,103.205691490559,0.0351732225225672,est1_004a
"2949",7_000000000000000006a6,"2016",76.176143310609,103.209214241674,0.262624675583956,est1_004a
"2950",7_000000000000000006ab,"2016",76.1760359039155,103.216622826224,0.262624675583956,est1_004a
"2951",7_00000000000000000696,"2024",76.2024910607273,103.142786718563,0.0137048842046335,est1_004a
"2952",7_00000000000000000699,"2021",76.206624875374,103.152519054184,0.0205545625306654,est1_004a
"2953",7_0000000000000000069a,"2016",76.2273578213515,103.156128600461,0.212078077861869,est1_004a
"2954",7_000000000000000006b1,"2021",76.1804559316607,103.233522020087,0.102958277364908,est1_004a
"2955",7_0000000000000000069e,"2022",76.2029504161775,103.167745635908,0.00942226917351143,est1_004a
"2956",7_0000000000000000069f,"2018",76.2255338484248,103.163815747572,0.212078077861869,est1_004a
"2957",7_000000000000000006a3,"2024",76.2047558371516,103.186346498463,0.0111347275670783,est1_004a
"2958",7_000000000000000006a9,"2023",76.2256873834718,103.210706691547,0.0145395040800565,est1_004a
"2959",7_000000000000000006aa,"2022",76.2224332350951,103.213217519699,0.0188208156415022,est1_004a
"2960",7_000000000000000006ac,"2024",76.2226806132673,103.223433194163,0.0153973671240255,est1_004a
"2961",7_000000000000000006ad,"2021",76.225746475106,103.229779946718,0.0915111565809824,est1_004a
"2962",7_000000000000000006ae,"2022",76.2329776865652,103.22479162714,0.016241402968531,est1_004a
"2963",7_000000000000000006af,"2022",76.2126913758634,103.226720714125,0.0171198536441951,est1_004a
"2964",7_000000000000000006b0,"2022",76.2310931610496,103.229377632663,0.0145351769628642,est1_004a
"2965",7_00000000000000000324,"2022",76.2059291923471,101.519670068616,0.0291190138055029,est1_003
"2966",7_000000000000000003eb,"2016",75.79122924545,101.583847018906,0.0670048972374259,est1_003
"2967",7_000000000000000003ed,"2022",75.7901136069047,101.596502583958,0.0158711475572986,est1_003
"2968",7_00000000000000000419,"2018",75.7801256732629,101.580459280604,0.0105875087662517,est1_003
"2969",7_0000000000000000041a,"2022",75.7812176692683,101.592990925998,0.0379389779585494,est1_003
"2970",7_0000000000000000041b,"2022",75.7778427881444,101.593480522405,0.0132372402082099,est1_003
"2971",7_0000000000000000041c,"2016",75.7826858652349,101.598043778348,0.0123501692658568,est1_003
"2972",7_00000000000000000343,"2024",76.1495321487447,101.791556916617,0.0180574113786503,est1_003
"2973",7_00000000000000000325,"2023",76.1946692875643,101.849841597442,0.0180002955081617,est1_003
"2974",7_00000000000000000327,"2024",76.2030130770452,101.854435143782,0.0239852318522424,est1_003
"2975",7_00000000000000000326,"2024",76.2030130770452,101.854435143782,0.0239852318522424,est1_003
"2976",7_00000000000000000328,"2022",76.1974430537918,101.865947421168,0.0154236005780075,est1_003
"2977",7_0000000000000000032a,"2024",76.1942285647851,101.869908652209,0.00942840916058597,est1_003
"2978",7_0000000000000000032b,"2019",76.2040994446388,101.873145624305,0.0925085638275685,est1_003
"2979",7_00000000000000000329,"2023",76.1909203279217,101.874481717406,0.0265776224027049,est1_003
"2980",7_0000000000000000032d,"2022",76.2046959326139,101.878455328132,0.0925085638275685,est1_003
"2981",7_0000000000000000032c,"2021",76.1950511139375,101.881713439596,0.0942798013023221,est1_003
"2982",7_0000000000000000032f,"2022",76.2105603094335,101.886553340328,0.0111303456083786,est1_003
"2983",7_0000000000000000032e,"2021",76.199811082577,101.886759523494,0.041125773269859,est1_003
"2984",7_00000000000000000330,"2018",76.1847456112509,101.893870318133,0.106367158510825,est1_003
"2985",7_00000000000000000331,"2022",76.1738368375226,101.898115292497,0.0274683365613527,est1_003
"2986",7_00000000000000000332,"2023",76.173992013819,101.906682400102,0.0103021545644864,est1_003
"2987",7_00000000000000000334,"2023",76.181671971813,101.910500450659,0.0265952710333865,est1_003
"2988",7_00000000000000000335,"2024",76.1816975639081,101.911797882444,0.0265952710333865,est1_003
"2989",7_00000000000000000333,"2023",76.1880471686345,101.912694221586,0.0111487827040913,est1_003
"2990",7_00000000000000000336,"2024",76.2110824027847,101.923361015825,0.0231164025737088,est1_003
"2991",7_00000000000000000337,"2023",76.1886864286479,101.927048317044,0.0154344916418176,est1_003
"2992",7_00000000000000000338,"2021",76.1979602029154,101.948316470761,0.0462750750623083,est1_003
"2993",7_00000000000000000423,"2021",76.4713734491345,102.84470514282,0.0378116651837363,est1_003
"2994",7_00000000000000000424,"2022",76.4675920383544,102.876948728102,0.0310978376715837,est1_003
"2995",7_00000000000000000425,"2023",76.4648833042449,102.881516218387,0.022698919965411,est1_003
"2996",7_00000000000000000427,"2022",76.4812242551099,102.917455851802,0.0327470099338007,est1_003
"2997",7_00000000000000000426,"2024",76.4776879218451,102.917801584079,0.00923891825832448,est1_003
"2998",7_00000000000000000429,"2024",76.4849887479748,102.926719469329,0.0109128523231317,est1_003
"2999",7_00000000000000000428,"2023",76.4775870232809,102.928168586115,0.0218373792093086,est1_003
"3000",7_0000000000000000042a,"2016",76.4827994169653,102.929575029566,0.0612913623034818,est1_003
"3001",7_0000000000000000042b,"2016",76.4825243081917,102.930239152322,0.0612913623034818,est1_003
"3002",7_0000000000000000042c,"2024",76.4681330887751,102.936323310578,0.0092456583750137,est1_003
"3003",7_0000000000000000042d,"2022",76.4664334082253,102.942244991583,0.0168110992570267,est1_003
"3004",7_0000000000000000042e,"2022",76.4817072470238,102.944873234614,0.047018564313807,est1_003
"3005",7_0000000000000000042f,"2016",76.4871975334616,102.947626000494,0.0125896510814887,est1_003
"3006",7_00000000000000000430,"2018",76.474985482345,102.982984032181,0.273855235789254,est1_003
"3007",7_00000000000000000432,"2021",76.4694218787005,102.990666054702,0.0563049466297175,est1_003
"3008",7_00000000000000000431,"2016",76.4940751440501,102.990937364352,0.0192938008705693,est1_003
"3009",7_00000000000000000433,"2016",76.4908395554795,102.997388583704,0.174522373962664,est1_003
"3010",7_00000000000000000434,"2018",76.4831614138644,103.028667698055,0.607805075051639,est1_003
"3011",7_00000000000000000435,"2022",76.4866968305899,103.029870824982,0.607805075051639,est1_003
"3012",7_00000000000000000436,"2024",76.4839107724355,103.032091835207,0.010074471618755,est1_003
"3013",7_00000000000000000437,"2023",76.4828866693193,103.036942723042,0.0125936181379504,est1_003
"3014",7_00000000000000000438,"2023",76.4914540177067,103.037589420987,0.0176203469540368,est1_003
"3015",7_00000000000000000439,"2023",76.4854840635814,103.037985245033,0.0360950283180963,est1_003
"3016",7_0000000000000000043a,"2021",76.4719146745334,103.042559455122,0.164674522753528,est1_003
"3017",7_0000000000000000043b,"2024",76.4925346111529,103.044758076396,0.00922839568427852,est1_003
"3018",7_0000000000000000043c,"2022",76.4731551575057,103.045636066602,0.164674522753528,est1_003
"3019",7_0000000000000000043e,"2019",76.4941515779146,103.054639549448,0.0109056161149163,est1_003
"3020",7_0000000000000000043d,"2023",76.4687516707933,103.057963425855,0.0126061039345109,est1_003
"3021",7_0000000000000000043f,"2023",76.4860950758323,103.102866171906,0.0201457574913773,est1_003
"3022",7_00000000000000000440,"2021",76.502184273933,103.117267781265,0.018444308823377,est1_003
"3023",7_00000000000000000441,"2022",76.4860104877358,103.124523982172,0.0360936262678439,est1_003
"3024",7_00000000000000000442,"2021",76.5131646330134,103.143280672676,0.181781461998615,est1_003
"3025",7_0000000000000000045d,"2018",76.318133091965,102.757161127395,0.0127442994556641,est1_003
"3026",7_0000000000000000045e,"2018",76.318133091965,102.757161127395,0.0127442994556641,est1_003
"3027",7_0000000000000000045f,"2016",76.3217938159373,102.771516781684,0.0721974700888853,est1_003
"3028",7_00000000000000000460,"2016",76.3240394577558,102.779772231287,0.0305733957270366,est1_003
"3029",7_00000000000000000461,"2016",76.3264098096807,102.785876236407,0.0169819261489112,est1_003
"3030",7_00000000000000000462,"2022",76.4559235494488,102.864595040828,0.105153974701397,est1_003
"3031",7_00000000000000000463,"2023",76.4648833042449,102.881516218387,0.022698919965411,est1_003
"3032",7_00000000000000000464,"2022",76.3102012207699,103.093468018568,0.0374036086695964,est1_003
"3033",7_00000000000000000465,"2021",76.4129786188136,103.133306260214,0.030377293558928,est1_003
"3034",7_00000000000000000443,"2024",76.5033143638168,103.232191607535,0.0100599797266007,est1_003
"3035",7_00000000000000000445,"2021",76.5019041426112,103.24590534051,0.0670721332436479,est1_003
"3036",7_00000000000000000444,"2022",76.4459663185648,103.247948386607,0.0185194628440559,est1_003
"3037",7_00000000000000000448,"2021",76.5057944836882,103.253019690699,0.0645351067013965,est1_003
"3038",7_00000000000000000447,"2021",76.5078406450925,103.259354001829,0.0360359287451155,est1_003
"3039",7_00000000000000000446,"2021",76.4878812414371,103.262309967502,0.106585687009923,est1_003
"3040",7_00000000000000000449,"2021",76.5114143737532,103.2625067653,0.0351897795872715,est1_003
"3041",7_0000000000000000044b,"2021",76.4858018911738,103.266560880148,0.106585687009923,est1_003
"3042",7_0000000000000000044a,"2020",76.4966057486423,103.269784321265,0.171938340665244,est1_003
"3043",7_0000000000000000044c,"2019",76.4919281766635,103.272944294207,0.04278925367048,est1_003
"3044",7_0000000000000000044d,"2024",76.5100618008022,103.275499518396,0.0444073880808653,est1_003
"3045",7_0000000000000000044e,"2023",76.5102588096815,103.275896251235,0.0444073880808653,est1_003
"3046",7_00000000000000000466,"2023",76.437764985185,103.277103760613,0.0109500913676947,est1_003
"3047",7_0000000000000000044f,"2021",76.4918913549816,103.289849819162,0.0553744271186397,est1_003
"3048",7_00000000000000000638,"2021",76.4324132565304,103.297163071783,0.0867923138568807,est1_003
"3049",7_00000000000000000613,"2021",76.4475438719936,103.298422791335,0.027777932817751,est1_003
"3050",7_00000000000000000614,"2021",76.4475438719936,103.298422791335,0.027777932817751,est1_003
"3051",7_0000000000000000063a,"2023",76.4291788502341,103.299357064448,0.00927135163324617,est1_003
"3052",7_00000000000000000615,"2022",76.451128237428,103.307605292584,0.0151472964353179,est1_003
"3053",7_0000000000000000063b,"2022",76.4287203784135,103.307839114369,0.0210715639975498,est1_003
"3054",7_00000000000000000616,"2023",76.4464687072143,103.31281132164,0.0345129192465301,est1_003
"3055",7_00000000000000000450,"2021",76.4998419801814,103.31994120082,0.0285096210069497,est1_003
"3056",7_00000000000000000617,"2018",76.4471163131504,103.323531967527,0.209605602546606,est1_003
"3057",7_00000000000000000451,"2021",76.4957893064186,103.326131356774,0.0394222200226103,est1_003
"3058",7_00000000000000000453,"2021",76.4957893064186,103.326131356774,0.0394222200226103,est1_003
"3059",7_00000000000000000452,"2021",76.5072853777845,103.32924132959,0.170127554791316,est1_003
"3060",7_00000000000000000618,"2024",76.4496849482437,103.330422463662,0.0100987537624493,est1_003
"3061",7_00000000000000000454,"2021",76.5040179791864,103.333441422321,0.0243102953820304,est1_003
"3062",7_00000000000000000455,"2024",76.499406714113,103.340528396998,0.00670848879802429,est1_003
"3063",7_000000000000000003a3,"2023",76.0928393859793,102.072356201096,0.0103594521796195,est1_003
"3064",7_000000000000000003a5,"2022",76.0952801576414,102.075191477299,0.0207174279724997,est1_003
"3065",7_000000000000000003ac,"2021",76.0890438546359,102.097530474038,0.0699517746143946,est1_003
"3066",7_00000000000000000339,"2024",76.1418570673604,102.097977031194,0.0249493379438029,est1_003
"3067",7_000000000000000003aa,"2023",76.0798460359002,102.103613291736,0.0112331403035586,est1_003
"3068",7_000000000000000003ab,"2021",76.0766404873234,102.108728083469,0.063094003008669,est1_003
"3069",7_000000000000000003ae,"2022",76.0943954228134,102.108912407914,0.0302130649051637,est1_003
"3070",7_000000000000000003b2,"2024",76.0709552165871,102.120930561592,0.0103759644360287,est1_003
"3071",7_000000000000000003b3,"2022",76.0774287217068,102.121048632801,0.013828997318955,est1_003
"3072",7_000000000000000003b4,"2022",76.080220435391,102.131114175435,0.0509834877762545,est1_003
"3073",7_000000000000000003b7,"2022",76.0691990589987,102.132561676236,0.0250782081529484,est1_003
"3074",7_000000000000000003b6,"2023",76.0724965711387,102.137574432962,0.0605182168609704,est1_003
"3075",7_000000000000000003b8,"2021",76.0727591385379,102.142946660548,0.0864538583767482,est1_003
"3076",7_000000000000000003b9,"2021",76.0730861401903,102.148078705072,0.0544668383314819,est1_003
"3077",7_000000000000000003ba,"2022",76.0743377878136,102.151954007757,0.0164258303413503,est1_003
"3078",7_00000000000000000510,"2019",76.0742812567985,102.152713911618,0.0674291044212122,est1_003
"3079",7_00000000000000000511,"2022",76.0813809976947,102.155396213265,0.0691178017259923,est1_003
"3080",7_00000000000000000516,"2022",76.0827597348062,102.155818776694,0.0760293428584317,est1_003
"3081",7_000000000000000003bb,"2022",76.0820347782017,102.156048429102,0.0786215161961432,est1_003
"3082",7_00000000000000000514,"2019",76.0754000107092,102.160260429306,0.10026145592577,est1_003
"3083",7_00000000000000000467,"2021",76.121806943766,102.458650992973,0.0637544346212189,est1_003
"3084",7_00000000000000000468,"2020",76.1253442607764,102.500085862238,0.0964708647222746,est1_003
"3085",7_00000000000000000469,"2021",76.1181367966007,102.502307515374,0.130992806588672,est1_003
"3086",7_0000000000000000046a,"2022",76.1171770005171,102.513986197546,0.0430931750422902,est1_003
"3087",7_0000000000000000046b,"2024",76.1294355489764,102.536581154257,0.0103331341928682,est1_003
"3088",7_0000000000000000046f,"2021",76.1182729919378,102.543498171206,0.334369147170774,est1_003
"3089",7_0000000000000000046d,"2024",76.1337637954997,102.544086132,0.00946974319683223,est1_003
"3090",7_0000000000000000046c,"2022",76.1105091645291,102.544282493278,0.0379393161006695,est1_003
"3091",7_0000000000000000046e,"2024",76.1338127937506,102.54898605549,0.00946945680878758,est1_003
"3092",7_00000000000000000471,"2018",76.2701528898023,102.565965405881,0.0153453380627933,est1_003
"3093",7_00000000000000000470,"2022",76.1227608261229,102.568861265507,0.0551369962704725,est1_003
"3094",7_00000000000000000473,"2021",76.2670373449925,102.570570438747,0.0196124685881378,est1_003
"3095",7_00000000000000000472,"2024",76.1476795350529,102.570643557769,0.00946030929752801,est1_003
"3096",7_00000000000000000474,"2022",76.1077238316267,102.576310555956,0.107809939125845,est1_003
"3097",7_00000000000000000475,"2024",76.1173981417325,102.578532558561,0.00948036399005887,est1_003
"3098",7_00000000000000000476,"2022",76.1255419358852,102.582562119466,0.0215337207244602,est1_003
"3099",7_00000000000000000478,"2021",76.1169379985703,102.582623939059,0.0741206817856187,est1_003
"3100",7_00000000000000000477,"2021",76.1082312301514,102.587216580471,0.0388077410733382,est1_003
"3101",7_0000000000000000047b,"2020",76.1107020903667,102.600221097934,0.436256000149734,est1_003
"3102",7_00000000000000000479,"2024",76.1220040486278,102.600239112856,0.00947687625027249,est1_003
"3103",7_000000000000000005b4,"2022",76.1056402211573,102.48503009108,0.0181132936161026,est1_003
"3104",7_000000000000000005b8,"2022",76.1068187440793,102.493342233589,0.0155243761527818,est1_003
"3105",7_000000000000000005bb,"2021",76.1007420539236,102.49739427857,0.301118999000464,est1_003
"3106",7_000000000000000005bf,"2023",76.1003204351897,102.500922464215,0.301118999000464,est1_003
"3107",7_000000000000000005c3,"2022",76.1045256810382,102.521643725845,0.178556264724436,est1_003
"3108",7_000000000000000005c9,"2022",76.1047478643356,102.54564598893,0.0327777397474076,est1_003
"3109",7_000000000000000005ca,"2022",76.1105091645291,102.544282493278,0.0379393161006695,est1_003
"3110",7_000000000000000005ce,"2022",76.109347096729,102.555687751456,0.0198329212691836,est1_003
"3111",7_000000000000000005d4,"2022",76.1077238316267,102.576310555956,0.107809939125845,est1_003
"3112",7_000000000000000005d8,"2021",76.1082312301514,102.587216580471,0.0388077410733382,est1_003
"3113",7_000000000000000005d9,"2021",76.1091347238758,102.600820932193,0.436256000149734,est1_003
"3114",7_000000000000000005dd,"2022",76.1033268516556,102.600679377558,0.0517594094458961,est1_003
"3115",7_0000000000000000047c,"2024",76.1449845488947,102.616163686661,0.00946152207270268,est1_003
"3116",7_0000000000000000047a,"2022",76.1235056566587,102.620441351855,0.329079502855231,est1_003
"3117",7_0000000000000000047e,"2022",76.1139101249744,102.633537385504,0.0362074329361438,est1_003
"3118",7_0000000000000000047d,"2024",76.2020194336817,102.636204344082,0.00942334840890178,est1_003
"3119",7_0000000000000000047f,"2022",76.1200894343972,102.646101578618,0.0275739083862755,est1_003
"3120",7_00000000000000000480,"2019",76.139861425602,102.651756456208,0.0705572128339354,est1_003
"3121",7_00000000000000000481,"2021",76.113607158969,102.65835394099,0.0525849991699283,est1_003
"3122",7_00000000000000000482,"2022",76.1142916472948,102.660575648987,0.0525849991699283,est1_003
"3123",7_00000000000000000483,"2020",76.1201335644628,102.664894147746,0.0232647789065528,est1_003
"3124",7_00000000000000000484,"2024",76.159439248728,102.67514616736,0.0103109764176037,est1_003
"3125",7_00000000000000000485,"2024",76.1144091945844,102.691916197644,0.00948236988474793,est1_003
"3126",7_00000000000000000486,"2021",76.1573150729413,102.69438777564,0.114297086316955,est1_003
"3127",7_00000000000000000487,"2024",76.1609092522642,102.703773925629,0.00945104650927051,est1_003
"3128",7_0000000000000000048c,"2021",76.1285488779195,102.715638271492,0.078364151414936,est1_003
"3129",7_0000000000000000048a,"2022",76.2173798505979,102.716968928132,0.0171144023607862,est1_003
"3130",7_00000000000000000489,"2021",76.1617565546076,102.719858971194,0.0867727219330383,est1_003
"3131",7_0000000000000000048b,"2024",76.1433145324515,102.722532371507,0.0103222919985355,est1_003
"3132",7_00000000000000000488,"2021",76.1226824630696,102.723338690534,0.184363260539784,est1_003
"3133",7_0000000000000000048d,"2023",76.1324598952011,102.727413242751,0.0154969036053798,est1_003
"3134",7_0000000000000000048f,"2021",76.1195108358242,102.729185398361,0.073245110833229,est1_003
"3135",7_0000000000000000048e,"2022",76.1530511282104,102.730073475285,0.0902640365647984,est1_003
"3136",7_00000000000000000491,"2021",76.1375894202346,102.735944574585,0.0877806233519042,est1_003
"3137",7_00000000000000000493,"2022",76.1477148262501,102.73881899869,0.0773990770590155,est1_003
"3138",7_00000000000000000490,"2021",76.1577395974588,102.744010355501,0.111717588599899,est1_003
"3139",7_00000000000000000492,"2021",76.1762144932372,102.744249910912,0.105568814963214,est1_003
"3140",7_00000000000000000495,"2022",76.1766062072247,102.744753053818,0.105568814963214,est1_003
"3141",7_00000000000000000494,"2022",76.1296350595269,102.747163555759,0.0129158384962124,est1_003
"3142",7_00000000000000000497,"2022",76.1338372929848,102.750739461343,0.0103299312728216,est1_003
"3143",7_00000000000000000499,"2023",76.1936070486826,102.751727609906,0.0128580882140487,est1_003
"3144",7_00000000000000000496,"2022",76.1537878837409,102.755338941687,0.015474008296448,est1_003
"3145",7_00000000000000000498,"2021",76.1652885130369,102.758941382652,0.335822628339563,est1_003
"3146",7_0000000000000000049d,"2021",76.1674212761744,102.761796947176,0.232737174593905,est1_003
"3147",7_0000000000000000049a,"2024",76.1380818350634,102.764079487755,0.0137689237697336,est1_003
"3148",7_0000000000000000049e,"2022",76.1636687982133,102.764137456298,0.169225748011138,est1_003
"3149",7_0000000000000000049c,"2021",76.1189647242134,102.769978986045,0.01637277352146,est1_003
"3150",7_0000000000000000049b,"2023",76.1074788580715,102.770932701127,0.0163863960334581,est1_003
"3151",7_0000000000000000049f,"2021",76.1719715080416,102.775711011909,0.0326229863111207,est1_003
"3152",7_000000000000000004a0,"2022",76.193778120653,102.776374739387,0.0299998169234607,est1_003
"3153",7_000000000000000004a1,"2023",76.1099333219128,102.783398074113,0.0163830788351422,est1_003
"3154",7_000000000000000004a2,"2024",76.1301868627418,102.789375280553,0.00947159062746295,est1_003
"3155",7_000000000000000004a3,"2021",76.1163111104763,102.797537430337,0.0991178080388976,est1_003
"3156",7_000000000000000004a5,"2018",76.1155215830582,102.799984242794,0.0991178080388976,est1_003
"3157",7_000000000000000004a6,"2019",76.1921003400268,102.80073097371,0.0548657078612173,est1_003
"3158",7_000000000000000004a8,"2021",76.1326079447072,102.803992450543,0.200588448765498,est1_003
"3159",7_000000000000000004a7,"2016",76.1194821995922,102.804557265316,0.0370533129867228,est1_003
"3160",7_000000000000000004a4,"2021",76.1134168320957,102.805392765714,0.034482031711741,est1_003
"3161",7_000000000000000005ff,"2022",76.0880815978572,102.740076426667,0.0138185885606893,est1_003
"3162",7_00000000000000000600,"2021",76.0962956154796,102.770899677311,0.0630065311111718,est1_003
"3163",7_00000000000000000601,"2018",76.0144512166301,102.783123653673,0.0121530074611107,est1_003
"3164",7_00000000000000000602,"2022",76.0173590264496,102.800660063635,0.380960242349109,est1_003
"3165",7_00000000000000000603,"2016",76.0188643889234,102.804062579948,0.380960242349109,est1_003
"3166",7_000000000000000004a9,"2021",76.1872532219022,102.820162248895,0.0523125057738763,est1_003
"3167",7_000000000000000004aa,"2016",76.12337305971,102.823669835647,0.0318740704275902,est1_003
"3168",7_000000000000000004ab,"2022",76.1635002497084,102.82421598464,0.0180399578189031,est1_003
"3169",7_000000000000000004ad,"2020",76.1425574727578,102.825207406894,0.228838902789307,est1_003
"3170",7_000000000000000004ac,"2024",76.2079483367887,102.832935388738,0.00941972124369586,est1_003
"3171",7_000000000000000004af,"2021",76.1879174924124,102.833358776371,0.119199492491478,est1_003
"3172",7_000000000000000004ae,"2022",76.163500899717,102.836933750675,0.0197572107605191,est1_003
"3173",7_000000000000000004b0,"2022",76.160151878255,102.840630614481,0.0154649057115965,est1_003
"3174",7_000000000000000004b2,"2018",76.1262136076609,102.842948757883,0.0861258198048353,est1_003
"3175",7_000000000000000004b1,"2016",76.1236585302457,102.847915793331,0.0120603669239951,est1_003
"3176",7_000000000000000004b3,"2022",76.22281634635,102.856473921353,0.0256625379442908,est1_003
"3177",7_000000000000000004b4,"2022",76.22281634635,102.856473921353,0.0256625379442908,est1_003
"3178",7_000000000000000004b5,"2022",76.1335867697377,102.867768541113,0.0180776233255503,est1_003
"3179",7_000000000000000004b6,"2023",76.185996384436,102.86986792889,0.0145804055335126,est1_003
"3180",7_000000000000000004b7,"2022",76.1893814456873,102.874024362609,0.0531616103176903,est1_003
"3181",7_000000000000000004b8,"2022",76.147384141571,102.876461057634,0.016340269541578,est1_003
"3182",7_000000000000000004b9,"2022",76.1913379102015,102.883946861604,0.0917342688323783,est1_003
"3183",7_000000000000000004ba,"2021",76.1910306855807,102.883959557089,0.0917342688323783,est1_003
"3184",7_000000000000000004bb,"2022",76.1901595106523,102.893268932064,0.0188621588456792,est1_003
"3185",7_000000000000000004bc,"2024",76.1915336104121,102.899377938731,0.00943037458479191,est1_003
"3186",7_000000000000000004bd,"2022",76.1935542380746,102.905468324306,0.0540053958625861,est1_003
"3187",7_000000000000000004be,"2024",76.2178746956228,102.905743831585,0.0102681532193772,est1_003
"3188",7_000000000000000004bf,"2023",76.1873952242137,102.92046174044,0.0102909726642674,est1_003
"3189",7_000000000000000004c1,"2021",76.2237769680111,102.920458556933,1.10505618335448,est1_003
"3190",7_000000000000000004c0,"2022",76.2084946167405,102.926694750245,0.0239753960611633,est1_003
"3191",7_000000000000000004c2,"2024",76.2319333188132,102.933456792003,0.0119683097833783,est1_003
"3192",7_000000000000000004c3,"2021",76.2373204531348,102.933616605298,0.0187991216384411,est1_003
"3193",7_000000000000000004c4,"2021",76.2155806627459,102.933712994654,0.132659213200232,est1_003
"3194",7_000000000000000004c8,"2023",76.2414795582321,102.944345389869,0.174264884486573,est1_003
"3195",7_000000000000000004c7,"2019",76.1935898082811,102.944611015256,0.700257183472892,est1_003
"3196",7_000000000000000004c6,"2021",76.1854072774053,102.945548910699,0.0420267223328775,est1_003
"3197",7_000000000000000004c5,"2021",76.2418738851596,102.94631726185,0.174264884486573,est1_003
"3198",7_000000000000000004ca,"2021",76.1903450044656,102.948516468689,0.700257183472892,est1_003
"3199",7_000000000000000004cf,"2022",76.2398902619341,102.956237486119,0.0888541430622646,est1_003
"3200",7_000000000000000004c9,"2022",76.1796794089107,102.956548239942,0.064351626426083,est1_003
"3201",7_000000000000000004cc,"2022",76.2178706416318,102.956701041767,0.049632303728298,est1_003
"3202",7_000000000000000004cb,"2021",76.2045419799337,102.961869907015,0.105355037178322,est1_003
"3203",7_000000000000000004ce,"2022",76.2151750342826,102.962794016355,0.0111264982644953,est1_003
"3204",7_000000000000000004d1,"2023",76.2222857111316,102.962848896155,0.0239521609626927,est1_003
"3205",7_000000000000000004d0,"2022",76.1505920703128,102.963134375653,0.0163369488762552,est1_003
"3206",7_000000000000000004d3,"2023",76.2460932551448,102.966294324281,0.0256205679118759,est1_003
"3207",7_000000000000000004cd,"2022",76.1946703498755,102.966356266798,0.0325706716698162,est1_003
"3208",7_000000000000000004d4,"2022",76.1782366332508,102.969823298822,0.0351832593307513,est1_003
"3209",7_000000000000000004d6,"2021",76.1784010088251,102.969934159304,0.0351832593307513,est1_003
"3210",7_000000000000000004d5,"2024",76.151859743975,102.970411279381,0.0137555053688866,est1_003
"3211",7_000000000000000004d8,"2023",76.2403174123698,102.974283399897,0.0119612871101686,est1_003
"3212",7_000000000000000004d7,"2021",76.1836682075719,102.974345735256,0.0188714443558421,est1_003
"3213",7_000000000000000004d9,"2022",76.2434172072248,102.97630322444,0.0196456767527402,est1_003
"3214",7_000000000000000004db,"2021",76.2454147609658,102.983174065065,0.0520953387925207,est1_003
"3215",7_000000000000000004d2,"2021",76.2050246008486,102.985390973139,0.181586179766858,est1_003
"3216",7_000000000000000004da,"2021",76.2143166218825,102.986060291121,0.0385163308606841,est1_003
"3217",7_000000000000000004dc,"2020",76.1862948667523,102.987455034748,0.0557471176162827,est1_003
"3218",7_000000000000000004df,"2021",76.1778632146147,102.993003078743,0.106405078729478,est1_003
"3219",7_0000000000000000066b,"2016",76.1401454490502,102.99557611245,0.0903469667219752,est1_003
"3220",7_000000000000000004de,"2021",76.1598430151495,102.996143344091,0.0704630098292924,est1_003
"3221",7_000000000000000004dd,"2021",76.2301222544284,102.996203460566,0.083786402539001,est1_003
"3222",7_000000000000000004e0,"2022",76.2473244735488,102.996898525356,0.0333029046873564,est1_003
"3223",7_000000000000000004e8,"2022",76.1600805374129,102.997616045264,0.0704630098292924,est1_003
"3224",7_000000000000000004e1,"2024",76.2244609489717,102.998649997255,0.00940814104736236,est1_003
"3225",7_000000000000000004e4,"2024",76.2164251530355,102.999923958731,0.00941343253595827,est1_003
"3226",7_000000000000000004e7,"2022",76.2176501453301,103.001549134125,0.0119802764832332,est1_003
"3227",7_000000000000000004e6,"2016",76.1761134472967,103.003208503912,0.0300387821913027,est1_003
"3228",7_0000000000000000066c,"2018",76.1366833343418,103.003819231402,0.0215167377922602,est1_003
"3229",7_000000000000000004e5,"2022",76.1983118674093,103.004337601713,0.110540402721478,est1_003
"3230",7_000000000000000004e3,"2021",76.1926071602852,103.00454157752,0.102013845936764,est1_003
"3231",7_000000000000000004ec,"2021",76.1987373299301,103.005256075673,0.110540402721478,est1_003
"3232",7_000000000000000004e2,"2022",76.231962127488,103.005582025447,0.0504360941119914,est1_003
"3233",7_000000000000000004e9,"2024",76.2019364887711,103.006199577918,0.0111368505396171,est1_003
"3234",7_000000000000000004f0,"2021",76.2214197274421,103.00704261744,0.141160478803943,est1_003
"3235",7_000000000000000004ea,"2021",76.1936242805209,103.007510642022,0.0128578353267498,est1_003
"3236",7_000000000000000004eb,"2021",76.1818821535429,103.010304956935,0.0411797084101088,est1_003
"3237",7_000000000000000004ed,"2024",76.2480784935695,103.012320800059,0.00939256002737279,est1_003
"3238",7_000000000000000004ee,"2022",76.192746894997,103.01294450023,0.102013845936764,est1_003
"3239",7_000000000000000006b5,"2023",76.2244608793328,103.260258726288,0.0453323768842156,est1_003
"3240",7_00000000000000000698,"2023",76.239964247539,103.151046799457,0.0128151738438715,est1_003
"3241",7_00000000000000000690,"2018",76.1932717541001,103.122018538639,0.207444764755907,est1_003
"3242",7_000000000000000004f8,"2022",76.2385982386753,103.04196044743,0.051267569937151,est1_003
"3243",7_000000000000000004fa,"2020",76.2000323475204,103.043040076787,0.285311447611472,est1_003
"3244",7_000000000000000004fe,"2021",76.2124902936456,103.047834920933,0.155797664163959,est1_003
"3245",7_000000000000000004fd,"2021",76.2413742816201,103.052704970356,0.111909939344663,est1_003
"3246",7_000000000000000004ff,"2023",76.2222560234074,103.063230761613,0.0094100716803387,est1_003
"3247",7_00000000000000000500,"2022",76.2576409405965,103.087823755612,0.0230378613702657,est1_003
"3248",7_00000000000000000503,"2023",76.2536972861203,103.091694707662,0.0307277023500249,est1_003
"3249",7_00000000000000000634,"2020",76.2863957362088,103.16318869782,0.00936670955755048,est1_003
"3250",7_00000000000000000636,"2016",76.2774835172569,103.195143461783,0.0221547517302797,est1_003
"3251",7_00000000000000000673,"2024",76.2006964463796,103.053185941747,0.00942413274303535,est1_003
"3252",7_00000000000000000674,"2021",76.1884267383006,103.052178606836,0.506816102410891,est1_003
"3253",7_00000000000000000676,"2021",76.1909833729184,103.063199562813,0.456237366576354,est1_003
"3254",7_0000000000000000067e,"2024",76.1863887489463,103.088416233409,0.0111491808484652,est1_003
"3255",7_00000000000000000681,"2024",76.2271068962288,103.094933145473,0.00940654156404355,est1_003
"3256",7_00000000000000000687,"2021",76.2206605385944,103.113240114514,0.0496204992546064,est1_003
"3257",7_0000000000000000069d,"2022",76.2062790558581,103.160228681469,0.0299743393135823,est1_003
"3258",7_000000000000000006a1,"2022",76.1934935873369,103.180607825952,0.0188579889215937,est1_003
"3259",7_000000000000000006a2,"2021",76.2215776816574,103.180641275251,0.025663907480401,est1_003
"3260",7_000000000000000006a4,"2024",76.210171648664,103.196281440392,0.0136993405443545,est1_003
"3261",7_000000000000000006b7,"2022",76.2231890281775,103.276106636366,0.0299389362574332,est1_003
"3262",7_000000000000000006b6,"2019",76.2490316773003,103.266889791238,0.0170759503070424,est1_003
"3263",7_000000000000000006b4,"2018",76.2488763722185,103.250673621582,0.0256140556925631,est1_003
"3264",7_000000000000000006b3,"2023",76.2270824295599,103.25092155463,0.010261831273045,est1_003
"3265",7_000000000000000006b2,"2021",76.2149985820706,103.233602034311,0.0282437795706699,est1_003
"3266",7_00000000000000000501,"2022",76.2655858134488,103.086615595899,0.0247309828282011,est1_003
"3267",7_00000000000000000502,"2023",76.265619282824,103.086958605945,0.0247309828282011,est1_003
"3268",7_00000000000000000504,"2023",76.2534947149203,103.092548179617,0.0315813544968367,est1_003
"3269",7_00000000000000000505,"2023",76.2641892027245,103.093335361553,0.0264398662343254,est1_003
"3270",7_00000000000000000506,"2021",76.2609080248946,103.095994452605,0.0418018893714949,est1_003
"3271",7_00000000000000000632,"2022",76.2760639019712,103.121840169264,0.0315298641768041,est1_003
"3272",7_00000000000000000633,"2019",76.2874737173567,103.155642890896,0.00936633628004432,est1_003
"3273",7_00000000000000000635,"2023",76.2892613775031,103.17811612729,0.0246919052388556,est1_003
"3274",7_00000000000000000637,"2016",76.2731179006873,103.199973909519,0.0443219313935633,est1_003
"3275",7_00000000000000000639,"2024",76.2919012095894,103.29765198073,0.0212796379288193,est1_003
"3276",7_0000000000000000063d,"2019",76.2858951749204,103.311016253194,0.0757956502555358,est1_003
"3277",7_00000000000000000682,"2024",76.2527553376254,103.094345082441,0.017072425036117,est1_003
"3278",7_0000000000000000068d,"2021",76.2493818466875,103.111988431545,0.0315901161012442,est1_003
"3279",7_000000000000000006b8,"2023",76.2228614777582,103.290799696764,0.0188196231228938,est1_003
"3280",7_000000000000000006b9,"2022",76.2243866213297,103.325443694326,0.0675712256938484,est1_003
"3281",7_000000000000000006ba,"2024",76.2178694278889,103.340234068905,0.0470663679412376,est1_003
"3282",7_000000000000000006bb,"2023",76.2174010659999,103.340628646208,0.0470663679412376,est1_003
"3283",7_000000000000000006bc,"2021",76.2268607400575,103.371208557486,0.0761070336837919,est1_003
"3284",7_0000000000000000051f,"2021",76.0765712208157,102.167271144694,0.0881578864755645,est1_003
"3285",7_0000000000000000051b,"2021",76.0595447233911,102.167654055233,0.0415366751378343,est1_003
"3286",7_0000000000000000051a,"2022",76.0881676148346,102.170919708195,0.0172718473296168,est1_003
"3287",7_00000000000000000520,"2022",76.08277556281,102.175383570924,0.0138232093403282,est1_003
"3288",7_00000000000000000526,"2021",76.0640241963016,102.177251379831,0.0994873440267624,est1_003
"3289",7_000000000000000003bc,"2022",76.1046383318038,102.178790659379,0.0914348779766612,est1_003
"3290",7_00000000000000000521,"2022",76.1046383318038,102.178790659379,0.0914348779766612,est1_003
"3291",7_00000000000000000529,"2021",76.04773241417,102.180910951139,0.0640911561045614,est1_003
"3292",7_0000000000000000051d,"2021",76.0514036748965,102.181124280322,0.101303509033674,est1_003
"3293",7_00000000000000000523,"2021",76.0543027486405,102.183676322305,0.0839675402153968,est1_003
"3294",7_00000000000000000525,"2022",76.0295887882292,102.18633660667,0.0398879675396046,est1_003
"3295",7_00000000000000000530,"2022",76.059332544052,102.187736568179,0.128938870218715,est1_003
"3296",7_0000000000000000052b,"2021",76.0304375669019,102.188092082335,0.0398879675396046,est1_003
"3297",7_00000000000000000531,"2021",76.0595755578392,102.188147845908,0.128938870218715,est1_003
"3298",7_0000000000000000052d,"2023",76.046594563135,102.188500362893,0.00952788917260059,est1_003
"3299",7_0000000000000000052a,"2023",76.0577146732065,102.188638761188,0.0138478403329606,est1_003
"3300",7_0000000000000000052e,"2023",76.0408953495171,102.189589884996,0.0155966669894515,est1_003
"3301",7_0000000000000000052c,"2023",76.0702365700842,102.191987389861,0.0103772058497283,est1_003
"3302",7_00000000000000000535,"2022",76.0455605817734,102.194849742068,0.0285846896642144,est1_003
"3303",7_00000000000000000534,"2021",76.0521900810985,102.197609029811,0.0658022958063756,est1_003
"3304",7_00000000000000000533,"2021",76.0679929786232,102.197747614664,0.0570798471850885,est1_003
"3305",7_00000000000000000536,"2021",76.0679929786232,102.197747614664,0.0570798471850885,est1_003
"3306",7_00000000000000000539,"2021",76.0634610030194,102.203127789188,0.0198972726497771,est1_003
"3307",7_00000000000000000538,"2022",76.0307888279744,102.206147669371,0.0554945832964311,est1_003
"3308",7_0000000000000000053c,"2023",76.1103257508214,102.206459626131,0.0155209089476393,est1_003
"3309",7_0000000000000000053d,"2024",76.0504805564364,102.207293244205,0.0112571321653664,est1_003
"3310",7_00000000000000000537,"2021",76.059541410657,102.208025984976,0.14970793508325,est1_003
"3311",7_0000000000000000053b,"2021",76.0676909257685,102.21009209018,0.0726444893499743,est1_003
"3312",7_00000000000000000540,"2022",76.067514326363,102.211008458851,0.0726444893499743,est1_003
"3313",7_00000000000000000541,"2021",76.0177942847005,102.211599339388,0.0425269595052223,est1_003
"3314",7_00000000000000000544,"2023",76.0605213091488,102.211604360845,0.14970793508325,est1_003
"3315",7_0000000000000000053e,"2022",76.0502179433225,102.213090975265,0.034636514772463,est1_003
"3316",7_00000000000000000542,"2022",76.0505470320765,102.213628276933,0.034636514772463,est1_003
"3317",7_0000000000000000053f,"2021",76.0947033136311,102.215529263201,0.0949549760074115,est1_003
"3318",7_00000000000000000543,"2024",76.0328182533953,102.215668430204,0.0112706016270613,est1_003
"3319",7_00000000000000000545,"2024",76.0092769044232,102.224955564521,0.0130268318095338,est1_003
"3320",7_00000000000000000547,"2022",76.0273779558044,102.230122987976,0.0216834291091865,est1_003
"3321",7_0000000000000000054b,"2024",76.0287136721714,102.241000863149,0.0112745247960187,est1_003
"3322",7_00000000000000000548,"2021",76.0060763345576,102.257533133954,0.67396215020894,est1_003
"3323",7_0000000000000000055b,"2021",76.0040583180953,102.271759924289,0.67396215020894,est1_003
"3324",7_00000000000000000558,"2021",75.9775185317012,102.279800966116,0.0461273683115217,est1_003
"3325",7_0000000000000000055e,"2021",75.9862095544176,102.281426504474,0.152215622940285,est1_003
"3326",7_0000000000000000055f,"2022",75.9996043641743,102.287836725637,0.0156417760812957,est1_003
"3327",7_00000000000000000560,"2022",75.998040913004,102.287889132907,0.0139054806003218,est1_003
"3328",7_00000000000000000561,"2024",76.0269416815272,102.287993764617,0.019948853056381,est1_003
"3329",7_00000000000000000564,"2023",76.0256996630139,102.29258686669,0.0199507041405813,est1_003
"3330",7_00000000000000000563,"2021",76.0106614577934,102.295165888185,0.0564411017933873,est1_003
"3331",7_00000000000000000569,"2023",76.0232216703746,102.302569568892,0.0303648721602174,est1_003
"3332",7_0000000000000000056d,"2022",76.0233664767384,102.303150107129,0.0303648721602174,est1_003
"3333",7_0000000000000000056e,"2021",75.9936847378797,102.309117948009,0.0669399717714298,est1_003
"3334",7_0000000000000000056f,"2023",76.0185197256722,102.309810615688,0.0260356759303097,est1_003
"3335",7_00000000000000000575,"2023",76.021592802681,102.314427720933,0.012147157646875,est1_003
"3336",7_00000000000000000576,"2023",76.021592802681,102.314427720933,0.012147157646875,est1_003
"3337",7_0000000000000000057a,"2021",75.9784162607216,102.315592712653,0.0504790325243481,est1_003
"3338",7_00000000000000000578,"2021",75.9923259804499,102.323167659615,0.0269532933557944,est1_003
"3339",7_00000000000000000579,"2021",76.0063575826009,102.323529479572,0.0608030825221821,est1_003
"3340",7_0000000000000000057b,"2023",75.9731200611096,102.323771933932,0.0139290559583904,est1_003
"3341",7_0000000000000000057d,"2022",75.9840707848843,102.326333732416,0.766361072805415,est1_003
"3342",7_00000000000000000571,"2021",75.9850539933164,102.331186191415,0.766361072805415,est1_003
"3343",7_00000000000000000585,"2021",76.0267568957076,102.335057908859,0.0346948766323379,est1_003
"3344",7_00000000000000000583,"2022",75.9755240200032,102.335539341092,0.0191498114895549,est1_003
"3345",7_00000000000000000581,"2018",76.0120267248418,102.336425006678,0.239645881546874,est1_003
"3346",7_00000000000000000582,"2023",75.9743099727203,102.337442594463,0.0130573554678023,est1_003
"3347",7_00000000000000000562,"2023",76.0429686066982,102.291078051014,0.0121286588110672,est1_003
"3348",7_00000000000000000568,"2021",76.0504285205608,102.296924438198,0.0268430851472944,est1_003
"3349",7_00000000000000000546,"2023",76.0513619898342,102.229487105675,0.0346356421974495,est1_003
"3350",7_00000000000000000549,"2023",76.0513619898342,102.229487105675,0.0346356421974495,est1_003
"3351",7_00000000000000000550,"2022",76.0561418654711,102.253577366098,0.027695928862144,est1_003
"3352",7_0000000000000000054f,"2021",76.0596394622811,102.253779409125,0.111629358142083,est1_003
"3353",7_00000000000000000555,"2023",76.0643462152388,102.263248247208,0.0190319444339884,est1_003
"3354",7_00000000000000000557,"2023",76.06436161322,102.271955401087,0.0216275691879408,est1_003
"3355",7_0000000000000000055d,"2023",76.0663669384342,102.287696799174,0.0198940798281224,est1_003
"3356",7_0000000000000000055a,"2022",76.0679542289834,102.276972948597,0.0596739003208118,est1_003
"3357",7_00000000000000000565,"2022",76.0686610656449,102.298303689403,0.0259434829802606,est1_003
"3358",7_00000000000000000566,"2022",76.0686610656449,102.298303689403,0.0259434829802606,est1_003
"3359",7_00000000000000000553,"2024",76.0729070272626,102.261214810216,0.00950906178258035,est1_003
"3360",7_00000000000000000551,"2023",76.0752332107955,102.251211389966,0.0371705906470852,est1_003
"3361",7_00000000000000000554,"2021",76.07582631895,102.281113449558,0.426134092905411,est1_003
"3362",7_0000000000000000054d,"2022",76.0818631464549,102.245531319251,0.0241925013316941,est1_003
"3363",7_00000000000000000577,"2022",76.0878989486192,102.312508495511,0.0708168104663751,est1_003
"3364",7_00000000000000000573,"2022",76.0881476393705,102.308535481767,0.0708168104663751,est1_003
"3365",7_0000000000000000057c,"2022",76.0885261961119,102.324199015492,0.0164068864688884,est1_003
"3366",7_0000000000000000056a,"2023",76.0963865175574,102.305500918482,0.0267555420874409,est1_003
"3367",7_0000000000000000056b,"2023",76.0963865175574,102.305500918482,0.0267555420874409,est1_003
"3368",7_0000000000000000056c,"2023",76.1026914228854,102.306612436859,0.0120780260965803,est1_003
"3369",7_00000000000000000552,"2021",76.1031630558091,102.242988259842,0.225153949390249,est1_003
"3370",7_00000000000000000559,"2021",76.1034124401132,102.281003994614,0.0422722816823025,est1_003
"3371",7_00000000000000000567,"2021",76.1060864086522,102.2981532532,0.0483028189156369,est1_003
"3372",7_00000000000000000572,"2024",76.1074890292374,102.310696302668,0.0112115731107329,est1_003
"3373",7_0000000000000000054c,"2023",76.1082353314549,102.241664260011,0.0146604463621744,est1_003
"3374",7_00000000000000000570,"2022",76.1115874909312,102.310347568832,0.0232784052156554,est1_003
"3375",7_00000000000000000574,"2022",76.1139526391144,102.308835968271,0.0267234725376945,est1_003
"3376",7_0000000000000000057e,"2021",76.0944527769447,102.3215078025,0.187320245494217,est1_003
"3377",7_0000000000000000057f,"2019",76.1125286891511,102.329701112021,0.0931058469768274,est1_003
"3378",7_00000000000000000580,"2023",76.0758893443787,102.337809067482,0.0146941196375446,est1_003
"3379",7_00000000000000000584,"2021",76.0461316970186,102.339074017566,0.0311832925722165,est1_003
"3380",7_00000000000000000594,"2022",76.0929174590289,102.382662631197,0.0112230303621785,est1_003
"3381",7_00000000000000000587,"2022",76.0163548614123,102.342387409969,0.0329835758018126,est1_003
"3382",7_00000000000000000588,"2022",76.0343938217381,102.342904402365,0.0138690439935451,est1_003
"3383",7_0000000000000000058a,"2024",76.0263474581369,102.354043424854,0.0121435393620591,est1_003
"3384",7_0000000000000000058e,"2021",75.9903617541104,102.354792462516,0.062607328813916,est1_003
"3385",7_0000000000000000058b,"2023",76.0395173442129,102.354969215374,0.0147316263806965,est1_003
"3386",7_0000000000000000058d,"2022",76.0056891691719,102.355013980056,0.0156350540586361,est1_003
"3387",7_00000000000000000589,"2021",76.0083240276413,102.356454886941,0.0347388201860289,est1_003
"3388",7_0000000000000000058f,"2021",76.0083240276413,102.356454886941,0.0347388201860289,est1_003
"3389",7_0000000000000000058c,"2021",75.9842184023253,102.356853179657,0.0400169915865297,est1_003
"3390",7_00000000000000000591,"2024",76.0419396361565,102.364014720794,0.0129956741170403,est1_003
"3391",7_00000000000000000592,"2023",75.975601053589,102.366010737568,0.0226312438260386,est1_003
"3392",7_00000000000000000586,"2021",76.0178685888441,102.36644990571,0.3879506624546,est1_003
"3393",7_00000000000000000590,"2021",75.9920612968832,102.372242501269,0.0991173830045874,est1_003
"3394",7_00000000000000000593,"2022",75.9874002617489,102.375465296893,0.0452263736855844,est1_003
"3395",7_00000000000000000596,"2022",76.0082438255628,102.389494017654,0.0173692541103453,est1_003
"3396",7_00000000000000000597,"2021",76.0152683948426,102.39579563324,0.183177315675969,est1_003
"3397",7_00000000000000000599,"2021",76.0144539355711,102.396241987106,0.183177315675969,est1_003
"3398",7_00000000000000000595,"2020",75.9976857445393,102.396937360482,0.896070968008417,est1_003
"3399",7_00000000000000000598,"2022",76.0317377682519,102.397185754743,0.0832441539652364,est1_003
"3400",7_0000000000000000059a,"2021",76.0305194693626,102.400701514951,0.0997210779951181,est1_003
"3401",7_0000000000000000059b,"2022",76.0291677720315,102.403732956048,0.0832491809251943,est1_003
"3402",7_0000000000000000059c,"2023",76.0460297176042,102.406532559171,0.0225203665614819,est1_003
"3403",7_0000000000000000059d,"2021",76.0129928827014,102.418260088085,0.0573009746568388,est1_003
"3404",7_0000000000000000059f,"2022",76.0622864232678,102.42706149189,0.0320095520364804,est1_003
"3405",7_000000000000000005a0,"2022",76.0625538797451,102.427423300779,0.0320095520364804,est1_003
"3406",7_000000000000000005a1,"2023",76.0232220310738,102.428938482559,0.00954367439450923,est1_003
"3407",7_000000000000000005a2,"2022",76.0434132125609,102.433108468002,0.0511148463105887,est1_003
"3408",7_0000000000000000059e,"2018",76.0467836358004,102.433173129492,0.168023521085459,est1_003
"3409",7_000000000000000005a4,"2023",76.0391466722342,102.433495343266,0.00953285306413056,est1_003
"3410",7_000000000000000005a3,"2021",76.032503890711,102.43365434854,0.180332770314378,est1_003
"3411",7_000000000000000005a5,"2023",75.9954216857186,102.436221110895,0.0173850012943385,est1_003
"3412",7_000000000000000005a6,"2022",76.0361759045092,102.440308076196,0.0156018754464861,est1_003
"3413",7_000000000000000005aa,"2022",76.0287650522459,102.444184840789,0.031220414959362,est1_003
"3414",7_000000000000000005a7,"2022",76.0900537621701,102.44581027094,0.0215876235500176,est1_003
"3415",7_000000000000000005a9,"2023",76.0899213578505,102.44620203204,0.0215876235500176,est1_003
"3416",7_000000000000000005a8,"2024",76.042674637043,102.446676146569,0.00952973141426633,est1_003
"3417",7_000000000000000005ab,"2023",76.0404885184081,102.448345874186,0.0155965823891941,est1_003
"3418",7_000000000000000005ac,"2023",76.0404885184081,102.448345874186,0.0155965823891941,est1_003
"3419",7_000000000000000005ad,"2023",76.0882191176361,102.460294463954,0.0164078277906667,est1_003
"3420",7_000000000000000005ae,"2022",76.0175913298096,102.472833414547,0.0121507459808131,est1_003
"3421",7_000000000000000005b0,"2022",76.0830178575488,102.475422613897,0.0336912825925095,est1_003
"3422",7_000000000000000005b1,"2023",76.082763066752,102.475500687184,0.0336912825925095,est1_003
"3423",7_000000000000000005af,"2023",76.0511024440142,102.478280518923,0.0129884566283659,est1_003
"3424",7_000000000000000005b2,"2021",76.0875178697529,102.483299043754,0.0569996815860164,est1_003
"3425",7_000000000000000005b5,"2021",76.0220748813131,102.484865613309,0.0225583459939213,est1_003
"3426",7_000000000000000005b3,"2021",76.0945256564104,102.485782464813,0.159696817161412,est1_003
"3427",7_000000000000000005b7,"2023",76.0403804189624,102.490797274137,0.0147301232130694,est1_003
"3428",7_000000000000000005b6,"2024",76.089572831881,102.491148862233,0.0138166814873294,est1_003
"3429",7_000000000000000005ba,"2023",76.0901546953866,102.496753116067,0.00949841715796973,est1_003
"3430",7_000000000000000005b9,"2022",76.0961754053095,102.497631806388,0.0388389692346199,est1_003
"3431",7_000000000000000005bc,"2024",76.0387057076779,102.504421412879,0.0103989438894072,est1_003
"3432",7_000000000000000005be,"2022",76.0415352918164,102.505537560594,0.0190619648005199,est1_003
"3433",7_000000000000000005bd,"2021",76.0189806524303,102.507525021841,0.0425242247591569,est1_003
"3434",7_000000000000000005c0,"2022",76.0344586866508,102.511528152015,0.0156042599543337,est1_003
"3435",7_000000000000000005c1,"2024",76.0152841683966,102.513510739154,0.00954851227740398,est1_003
"3436",7_000000000000000005c2,"2022",76.0216051006784,102.51699880267,0.028632596338106,est1_003
"3437",7_000000000000000005c6,"2023",76.0786507755514,102.529053102857,0.0172838372302118,est1_003
"3438",7_000000000000000005c4,"2024",76.035438070548,102.529888724154,0.013868956518342,est1_003
"3439",7_000000000000000005c5,"2024",76.0210660738848,102.532081359262,0.00954419046125199,est1_003
"3440",7_000000000000000005cb,"2023",76.0763681071717,102.541530386592,0.0233369319047786,est1_003
"3441",7_000000000000000005c7,"2021",76.0201571536888,102.541877200602,0.0494612117373481,est1_003
"3442",7_000000000000000005c8,"2022",76.0291641199798,102.541892786033,0.0156096106674714,est1_003
"3443",7_000000000000000005cc,"2023",76.075564287366,102.552163413501,0.0112366201025056,est1_003
"3444",7_000000000000000005cd,"2022",76.0766968862256,102.556412024609,0.0146927891206583,est1_003
"3445",7_000000000000000005d0,"2018",76.0531043204611,102.561721249848,0.0424232064668938,est1_003
"3446",7_000000000000000005d1,"2023",76.0131107332684,102.562462566364,0.0121543807615136,est1_003
"3447",7_000000000000000005cf,"2021",76.0221962183415,102.56405622275,0.0425140516250017,est1_003
"3448",7_000000000000000005d3,"2021",76.0844672060035,102.566450837387,0.189176838300053,est1_003
"3449",7_000000000000000005d2,"2016",76.0764058577199,102.572021021745,0.0648246577312988,est1_003
"3450",7_000000000000000005d6,"2021",76.0179061591678,102.573957698556,0.137130946837228,est1_003
"3451",7_000000000000000005d5,"2018",76.0786129314813,102.578070338609,0.0190125628002351,est1_003
"3452",7_000000000000000005d7,"2023",76.0237393998263,102.583708998229,0.0156149827465873,est1_003
"3453",7_000000000000000005da,"2016",76.0221197608717,102.599694955422,0.0121471777466662,est1_003
"3454",7_000000000000000005db,"2022",76.0842721711453,102.60143486403,0.0138213273968877,est1_003
"3455",7_000000000000000005dc,"2021",76.0538602708101,102.602091966951,0.0536720325304684,est1_003
"3456",7_000000000000000005de,"2023",76.0857856301257,102.614371470326,0.0138197107948057,est1_003
"3457",7_000000000000000005df,"2023",76.0817574637138,102.615105181616,0.0155515204767928,est1_003
"3458",7_000000000000000005e0,"2023",76.0714356275034,102.617962525982,0.0371774996626313,est1_003
"3459",7_000000000000000005e1,"2023",76.0330670837526,102.619150156541,0.0234072994151361,est1_003
"3460",7_000000000000000005e4,"2023",76.0330670837526,102.619150156541,0.0234072994151361,est1_003
"3461",7_000000000000000005e2,"2023",76.0718398655657,102.619587407478,0.0371774996626313,est1_003
"3462",7_000000000000000005e3,"2021",76.0754592561846,102.6234543447,0.0838458032110039,est1_003
"3463",7_000000000000000005e6,"2022",76.0868438379398,102.630702321549,0.0198647441412787,est1_003
"3464",7_000000000000000005e5,"2020",76.0802106333126,102.632454074487,0.135664135562895,est1_003
"3465",7_000000000000000005e9,"2023",76.0927693011491,102.646834328476,0.0155403273926249,est1_003
"3466",7_000000000000000005e8,"2021",76.070046021315,102.649366941083,0.144415147350748,est1_003
"3467",7_000000000000000005ea,"2024",76.0941235968873,102.649434043137,0.00949545396594238,est1_003
"3468",7_000000000000000005eb,"2022",76.0595464621223,102.653600921959,0.0311522591217264,est1_003
"3469",7_000000000000000005e7,"2021",76.0873085716506,102.654409585088,0.339414635973145,est1_003
"3470",7_000000000000000005ed,"2021",76.0694005056498,102.655533819001,0.144415147350748,est1_003
"3471",7_000000000000000005ee,"2021",76.0892215781898,102.659402700265,0.339414635973145,est1_003
"3472",7_000000000000000005ec,"2022",76.0628533976959,102.659848861112,0.0207640229806547,est1_003
"3473",7_000000000000000005ef,"2021",76.087710742343,102.673108815558,0.0431834860916193,est1_003
"3474",7_000000000000000005f0,"2019",75.9780939315276,102.682312304673,0.00957318767366527,est1_003
"3475",7_000000000000000005f6,"2021",76.0835811817207,102.683186015448,0.123538410052172,est1_003
"3476",7_000000000000000005f1,"2022",76.070329079899,102.684966229549,0.0544755574862008,est1_003
"3477",7_000000000000000005f5,"2023",76.0701964012793,102.685842163708,0.0544755574862008,est1_003
"3478",7_000000000000000005f2,"2016",75.978987459985,102.688541938894,0.0165347524461898,est1_003
"3479",7_000000000000000005f3,"2020",76.0759256824543,102.68908891974,0.0708761655611941,est1_003
"3480",7_000000000000000005f4,"2023",76.0675614948274,102.690477642562,0.0164320389779787,est1_003
"3481",7_000000000000000005f8,"2016",75.9821863273488,102.691275794033,0.110497556487287,est1_003
"3482",7_000000000000000005f7,"2016",75.9744001172709,102.692606477184,0.0330791723720423,est1_003
"3483",7_000000000000000005fa,"2023",76.0685219501779,102.703294304662,0.022486072887909,est1_003
"3484",7_000000000000000005f9,"2016",75.9804187768346,102.708181777474,0.0870182955851693,est1_003
"3485",7_000000000000000005fb,"2016",75.9803731860204,102.711717126464,0.0887586955212183,est1_003
"3486",7_000000000000000005fe,"2021",76.0793477779905,102.71434164846,0.226403361061262,est1_003
"3487",7_000000000000000005fc,"2016",75.9804266769314,102.716301175817,0.0565602292367235,est1_003
"3488",7_000000000000000005fd,"2021",76.0853234152026,102.724902826418,0.0449176112086349,est1_003
"3489",7_00000000000000000621,"2024",76.4423007717718,103.422158323569,0.0126305984800603,est1_003
"3490",7_00000000000000000622,"2019",76.438291214497,103.434440178638,0.0471692223878168,est1_003
"3491",7_00000000000000000623,"2022",76.4480337281672,103.442744182487,0.0252496502337789,est1_003
"3492",7_00000000000000000624,"2022",76.4532831241519,103.446792589266,0.0201935299611123,est1_003
"3493",7_00000000000000000625,"2022",76.4479771465974,103.458098786785,0.0799617866179734,est1_003
"3494",7_00000000000000000626,"2024",76.4455655406954,103.469481549795,0.0117860726512024,est1_003
"3495",7_00000000000000000627,"2020",76.4487034205138,103.503404519279,0.0782739156419496,est1_003
"3496",7_00000000000000000628,"2021",76.4653042971821,103.548970778526,0.0411907789781023,est1_003
"3497",7_00000000000000000629,"2018",76.4740340067477,103.711688395889,0.0134419537836189,est1_003
"3498",7_0000000000000000062a,"2021",76.4580765021227,103.72871128712,0.105139327693555,est1_003
"3499",7_0000000000000000062b,"2019",76.4400383924105,103.733252136203,0.138116204042609,est1_003
"3500",7_0000000000000000062c,"2021",76.4281066680657,103.734476489446,0.10873450490067,est1_003
"3501",7_0000000000000000062f,"2021",76.4365990629449,103.740600799342,0.131412236633367,est1_003
"3502",7_0000000000000000062e,"2023",76.4360097721169,103.743037507637,0.131412236633367,est1_003
"3503",7_0000000000000000062d,"2023",76.441575614719,103.745787032025,0.00926308521224816,est1_003
"3504",7_00000000000000000631,"2022",76.4352087256051,103.761102404592,0.0480206770822659,est1_003
"3505",7_00000000000000000630,"2022",76.4243189031041,103.76589656333,0.031196413502087,est1_003
"3506",7_0000000000000000064e,"2024",76.4246219716389,103.413696121183,0.0101181874026767,est1_003
"3507",7_0000000000000000063f,"2018",76.3801198240156,103.338298754097,0.0405957571319427,est1_003
"3508",7_00000000000000000456,"2024",76.5048414907208,103.346142911682,0.00502957745802806,est1_003
"3509",7_00000000000000000641,"2016",76.3572721797539,103.347430135159,0.426990960364281,est1_003
"3510",7_00000000000000000640,"2021",76.376401668907,103.349614308787,0.011844686662365,est1_003
"3511",7_00000000000000000619,"2021",76.4456909500694,103.349840831697,0.021044245128464,est1_003
"3512",7_00000000000000000642,"2016",76.3798858937867,103.357944550387,0.0177647298739945,est1_003
"3513",7_0000000000000000061b,"2021",76.4978547762643,103.360303232941,0.0570292304485739,est1_003
"3514",7_0000000000000000061a,"2021",76.4978547762643,103.360303232941,0.0570292304485739,est1_003
"3515",7_00000000000000000643,"2021",76.4318082952574,103.371626814772,0.0261236240819665,est1_003
"3516",7_0000000000000000061c,"2021",76.5009794211655,103.374388024231,0.0989387619199959,est1_003
"3517",7_00000000000000000644,"2016",76.3413351768145,103.375880450306,0.0551328482614612,est1_003
"3518",7_00000000000000000647,"2023",76.3161330438308,103.377617415874,0.0339885935874083,est1_003
"3519",7_00000000000000000645,"2021",76.424817480712,103.380502723216,0.0632339237422231,est1_003
"3520",7_0000000000000000061e,"2023",76.5118310191442,103.383309209283,0.013404811182516,est1_003
"3521",7_0000000000000000061d,"2019",76.442472911254,103.385184636097,0.0488366140347401,est1_003
"3522",7_00000000000000000648,"2024",76.3223936564542,103.388363691315,0.0152886229487889,est1_003
"3523",7_00000000000000000649,"2016",76.4289641030817,103.389722801454,0.0750116127917075,est1_003
"3524",7_0000000000000000064a,"2024",76.3203520595895,103.390642197085,0.00934436140457347,est1_003
"3525",7_0000000000000000064b,"2016",76.4158892124176,103.390775089075,0.159444275256882,est1_003
"3526",7_00000000000000000646,"2020",76.4317038996372,103.391901496296,0.221626979476062,est1_003
"3527",7_0000000000000000064c,"2021",76.3252679395572,103.393664076475,0.0237763958779527,est1_003
"3528",7_0000000000000000061f,"2024",76.5119718497855,103.394124167805,0.0134039984157166,est1_003
"3529",7_0000000000000000064d,"2020",76.3391650170455,103.402331576542,0.0924636443933732,est1_003
"3530",7_00000000000000000620,"2021",76.4431223444532,103.404255411156,0.0303110908323223,est1_003
"3531",7_00000000000000000650,"2021",76.3189306029448,103.409597461327,0.0866566241347119,est1_003
"3532",7_0000000000000000063c,"2022",76.3199440414131,103.309567578606,0.0135922152601843,est1_003
"3533",7_0000000000000000063e,"2023",76.3198690517493,103.324684286127,0.0118929743290939,est1_003
"3534",7_0000000000000000064f,"2021",76.4036758501093,103.42049715665,0.0591032993428178,est1_003
"3535",7_00000000000000000651,"2019",76.3396690748882,103.422448777568,0.0814361831460769,est1_003
"3536",7_00000000000000000652,"2023",76.4041133470117,103.432803375625,0.0253296914997468,est1_003
"3537",7_00000000000000000654,"2021",76.3147050513139,103.437400504373,0.0900807071962063,est1_003
"3538",7_00000000000000000653,"2024",76.3366319430637,103.438624452804,0.010182138200125,est1_003
"3539",7_00000000000000000658,"2023",76.2803480461799,103.442141314264,0.0170379068658797,est1_003
"3540",7_00000000000000000657,"2023",76.312742144855,103.443687335395,0.0110491552846865,est1_003
"3541",7_00000000000000000655,"2023",76.2771331166588,103.444168819936,0.014485337640495,est1_003
"3542",7_0000000000000000065b,"2021",76.3161234308454,103.447073008152,0.015296175726183,est1_003
"3543",7_00000000000000000659,"2022",76.2999247488935,103.448588665885,0.0263711256433612,est1_003
"3544",7_0000000000000000065c,"2023",76.2789023745763,103.448807483703,0.0119280791393756,est1_003
"3545",7_0000000000000000065a,"2021",76.3018478328557,103.451644490992,0.0544374865286998,est1_003
"3546",7_00000000000000000656,"2021",76.2842085317806,103.451886230142,0.246980947382008,est1_003
"3547",7_0000000000000000065d,"2024",76.2763999357662,103.454120297402,0.0119304526439374,est1_003
"3548",7_0000000000000000065e,"2022",76.285073682222,103.463538798857,0.246980947382008,est1_003
"3549",7_0000000000000000065f,"2022",76.2669085262231,103.479920487814,0.0187597930036463,est1_003
"3550",7_00000000000000000660,"2021",76.2620362202243,103.490161241837,0.0358281394841397,est1_003
"3551",7_00000000000000000661,"2023",76.2641502157293,103.519166626554,0.00938189040212076,est1_003
"3552",7_00000000000000000662,"2022",76.3600048762221,103.553546940806,0.0465851697832134,est1_003
"3553",7_00000000000000000663,"2024",76.3557468510613,103.556913278917,0.0118614181688578,est1_003
"3554",7_00000000000000000664,"2024",76.3423250557936,103.57087888792,0.0135693740022406,est1_003
"3555",7_00000000000000000665,"2021",76.3642663803002,103.57825721976,0.179530390801193,est1_003
"3556",7_00000000000000000666,"2022",76.3248790487073,103.612185708188,0.0280236312698566,est1_003
"3557",7_00000000000000000667,"2016",76.2656784046251,103.872052629478,0.017055996796427,est1_003
"3558",7_00000000000000000668,"2019",76.2663614117324,103.877428793453,0.0383753799783878,est1_003
"3559",7_00000000000000000669,"2024",76.2661591393735,103.894205017971,0.00255825199173266,est1_003
"3560",7_0000000000000000066a,"2023",76.4033360470987,103.949310377284,0.012667066073032,est1_003
"3561",7_000000000000000006bd,"2016",76.2174204103046,103.807816676841,0.0231052039554117,est1_003
"3562",7_000000000000000006be,"2023",76.2244933529749,103.812769553046,0.0119742911500043,est1_003
"3563",7_000000000000000006bf,"2019",76.2179990907539,103.820232555846,0.0213925295374695,est1_003
"3564",7_000000000000000006c0,"2023",76.2219666703065,103.814124220436,0.0213864008782802,est1_003
"3565",7_000000000000000006c1,"2023",76.2219666703065,103.814124220436,0.0213864008782802,est1_003
"3566",7_000000000000000006c2,"2019",76.2179990907539,103.820232555846,0.0213925295374695,est1_003
"3567",7_000000000000000006c3,"2016",76.2226630924523,103.836113995937,0.0316517880863275,est1_003
"3568",7_000000000000000006c8,"2023",76.2357062636011,103.908757726523,0.0102548660494405,est1_003
"3569",7_000000000000000006c9,"2023",76.2467555572895,103.935707255769,0.00939377695194205,est1_003
"3570",7_000000000000000006ca,"2022",76.2446591610775,103.949769464292,0.0350176735577614,est1_003
"3571",7_000000000000000006cb,"2022",76.2446591610775,103.949769464292,0.0350176735577614,est1_003
"3572",7_000000000000000006cc,"2021",76.3064396153904,104.004401323428,0.0153051322858603,est1_003
"3573",7_000000000000000006cd,"2021",76.3398410415679,104.131127372066,0.0220543016475546,est1_003
"3574",7_000000000000000006ce,"2019",76.3360456876696,104.137805404197,0.033940534872078,est1_003
"3575",7_000000000000000006cf,"2019",76.335759327311,104.139477214267,0.033940534872078,est1_003
"3576",7_000000000000000006d0,"2018",76.3366059290983,104.14724518535,0.0271511065651692,est1_003
"3577",7_000000000000000006d1,"2018",76.3364663458899,104.156272375609,0.0890887492645592,est1_003
"3578",7_000000000000000006d2,"2016",76.3375550585873,104.172186444831,0.0619344173434601,est1_003
"3579",7_000000000000000006d3,"2016",76.3295442879601,104.262658036276,0.0127330368144763,est1_003
"3580",7_000000000000000006d4,"2016",76.330166075552,104.271865667897,0.0195242383870718,est1_003
"3581",7_000000000000000006d5,"2022",76.3258592686931,104.294165446768,0.0186805153326785,est1_003
"3582",7_000000000000000004f2,"2021",76.2165009910732,103.016621815259,0.0402240216149724,est1_003
"3583",7_000000000000000004ef,"2023",76.1783298069563,103.018084506355,0.0137295699620614,est1_003
"3584",7_000000000000000004f1,"2021",76.235116070879,103.020645774341,0.0376064520577846,est1_003
"3585",7_0000000000000000066d,"2021",76.1818618788896,103.026513292665,0.0214475339723027,est1_003
"3586",7_000000000000000004f3,"2021",76.1818618788896,103.026513292665,0.0214475339723027,est1_003
"3587",7_000000000000000004f5,"2021",76.2168281689497,103.026513276314,0.0171147123911432,est1_003
"3588",7_000000000000000004f4,"2023",76.2014226750206,103.026913714909,0.0119940214862747,est1_003
"3589",7_000000000000000004f6,"2022",76.184134385728,103.030688770049,0.207598651720834,est1_003
"3590",7_0000000000000000066e,"2021",76.1826084736008,103.033714890964,0.207598651720834,est1_003
"3591",7_000000000000000004f7,"2021",76.1907512258335,103.039905159656,0.451949056833215,est1_003
"3592",7_00000000000000000670,"2021",76.1984700222242,103.041520926323,0.194513949573392,est1_003
"3593",7_00000000000000000672,"2021",76.2029654105758,103.044186277558,0.320414642757064,est1_003
"3594",7_0000000000000000066f,"2023",76.1845267714682,103.044513191391,0.00943544311421626,est1_003
"3595",7_000000000000000004fb,"2021",76.2038933502555,103.046128323278,0.145613168838364,est1_003
"3596",7_00000000000000000671,"2016",76.1512840584821,103.047872139865,0.0189148729133119,est1_003
"3597",7_000000000000000004f9,"2021",76.2132817819864,103.049146110388,0.149804891427363,est1_003
"3598",7_000000000000000004fc,"2023",76.2056487979156,103.050894822853,0.0950789890333933,est1_003
"3599",7_00000000000000000675,"2021",76.2116143177553,103.053548927461,0.114712855226887,est1_003
"3600",7_00000000000000000677,"2022",76.2003955912065,103.060773875903,0.0188501836466353,est1_003
"3601",7_00000000000000000678,"2024",76.1887897198184,103.064847682126,0.00943228364857577,est1_003
"3602",7_00000000000000000679,"2021",76.1862335602847,103.074979260811,0.0411654061300361,est1_003
"3603",7_0000000000000000067a,"2023",76.1975622741484,103.075160194869,0.0119973115722627,est1_003
"3604",7_0000000000000000067b,"2022",76.154942357471,103.07534324891,0.022348889266911,est1_003
"3605",7_000000000000000006c4,"2016",75.7227033857211,103.028990814493,0.0752925285410201,est1_003
"3606",7_000000000000000006c5,"2019",75.7259968662117,103.050901095805,0.0150559048583185,est1_003
"3607",7_0000000000000000067d,"2022",76.1560734264521,103.086058002702,0.0111729043126957,est1_003
"3608",7_0000000000000000067c,"2021",76.1999267191939,103.086917161732,0.0359870379845328,est1_003
"3609",7_00000000000000000680,"2021",76.1767570603335,103.092027342477,0.0343292563871681,est1_003
"3610",7_00000000000000000684,"2021",76.2216749467761,103.095643239821,0.0282315220864539,est1_003
"3611",7_0000000000000000067f,"2021",76.201385763499,103.096822243841,0.108804366518808,est1_003
"3612",7_00000000000000000683,"2023",76.1740919446712,103.097694801382,0.0145920157315411,est1_003
"3613",7_00000000000000000685,"2021",76.1514759008374,103.101572824557,0.0429873836972783,est1_003
"3614",7_00000000000000000689,"2021",76.1907427143023,103.103569589813,0.0840211949649629,est1_003
"3615",7_00000000000000000688,"2023",76.1759511443334,103.108054912768,0.0266063116214082,est1_003
"3616",7_0000000000000000068b,"2021",76.2459588267086,103.110227316907,0.0640488969035433,est1_003
"3617",7_00000000000000000686,"2023",76.2271813070046,103.110223782673,0.035061616689821,est1_003
"3618",7_0000000000000000068a,"2023",76.1488064964178,103.112572694423,0.00945930203224569,est1_003
"3619",7_0000000000000000068c,"2021",76.1615160999177,103.117238292835,0.0738850572484166,est1_003
"3620",7_0000000000000000068e,"2024",76.2137528257515,103.118392234325,0.0111280838787751,est1_003
"3621",7_0000000000000000068f,"2024",76.2338197895402,103.123383107958,0.0136755488172645,est1_003
"3622",7_00000000000000000693,"2021",76.2117676664246,103.127062073342,0.0573577710612181,est1_003
"3623",7_00000000000000000692,"2024",76.2442075750774,103.133348335755,0.00939455121950348,est1_003
"3624",7_00000000000000000691,"2022",76.1976791767731,103.13695074716,0.0599861762884762,est1_003
"3625",7_00000000000000000697,"2021",76.1829991986213,103.138688811126,0.123532827603731,est1_003
"3626",7_00000000000000000695,"2021",76.2454649212302,103.139237208988,0.0179344684462112,est1_003
"3627",7_00000000000000000694,"2024",76.1599782682522,103.141083169886,0.0180438680695667,est1_003
"3628",7_0000000000000000069b,"2022",76.1809439995962,103.153506529741,0.0214486490150901,est1_003
"3629",7_0000000000000000069c,"2016",76.1594665689987,103.158837179076,0.0300743180599856,est1_003
"3630",7_000000000000000006a0,"2021",76.1738888723552,103.172893474543,0.270395746545991,est1_003
"3631",7_000000000000000006a5,"2020",76.1701160732242,103.199714120045,0.0206072418094382,est1_003
"3632",7_000000000000000006a7,"2024",76.201705017639,103.203984458358,0.0102802268920571,est1_003
"3633",7_000000000000000006a8,"2021",76.1814939303686,103.205691490559,0.0351732225225672,est1_003
"3634",7_000000000000000006a6,"2016",76.176143310609,103.209214241674,0.262624675583956,est1_003
"3635",7_000000000000000006ab,"2016",76.1760359039155,103.216622826224,0.262624675583956,est1_003
"3636",7_00000000000000000696,"2024",76.2024910607273,103.142786718563,0.0137048842046335,est1_003
"3637",7_00000000000000000699,"2021",76.206624875374,103.152519054184,0.0205545625306654,est1_003
"3638",7_0000000000000000069a,"2016",76.2273578213515,103.156128600461,0.212078077861869,est1_003
"3639",7_000000000000000006b1,"2021",76.1804559316607,103.233522020087,0.102958277364908,est1_003
"3640",7_0000000000000000069e,"2022",76.2029504161775,103.167745635908,0.00942226917351143,est1_003
"3641",7_0000000000000000069f,"2018",76.2255338484248,103.163815747572,0.212078077861869,est1_003
"3642",7_000000000000000006a3,"2024",76.2047558371516,103.186346498463,0.0111347275670783,est1_003
"3643",7_000000000000000006a9,"2023",76.2256873834718,103.210706691547,0.0145395040800565,est1_003
"3644",7_000000000000000006aa,"2022",76.2224332350951,103.213217519699,0.0188208156415022,est1_003
"3645",7_000000000000000006ac,"2024",76.2226806132673,103.223433194163,0.0153973671240255,est1_003
"3646",7_000000000000000006ad,"2021",76.225746475106,103.229779946718,0.0915111565809824,est1_003
"3647",7_000000000000000006ae,"2022",76.2329776865652,103.22479162714,0.016241402968531,est1_003
"3648",7_000000000000000006af,"2022",76.2126913758634,103.226720714125,0.0171198536441951,est1_003
"3649",7_000000000000000006b0,"2022",76.2310931610496,103.229377632663,0.0145351769628642,est1_003
"3650",7_00000000000000000324,"2022",76.2059291923471,101.519670068616,0.0291190138055029,c001
"3651",7_00000000000000000343,"2024",76.1495321487447,101.791556916617,0.0180574113786503,c001
"3652",7_00000000000000000325,"2023",76.1946692875643,101.849841597442,0.0180002955081617,c001
"3653",7_00000000000000000327,"2024",76.2030130770452,101.854435143782,0.0239852318522424,c001
"3654",7_00000000000000000326,"2024",76.2030130770452,101.854435143782,0.0239852318522424,c001
"3655",7_00000000000000000328,"2022",76.1974430537918,101.865947421168,0.0154236005780075,c001
"3656",7_0000000000000000032a,"2024",76.1942285647851,101.869908652209,0.00942840916058597,c001
"3657",7_0000000000000000032b,"2019",76.2040994446388,101.873145624305,0.0925085638275685,c001
"3658",7_00000000000000000329,"2023",76.1909203279217,101.874481717406,0.0265776224027049,c001
"3659",7_0000000000000000032d,"2022",76.2046959326139,101.878455328132,0.0925085638275685,c001
"3660",7_0000000000000000032c,"2021",76.1950511139375,101.881713439596,0.0942798013023221,c001
"3661",7_0000000000000000032f,"2022",76.2105603094335,101.886553340328,0.0111303456083786,c001
"3662",7_0000000000000000032e,"2021",76.199811082577,101.886759523494,0.041125773269859,c001
"3663",7_00000000000000000330,"2018",76.1847456112509,101.893870318133,0.106367158510825,c001
"3664",7_00000000000000000331,"2022",76.1738368375226,101.898115292497,0.0274683365613527,c001
"3665",7_00000000000000000332,"2023",76.173992013819,101.906682400102,0.0103021545644864,c001
"3666",7_00000000000000000334,"2023",76.181671971813,101.910500450659,0.0265952710333865,c001
"3667",7_00000000000000000335,"2024",76.1816975639081,101.911797882444,0.0265952710333865,c001
"3668",7_00000000000000000333,"2023",76.1880471686345,101.912694221586,0.0111487827040913,c001
"3669",7_00000000000000000336,"2024",76.2110824027847,101.923361015825,0.0231164025737088,c001
"3670",7_00000000000000000337,"2023",76.1886864286479,101.927048317044,0.0154344916418176,c001
"3671",7_00000000000000000338,"2021",76.1979602029154,101.948316470761,0.0462750750623083,c001
"3672",7_000000000000000003a3,"2023",76.0928393859793,102.072356201096,0.0103594521796195,c001
"3673",7_000000000000000003a5,"2022",76.0952801576414,102.075191477299,0.0207174279724997,c001
"3674",7_000000000000000003ac,"2021",76.0890438546359,102.097530474038,0.0699517746143946,c001
"3675",7_00000000000000000339,"2024",76.1418570673604,102.097977031194,0.0249493379438029,c001
"3676",7_000000000000000003aa,"2023",76.0798460359002,102.103613291736,0.0112331403035586,c001
"3677",7_000000000000000003ab,"2021",76.0766404873234,102.108728083469,0.063094003008669,c001
"3678",7_000000000000000003ae,"2022",76.0943954228134,102.108912407914,0.0302130649051637,c001
"3679",7_000000000000000003b2,"2024",76.0709552165871,102.120930561592,0.0103759644360287,c001
"3680",7_000000000000000003b3,"2022",76.0774287217068,102.121048632801,0.013828997318955,c001
"3681",7_000000000000000003b4,"2022",76.080220435391,102.131114175435,0.0509834877762545,c001
"3682",7_000000000000000003b7,"2022",76.0691990589987,102.132561676236,0.0250782081529484,c001
"3683",7_000000000000000003b6,"2023",76.0724965711387,102.137574432962,0.0605182168609704,c001
"3684",7_000000000000000003b8,"2021",76.0727591385379,102.142946660548,0.0864538583767482,c001
"3685",7_000000000000000003b9,"2021",76.0730861401903,102.148078705072,0.0544668383314819,c001
"3686",7_000000000000000003ba,"2022",76.0743377878136,102.151954007757,0.0164258303413503,c001
"3687",7_00000000000000000510,"2019",76.0742812567985,102.152713911618,0.0674291044212122,c001
"3688",7_00000000000000000511,"2022",76.0813809976947,102.155396213265,0.0691178017259923,c001
"3689",7_00000000000000000516,"2022",76.0827597348062,102.155818776694,0.0760293428584317,c001
"3690",7_000000000000000003bb,"2022",76.0820347782017,102.156048429102,0.0786215161961432,c001
"3691",7_00000000000000000514,"2019",76.0754000107092,102.160260429306,0.10026145592577,c001
"3692",7_00000000000000000467,"2021",76.121806943766,102.458650992973,0.0637544346212189,c001
"3693",7_0000000000000000046c,"2022",76.1105091645291,102.544282493278,0.0379393161006695,c001
"3694",7_00000000000000000471,"2018",76.2701528898023,102.565965405881,0.0153453380627933,c001
"3695",7_00000000000000000473,"2021",76.2670373449925,102.570570438747,0.0196124685881378,c001
"3696",7_00000000000000000474,"2022",76.1077238316267,102.576310555956,0.107809939125845,c001
"3697",7_00000000000000000477,"2021",76.1082312301514,102.587216580471,0.0388077410733382,c001
"3698",7_000000000000000005b4,"2022",76.1056402211573,102.48503009108,0.0181132936161026,c001
"3699",7_000000000000000005b8,"2022",76.1068187440793,102.493342233589,0.0155243761527818,c001
"3700",7_000000000000000005bb,"2021",76.1007420539236,102.49739427857,0.301118999000464,c001
"3701",7_000000000000000005bf,"2023",76.1003204351897,102.500922464215,0.301118999000464,c001
"3702",7_000000000000000005c3,"2022",76.1045256810382,102.521643725845,0.178556264724436,c001
"3703",7_000000000000000005c9,"2022",76.1047478643356,102.54564598893,0.0327777397474076,c001
"3704",7_000000000000000005ca,"2022",76.1105091645291,102.544282493278,0.0379393161006695,c001
"3705",7_000000000000000005ce,"2022",76.109347096729,102.555687751456,0.0198329212691836,c001
"3706",7_000000000000000005d4,"2022",76.1077238316267,102.576310555956,0.107809939125845,c001
"3707",7_000000000000000005d8,"2021",76.1082312301514,102.587216580471,0.0388077410733382,c001
"3708",7_000000000000000005dd,"2022",76.1033268516556,102.600679377558,0.0517594094458961,c001
"3709",7_0000000000000000051f,"2021",76.0765712208157,102.167271144694,0.0881578864755645,c001
"3710",7_0000000000000000051b,"2021",76.0595447233911,102.167654055233,0.0415366751378343,c001
"3711",7_0000000000000000051a,"2022",76.0881676148346,102.170919708195,0.0172718473296168,c001
"3712",7_00000000000000000520,"2022",76.08277556281,102.175383570924,0.0138232093403282,c001
"3713",7_00000000000000000526,"2021",76.0640241963016,102.177251379831,0.0994873440267624,c001
"3714",7_000000000000000003bc,"2022",76.1046383318038,102.178790659379,0.0914348779766612,c001
"3715",7_00000000000000000521,"2022",76.1046383318038,102.178790659379,0.0914348779766612,c001
"3716",7_00000000000000000529,"2021",76.04773241417,102.180910951139,0.0640911561045614,c001
"3717",7_0000000000000000051d,"2021",76.0514036748965,102.181124280322,0.101303509033674,c001
"3718",7_00000000000000000523,"2021",76.0543027486405,102.183676322305,0.0839675402153968,c001
"3719",7_00000000000000000525,"2022",76.0295887882292,102.18633660667,0.0398879675396046,c001
"3720",7_00000000000000000530,"2022",76.059332544052,102.187736568179,0.128938870218715,c001
"3721",7_0000000000000000052b,"2021",76.0304375669019,102.188092082335,0.0398879675396046,c001
"3722",7_00000000000000000531,"2021",76.0595755578392,102.188147845908,0.128938870218715,c001
"3723",7_0000000000000000052d,"2023",76.046594563135,102.188500362893,0.00952788917260059,c001
"3724",7_0000000000000000052a,"2023",76.0577146732065,102.188638761188,0.0138478403329606,c001
"3725",7_0000000000000000052e,"2023",76.0408953495171,102.189589884996,0.0155966669894515,c001
"3726",7_0000000000000000052c,"2023",76.0702365700842,102.191987389861,0.0103772058497283,c001
"3727",7_00000000000000000535,"2022",76.0455605817734,102.194849742068,0.0285846896642144,c001
"3728",7_00000000000000000534,"2021",76.0521900810985,102.197609029811,0.0658022958063756,c001
"3729",7_00000000000000000533,"2021",76.0679929786232,102.197747614664,0.0570798471850885,c001
"3730",7_00000000000000000536,"2021",76.0679929786232,102.197747614664,0.0570798471850885,c001
"3731",7_00000000000000000539,"2021",76.0634610030194,102.203127789188,0.0198972726497771,c001
"3732",7_00000000000000000538,"2022",76.0307888279744,102.206147669371,0.0554945832964311,c001
"3733",7_0000000000000000053c,"2023",76.1103257508214,102.206459626131,0.0155209089476393,c001
"3734",7_0000000000000000053d,"2024",76.0504805564364,102.207293244205,0.0112571321653664,c001
"3735",7_00000000000000000537,"2021",76.059541410657,102.208025984976,0.14970793508325,c001
"3736",7_0000000000000000053b,"2021",76.0676909257685,102.21009209018,0.0726444893499743,c001
"3737",7_00000000000000000540,"2022",76.067514326363,102.211008458851,0.0726444893499743,c001
"3738",7_00000000000000000541,"2021",76.0177942847005,102.211599339388,0.0425269595052223,c001
"3739",7_00000000000000000544,"2023",76.0605213091488,102.211604360845,0.14970793508325,c001
"3740",7_0000000000000000053e,"2022",76.0502179433225,102.213090975265,0.034636514772463,c001
"3741",7_00000000000000000542,"2022",76.0505470320765,102.213628276933,0.034636514772463,c001
"3742",7_0000000000000000053f,"2021",76.0947033136311,102.215529263201,0.0949549760074115,c001
"3743",7_00000000000000000543,"2024",76.0328182533953,102.215668430204,0.0112706016270613,c001
"3744",7_00000000000000000545,"2024",76.0092769044232,102.224955564521,0.0130268318095338,c001
"3745",7_00000000000000000547,"2022",76.0273779558044,102.230122987976,0.0216834291091865,c001
"3746",7_0000000000000000054b,"2024",76.0287136721714,102.241000863149,0.0112745247960187,c001
"3747",7_00000000000000000548,"2021",76.0060763345576,102.257533133954,0.67396215020894,c001
"3748",7_0000000000000000055b,"2021",76.0040583180953,102.271759924289,0.67396215020894,c001
"3749",7_0000000000000000055f,"2022",75.9996043641743,102.287836725637,0.0156417760812957,c001
"3750",7_00000000000000000560,"2022",75.998040913004,102.287889132907,0.0139054806003218,c001
"3751",7_00000000000000000561,"2024",76.0269416815272,102.287993764617,0.019948853056381,c001
"3752",7_00000000000000000564,"2023",76.0256996630139,102.29258686669,0.0199507041405813,c001
"3753",7_00000000000000000563,"2021",76.0106614577934,102.295165888185,0.0564411017933873,c001
"3754",7_00000000000000000569,"2023",76.0232216703746,102.302569568892,0.0303648721602174,c001
"3755",7_0000000000000000056d,"2022",76.0233664767384,102.303150107129,0.0303648721602174,c001
"3756",7_0000000000000000056f,"2023",76.0185197256722,102.309810615688,0.0260356759303097,c001
"3757",7_00000000000000000575,"2023",76.021592802681,102.314427720933,0.012147157646875,c001
"3758",7_00000000000000000576,"2023",76.021592802681,102.314427720933,0.012147157646875,c001
"3759",7_00000000000000000579,"2021",76.0063575826009,102.323529479572,0.0608030825221821,c001
"3760",7_00000000000000000585,"2021",76.0267568957076,102.335057908859,0.0346948766323379,c001
"3761",7_00000000000000000581,"2018",76.0120267248418,102.336425006678,0.239645881546874,c001
"3762",7_00000000000000000562,"2023",76.0429686066982,102.291078051014,0.0121286588110672,c001
"3763",7_00000000000000000568,"2021",76.0504285205608,102.296924438198,0.0268430851472944,c001
"3764",7_00000000000000000546,"2023",76.0513619898342,102.229487105675,0.0346356421974495,c001
"3765",7_00000000000000000549,"2023",76.0513619898342,102.229487105675,0.0346356421974495,c001
"3766",7_00000000000000000550,"2022",76.0561418654711,102.253577366098,0.027695928862144,c001
"3767",7_0000000000000000054f,"2021",76.0596394622811,102.253779409125,0.111629358142083,c001
"3768",7_00000000000000000555,"2023",76.0643462152388,102.263248247208,0.0190319444339884,c001
"3769",7_00000000000000000557,"2023",76.06436161322,102.271955401087,0.0216275691879408,c001
"3770",7_0000000000000000055d,"2023",76.0663669384342,102.287696799174,0.0198940798281224,c001
"3771",7_0000000000000000055a,"2022",76.0679542289834,102.276972948597,0.0596739003208118,c001
"3772",7_00000000000000000565,"2022",76.0686610656449,102.298303689403,0.0259434829802606,c001
"3773",7_00000000000000000566,"2022",76.0686610656449,102.298303689403,0.0259434829802606,c001
"3774",7_00000000000000000553,"2024",76.0729070272626,102.261214810216,0.00950906178258035,c001
"3775",7_00000000000000000551,"2023",76.0752332107955,102.251211389966,0.0371705906470852,c001
"3776",7_00000000000000000554,"2021",76.07582631895,102.281113449558,0.426134092905411,c001
"3777",7_0000000000000000054d,"2022",76.0818631464549,102.245531319251,0.0241925013316941,c001
"3778",7_00000000000000000577,"2022",76.0878989486192,102.312508495511,0.0708168104663751,c001
"3779",7_00000000000000000573,"2022",76.0881476393705,102.308535481767,0.0708168104663751,c001
"3780",7_0000000000000000057c,"2022",76.0885261961119,102.324199015492,0.0164068864688884,c001
"3781",7_0000000000000000056a,"2023",76.0963865175574,102.305500918482,0.0267555420874409,c001
"3782",7_0000000000000000056b,"2023",76.0963865175574,102.305500918482,0.0267555420874409,c001
"3783",7_0000000000000000056c,"2023",76.1026914228854,102.306612436859,0.0120780260965803,c001
"3784",7_00000000000000000552,"2021",76.1031630558091,102.242988259842,0.225153949390249,c001
"3785",7_00000000000000000559,"2021",76.1034124401132,102.281003994614,0.0422722816823025,c001
"3786",7_00000000000000000567,"2021",76.1060864086522,102.2981532532,0.0483028189156369,c001
"3787",7_00000000000000000572,"2024",76.1074890292374,102.310696302668,0.0112115731107329,c001
"3788",7_0000000000000000054c,"2023",76.1082353314549,102.241664260011,0.0146604463621744,c001
"3789",7_00000000000000000570,"2022",76.1115874909312,102.310347568832,0.0232784052156554,c001
"3790",7_00000000000000000574,"2022",76.1139526391144,102.308835968271,0.0267234725376945,c001
"3791",7_0000000000000000057e,"2021",76.0944527769447,102.3215078025,0.187320245494217,c001
"3792",7_0000000000000000057f,"2019",76.1125286891511,102.329701112021,0.0931058469768274,c001
"3793",7_00000000000000000580,"2023",76.0758893443787,102.337809067482,0.0146941196375446,c001
"3794",7_00000000000000000584,"2021",76.0461316970186,102.339074017566,0.0311832925722165,c001
"3795",7_00000000000000000594,"2022",76.0929174590289,102.382662631197,0.0112230303621785,c001
"3796",7_00000000000000000587,"2022",76.0163548614123,102.342387409969,0.0329835758018126,c001
"3797",7_00000000000000000588,"2022",76.0343938217381,102.342904402365,0.0138690439935451,c001
"3798",7_0000000000000000058a,"2024",76.0263474581369,102.354043424854,0.0121435393620591,c001
"3799",7_0000000000000000058b,"2023",76.0395173442129,102.354969215374,0.0147316263806965,c001
"3800",7_00000000000000000589,"2021",76.0083240276413,102.356454886941,0.0347388201860289,c001
"3801",7_0000000000000000058f,"2021",76.0083240276413,102.356454886941,0.0347388201860289,c001
"3802",7_00000000000000000591,"2024",76.0419396361565,102.364014720794,0.0129956741170403,c001
"3803",7_00000000000000000586,"2021",76.0178685888441,102.36644990571,0.3879506624546,c001
"3804",7_00000000000000000597,"2021",76.0152683948426,102.39579563324,0.183177315675969,c001
"3805",7_00000000000000000599,"2021",76.0144539355711,102.396241987106,0.183177315675969,c001
"3806",7_00000000000000000598,"2022",76.0317377682519,102.397185754743,0.0832441539652364,c001
"3807",7_0000000000000000059a,"2021",76.0305194693626,102.400701514951,0.0997210779951181,c001
"3808",7_0000000000000000059b,"2022",76.0291677720315,102.403732956048,0.0832491809251943,c001
"3809",7_0000000000000000059c,"2023",76.0460297176042,102.406532559171,0.0225203665614819,c001
"3810",7_0000000000000000059d,"2021",76.0129928827014,102.418260088085,0.0573009746568388,c001
"3811",7_0000000000000000059f,"2022",76.0622864232678,102.42706149189,0.0320095520364804,c001
"3812",7_000000000000000005a0,"2022",76.0625538797451,102.427423300779,0.0320095520364804,c001
"3813",7_000000000000000005a1,"2023",76.0232220310738,102.428938482559,0.00954367439450923,c001
"3814",7_000000000000000005a2,"2022",76.0434132125609,102.433108468002,0.0511148463105887,c001
"3815",7_0000000000000000059e,"2018",76.0467836358004,102.433173129492,0.168023521085459,c001
"3816",7_000000000000000005a4,"2023",76.0391466722342,102.433495343266,0.00953285306413056,c001
"3817",7_000000000000000005a3,"2021",76.032503890711,102.43365434854,0.180332770314378,c001
"3818",7_000000000000000005a6,"2022",76.0361759045092,102.440308076196,0.0156018754464861,c001
"3819",7_000000000000000005aa,"2022",76.0287650522459,102.444184840789,0.031220414959362,c001
"3820",7_000000000000000005a7,"2022",76.0900537621701,102.44581027094,0.0215876235500176,c001
"3821",7_000000000000000005a9,"2023",76.0899213578505,102.44620203204,0.0215876235500176,c001
"3822",7_000000000000000005a8,"2024",76.042674637043,102.446676146569,0.00952973141426633,c001
"3823",7_000000000000000005ab,"2023",76.0404885184081,102.448345874186,0.0155965823891941,c001
"3824",7_000000000000000005ac,"2023",76.0404885184081,102.448345874186,0.0155965823891941,c001
"3825",7_000000000000000005ad,"2023",76.0882191176361,102.460294463954,0.0164078277906667,c001
"3826",7_000000000000000005ae,"2022",76.0175913298096,102.472833414547,0.0121507459808131,c001
"3827",7_000000000000000005b0,"2022",76.0830178575488,102.475422613897,0.0336912825925095,c001
"3828",7_000000000000000005b1,"2023",76.082763066752,102.475500687184,0.0336912825925095,c001
"3829",7_000000000000000005af,"2023",76.0511024440142,102.478280518923,0.0129884566283659,c001
"3830",7_000000000000000005b2,"2021",76.0875178697529,102.483299043754,0.0569996815860164,c001
"3831",7_000000000000000005b5,"2021",76.0220748813131,102.484865613309,0.0225583459939213,c001
"3832",7_000000000000000005b3,"2021",76.0945256564104,102.485782464813,0.159696817161412,c001
"3833",7_000000000000000005b7,"2023",76.0403804189624,102.490797274137,0.0147301232130694,c001
"3834",7_000000000000000005b6,"2024",76.089572831881,102.491148862233,0.0138166814873294,c001
"3835",7_000000000000000005ba,"2023",76.0901546953866,102.496753116067,0.00949841715796973,c001
"3836",7_000000000000000005b9,"2022",76.0961754053095,102.497631806388,0.0388389692346199,c001
"3837",7_000000000000000005bc,"2024",76.0387057076779,102.504421412879,0.0103989438894072,c001
"3838",7_000000000000000005be,"2022",76.0415352918164,102.505537560594,0.0190619648005199,c001
"3839",7_000000000000000005bd,"2021",76.0189806524303,102.507525021841,0.0425242247591569,c001
"3840",7_000000000000000005c0,"2022",76.0344586866508,102.511528152015,0.0156042599543337,c001
"3841",7_000000000000000005c1,"2024",76.0152841683966,102.513510739154,0.00954851227740398,c001
"3842",7_000000000000000005c2,"2022",76.0216051006784,102.51699880267,0.028632596338106,c001
"3843",7_000000000000000005c6,"2023",76.0786507755514,102.529053102857,0.0172838372302118,c001
"3844",7_000000000000000005c4,"2024",76.035438070548,102.529888724154,0.013868956518342,c001
"3845",7_000000000000000005c5,"2024",76.0210660738848,102.532081359262,0.00954419046125199,c001
"3846",7_000000000000000005cb,"2023",76.0763681071717,102.541530386592,0.0233369319047786,c001
"3847",7_000000000000000005c7,"2021",76.0201571536888,102.541877200602,0.0494612117373481,c001
"3848",7_000000000000000005c8,"2022",76.0291641199798,102.541892786033,0.0156096106674714,c001
"3849",7_000000000000000005cc,"2023",76.075564287366,102.552163413501,0.0112366201025056,c001
"3850",7_000000000000000005cd,"2022",76.0766968862256,102.556412024609,0.0146927891206583,c001
"3851",7_000000000000000005d0,"2018",76.0531043204611,102.561721249848,0.0424232064668938,c001
"3852",7_000000000000000005d1,"2023",76.0131107332684,102.562462566364,0.0121543807615136,c001
"3853",7_000000000000000005cf,"2021",76.0221962183415,102.56405622275,0.0425140516250017,c001
"3854",7_000000000000000005d3,"2021",76.0844672060035,102.566450837387,0.189176838300053,c001
"3855",7_000000000000000005d2,"2016",76.0764058577199,102.572021021745,0.0648246577312988,c001
"3856",7_000000000000000005d6,"2021",76.0179061591678,102.573957698556,0.137130946837228,c001
"3857",7_000000000000000005d5,"2018",76.0786129314813,102.578070338609,0.0190125628002351,c001
"3858",7_000000000000000005d7,"2023",76.0237393998263,102.583708998229,0.0156149827465873,c001
"3859",7_000000000000000005da,"2016",76.0221197608717,102.599694955422,0.0121471777466662,c001
"3860",7_000000000000000005db,"2022",76.0842721711453,102.60143486403,0.0138213273968877,c001
"3861",7_000000000000000005dc,"2021",76.0538602708101,102.602091966951,0.0536720325304684,c001
"3862",7_000000000000000005de,"2023",76.0857856301257,102.614371470326,0.0138197107948057,c001
"3863",7_000000000000000005df,"2023",76.0817574637138,102.615105181616,0.0155515204767928,c001
"3864",7_000000000000000005e0,"2023",76.0714356275034,102.617962525982,0.0371774996626313,c001
"3865",7_000000000000000005e1,"2023",76.0330670837526,102.619150156541,0.0234072994151361,c001
"3866",7_000000000000000005e4,"2023",76.0330670837526,102.619150156541,0.0234072994151361,c001
"3867",7_000000000000000005e2,"2023",76.0718398655657,102.619587407478,0.0371774996626313,c001
"3868",7_000000000000000005e3,"2021",76.0754592561846,102.6234543447,0.0838458032110039,c001
"3869",7_000000000000000005e6,"2022",76.0868438379398,102.630702321549,0.0198647441412787,c001
"3870",7_000000000000000005e5,"2020",76.0802106333126,102.632454074487,0.135664135562895,c001
"3871",7_000000000000000005e9,"2023",76.0927693011491,102.646834328476,0.0155403273926249,c001
"3872",7_000000000000000005e8,"2021",76.070046021315,102.649366941083,0.144415147350748,c001
"3873",7_000000000000000005eb,"2022",76.0595464621223,102.653600921959,0.0311522591217264,c001
"3874",7_000000000000000005e7,"2021",76.0873085716506,102.654409585088,0.339414635973145,c001
"3875",7_000000000000000005ed,"2021",76.0694005056498,102.655533819001,0.144415147350748,c001
"3876",7_000000000000000005ec,"2022",76.0628533976959,102.659848861112,0.0207640229806547,c001
"3877",7_000000000000000005f6,"2021",76.0835811817207,102.683186015448,0.123538410052172,c001
"3878",7_000000000000000005f1,"2022",76.070329079899,102.684966229549,0.0544755574862008,c001
"3879",7_000000000000000005f5,"2023",76.0701964012793,102.685842163708,0.0544755574862008,c001
"3880",7_000000000000000005f3,"2020",76.0759256824543,102.68908891974,0.0708761655611941,c001
"3881",7_000000000000000005f4,"2023",76.0675614948274,102.690477642562,0.0164320389779787,c001
"3882",7_000000000000000005fa,"2023",76.0685219501779,102.703294304662,0.022486072887909,c001
"3883",7_000000000000000005fe,"2021",76.0793477779905,102.71434164846,0.226403361061262,c001
"3884",7_000000000000000003eb,"2016",75.79122924545,101.583847018906,0.0670048972374259,est1_002
"3885",7_000000000000000003ed,"2022",75.7901136069047,101.596502583958,0.0158711475572986,est1_002
"3886",7_00000000000000000419,"2018",75.7801256732629,101.580459280604,0.0105875087662517,est1_002
"3887",7_0000000000000000041a,"2022",75.7812176692683,101.592990925998,0.0379389779585494,est1_002
"3888",7_0000000000000000041b,"2022",75.7778427881444,101.593480522405,0.0132372402082099,est1_002
"3889",7_0000000000000000041c,"2016",75.7826858652349,101.598043778348,0.0123501692658568,est1_002
"3890",7_00000000000000000423,"2021",76.4713734491345,102.84470514282,0.0378116651837363,est1_002
"3891",7_00000000000000000424,"2022",76.4675920383544,102.876948728102,0.0310978376715837,est1_002
"3892",7_00000000000000000425,"2023",76.4648833042449,102.881516218387,0.022698919965411,est1_002
"3893",7_00000000000000000427,"2022",76.4812242551099,102.917455851802,0.0327470099338007,est1_002
"3894",7_00000000000000000426,"2024",76.4776879218451,102.917801584079,0.00923891825832448,est1_002
"3895",7_00000000000000000429,"2024",76.4849887479748,102.926719469329,0.0109128523231317,est1_002
"3896",7_00000000000000000428,"2023",76.4775870232809,102.928168586115,0.0218373792093086,est1_002
"3897",7_0000000000000000042a,"2016",76.4827994169653,102.929575029566,0.0612913623034818,est1_002
"3898",7_0000000000000000042b,"2016",76.4825243081917,102.930239152322,0.0612913623034818,est1_002
"3899",7_0000000000000000042c,"2024",76.4681330887751,102.936323310578,0.0092456583750137,est1_002
"3900",7_0000000000000000042d,"2022",76.4664334082253,102.942244991583,0.0168110992570267,est1_002
"3901",7_0000000000000000042e,"2022",76.4817072470238,102.944873234614,0.047018564313807,est1_002
"3902",7_0000000000000000042f,"2016",76.4871975334616,102.947626000494,0.0125896510814887,est1_002
"3903",7_00000000000000000430,"2018",76.474985482345,102.982984032181,0.273855235789254,est1_002
"3904",7_00000000000000000432,"2021",76.4694218787005,102.990666054702,0.0563049466297175,est1_002
"3905",7_00000000000000000431,"2016",76.4940751440501,102.990937364352,0.0192938008705693,est1_002
"3906",7_00000000000000000433,"2016",76.4908395554795,102.997388583704,0.174522373962664,est1_002
"3907",7_00000000000000000434,"2018",76.4831614138644,103.028667698055,0.607805075051639,est1_002
"3908",7_00000000000000000435,"2022",76.4866968305899,103.029870824982,0.607805075051639,est1_002
"3909",7_00000000000000000436,"2024",76.4839107724355,103.032091835207,0.010074471618755,est1_002
"3910",7_00000000000000000437,"2023",76.4828866693193,103.036942723042,0.0125936181379504,est1_002
"3911",7_00000000000000000438,"2023",76.4914540177067,103.037589420987,0.0176203469540368,est1_002
"3912",7_00000000000000000439,"2023",76.4854840635814,103.037985245033,0.0360950283180963,est1_002
"3913",7_0000000000000000043a,"2021",76.4719146745334,103.042559455122,0.164674522753528,est1_002
"3914",7_0000000000000000043b,"2024",76.4925346111529,103.044758076396,0.00922839568427852,est1_002
"3915",7_0000000000000000043c,"2022",76.4731551575057,103.045636066602,0.164674522753528,est1_002
"3916",7_0000000000000000043e,"2019",76.4941515779146,103.054639549448,0.0109056161149163,est1_002
"3917",7_0000000000000000043d,"2023",76.4687516707933,103.057963425855,0.0126061039345109,est1_002
"3918",7_0000000000000000043f,"2023",76.4860950758323,103.102866171906,0.0201457574913773,est1_002
"3919",7_00000000000000000440,"2021",76.502184273933,103.117267781265,0.018444308823377,est1_002
"3920",7_00000000000000000441,"2022",76.4860104877358,103.124523982172,0.0360936262678439,est1_002
"3921",7_00000000000000000442,"2021",76.5131646330134,103.143280672676,0.181781461998615,est1_002
"3922",7_00000000000000000462,"2022",76.4559235494488,102.864595040828,0.105153974701397,est1_002
"3923",7_00000000000000000463,"2023",76.4648833042449,102.881516218387,0.022698919965411,est1_002
"3924",7_00000000000000000465,"2021",76.4129786188136,103.133306260214,0.030377293558928,est1_002
"3925",7_00000000000000000443,"2024",76.5033143638168,103.232191607535,0.0100599797266007,est1_002
"3926",7_00000000000000000445,"2021",76.5019041426112,103.24590534051,0.0670721332436479,est1_002
"3927",7_00000000000000000444,"2022",76.4459663185648,103.247948386607,0.0185194628440559,est1_002
"3928",7_00000000000000000448,"2021",76.5057944836882,103.253019690699,0.0645351067013965,est1_002
"3929",7_00000000000000000447,"2021",76.5078406450925,103.259354001829,0.0360359287451155,est1_002
"3930",7_00000000000000000446,"2021",76.4878812414371,103.262309967502,0.106585687009923,est1_002
"3931",7_00000000000000000449,"2021",76.5114143737532,103.2625067653,0.0351897795872715,est1_002
"3932",7_0000000000000000044b,"2021",76.4858018911738,103.266560880148,0.106585687009923,est1_002
"3933",7_0000000000000000044a,"2020",76.4966057486423,103.269784321265,0.171938340665244,est1_002
"3934",7_0000000000000000044c,"2019",76.4919281766635,103.272944294207,0.04278925367048,est1_002
"3935",7_0000000000000000044d,"2024",76.5100618008022,103.275499518396,0.0444073880808653,est1_002
"3936",7_0000000000000000044e,"2023",76.5102588096815,103.275896251235,0.0444073880808653,est1_002
"3937",7_00000000000000000466,"2023",76.437764985185,103.277103760613,0.0109500913676947,est1_002
"3938",7_0000000000000000044f,"2021",76.4918913549816,103.289849819162,0.0553744271186397,est1_002
"3939",7_00000000000000000638,"2021",76.4324132565304,103.297163071783,0.0867923138568807,est1_002
"3940",7_00000000000000000613,"2021",76.4475438719936,103.298422791335,0.027777932817751,est1_002
"3941",7_00000000000000000614,"2021",76.4475438719936,103.298422791335,0.027777932817751,est1_002
"3942",7_0000000000000000063a,"2023",76.4291788502341,103.299357064448,0.00927135163324617,est1_002
"3943",7_00000000000000000615,"2022",76.451128237428,103.307605292584,0.0151472964353179,est1_002
"3944",7_0000000000000000063b,"2022",76.4287203784135,103.307839114369,0.0210715639975498,est1_002
"3945",7_00000000000000000616,"2023",76.4464687072143,103.31281132164,0.0345129192465301,est1_002
"3946",7_00000000000000000450,"2021",76.4998419801814,103.31994120082,0.0285096210069497,est1_002
"3947",7_00000000000000000617,"2018",76.4471163131504,103.323531967527,0.209605602546606,est1_002
"3948",7_00000000000000000451,"2021",76.4957893064186,103.326131356774,0.0394222200226103,est1_002
"3949",7_00000000000000000453,"2021",76.4957893064186,103.326131356774,0.0394222200226103,est1_002
"3950",7_00000000000000000452,"2021",76.5072853777845,103.32924132959,0.170127554791316,est1_002
"3951",7_00000000000000000618,"2024",76.4496849482437,103.330422463662,0.0100987537624493,est1_002
"3952",7_00000000000000000454,"2021",76.5040179791864,103.333441422321,0.0243102953820304,est1_002
"3953",7_00000000000000000455,"2024",76.499406714113,103.340528396998,0.00670848879802429,est1_002
"3954",7_00000000000000000601,"2018",76.0144512166301,102.783123653673,0.0121530074611107,est1_002
"3955",7_00000000000000000602,"2022",76.0173590264496,102.800660063635,0.380960242349109,est1_002
"3956",7_00000000000000000603,"2016",76.0188643889234,102.804062579948,0.380960242349109,est1_002
"3957",7_000000000000000006b5,"2023",76.2244608793328,103.260258726288,0.0453323768842156,est1_002
"3958",7_00000000000000000690,"2018",76.1932717541001,103.122018538639,0.207444764755907,est1_002
"3959",7_00000000000000000634,"2020",76.2863957362088,103.16318869782,0.00936670955755048,est1_002
"3960",7_00000000000000000636,"2016",76.2774835172569,103.195143461783,0.0221547517302797,est1_002
"3961",7_0000000000000000069d,"2022",76.2062790558581,103.160228681469,0.0299743393135823,est1_002
"3962",7_000000000000000006a1,"2022",76.1934935873369,103.180607825952,0.0188579889215937,est1_002
"3963",7_000000000000000006a4,"2024",76.210171648664,103.196281440392,0.0136993405443545,est1_002
"3964",7_000000000000000006b7,"2022",76.2231890281775,103.276106636366,0.0299389362574332,est1_002
"3965",7_000000000000000006b6,"2019",76.2490316773003,103.266889791238,0.0170759503070424,est1_002
"3966",7_000000000000000006b4,"2018",76.2488763722185,103.250673621582,0.0256140556925631,est1_002
"3967",7_000000000000000006b3,"2023",76.2270824295599,103.25092155463,0.010261831273045,est1_002
"3968",7_000000000000000006b2,"2021",76.2149985820706,103.233602034311,0.0282437795706699,est1_002
"3969",7_00000000000000000633,"2019",76.2874737173567,103.155642890896,0.00936633628004432,est1_002
"3970",7_00000000000000000635,"2023",76.2892613775031,103.17811612729,0.0246919052388556,est1_002
"3971",7_00000000000000000637,"2016",76.2731179006873,103.199973909519,0.0443219313935633,est1_002
"3972",7_00000000000000000639,"2024",76.2919012095894,103.29765198073,0.0212796379288193,est1_002
"3973",7_0000000000000000063d,"2019",76.2858951749204,103.311016253194,0.0757956502555358,est1_002
"3974",7_000000000000000006b8,"2023",76.2228614777582,103.290799696764,0.0188196231228938,est1_002
"3975",7_000000000000000006b9,"2022",76.2243866213297,103.325443694326,0.0675712256938484,est1_002
"3976",7_000000000000000006ba,"2024",76.2178694278889,103.340234068905,0.0470663679412376,est1_002
"3977",7_000000000000000006bb,"2023",76.2174010659999,103.340628646208,0.0470663679412376,est1_002
"3978",7_000000000000000006bc,"2021",76.2268607400575,103.371208557486,0.0761070336837919,est1_002
"3979",7_00000000000000000558,"2021",75.9775185317012,102.279800966116,0.0461273683115217,est1_002
"3980",7_0000000000000000055e,"2021",75.9862095544176,102.281426504474,0.152215622940285,est1_002
"3981",7_0000000000000000056e,"2021",75.9936847378797,102.309117948009,0.0669399717714298,est1_002
"3982",7_0000000000000000057a,"2021",75.9784162607216,102.315592712653,0.0504790325243481,est1_002
"3983",7_00000000000000000578,"2021",75.9923259804499,102.323167659615,0.0269532933557944,est1_002
"3984",7_0000000000000000057b,"2023",75.9731200611096,102.323771933932,0.0139290559583904,est1_002
"3985",7_0000000000000000057d,"2022",75.9840707848843,102.326333732416,0.766361072805415,est1_002
"3986",7_00000000000000000571,"2021",75.9850539933164,102.331186191415,0.766361072805415,est1_002
"3987",7_00000000000000000583,"2022",75.9755240200032,102.335539341092,0.0191498114895549,est1_002
"3988",7_00000000000000000582,"2023",75.9743099727203,102.337442594463,0.0130573554678023,est1_002
"3989",7_0000000000000000058e,"2021",75.9903617541104,102.354792462516,0.062607328813916,est1_002
"3990",7_0000000000000000058d,"2022",76.0056891691719,102.355013980056,0.0156350540586361,est1_002
"3991",7_0000000000000000058c,"2021",75.9842184023253,102.356853179657,0.0400169915865297,est1_002
"3992",7_00000000000000000592,"2023",75.975601053589,102.366010737568,0.0226312438260386,est1_002
"3993",7_00000000000000000590,"2021",75.9920612968832,102.372242501269,0.0991173830045874,est1_002
"3994",7_00000000000000000593,"2022",75.9874002617489,102.375465296893,0.0452263736855844,est1_002
"3995",7_00000000000000000596,"2022",76.0082438255628,102.389494017654,0.0173692541103453,est1_002
"3996",7_00000000000000000595,"2020",75.9976857445393,102.396937360482,0.896070968008417,est1_002
"3997",7_000000000000000005a5,"2023",75.9954216857186,102.436221110895,0.0173850012943385,est1_002
"3998",7_000000000000000005f0,"2019",75.9780939315276,102.682312304673,0.00957318767366527,est1_002
"3999",7_000000000000000005f2,"2016",75.978987459985,102.688541938894,0.0165347524461898,est1_002
"4000",7_000000000000000005f8,"2016",75.9821863273488,102.691275794033,0.110497556487287,est1_002
"4001",7_000000000000000005f7,"2016",75.9744001172709,102.692606477184,0.0330791723720423,est1_002
"4002",7_000000000000000005f9,"2016",75.9804187768346,102.708181777474,0.0870182955851693,est1_002
"4003",7_000000000000000005fb,"2016",75.9803731860204,102.711717126464,0.0887586955212183,est1_002
"4004",7_000000000000000005fc,"2016",75.9804266769314,102.716301175817,0.0565602292367235,est1_002
"4005",7_00000000000000000621,"2024",76.4423007717718,103.422158323569,0.0126305984800603,est1_002
"4006",7_00000000000000000622,"2019",76.438291214497,103.434440178638,0.0471692223878168,est1_002
"4007",7_00000000000000000623,"2022",76.4480337281672,103.442744182487,0.0252496502337789,est1_002
"4008",7_00000000000000000624,"2022",76.4532831241519,103.446792589266,0.0201935299611123,est1_002
"4009",7_00000000000000000625,"2022",76.4479771465974,103.458098786785,0.0799617866179734,est1_002
"4010",7_00000000000000000626,"2024",76.4455655406954,103.469481549795,0.0117860726512024,est1_002
"4011",7_00000000000000000627,"2020",76.4487034205138,103.503404519279,0.0782739156419496,est1_002
"4012",7_00000000000000000628,"2021",76.4653042971821,103.548970778526,0.0411907789781023,est1_002
"4013",7_00000000000000000629,"2018",76.4740340067477,103.711688395889,0.0134419537836189,est1_002
"4014",7_0000000000000000062a,"2021",76.4580765021227,103.72871128712,0.105139327693555,est1_002
"4015",7_0000000000000000062b,"2019",76.4400383924105,103.733252136203,0.138116204042609,est1_002
"4016",7_0000000000000000062c,"2021",76.4281066680657,103.734476489446,0.10873450490067,est1_002
"4017",7_0000000000000000062f,"2021",76.4365990629449,103.740600799342,0.131412236633367,est1_002
"4018",7_0000000000000000062e,"2023",76.4360097721169,103.743037507637,0.131412236633367,est1_002
"4019",7_0000000000000000062d,"2023",76.441575614719,103.745787032025,0.00926308521224816,est1_002
"4020",7_00000000000000000631,"2022",76.4352087256051,103.761102404592,0.0480206770822659,est1_002
"4021",7_00000000000000000630,"2022",76.4243189031041,103.76589656333,0.031196413502087,est1_002
"4022",7_0000000000000000064e,"2024",76.4246219716389,103.413696121183,0.0101181874026767,est1_002
"4023",7_0000000000000000063f,"2018",76.3801198240156,103.338298754097,0.0405957571319427,est1_002
"4024",7_00000000000000000456,"2024",76.5048414907208,103.346142911682,0.00502957745802806,est1_002
"4025",7_00000000000000000641,"2016",76.3572721797539,103.347430135159,0.426990960364281,est1_002
"4026",7_00000000000000000640,"2021",76.376401668907,103.349614308787,0.011844686662365,est1_002
"4027",7_00000000000000000619,"2021",76.4456909500694,103.349840831697,0.021044245128464,est1_002
"4028",7_00000000000000000642,"2016",76.3798858937867,103.357944550387,0.0177647298739945,est1_002
"4029",7_0000000000000000061b,"2021",76.4978547762643,103.360303232941,0.0570292304485739,est1_002
"4030",7_0000000000000000061a,"2021",76.4978547762643,103.360303232941,0.0570292304485739,est1_002
"4031",7_00000000000000000643,"2021",76.4318082952574,103.371626814772,0.0261236240819665,est1_002
"4032",7_0000000000000000061c,"2021",76.5009794211655,103.374388024231,0.0989387619199959,est1_002
"4033",7_00000000000000000644,"2016",76.3413351768145,103.375880450306,0.0551328482614612,est1_002
"4034",7_00000000000000000647,"2023",76.3161330438308,103.377617415874,0.0339885935874083,est1_002
"4035",7_00000000000000000645,"2021",76.424817480712,103.380502723216,0.0632339237422231,est1_002
"4036",7_0000000000000000061e,"2023",76.5118310191442,103.383309209283,0.013404811182516,est1_002
"4037",7_0000000000000000061d,"2019",76.442472911254,103.385184636097,0.0488366140347401,est1_002
"4038",7_00000000000000000648,"2024",76.3223936564542,103.388363691315,0.0152886229487889,est1_002
"4039",7_00000000000000000649,"2016",76.4289641030817,103.389722801454,0.0750116127917075,est1_002
"4040",7_0000000000000000064a,"2024",76.3203520595895,103.390642197085,0.00934436140457347,est1_002
"4041",7_0000000000000000064b,"2016",76.4158892124176,103.390775089075,0.159444275256882,est1_002
"4042",7_00000000000000000646,"2020",76.4317038996372,103.391901496296,0.221626979476062,est1_002
"4043",7_0000000000000000064c,"2021",76.3252679395572,103.393664076475,0.0237763958779527,est1_002
"4044",7_0000000000000000061f,"2024",76.5119718497855,103.394124167805,0.0134039984157166,est1_002
"4045",7_0000000000000000064d,"2020",76.3391650170455,103.402331576542,0.0924636443933732,est1_002
"4046",7_00000000000000000620,"2021",76.4431223444532,103.404255411156,0.0303110908323223,est1_002
"4047",7_00000000000000000650,"2021",76.3189306029448,103.409597461327,0.0866566241347119,est1_002
"4048",7_0000000000000000063c,"2022",76.3199440414131,103.309567578606,0.0135922152601843,est1_002
"4049",7_0000000000000000063e,"2023",76.3198690517493,103.324684286127,0.0118929743290939,est1_002
"4050",7_0000000000000000064f,"2021",76.4036758501093,103.42049715665,0.0591032993428178,est1_002
"4051",7_00000000000000000651,"2019",76.3396690748882,103.422448777568,0.0814361831460769,est1_002
"4052",7_00000000000000000652,"2023",76.4041133470117,103.432803375625,0.0253296914997468,est1_002
"4053",7_00000000000000000654,"2021",76.3147050513139,103.437400504373,0.0900807071962063,est1_002
"4054",7_00000000000000000653,"2024",76.3366319430637,103.438624452804,0.010182138200125,est1_002
"4055",7_00000000000000000658,"2023",76.2803480461799,103.442141314264,0.0170379068658797,est1_002
"4056",7_00000000000000000657,"2023",76.312742144855,103.443687335395,0.0110491552846865,est1_002
"4057",7_00000000000000000655,"2023",76.2771331166588,103.444168819936,0.014485337640495,est1_002
"4058",7_0000000000000000065b,"2021",76.3161234308454,103.447073008152,0.015296175726183,est1_002
"4059",7_00000000000000000659,"2022",76.2999247488935,103.448588665885,0.0263711256433612,est1_002
"4060",7_0000000000000000065c,"2023",76.2789023745763,103.448807483703,0.0119280791393756,est1_002
"4061",7_0000000000000000065a,"2021",76.3018478328557,103.451644490992,0.0544374865286998,est1_002
"4062",7_00000000000000000656,"2021",76.2842085317806,103.451886230142,0.246980947382008,est1_002
"4063",7_0000000000000000065d,"2024",76.2763999357662,103.454120297402,0.0119304526439374,est1_002
"4064",7_0000000000000000065e,"2022",76.285073682222,103.463538798857,0.246980947382008,est1_002
"4065",7_0000000000000000065f,"2022",76.2669085262231,103.479920487814,0.0187597930036463,est1_002
"4066",7_00000000000000000660,"2021",76.2620362202243,103.490161241837,0.0358281394841397,est1_002
"4067",7_00000000000000000661,"2023",76.2641502157293,103.519166626554,0.00938189040212076,est1_002
"4068",7_00000000000000000662,"2022",76.3600048762221,103.553546940806,0.0465851697832134,est1_002
"4069",7_00000000000000000663,"2024",76.3557468510613,103.556913278917,0.0118614181688578,est1_002
"4070",7_00000000000000000664,"2024",76.3423250557936,103.57087888792,0.0135693740022406,est1_002
"4071",7_00000000000000000665,"2021",76.3642663803002,103.57825721976,0.179530390801193,est1_002
"4072",7_00000000000000000666,"2022",76.3248790487073,103.612185708188,0.0280236312698566,est1_002
"4073",7_00000000000000000667,"2016",76.2656784046251,103.872052629478,0.017055996796427,est1_002
"4074",7_00000000000000000668,"2019",76.2663614117324,103.877428793453,0.0383753799783878,est1_002
"4075",7_00000000000000000669,"2024",76.2661591393735,103.894205017971,0.00255825199173266,est1_002
"4076",7_0000000000000000066a,"2023",76.4033360470987,103.949310377284,0.012667066073032,est1_002
"4077",7_000000000000000006bd,"2016",76.2174204103046,103.807816676841,0.0231052039554117,est1_002
"4078",7_000000000000000006be,"2023",76.2244933529749,103.812769553046,0.0119742911500043,est1_002
"4079",7_000000000000000006bf,"2019",76.2179990907539,103.820232555846,0.0213925295374695,est1_002
"4080",7_000000000000000006c0,"2023",76.2219666703065,103.814124220436,0.0213864008782802,est1_002
"4081",7_000000000000000006c1,"2023",76.2219666703065,103.814124220436,0.0213864008782802,est1_002
"4082",7_000000000000000006c2,"2019",76.2179990907539,103.820232555846,0.0213925295374695,est1_002
"4083",7_000000000000000006c3,"2016",76.2226630924523,103.836113995937,0.0316517880863275,est1_002
"4084",7_000000000000000006c8,"2023",76.2357062636011,103.908757726523,0.0102548660494405,est1_002
"4085",7_000000000000000006c9,"2023",76.2467555572895,103.935707255769,0.00939377695194205,est1_002
"4086",7_000000000000000006ca,"2022",76.2446591610775,103.949769464292,0.0350176735577614,est1_002
"4087",7_000000000000000006cb,"2022",76.2446591610775,103.949769464292,0.0350176735577614,est1_002
"4088",7_000000000000000006cc,"2021",76.3064396153904,104.004401323428,0.0153051322858603,est1_002
"4089",7_000000000000000006cd,"2021",76.3398410415679,104.131127372066,0.0220543016475546,est1_002
"4090",7_000000000000000006ce,"2019",76.3360456876696,104.137805404197,0.033940534872078,est1_002
"4091",7_000000000000000006cf,"2019",76.335759327311,104.139477214267,0.033940534872078,est1_002
"4092",7_000000000000000006d0,"2018",76.3366059290983,104.14724518535,0.0271511065651692,est1_002
"4093",7_000000000000000006d1,"2018",76.3364663458899,104.156272375609,0.0890887492645592,est1_002
"4094",7_000000000000000006d2,"2016",76.3375550585873,104.172186444831,0.0619344173434601,est1_002
"4095",7_000000000000000006d3,"2016",76.3295442879601,104.262658036276,0.0127330368144763,est1_002
"4096",7_000000000000000006d4,"2016",76.330166075552,104.271865667897,0.0195242383870718,est1_002
"4097",7_000000000000000006d5,"2022",76.3258592686931,104.294165446768,0.0186805153326785,est1_002
"4098",7_000000000000000006c4,"2016",75.7227033857211,103.028990814493,0.0752925285410201,est1_002
"4099",7_000000000000000006c5,"2019",75.7259968662117,103.050901095805,0.0150559048583185,est1_002
"4100",7_00000000000000000689,"2021",76.1907427143023,103.103569589813,0.0840211949649629,est1_002
"4101",7_00000000000000000691,"2022",76.1976791767731,103.13695074716,0.0599861762884762,est1_002
"4102",7_00000000000000000697,"2021",76.1829991986213,103.138688811126,0.123532827603731,est1_002
"4103",7_0000000000000000069b,"2022",76.1809439995962,103.153506529741,0.0214486490150901,est1_002
"4104",7_000000000000000006a0,"2021",76.1738888723552,103.172893474543,0.270395746545991,est1_002
"4105",7_000000000000000006a5,"2020",76.1701160732242,103.199714120045,0.0206072418094382,est1_002
"4106",7_000000000000000006a7,"2024",76.201705017639,103.203984458358,0.0102802268920571,est1_002
"4107",7_000000000000000006a8,"2021",76.1814939303686,103.205691490559,0.0351732225225672,est1_002
"4108",7_000000000000000006a6,"2016",76.176143310609,103.209214241674,0.262624675583956,est1_002
"4109",7_000000000000000006ab,"2016",76.1760359039155,103.216622826224,0.262624675583956,est1_002
"4110",7_00000000000000000696,"2024",76.2024910607273,103.142786718563,0.0137048842046335,est1_002
"4111",7_00000000000000000699,"2021",76.206624875374,103.152519054184,0.0205545625306654,est1_002
"4112",7_000000000000000006b1,"2021",76.1804559316607,103.233522020087,0.102958277364908,est1_002
"4113",7_0000000000000000069e,"2022",76.2029504161775,103.167745635908,0.00942226917351143,est1_002
"4114",7_000000000000000006a3,"2024",76.2047558371516,103.186346498463,0.0111347275670783,est1_002
"4115",7_000000000000000006a9,"2023",76.2256873834718,103.210706691547,0.0145395040800565,est1_002
"4116",7_000000000000000006aa,"2022",76.2224332350951,103.213217519699,0.0188208156415022,est1_002
"4117",7_000000000000000006ac,"2024",76.2226806132673,103.223433194163,0.0153973671240255,est1_002
"4118",7_000000000000000006ad,"2021",76.225746475106,103.229779946718,0.0915111565809824,est1_002
"4119",7_000000000000000006ae,"2022",76.2329776865652,103.22479162714,0.016241402968531,est1_002
"4120",7_000000000000000006af,"2022",76.2126913758634,103.226720714125,0.0171198536441951,est1_002
"4121",7_000000000000000006b0,"2022",76.2310931610496,103.229377632663,0.0145351769628642,est1_002
"4122",7_000000000000000003eb,"2016",75.79122924545,101.583847018906,0.0670048972374259,est1_002a
"4123",7_000000000000000003ed,"2022",75.7901136069047,101.596502583958,0.0158711475572986,est1_002a
"4124",7_00000000000000000419,"2018",75.7801256732629,101.580459280604,0.0105875087662517,est1_002a
"4125",7_0000000000000000041a,"2022",75.7812176692683,101.592990925998,0.0379389779585494,est1_002a
"4126",7_0000000000000000041b,"2022",75.7778427881444,101.593480522405,0.0132372402082099,est1_002a
"4127",7_0000000000000000041c,"2016",75.7826858652349,101.598043778348,0.0123501692658568,est1_002a
"4128",7_0000000000000000043e,"2019",76.4941515779146,103.054639549448,0.0109056161149163,est1_002a
"4129",7_0000000000000000043f,"2023",76.4860950758323,103.102866171906,0.0201457574913773,est1_002a
"4130",7_00000000000000000440,"2021",76.502184273933,103.117267781265,0.018444308823377,est1_002a
"4131",7_00000000000000000441,"2022",76.4860104877358,103.124523982172,0.0360936262678439,est1_002a
"4132",7_00000000000000000442,"2021",76.5131646330134,103.143280672676,0.181781461998615,est1_002a
"4133",7_00000000000000000465,"2021",76.4129786188136,103.133306260214,0.030377293558928,est1_002a
"4134",7_00000000000000000443,"2024",76.5033143638168,103.232191607535,0.0100599797266007,est1_002a
"4135",7_00000000000000000445,"2021",76.5019041426112,103.24590534051,0.0670721332436479,est1_002a
"4136",7_00000000000000000444,"2022",76.4459663185648,103.247948386607,0.0185194628440559,est1_002a
"4137",7_00000000000000000448,"2021",76.5057944836882,103.253019690699,0.0645351067013965,est1_002a
"4138",7_00000000000000000447,"2021",76.5078406450925,103.259354001829,0.0360359287451155,est1_002a
"4139",7_00000000000000000446,"2021",76.4878812414371,103.262309967502,0.106585687009923,est1_002a
"4140",7_00000000000000000449,"2021",76.5114143737532,103.2625067653,0.0351897795872715,est1_002a
"4141",7_0000000000000000044b,"2021",76.4858018911738,103.266560880148,0.106585687009923,est1_002a
"4142",7_0000000000000000044a,"2020",76.4966057486423,103.269784321265,0.171938340665244,est1_002a
"4143",7_0000000000000000044c,"2019",76.4919281766635,103.272944294207,0.04278925367048,est1_002a
"4144",7_0000000000000000044d,"2024",76.5100618008022,103.275499518396,0.0444073880808653,est1_002a
"4145",7_0000000000000000044e,"2023",76.5102588096815,103.275896251235,0.0444073880808653,est1_002a
"4146",7_00000000000000000466,"2023",76.437764985185,103.277103760613,0.0109500913676947,est1_002a
"4147",7_0000000000000000044f,"2021",76.4918913549816,103.289849819162,0.0553744271186397,est1_002a
"4148",7_00000000000000000638,"2021",76.4324132565304,103.297163071783,0.0867923138568807,est1_002a
"4149",7_00000000000000000613,"2021",76.4475438719936,103.298422791335,0.027777932817751,est1_002a
"4150",7_00000000000000000614,"2021",76.4475438719936,103.298422791335,0.027777932817751,est1_002a
"4151",7_0000000000000000063a,"2023",76.4291788502341,103.299357064448,0.00927135163324617,est1_002a
"4152",7_00000000000000000615,"2022",76.451128237428,103.307605292584,0.0151472964353179,est1_002a
"4153",7_0000000000000000063b,"2022",76.4287203784135,103.307839114369,0.0210715639975498,est1_002a
"4154",7_00000000000000000616,"2023",76.4464687072143,103.31281132164,0.0345129192465301,est1_002a
"4155",7_00000000000000000450,"2021",76.4998419801814,103.31994120082,0.0285096210069497,est1_002a
"4156",7_00000000000000000617,"2018",76.4471163131504,103.323531967527,0.209605602546606,est1_002a
"4157",7_00000000000000000451,"2021",76.4957893064186,103.326131356774,0.0394222200226103,est1_002a
"4158",7_00000000000000000453,"2021",76.4957893064186,103.326131356774,0.0394222200226103,est1_002a
"4159",7_00000000000000000452,"2021",76.5072853777845,103.32924132959,0.170127554791316,est1_002a
"4160",7_00000000000000000618,"2024",76.4496849482437,103.330422463662,0.0100987537624493,est1_002a
"4161",7_00000000000000000454,"2021",76.5040179791864,103.333441422321,0.0243102953820304,est1_002a
"4162",7_00000000000000000455,"2024",76.499406714113,103.340528396998,0.00670848879802429,est1_002a
"4163",7_00000000000000000601,"2018",76.0144512166301,102.783123653673,0.0121530074611107,est1_002a
"4164",7_00000000000000000602,"2022",76.0173590264496,102.800660063635,0.380960242349109,est1_002a
"4165",7_00000000000000000603,"2016",76.0188643889234,102.804062579948,0.380960242349109,est1_002a
"4166",7_000000000000000006b5,"2023",76.2244608793328,103.260258726288,0.0453323768842156,est1_002a
"4167",7_00000000000000000690,"2018",76.1932717541001,103.122018538639,0.207444764755907,est1_002a
"4168",7_00000000000000000634,"2020",76.2863957362088,103.16318869782,0.00936670955755048,est1_002a
"4169",7_00000000000000000636,"2016",76.2774835172569,103.195143461783,0.0221547517302797,est1_002a
"4170",7_0000000000000000069d,"2022",76.2062790558581,103.160228681469,0.0299743393135823,est1_002a
"4171",7_000000000000000006a1,"2022",76.1934935873369,103.180607825952,0.0188579889215937,est1_002a
"4172",7_000000000000000006a4,"2024",76.210171648664,103.196281440392,0.0136993405443545,est1_002a
"4173",7_000000000000000006b7,"2022",76.2231890281775,103.276106636366,0.0299389362574332,est1_002a
"4174",7_000000000000000006b6,"2019",76.2490316773003,103.266889791238,0.0170759503070424,est1_002a
"4175",7_000000000000000006b4,"2018",76.2488763722185,103.250673621582,0.0256140556925631,est1_002a
"4176",7_000000000000000006b3,"2023",76.2270824295599,103.25092155463,0.010261831273045,est1_002a
"4177",7_000000000000000006b2,"2021",76.2149985820706,103.233602034311,0.0282437795706699,est1_002a
"4178",7_00000000000000000633,"2019",76.2874737173567,103.155642890896,0.00936633628004432,est1_002a
"4179",7_00000000000000000635,"2023",76.2892613775031,103.17811612729,0.0246919052388556,est1_002a
"4180",7_00000000000000000637,"2016",76.2731179006873,103.199973909519,0.0443219313935633,est1_002a
"4181",7_00000000000000000639,"2024",76.2919012095894,103.29765198073,0.0212796379288193,est1_002a
"4182",7_0000000000000000063d,"2019",76.2858951749204,103.311016253194,0.0757956502555358,est1_002a
"4183",7_000000000000000006b8,"2023",76.2228614777582,103.290799696764,0.0188196231228938,est1_002a
"4184",7_000000000000000006b9,"2022",76.2243866213297,103.325443694326,0.0675712256938484,est1_002a
"4185",7_000000000000000006ba,"2024",76.2178694278889,103.340234068905,0.0470663679412376,est1_002a
"4186",7_000000000000000006bb,"2023",76.2174010659999,103.340628646208,0.0470663679412376,est1_002a
"4187",7_000000000000000006bc,"2021",76.2268607400575,103.371208557486,0.0761070336837919,est1_002a
"4188",7_00000000000000000558,"2021",75.9775185317012,102.279800966116,0.0461273683115217,est1_002a
"4189",7_0000000000000000055e,"2021",75.9862095544176,102.281426504474,0.152215622940285,est1_002a
"4190",7_0000000000000000056e,"2021",75.9936847378797,102.309117948009,0.0669399717714298,est1_002a
"4191",7_0000000000000000057a,"2021",75.9784162607216,102.315592712653,0.0504790325243481,est1_002a
"4192",7_00000000000000000578,"2021",75.9923259804499,102.323167659615,0.0269532933557944,est1_002a
"4193",7_0000000000000000057b,"2023",75.9731200611096,102.323771933932,0.0139290559583904,est1_002a
"4194",7_0000000000000000057d,"2022",75.9840707848843,102.326333732416,0.766361072805415,est1_002a
"4195",7_00000000000000000571,"2021",75.9850539933164,102.331186191415,0.766361072805415,est1_002a
"4196",7_00000000000000000583,"2022",75.9755240200032,102.335539341092,0.0191498114895549,est1_002a
"4197",7_00000000000000000582,"2023",75.9743099727203,102.337442594463,0.0130573554678023,est1_002a
"4198",7_0000000000000000058e,"2021",75.9903617541104,102.354792462516,0.062607328813916,est1_002a
"4199",7_0000000000000000058d,"2022",76.0056891691719,102.355013980056,0.0156350540586361,est1_002a
"4200",7_0000000000000000058c,"2021",75.9842184023253,102.356853179657,0.0400169915865297,est1_002a
"4201",7_00000000000000000592,"2023",75.975601053589,102.366010737568,0.0226312438260386,est1_002a
"4202",7_00000000000000000590,"2021",75.9920612968832,102.372242501269,0.0991173830045874,est1_002a
"4203",7_00000000000000000593,"2022",75.9874002617489,102.375465296893,0.0452263736855844,est1_002a
"4204",7_00000000000000000596,"2022",76.0082438255628,102.389494017654,0.0173692541103453,est1_002a
"4205",7_00000000000000000595,"2020",75.9976857445393,102.396937360482,0.896070968008417,est1_002a
"4206",7_000000000000000005a5,"2023",75.9954216857186,102.436221110895,0.0173850012943385,est1_002a
"4207",7_000000000000000005f0,"2019",75.9780939315276,102.682312304673,0.00957318767366527,est1_002a
"4208",7_000000000000000005f2,"2016",75.978987459985,102.688541938894,0.0165347524461898,est1_002a
"4209",7_000000000000000005f8,"2016",75.9821863273488,102.691275794033,0.110497556487287,est1_002a
"4210",7_000000000000000005f7,"2016",75.9744001172709,102.692606477184,0.0330791723720423,est1_002a
"4211",7_000000000000000005f9,"2016",75.9804187768346,102.708181777474,0.0870182955851693,est1_002a
"4212",7_000000000000000005fb,"2016",75.9803731860204,102.711717126464,0.0887586955212183,est1_002a
"4213",7_000000000000000005fc,"2016",75.9804266769314,102.716301175817,0.0565602292367235,est1_002a
"4214",7_00000000000000000621,"2024",76.4423007717718,103.422158323569,0.0126305984800603,est1_002a
"4215",7_00000000000000000622,"2019",76.438291214497,103.434440178638,0.0471692223878168,est1_002a
"4216",7_00000000000000000623,"2022",76.4480337281672,103.442744182487,0.0252496502337789,est1_002a
"4217",7_00000000000000000624,"2022",76.4532831241519,103.446792589266,0.0201935299611123,est1_002a
"4218",7_00000000000000000625,"2022",76.4479771465974,103.458098786785,0.0799617866179734,est1_002a
"4219",7_00000000000000000626,"2024",76.4455655406954,103.469481549795,0.0117860726512024,est1_002a
"4220",7_00000000000000000627,"2020",76.4487034205138,103.503404519279,0.0782739156419496,est1_002a
"4221",7_00000000000000000628,"2021",76.4653042971821,103.548970778526,0.0411907789781023,est1_002a
"4222",7_00000000000000000629,"2018",76.4740340067477,103.711688395889,0.0134419537836189,est1_002a
"4223",7_0000000000000000062a,"2021",76.4580765021227,103.72871128712,0.105139327693555,est1_002a
"4224",7_0000000000000000062b,"2019",76.4400383924105,103.733252136203,0.138116204042609,est1_002a
"4225",7_0000000000000000062c,"2021",76.4281066680657,103.734476489446,0.10873450490067,est1_002a
"4226",7_0000000000000000062f,"2021",76.4365990629449,103.740600799342,0.131412236633367,est1_002a
"4227",7_0000000000000000062e,"2023",76.4360097721169,103.743037507637,0.131412236633367,est1_002a
"4228",7_0000000000000000062d,"2023",76.441575614719,103.745787032025,0.00926308521224816,est1_002a
"4229",7_00000000000000000631,"2022",76.4352087256051,103.761102404592,0.0480206770822659,est1_002a
"4230",7_00000000000000000630,"2022",76.4243189031041,103.76589656333,0.031196413502087,est1_002a
"4231",7_0000000000000000064e,"2024",76.4246219716389,103.413696121183,0.0101181874026767,est1_002a
"4232",7_0000000000000000063f,"2018",76.3801198240156,103.338298754097,0.0405957571319427,est1_002a
"4233",7_00000000000000000456,"2024",76.5048414907208,103.346142911682,0.00502957745802806,est1_002a
"4234",7_00000000000000000641,"2016",76.3572721797539,103.347430135159,0.426990960364281,est1_002a
"4235",7_00000000000000000640,"2021",76.376401668907,103.349614308787,0.011844686662365,est1_002a
"4236",7_00000000000000000619,"2021",76.4456909500694,103.349840831697,0.021044245128464,est1_002a
"4237",7_00000000000000000642,"2016",76.3798858937867,103.357944550387,0.0177647298739945,est1_002a
"4238",7_0000000000000000061b,"2021",76.4978547762643,103.360303232941,0.0570292304485739,est1_002a
"4239",7_0000000000000000061a,"2021",76.4978547762643,103.360303232941,0.0570292304485739,est1_002a
"4240",7_00000000000000000643,"2021",76.4318082952574,103.371626814772,0.0261236240819665,est1_002a
"4241",7_0000000000000000061c,"2021",76.5009794211655,103.374388024231,0.0989387619199959,est1_002a
"4242",7_00000000000000000644,"2016",76.3413351768145,103.375880450306,0.0551328482614612,est1_002a
"4243",7_00000000000000000647,"2023",76.3161330438308,103.377617415874,0.0339885935874083,est1_002a
"4244",7_00000000000000000645,"2021",76.424817480712,103.380502723216,0.0632339237422231,est1_002a
"4245",7_0000000000000000061e,"2023",76.5118310191442,103.383309209283,0.013404811182516,est1_002a
"4246",7_0000000000000000061d,"2019",76.442472911254,103.385184636097,0.0488366140347401,est1_002a
"4247",7_00000000000000000648,"2024",76.3223936564542,103.388363691315,0.0152886229487889,est1_002a
"4248",7_00000000000000000649,"2016",76.4289641030817,103.389722801454,0.0750116127917075,est1_002a
"4249",7_0000000000000000064a,"2024",76.3203520595895,103.390642197085,0.00934436140457347,est1_002a
"4250",7_0000000000000000064b,"2016",76.4158892124176,103.390775089075,0.159444275256882,est1_002a
"4251",7_00000000000000000646,"2020",76.4317038996372,103.391901496296,0.221626979476062,est1_002a
"4252",7_0000000000000000064c,"2021",76.3252679395572,103.393664076475,0.0237763958779527,est1_002a
"4253",7_0000000000000000061f,"2024",76.5119718497855,103.394124167805,0.0134039984157166,est1_002a
"4254",7_0000000000000000064d,"2020",76.3391650170455,103.402331576542,0.0924636443933732,est1_002a
"4255",7_00000000000000000620,"2021",76.4431223444532,103.404255411156,0.0303110908323223,est1_002a
"4256",7_00000000000000000650,"2021",76.3189306029448,103.409597461327,0.0866566241347119,est1_002a
"4257",7_0000000000000000063c,"2022",76.3199440414131,103.309567578606,0.0135922152601843,est1_002a
"4258",7_0000000000000000063e,"2023",76.3198690517493,103.324684286127,0.0118929743290939,est1_002a
"4259",7_0000000000000000064f,"2021",76.4036758501093,103.42049715665,0.0591032993428178,est1_002a
"4260",7_00000000000000000651,"2019",76.3396690748882,103.422448777568,0.0814361831460769,est1_002a
"4261",7_00000000000000000652,"2023",76.4041133470117,103.432803375625,0.0253296914997468,est1_002a
"4262",7_00000000000000000654,"2021",76.3147050513139,103.437400504373,0.0900807071962063,est1_002a
"4263",7_00000000000000000653,"2024",76.3366319430637,103.438624452804,0.010182138200125,est1_002a
"4264",7_00000000000000000658,"2023",76.2803480461799,103.442141314264,0.0170379068658797,est1_002a
"4265",7_00000000000000000657,"2023",76.312742144855,103.443687335395,0.0110491552846865,est1_002a
"4266",7_00000000000000000655,"2023",76.2771331166588,103.444168819936,0.014485337640495,est1_002a
"4267",7_0000000000000000065b,"2021",76.3161234308454,103.447073008152,0.015296175726183,est1_002a
"4268",7_00000000000000000659,"2022",76.2999247488935,103.448588665885,0.0263711256433612,est1_002a
"4269",7_0000000000000000065c,"2023",76.2789023745763,103.448807483703,0.0119280791393756,est1_002a
"4270",7_0000000000000000065a,"2021",76.3018478328557,103.451644490992,0.0544374865286998,est1_002a
"4271",7_00000000000000000656,"2021",76.2842085317806,103.451886230142,0.246980947382008,est1_002a
"4272",7_0000000000000000065d,"2024",76.2763999357662,103.454120297402,0.0119304526439374,est1_002a
"4273",7_0000000000000000065e,"2022",76.285073682222,103.463538798857,0.246980947382008,est1_002a
"4274",7_0000000000000000065f,"2022",76.2669085262231,103.479920487814,0.0187597930036463,est1_002a
"4275",7_00000000000000000660,"2021",76.2620362202243,103.490161241837,0.0358281394841397,est1_002a
"4276",7_00000000000000000661,"2023",76.2641502157293,103.519166626554,0.00938189040212076,est1_002a
"4277",7_00000000000000000662,"2022",76.3600048762221,103.553546940806,0.0465851697832134,est1_002a
"4278",7_00000000000000000663,"2024",76.3557468510613,103.556913278917,0.0118614181688578,est1_002a
"4279",7_00000000000000000664,"2024",76.3423250557936,103.57087888792,0.0135693740022406,est1_002a
"4280",7_00000000000000000665,"2021",76.3642663803002,103.57825721976,0.179530390801193,est1_002a
"4281",7_00000000000000000666,"2022",76.3248790487073,103.612185708188,0.0280236312698566,est1_002a
"4282",7_00000000000000000667,"2016",76.2656784046251,103.872052629478,0.017055996796427,est1_002a
"4283",7_00000000000000000668,"2019",76.2663614117324,103.877428793453,0.0383753799783878,est1_002a
"4284",7_00000000000000000669,"2024",76.2661591393735,103.894205017971,0.00255825199173266,est1_002a
"4285",7_0000000000000000066a,"2023",76.4033360470987,103.949310377284,0.012667066073032,est1_002a
"4286",7_000000000000000006bd,"2016",76.2174204103046,103.807816676841,0.0231052039554117,est1_002a
"4287",7_000000000000000006be,"2023",76.2244933529749,103.812769553046,0.0119742911500043,est1_002a
"4288",7_000000000000000006bf,"2019",76.2179990907539,103.820232555846,0.0213925295374695,est1_002a
"4289",7_000000000000000006c0,"2023",76.2219666703065,103.814124220436,0.0213864008782802,est1_002a
"4290",7_000000000000000006c1,"2023",76.2219666703065,103.814124220436,0.0213864008782802,est1_002a
"4291",7_000000000000000006c2,"2019",76.2179990907539,103.820232555846,0.0213925295374695,est1_002a
"4292",7_000000000000000006c3,"2016",76.2226630924523,103.836113995937,0.0316517880863275,est1_002a
"4293",7_000000000000000006c8,"2023",76.2357062636011,103.908757726523,0.0102548660494405,est1_002a
"4294",7_000000000000000006c9,"2023",76.2467555572895,103.935707255769,0.00939377695194205,est1_002a
"4295",7_000000000000000006ca,"2022",76.2446591610775,103.949769464292,0.0350176735577614,est1_002a
"4296",7_000000000000000006cb,"2022",76.2446591610775,103.949769464292,0.0350176735577614,est1_002a
"4297",7_000000000000000006cc,"2021",76.3064396153904,104.004401323428,0.0153051322858603,est1_002a
"4298",7_000000000000000006cd,"2021",76.3398410415679,104.131127372066,0.0220543016475546,est1_002a
"4299",7_000000000000000006ce,"2019",76.3360456876696,104.137805404197,0.033940534872078,est1_002a
"4300",7_000000000000000006cf,"2019",76.335759327311,104.139477214267,0.033940534872078,est1_002a
"4301",7_000000000000000006d0,"2018",76.3366059290983,104.14724518535,0.0271511065651692,est1_002a
"4302",7_000000000000000006d1,"2018",76.3364663458899,104.156272375609,0.0890887492645592,est1_002a
"4303",7_000000000000000006d2,"2016",76.3375550585873,104.172186444831,0.0619344173434601,est1_002a
"4304",7_000000000000000006d3,"2016",76.3295442879601,104.262658036276,0.0127330368144763,est1_002a
"4305",7_000000000000000006d4,"2016",76.330166075552,104.271865667897,0.0195242383870718,est1_002a
"4306",7_000000000000000006d5,"2022",76.3258592686931,104.294165446768,0.0186805153326785,est1_002a
"4307",7_000000000000000006c4,"2016",75.7227033857211,103.028990814493,0.0752925285410201,est1_002a
"4308",7_000000000000000006c5,"2019",75.7259968662117,103.050901095805,0.0150559048583185,est1_002a
"4309",7_00000000000000000689,"2021",76.1907427143023,103.103569589813,0.0840211949649629,est1_002a
"4310",7_00000000000000000691,"2022",76.1976791767731,103.13695074716,0.0599861762884762,est1_002a
"4311",7_00000000000000000697,"2021",76.1829991986213,103.138688811126,0.123532827603731,est1_002a
"4312",7_0000000000000000069b,"2022",76.1809439995962,103.153506529741,0.0214486490150901,est1_002a
"4313",7_000000000000000006a0,"2021",76.1738888723552,103.172893474543,0.270395746545991,est1_002a
"4314",7_000000000000000006a5,"2020",76.1701160732242,103.199714120045,0.0206072418094382,est1_002a
"4315",7_000000000000000006a7,"2024",76.201705017639,103.203984458358,0.0102802268920571,est1_002a
"4316",7_000000000000000006a8,"2021",76.1814939303686,103.205691490559,0.0351732225225672,est1_002a
"4317",7_000000000000000006a6,"2016",76.176143310609,103.209214241674,0.262624675583956,est1_002a
"4318",7_000000000000000006ab,"2016",76.1760359039155,103.216622826224,0.262624675583956,est1_002a
"4319",7_00000000000000000696,"2024",76.2024910607273,103.142786718563,0.0137048842046335,est1_002a
"4320",7_00000000000000000699,"2021",76.206624875374,103.152519054184,0.0205545625306654,est1_002a
"4321",7_000000000000000006b1,"2021",76.1804559316607,103.233522020087,0.102958277364908,est1_002a
"4322",7_0000000000000000069e,"2022",76.2029504161775,103.167745635908,0.00942226917351143,est1_002a
"4323",7_000000000000000006a3,"2024",76.2047558371516,103.186346498463,0.0111347275670783,est1_002a
"4324",7_000000000000000006a9,"2023",76.2256873834718,103.210706691547,0.0145395040800565,est1_002a
"4325",7_000000000000000006aa,"2022",76.2224332350951,103.213217519699,0.0188208156415022,est1_002a
"4326",7_000000000000000006ac,"2024",76.2226806132673,103.223433194163,0.0153973671240255,est1_002a
"4327",7_000000000000000006ad,"2021",76.225746475106,103.229779946718,0.0915111565809824,est1_002a
"4328",7_000000000000000006ae,"2022",76.2329776865652,103.22479162714,0.016241402968531,est1_002a
"4329",7_000000000000000006af,"2022",76.2126913758634,103.226720714125,0.0171198536441951,est1_002a
"4330",7_000000000000000006b0,"2022",76.2310931610496,103.229377632663,0.0145351769628642,est1_002a
"4331",7_000000000000000003eb,"2016",75.79122924545,101.583847018906,0.0670048972374259,est1_001
"4332",7_000000000000000003ed,"2022",75.7901136069047,101.596502583958,0.0158711475572986,est1_001
"4333",7_00000000000000000419,"2018",75.7801256732629,101.580459280604,0.0105875087662517,est1_001
"4334",7_0000000000000000041a,"2022",75.7812176692683,101.592990925998,0.0379389779585494,est1_001
"4335",7_0000000000000000041b,"2022",75.7778427881444,101.593480522405,0.0132372402082099,est1_001
"4336",7_0000000000000000041c,"2016",75.7826858652349,101.598043778348,0.0123501692658568,est1_001
"4337",7_00000000000000000449,"2021",76.5114143737532,103.2625067653,0.0351897795872715,est1_001
"4338",7_0000000000000000044d,"2024",76.5100618008022,103.275499518396,0.0444073880808653,est1_001
"4339",7_0000000000000000044e,"2023",76.5102588096815,103.275896251235,0.0444073880808653,est1_001
"4340",7_00000000000000000452,"2021",76.5072853777845,103.32924132959,0.170127554791316,est1_001
"4341",7_00000000000000000454,"2021",76.5040179791864,103.333441422321,0.0243102953820304,est1_001
"4342",7_00000000000000000455,"2024",76.499406714113,103.340528396998,0.00670848879802429,est1_001
"4343",7_00000000000000000601,"2018",76.0144512166301,102.783123653673,0.0121530074611107,est1_001
"4344",7_00000000000000000602,"2022",76.0173590264496,102.800660063635,0.380960242349109,est1_001
"4345",7_00000000000000000603,"2016",76.0188643889234,102.804062579948,0.380960242349109,est1_001
"4346",7_00000000000000000558,"2021",75.9775185317012,102.279800966116,0.0461273683115217,est1_001
"4347",7_0000000000000000055e,"2021",75.9862095544176,102.281426504474,0.152215622940285,est1_001
"4348",7_0000000000000000056e,"2021",75.9936847378797,102.309117948009,0.0669399717714298,est1_001
"4349",7_0000000000000000057a,"2021",75.9784162607216,102.315592712653,0.0504790325243481,est1_001
"4350",7_00000000000000000578,"2021",75.9923259804499,102.323167659615,0.0269532933557944,est1_001
"4351",7_0000000000000000057b,"2023",75.9731200611096,102.323771933932,0.0139290559583904,est1_001
"4352",7_0000000000000000057d,"2022",75.9840707848843,102.326333732416,0.766361072805415,est1_001
"4353",7_00000000000000000571,"2021",75.9850539933164,102.331186191415,0.766361072805415,est1_001
"4354",7_00000000000000000583,"2022",75.9755240200032,102.335539341092,0.0191498114895549,est1_001
"4355",7_00000000000000000582,"2023",75.9743099727203,102.337442594463,0.0130573554678023,est1_001
"4356",7_0000000000000000058e,"2021",75.9903617541104,102.354792462516,0.062607328813916,est1_001
"4357",7_0000000000000000058d,"2022",76.0056891691719,102.355013980056,0.0156350540586361,est1_001
"4358",7_0000000000000000058c,"2021",75.9842184023253,102.356853179657,0.0400169915865297,est1_001
"4359",7_00000000000000000592,"2023",75.975601053589,102.366010737568,0.0226312438260386,est1_001
"4360",7_00000000000000000590,"2021",75.9920612968832,102.372242501269,0.0991173830045874,est1_001
"4361",7_00000000000000000593,"2022",75.9874002617489,102.375465296893,0.0452263736855844,est1_001
"4362",7_00000000000000000596,"2022",76.0082438255628,102.389494017654,0.0173692541103453,est1_001
"4363",7_00000000000000000595,"2020",75.9976857445393,102.396937360482,0.896070968008417,est1_001
"4364",7_000000000000000005a5,"2023",75.9954216857186,102.436221110895,0.0173850012943385,est1_001
"4365",7_000000000000000005f0,"2019",75.9780939315276,102.682312304673,0.00957318767366527,est1_001
"4366",7_000000000000000005f2,"2016",75.978987459985,102.688541938894,0.0165347524461898,est1_001
"4367",7_000000000000000005f8,"2016",75.9821863273488,102.691275794033,0.110497556487287,est1_001
"4368",7_000000000000000005f7,"2016",75.9744001172709,102.692606477184,0.0330791723720423,est1_001
"4369",7_000000000000000005f9,"2016",75.9804187768346,102.708181777474,0.0870182955851693,est1_001
"4370",7_000000000000000005fb,"2016",75.9803731860204,102.711717126464,0.0887586955212183,est1_001
"4371",7_000000000000000005fc,"2016",75.9804266769314,102.716301175817,0.0565602292367235,est1_001
"4372",7_00000000000000000621,"2024",76.4423007717718,103.422158323569,0.0126305984800603,est1_001
"4373",7_00000000000000000622,"2019",76.438291214497,103.434440178638,0.0471692223878168,est1_001
"4374",7_00000000000000000623,"2022",76.4480337281672,103.442744182487,0.0252496502337789,est1_001
"4375",7_00000000000000000624,"2022",76.4532831241519,103.446792589266,0.0201935299611123,est1_001
"4376",7_00000000000000000625,"2022",76.4479771465974,103.458098786785,0.0799617866179734,est1_001
"4377",7_00000000000000000626,"2024",76.4455655406954,103.469481549795,0.0117860726512024,est1_001
"4378",7_00000000000000000627,"2020",76.4487034205138,103.503404519279,0.0782739156419496,est1_001
"4379",7_00000000000000000628,"2021",76.4653042971821,103.548970778526,0.0411907789781023,est1_001
"4380",7_00000000000000000629,"2018",76.4740340067477,103.711688395889,0.0134419537836189,est1_001
"4381",7_0000000000000000062a,"2021",76.4580765021227,103.72871128712,0.105139327693555,est1_001
"4382",7_0000000000000000062b,"2019",76.4400383924105,103.733252136203,0.138116204042609,est1_001
"4383",7_0000000000000000062c,"2021",76.4281066680657,103.734476489446,0.10873450490067,est1_001
"4384",7_0000000000000000062f,"2021",76.4365990629449,103.740600799342,0.131412236633367,est1_001
"4385",7_0000000000000000062e,"2023",76.4360097721169,103.743037507637,0.131412236633367,est1_001
"4386",7_0000000000000000062d,"2023",76.441575614719,103.745787032025,0.00926308521224816,est1_001
"4387",7_00000000000000000631,"2022",76.4352087256051,103.761102404592,0.0480206770822659,est1_001
"4388",7_00000000000000000630,"2022",76.4243189031041,103.76589656333,0.031196413502087,est1_001
"4389",7_0000000000000000064e,"2024",76.4246219716389,103.413696121183,0.0101181874026767,est1_001
"4390",7_0000000000000000063f,"2018",76.3801198240156,103.338298754097,0.0405957571319427,est1_001
"4391",7_00000000000000000456,"2024",76.5048414907208,103.346142911682,0.00502957745802806,est1_001
"4392",7_00000000000000000640,"2021",76.376401668907,103.349614308787,0.011844686662365,est1_001
"4393",7_00000000000000000619,"2021",76.4456909500694,103.349840831697,0.021044245128464,est1_001
"4394",7_00000000000000000642,"2016",76.3798858937867,103.357944550387,0.0177647298739945,est1_001
"4395",7_0000000000000000061b,"2021",76.4978547762643,103.360303232941,0.0570292304485739,est1_001
"4396",7_0000000000000000061a,"2021",76.4978547762643,103.360303232941,0.0570292304485739,est1_001
"4397",7_00000000000000000643,"2021",76.4318082952574,103.371626814772,0.0261236240819665,est1_001
"4398",7_0000000000000000061c,"2021",76.5009794211655,103.374388024231,0.0989387619199959,est1_001
"4399",7_00000000000000000644,"2016",76.3413351768145,103.375880450306,0.0551328482614612,est1_001
"4400",7_00000000000000000645,"2021",76.424817480712,103.380502723216,0.0632339237422231,est1_001
"4401",7_0000000000000000061e,"2023",76.5118310191442,103.383309209283,0.013404811182516,est1_001
"4402",7_0000000000000000061d,"2019",76.442472911254,103.385184636097,0.0488366140347401,est1_001
"4403",7_00000000000000000648,"2024",76.3223936564542,103.388363691315,0.0152886229487889,est1_001
"4404",7_00000000000000000649,"2016",76.4289641030817,103.389722801454,0.0750116127917075,est1_001
"4405",7_0000000000000000064a,"2024",76.3203520595895,103.390642197085,0.00934436140457347,est1_001
"4406",7_0000000000000000064b,"2016",76.4158892124176,103.390775089075,0.159444275256882,est1_001
"4407",7_00000000000000000646,"2020",76.4317038996372,103.391901496296,0.221626979476062,est1_001
"4408",7_0000000000000000064c,"2021",76.3252679395572,103.393664076475,0.0237763958779527,est1_001
"4409",7_0000000000000000061f,"2024",76.5119718497855,103.394124167805,0.0134039984157166,est1_001
"4410",7_0000000000000000064d,"2020",76.3391650170455,103.402331576542,0.0924636443933732,est1_001
"4411",7_00000000000000000620,"2021",76.4431223444532,103.404255411156,0.0303110908323223,est1_001
"4412",7_00000000000000000650,"2021",76.3189306029448,103.409597461327,0.0866566241347119,est1_001
"4413",7_0000000000000000064f,"2021",76.4036758501093,103.42049715665,0.0591032993428178,est1_001
"4414",7_00000000000000000651,"2019",76.3396690748882,103.422448777568,0.0814361831460769,est1_001
"4415",7_00000000000000000652,"2023",76.4041133470117,103.432803375625,0.0253296914997468,est1_001
"4416",7_00000000000000000654,"2021",76.3147050513139,103.437400504373,0.0900807071962063,est1_001
"4417",7_00000000000000000653,"2024",76.3366319430637,103.438624452804,0.010182138200125,est1_001
"4418",7_00000000000000000658,"2023",76.2803480461799,103.442141314264,0.0170379068658797,est1_001
"4419",7_00000000000000000657,"2023",76.312742144855,103.443687335395,0.0110491552846865,est1_001
"4420",7_00000000000000000655,"2023",76.2771331166588,103.444168819936,0.014485337640495,est1_001
"4421",7_0000000000000000065b,"2021",76.3161234308454,103.447073008152,0.015296175726183,est1_001
"4422",7_00000000000000000659,"2022",76.2999247488935,103.448588665885,0.0263711256433612,est1_001
"4423",7_0000000000000000065c,"2023",76.2789023745763,103.448807483703,0.0119280791393756,est1_001
"4424",7_0000000000000000065a,"2021",76.3018478328557,103.451644490992,0.0544374865286998,est1_001
"4425",7_00000000000000000656,"2021",76.2842085317806,103.451886230142,0.246980947382008,est1_001
"4426",7_0000000000000000065d,"2024",76.2763999357662,103.454120297402,0.0119304526439374,est1_001
"4427",7_0000000000000000065e,"2022",76.285073682222,103.463538798857,0.246980947382008,est1_001
"4428",7_0000000000000000065f,"2022",76.2669085262231,103.479920487814,0.0187597930036463,est1_001
"4429",7_00000000000000000660,"2021",76.2620362202243,103.490161241837,0.0358281394841397,est1_001
"4430",7_00000000000000000661,"2023",76.2641502157293,103.519166626554,0.00938189040212076,est1_001
"4431",7_00000000000000000662,"2022",76.3600048762221,103.553546940806,0.0465851697832134,est1_001
"4432",7_00000000000000000663,"2024",76.3557468510613,103.556913278917,0.0118614181688578,est1_001
"4433",7_00000000000000000664,"2024",76.3423250557936,103.57087888792,0.0135693740022406,est1_001
"4434",7_00000000000000000665,"2021",76.3642663803002,103.57825721976,0.179530390801193,est1_001
"4435",7_00000000000000000666,"2022",76.3248790487073,103.612185708188,0.0280236312698566,est1_001
"4436",7_00000000000000000667,"2016",76.2656784046251,103.872052629478,0.017055996796427,est1_001
"4437",7_00000000000000000668,"2019",76.2663614117324,103.877428793453,0.0383753799783878,est1_001
"4438",7_00000000000000000669,"2024",76.2661591393735,103.894205017971,0.00255825199173266,est1_001
"4439",7_0000000000000000066a,"2023",76.4033360470987,103.949310377284,0.012667066073032,est1_001
"4440",7_000000000000000006bd,"2016",76.2174204103046,103.807816676841,0.0231052039554117,est1_001
"4441",7_000000000000000006be,"2023",76.2244933529749,103.812769553046,0.0119742911500043,est1_001
"4442",7_000000000000000006bf,"2019",76.2179990907539,103.820232555846,0.0213925295374695,est1_001
"4443",7_000000000000000006c0,"2023",76.2219666703065,103.814124220436,0.0213864008782802,est1_001
"4444",7_000000000000000006c1,"2023",76.2219666703065,103.814124220436,0.0213864008782802,est1_001
"4445",7_000000000000000006c2,"2019",76.2179990907539,103.820232555846,0.0213925295374695,est1_001
"4446",7_000000000000000006c3,"2016",76.2226630924523,103.836113995937,0.0316517880863275,est1_001
"4447",7_000000000000000006c8,"2023",76.2357062636011,103.908757726523,0.0102548660494405,est1_001
"4448",7_000000000000000006c9,"2023",76.2467555572895,103.935707255769,0.00939377695194205,est1_001
"4449",7_000000000000000006ca,"2022",76.2446591610775,103.949769464292,0.0350176735577614,est1_001
"4450",7_000000000000000006cb,"2022",76.2446591610775,103.949769464292,0.0350176735577614,est1_001
"4451",7_000000000000000006cc,"2021",76.3064396153904,104.004401323428,0.0153051322858603,est1_001
"4452",7_000000000000000006cd,"2021",76.3398410415679,104.131127372066,0.0220543016475546,est1_001
"4453",7_000000000000000006ce,"2019",76.3360456876696,104.137805404197,0.033940534872078,est1_001
"4454",7_000000000000000006cf,"2019",76.335759327311,104.139477214267,0.033940534872078,est1_001
"4455",7_000000000000000006d0,"2018",76.3366059290983,104.14724518535,0.0271511065651692,est1_001
"4456",7_000000000000000006d1,"2018",76.3364663458899,104.156272375609,0.0890887492645592,est1_001
"4457",7_000000000000000006d2,"2016",76.3375550585873,104.172186444831,0.0619344173434601,est1_001
"4458",7_000000000000000006d3,"2016",76.3295442879601,104.262658036276,0.0127330368144763,est1_001
"4459",7_000000000000000006d4,"2016",76.330166075552,104.271865667897,0.0195242383870718,est1_001
"4460",7_000000000000000006d5,"2022",76.3258592686931,104.294165446768,0.0186805153326785,est1_001
"4461",7_000000000000000006c4,"2016",75.7227033857211,103.028990814493,0.0752925285410201,est1_001
"4462",7_000000000000000006c5,"2019",75.7259968662117,103.050901095805,0.0150559048583185,est1_001
"4463",7_000000000000000003eb,"2016",75.79122924545,101.583847018906,0.0670048972374259,est1_001a
"4464",7_000000000000000003ed,"2022",75.7901136069047,101.596502583958,0.0158711475572986,est1_001a
"4465",7_00000000000000000419,"2018",75.7801256732629,101.580459280604,0.0105875087662517,est1_001a
"4466",7_0000000000000000041a,"2022",75.7812176692683,101.592990925998,0.0379389779585494,est1_001a
"4467",7_0000000000000000041b,"2022",75.7778427881444,101.593480522405,0.0132372402082099,est1_001a
"4468",7_0000000000000000041c,"2016",75.7826858652349,101.598043778348,0.0123501692658568,est1_001a
"4469",7_00000000000000000449,"2021",76.5114143737532,103.2625067653,0.0351897795872715,est1_001a
"4470",7_0000000000000000044d,"2024",76.5100618008022,103.275499518396,0.0444073880808653,est1_001a
"4471",7_0000000000000000044e,"2023",76.5102588096815,103.275896251235,0.0444073880808653,est1_001a
"4472",7_00000000000000000452,"2021",76.5072853777845,103.32924132959,0.170127554791316,est1_001a
"4473",7_00000000000000000454,"2021",76.5040179791864,103.333441422321,0.0243102953820304,est1_001a
"4474",7_00000000000000000455,"2024",76.499406714113,103.340528396998,0.00670848879802429,est1_001a
"4475",7_00000000000000000601,"2018",76.0144512166301,102.783123653673,0.0121530074611107,est1_001a
"4476",7_00000000000000000602,"2022",76.0173590264496,102.800660063635,0.380960242349109,est1_001a
"4477",7_00000000000000000603,"2016",76.0188643889234,102.804062579948,0.380960242349109,est1_001a
"4478",7_00000000000000000558,"2021",75.9775185317012,102.279800966116,0.0461273683115217,est1_001a
"4479",7_0000000000000000055e,"2021",75.9862095544176,102.281426504474,0.152215622940285,est1_001a
"4480",7_0000000000000000056e,"2021",75.9936847378797,102.309117948009,0.0669399717714298,est1_001a
"4481",7_0000000000000000057a,"2021",75.9784162607216,102.315592712653,0.0504790325243481,est1_001a
"4482",7_00000000000000000578,"2021",75.9923259804499,102.323167659615,0.0269532933557944,est1_001a
"4483",7_0000000000000000057b,"2023",75.9731200611096,102.323771933932,0.0139290559583904,est1_001a
"4484",7_0000000000000000057d,"2022",75.9840707848843,102.326333732416,0.766361072805415,est1_001a
"4485",7_00000000000000000571,"2021",75.9850539933164,102.331186191415,0.766361072805415,est1_001a
"4486",7_00000000000000000583,"2022",75.9755240200032,102.335539341092,0.0191498114895549,est1_001a
"4487",7_00000000000000000582,"2023",75.9743099727203,102.337442594463,0.0130573554678023,est1_001a
"4488",7_0000000000000000058e,"2021",75.9903617541104,102.354792462516,0.062607328813916,est1_001a
"4489",7_0000000000000000058d,"2022",76.0056891691719,102.355013980056,0.0156350540586361,est1_001a
"4490",7_0000000000000000058c,"2021",75.9842184023253,102.356853179657,0.0400169915865297,est1_001a
"4491",7_00000000000000000592,"2023",75.975601053589,102.366010737568,0.0226312438260386,est1_001a
"4492",7_00000000000000000590,"2021",75.9920612968832,102.372242501269,0.0991173830045874,est1_001a
"4493",7_00000000000000000593,"2022",75.9874002617489,102.375465296893,0.0452263736855844,est1_001a
"4494",7_00000000000000000596,"2022",76.0082438255628,102.389494017654,0.0173692541103453,est1_001a
"4495",7_00000000000000000595,"2020",75.9976857445393,102.396937360482,0.896070968008417,est1_001a
"4496",7_000000000000000005a5,"2023",75.9954216857186,102.436221110895,0.0173850012943385,est1_001a
"4497",7_000000000000000005f0,"2019",75.9780939315276,102.682312304673,0.00957318767366527,est1_001a
"4498",7_000000000000000005f2,"2016",75.978987459985,102.688541938894,0.0165347524461898,est1_001a
"4499",7_000000000000000005f8,"2016",75.9821863273488,102.691275794033,0.110497556487287,est1_001a
"4500",7_000000000000000005f7,"2016",75.9744001172709,102.692606477184,0.0330791723720423,est1_001a
"4501",7_000000000000000005f9,"2016",75.9804187768346,102.708181777474,0.0870182955851693,est1_001a
"4502",7_000000000000000005fb,"2016",75.9803731860204,102.711717126464,0.0887586955212183,est1_001a
"4503",7_000000000000000005fc,"2016",75.9804266769314,102.716301175817,0.0565602292367235,est1_001a
"4504",7_00000000000000000621,"2024",76.4423007717718,103.422158323569,0.0126305984800603,est1_001a
"4505",7_00000000000000000622,"2019",76.438291214497,103.434440178638,0.0471692223878168,est1_001a
"4506",7_00000000000000000623,"2022",76.4480337281672,103.442744182487,0.0252496502337789,est1_001a
"4507",7_00000000000000000624,"2022",76.4532831241519,103.446792589266,0.0201935299611123,est1_001a
"4508",7_00000000000000000625,"2022",76.4479771465974,103.458098786785,0.0799617866179734,est1_001a
"4509",7_00000000000000000626,"2024",76.4455655406954,103.469481549795,0.0117860726512024,est1_001a
"4510",7_00000000000000000627,"2020",76.4487034205138,103.503404519279,0.0782739156419496,est1_001a
"4511",7_00000000000000000628,"2021",76.4653042971821,103.548970778526,0.0411907789781023,est1_001a
"4512",7_00000000000000000629,"2018",76.4740340067477,103.711688395889,0.0134419537836189,est1_001a
"4513",7_0000000000000000062a,"2021",76.4580765021227,103.72871128712,0.105139327693555,est1_001a
"4514",7_0000000000000000062b,"2019",76.4400383924105,103.733252136203,0.138116204042609,est1_001a
"4515",7_0000000000000000062c,"2021",76.4281066680657,103.734476489446,0.10873450490067,est1_001a
"4516",7_0000000000000000062f,"2021",76.4365990629449,103.740600799342,0.131412236633367,est1_001a
"4517",7_0000000000000000062e,"2023",76.4360097721169,103.743037507637,0.131412236633367,est1_001a
"4518",7_0000000000000000062d,"2023",76.441575614719,103.745787032025,0.00926308521224816,est1_001a
"4519",7_00000000000000000631,"2022",76.4352087256051,103.761102404592,0.0480206770822659,est1_001a
"4520",7_00000000000000000630,"2022",76.4243189031041,103.76589656333,0.031196413502087,est1_001a
"4521",7_0000000000000000064e,"2024",76.4246219716389,103.413696121183,0.0101181874026767,est1_001a
"4522",7_00000000000000000456,"2024",76.5048414907208,103.346142911682,0.00502957745802806,est1_001a
"4523",7_00000000000000000619,"2021",76.4456909500694,103.349840831697,0.021044245128464,est1_001a
"4524",7_0000000000000000061b,"2021",76.4978547762643,103.360303232941,0.0570292304485739,est1_001a
"4525",7_0000000000000000061a,"2021",76.4978547762643,103.360303232941,0.0570292304485739,est1_001a
"4526",7_00000000000000000643,"2021",76.4318082952574,103.371626814772,0.0261236240819665,est1_001a
"4527",7_0000000000000000061c,"2021",76.5009794211655,103.374388024231,0.0989387619199959,est1_001a
"4528",7_00000000000000000645,"2021",76.424817480712,103.380502723216,0.0632339237422231,est1_001a
"4529",7_0000000000000000061e,"2023",76.5118310191442,103.383309209283,0.013404811182516,est1_001a
"4530",7_0000000000000000061d,"2019",76.442472911254,103.385184636097,0.0488366140347401,est1_001a
"4531",7_00000000000000000649,"2016",76.4289641030817,103.389722801454,0.0750116127917075,est1_001a
"4532",7_0000000000000000064b,"2016",76.4158892124176,103.390775089075,0.159444275256882,est1_001a
"4533",7_00000000000000000646,"2020",76.4317038996372,103.391901496296,0.221626979476062,est1_001a
"4534",7_0000000000000000061f,"2024",76.5119718497855,103.394124167805,0.0134039984157166,est1_001a
"4535",7_00000000000000000620,"2021",76.4431223444532,103.404255411156,0.0303110908323223,est1_001a
"4536",7_0000000000000000064f,"2021",76.4036758501093,103.42049715665,0.0591032993428178,est1_001a
"4537",7_00000000000000000652,"2023",76.4041133470117,103.432803375625,0.0253296914997468,est1_001a
"4538",7_00000000000000000662,"2022",76.3600048762221,103.553546940806,0.0465851697832134,est1_001a
"4539",7_00000000000000000665,"2021",76.3642663803002,103.57825721976,0.179530390801193,est1_001a
"4540",7_00000000000000000667,"2016",76.2656784046251,103.872052629478,0.017055996796427,est1_001a
"4541",7_00000000000000000668,"2019",76.2663614117324,103.877428793453,0.0383753799783878,est1_001a
"4542",7_00000000000000000669,"2024",76.2661591393735,103.894205017971,0.00255825199173266,est1_001a
"4543",7_0000000000000000066a,"2023",76.4033360470987,103.949310377284,0.012667066073032,est1_001a
"4544",7_000000000000000006bd,"2016",76.2174204103046,103.807816676841,0.0231052039554117,est1_001a
"4545",7_000000000000000006be,"2023",76.2244933529749,103.812769553046,0.0119742911500043,est1_001a
"4546",7_000000000000000006bf,"2019",76.2179990907539,103.820232555846,0.0213925295374695,est1_001a
"4547",7_000000000000000006c0,"2023",76.2219666703065,103.814124220436,0.0213864008782802,est1_001a
"4548",7_000000000000000006c1,"2023",76.2219666703065,103.814124220436,0.0213864008782802,est1_001a
"4549",7_000000000000000006c2,"2019",76.2179990907539,103.820232555846,0.0213925295374695,est1_001a
"4550",7_000000000000000006c3,"2016",76.2226630924523,103.836113995937,0.0316517880863275,est1_001a
"4551",7_000000000000000006c8,"2023",76.2357062636011,103.908757726523,0.0102548660494405,est1_001a
"4552",7_000000000000000006c9,"2023",76.2467555572895,103.935707255769,0.00939377695194205,est1_001a
"4553",7_000000000000000006ca,"2022",76.2446591610775,103.949769464292,0.0350176735577614,est1_001a
"4554",7_000000000000000006cb,"2022",76.2446591610775,103.949769464292,0.0350176735577614,est1_001a
"4555",7_000000000000000006cc,"2021",76.3064396153904,104.004401323428,0.0153051322858603,est1_001a
"4556",7_000000000000000006cd,"2021",76.3398410415679,104.131127372066,0.0220543016475546,est1_001a
"4557",7_000000000000000006ce,"2019",76.3360456876696,104.137805404197,0.033940534872078,est1_001a
"4558",7_000000000000000006cf,"2019",76.335759327311,104.139477214267,0.033940534872078,est1_001a
"4559",7_000000000000000006d0,"2018",76.3366059290983,104.14724518535,0.0271511065651692,est1_001a
"4560",7_000000000000000006d1,"2018",76.3364663458899,104.156272375609,0.0890887492645592,est1_001a
"4561",7_000000000000000006d2,"2016",76.3375550585873,104.172186444831,0.0619344173434601,est1_001a
"4562",7_000000000000000006d3,"2016",76.3295442879601,104.262658036276,0.0127330368144763,est1_001a
"4563",7_000000000000000006d4,"2016",76.330166075552,104.271865667897,0.0195242383870718,est1_001a
"4564",7_000000000000000006d5,"2022",76.3258592686931,104.294165446768,0.0186805153326785,est1_001a
"4565",7_000000000000000006c4,"2016",75.7227033857211,103.028990814493,0.0752925285410201,est1_001a
"4566",7_000000000000000006c5,"2019",75.7259968662117,103.050901095805,0.0150559048583185,est1_001a
"4567",7_000000000000000006cd,"2021",76.3398410415679,104.131127372066,0.0220543016475546,control_001
"4568",7_000000000000000006ce,"2019",76.3360456876696,104.137805404197,0.033940534872078,control_001
"4569",7_000000000000000006cf,"2019",76.335759327311,104.139477214267,0.033940534872078,control_001
"4570",7_000000000000000006d0,"2018",76.3366059290983,104.14724518535,0.0271511065651692,control_001
"4571",7_000000000000000006d1,"2018",76.3364663458899,104.156272375609,0.0890887492645592,control_001
"4572",7_000000000000000006d2,"2016",76.3375550585873,104.172186444831,0.0619344173434601,control_001
"4573",7_000000000000000006d3,"2016",76.3295442879601,104.262658036276,0.0127330368144763,control_001
"4574",7_000000000000000006d4,"2016",76.330166075552,104.271865667897,0.0195242383870718,control_001
"4575",7_000000000000000006d5,"2022",76.3258592686931,104.294165446768,0.0186805153326785,control_001
"4576",7_000000000000000003eb,"2016",75.79122924545,101.583847018906,0.0670048972374259,control_004
"4577",7_000000000000000003ed,"2022",75.7901136069047,101.596502583958,0.0158711475572986,control_004
"4578",7_00000000000000000419,"2018",75.7801256732629,101.580459280604,0.0105875087662517,control_004
"4579",7_0000000000000000041a,"2022",75.7812176692683,101.592990925998,0.0379389779585494,control_004
"4580",7_0000000000000000041b,"2022",75.7778427881444,101.593480522405,0.0132372402082099,control_004
"4581",7_0000000000000000041c,"2016",75.7826858652349,101.598043778348,0.0123501692658568,control_004
"4582",7_00000000000000000601,"2018",76.0144512166301,102.783123653673,0.0121530074611107,control_004
"4583",7_00000000000000000602,"2022",76.0173590264496,102.800660063635,0.380960242349109,control_004
"4584",7_00000000000000000603,"2016",76.0188643889234,102.804062579948,0.380960242349109,control_004
"4585",7_00000000000000000558,"2021",75.9775185317012,102.279800966116,0.0461273683115217,control_004
"4586",7_0000000000000000055e,"2021",75.9862095544176,102.281426504474,0.152215622940285,control_004
"4587",7_0000000000000000056e,"2021",75.9936847378797,102.309117948009,0.0669399717714298,control_004
"4588",7_0000000000000000057a,"2021",75.9784162607216,102.315592712653,0.0504790325243481,control_004
"4589",7_00000000000000000578,"2021",75.9923259804499,102.323167659615,0.0269532933557944,control_004
"4590",7_0000000000000000057b,"2023",75.9731200611096,102.323771933932,0.0139290559583904,control_004
"4591",7_0000000000000000057d,"2022",75.9840707848843,102.326333732416,0.766361072805415,control_004
"4592",7_00000000000000000571,"2021",75.9850539933164,102.331186191415,0.766361072805415,control_004
"4593",7_00000000000000000583,"2022",75.9755240200032,102.335539341092,0.0191498114895549,control_004
"4594",7_00000000000000000582,"2023",75.9743099727203,102.337442594463,0.0130573554678023,control_004
"4595",7_0000000000000000058e,"2021",75.9903617541104,102.354792462516,0.062607328813916,control_004
"4596",7_0000000000000000058d,"2022",76.0056891691719,102.355013980056,0.0156350540586361,control_004
"4597",7_0000000000000000058c,"2021",75.9842184023253,102.356853179657,0.0400169915865297,control_004
"4598",7_00000000000000000592,"2023",75.975601053589,102.366010737568,0.0226312438260386,control_004
"4599",7_00000000000000000590,"2021",75.9920612968832,102.372242501269,0.0991173830045874,control_004
"4600",7_00000000000000000593,"2022",75.9874002617489,102.375465296893,0.0452263736855844,control_004
"4601",7_00000000000000000596,"2022",76.0082438255628,102.389494017654,0.0173692541103453,control_004
"4602",7_00000000000000000595,"2020",75.9976857445393,102.396937360482,0.896070968008417,control_004
"4603",7_000000000000000005a5,"2023",75.9954216857186,102.436221110895,0.0173850012943385,control_004
"4604",7_000000000000000005f0,"2019",75.9780939315276,102.682312304673,0.00957318767366527,control_004
"4605",7_000000000000000005f2,"2016",75.978987459985,102.688541938894,0.0165347524461898,control_004
"4606",7_000000000000000005f8,"2016",75.9821863273488,102.691275794033,0.110497556487287,control_004
"4607",7_000000000000000005f7,"2016",75.9744001172709,102.692606477184,0.0330791723720423,control_004
"4608",7_000000000000000005f9,"2016",75.9804187768346,102.708181777474,0.0870182955851693,control_004
"4609",7_000000000000000005fb,"2016",75.9803731860204,102.711717126464,0.0887586955212183,control_004
"4610",7_000000000000000005fc,"2016",75.9804266769314,102.716301175817,0.0565602292367235,control_004
"4611",7_000000000000000006c4,"2016",75.7227033857211,103.028990814493,0.0752925285410201,control_004
"4612",7_000000000000000006c5,"2019",75.7259968662117,103.050901095805,0.0150559048583185,control_004
"4613",7_00000000000000000324,"2022",76.2059291923471,101.519670068616,0.0291190138055029,c002
"4614",7_00000000000000000343,"2024",76.1495321487447,101.791556916617,0.0180574113786503,c002
"4615",7_00000000000000000325,"2023",76.1946692875643,101.849841597442,0.0180002955081617,c002
"4616",7_00000000000000000328,"2022",76.1974430537918,101.865947421168,0.0154236005780075,c002
"4617",7_0000000000000000032a,"2024",76.1942285647851,101.869908652209,0.00942840916058597,c002
"4618",7_00000000000000000329,"2023",76.1909203279217,101.874481717406,0.0265776224027049,c002
"4619",7_0000000000000000032c,"2021",76.1950511139375,101.881713439596,0.0942798013023221,c002
"4620",7_0000000000000000032e,"2021",76.199811082577,101.886759523494,0.041125773269859,c002
"4621",7_00000000000000000330,"2018",76.1847456112509,101.893870318133,0.106367158510825,c002
"4622",7_00000000000000000331,"2022",76.1738368375226,101.898115292497,0.0274683365613527,c002
"4623",7_00000000000000000332,"2023",76.173992013819,101.906682400102,0.0103021545644864,c002
"4624",7_00000000000000000334,"2023",76.181671971813,101.910500450659,0.0265952710333865,c002
"4625",7_00000000000000000335,"2024",76.1816975639081,101.911797882444,0.0265952710333865,c002
"4626",7_00000000000000000333,"2023",76.1880471686345,101.912694221586,0.0111487827040913,c002
"4627",7_00000000000000000337,"2023",76.1886864286479,101.927048317044,0.0154344916418176,c002
"4628",7_000000000000000003a3,"2023",76.0928393859793,102.072356201096,0.0103594521796195,c002
"4629",7_000000000000000003a5,"2022",76.0952801576414,102.075191477299,0.0207174279724997,c002
"4630",7_000000000000000003ac,"2021",76.0890438546359,102.097530474038,0.0699517746143946,c002
"4631",7_00000000000000000339,"2024",76.1418570673604,102.097977031194,0.0249493379438029,c002
"4632",7_000000000000000003aa,"2023",76.0798460359002,102.103613291736,0.0112331403035586,c002
"4633",7_000000000000000003ab,"2021",76.0766404873234,102.108728083469,0.063094003008669,c002
"4634",7_000000000000000003ae,"2022",76.0943954228134,102.108912407914,0.0302130649051637,c002
"4635",7_000000000000000003b2,"2024",76.0709552165871,102.120930561592,0.0103759644360287,c002
"4636",7_000000000000000003b3,"2022",76.0774287217068,102.121048632801,0.013828997318955,c002
"4637",7_000000000000000003b4,"2022",76.080220435391,102.131114175435,0.0509834877762545,c002
"4638",7_000000000000000003b7,"2022",76.0691990589987,102.132561676236,0.0250782081529484,c002
"4639",7_000000000000000003b6,"2023",76.0724965711387,102.137574432962,0.0605182168609704,c002
"4640",7_000000000000000003b8,"2021",76.0727591385379,102.142946660548,0.0864538583767482,c002
"4641",7_000000000000000003b9,"2021",76.0730861401903,102.148078705072,0.0544668383314819,c002
"4642",7_000000000000000003ba,"2022",76.0743377878136,102.151954007757,0.0164258303413503,c002
"4643",7_00000000000000000510,"2019",76.0742812567985,102.152713911618,0.0674291044212122,c002
"4644",7_00000000000000000511,"2022",76.0813809976947,102.155396213265,0.0691178017259923,c002
"4645",7_00000000000000000516,"2022",76.0827597348062,102.155818776694,0.0760293428584317,c002
"4646",7_000000000000000003bb,"2022",76.0820347782017,102.156048429102,0.0786215161961432,c002
"4647",7_00000000000000000514,"2019",76.0754000107092,102.160260429306,0.10026145592577,c002
"4648",7_00000000000000000467,"2021",76.121806943766,102.458650992973,0.0637544346212189,c002
"4649",7_0000000000000000046c,"2022",76.1105091645291,102.544282493278,0.0379393161006695,c002
"4650",7_00000000000000000474,"2022",76.1077238316267,102.576310555956,0.107809939125845,c002
"4651",7_00000000000000000477,"2021",76.1082312301514,102.587216580471,0.0388077410733382,c002
"4652",7_000000000000000005b4,"2022",76.1056402211573,102.48503009108,0.0181132936161026,c002
"4653",7_000000000000000005b8,"2022",76.1068187440793,102.493342233589,0.0155243761527818,c002
"4654",7_000000000000000005bb,"2021",76.1007420539236,102.49739427857,0.301118999000464,c002
"4655",7_000000000000000005bf,"2023",76.1003204351897,102.500922464215,0.301118999000464,c002
"4656",7_000000000000000005c3,"2022",76.1045256810382,102.521643725845,0.178556264724436,c002
"4657",7_000000000000000005c9,"2022",76.1047478643356,102.54564598893,0.0327777397474076,c002
"4658",7_000000000000000005ca,"2022",76.1105091645291,102.544282493278,0.0379393161006695,c002
"4659",7_000000000000000005ce,"2022",76.109347096729,102.555687751456,0.0198329212691836,c002
"4660",7_000000000000000005d4,"2022",76.1077238316267,102.576310555956,0.107809939125845,c002
"4661",7_000000000000000005d8,"2021",76.1082312301514,102.587216580471,0.0388077410733382,c002
"4662",7_000000000000000005dd,"2022",76.1033268516556,102.600679377558,0.0517594094458961,c002
"4663",7_0000000000000000051f,"2021",76.0765712208157,102.167271144694,0.0881578864755645,c002
"4664",7_0000000000000000051b,"2021",76.0595447233911,102.167654055233,0.0415366751378343,c002
"4665",7_0000000000000000051a,"2022",76.0881676148346,102.170919708195,0.0172718473296168,c002
"4666",7_00000000000000000520,"2022",76.08277556281,102.175383570924,0.0138232093403282,c002
"4667",7_00000000000000000526,"2021",76.0640241963016,102.177251379831,0.0994873440267624,c002
"4668",7_000000000000000003bc,"2022",76.1046383318038,102.178790659379,0.0914348779766612,c002
"4669",7_00000000000000000521,"2022",76.1046383318038,102.178790659379,0.0914348779766612,c002
"4670",7_00000000000000000529,"2021",76.04773241417,102.180910951139,0.0640911561045614,c002
"4671",7_0000000000000000051d,"2021",76.0514036748965,102.181124280322,0.101303509033674,c002
"4672",7_00000000000000000523,"2021",76.0543027486405,102.183676322305,0.0839675402153968,c002
"4673",7_00000000000000000525,"2022",76.0295887882292,102.18633660667,0.0398879675396046,c002
"4674",7_00000000000000000530,"2022",76.059332544052,102.187736568179,0.128938870218715,c002
"4675",7_0000000000000000052b,"2021",76.0304375669019,102.188092082335,0.0398879675396046,c002
"4676",7_00000000000000000531,"2021",76.0595755578392,102.188147845908,0.128938870218715,c002
"4677",7_0000000000000000052d,"2023",76.046594563135,102.188500362893,0.00952788917260059,c002
"4678",7_0000000000000000052a,"2023",76.0577146732065,102.188638761188,0.0138478403329606,c002
"4679",7_0000000000000000052e,"2023",76.0408953495171,102.189589884996,0.0155966669894515,c002
"4680",7_0000000000000000052c,"2023",76.0702365700842,102.191987389861,0.0103772058497283,c002
"4681",7_00000000000000000535,"2022",76.0455605817734,102.194849742068,0.0285846896642144,c002
"4682",7_00000000000000000534,"2021",76.0521900810985,102.197609029811,0.0658022958063756,c002
"4683",7_00000000000000000533,"2021",76.0679929786232,102.197747614664,0.0570798471850885,c002
"4684",7_00000000000000000536,"2021",76.0679929786232,102.197747614664,0.0570798471850885,c002
"4685",7_00000000000000000539,"2021",76.0634610030194,102.203127789188,0.0198972726497771,c002
"4686",7_00000000000000000538,"2022",76.0307888279744,102.206147669371,0.0554945832964311,c002
"4687",7_0000000000000000053c,"2023",76.1103257508214,102.206459626131,0.0155209089476393,c002
"4688",7_0000000000000000053d,"2024",76.0504805564364,102.207293244205,0.0112571321653664,c002
"4689",7_00000000000000000537,"2021",76.059541410657,102.208025984976,0.14970793508325,c002
"4690",7_0000000000000000053b,"2021",76.0676909257685,102.21009209018,0.0726444893499743,c002
"4691",7_00000000000000000540,"2022",76.067514326363,102.211008458851,0.0726444893499743,c002
"4692",7_00000000000000000541,"2021",76.0177942847005,102.211599339388,0.0425269595052223,c002
"4693",7_00000000000000000544,"2023",76.0605213091488,102.211604360845,0.14970793508325,c002
"4694",7_0000000000000000053e,"2022",76.0502179433225,102.213090975265,0.034636514772463,c002
"4695",7_00000000000000000542,"2022",76.0505470320765,102.213628276933,0.034636514772463,c002
"4696",7_0000000000000000053f,"2021",76.0947033136311,102.215529263201,0.0949549760074115,c002
"4697",7_00000000000000000543,"2024",76.0328182533953,102.215668430204,0.0112706016270613,c002
"4698",7_00000000000000000545,"2024",76.0092769044232,102.224955564521,0.0130268318095338,c002
"4699",7_00000000000000000547,"2022",76.0273779558044,102.230122987976,0.0216834291091865,c002
"4700",7_0000000000000000054b,"2024",76.0287136721714,102.241000863149,0.0112745247960187,c002
"4701",7_00000000000000000548,"2021",76.0060763345576,102.257533133954,0.67396215020894,c002
"4702",7_0000000000000000055b,"2021",76.0040583180953,102.271759924289,0.67396215020894,c002
"4703",7_0000000000000000055f,"2022",75.9996043641743,102.287836725637,0.0156417760812957,c002
"4704",7_00000000000000000560,"2022",75.998040913004,102.287889132907,0.0139054806003218,c002
"4705",7_00000000000000000561,"2024",76.0269416815272,102.287993764617,0.019948853056381,c002
"4706",7_00000000000000000564,"2023",76.0256996630139,102.29258686669,0.0199507041405813,c002
"4707",7_00000000000000000563,"2021",76.0106614577934,102.295165888185,0.0564411017933873,c002
"4708",7_00000000000000000569,"2023",76.0232216703746,102.302569568892,0.0303648721602174,c002
"4709",7_0000000000000000056d,"2022",76.0233664767384,102.303150107129,0.0303648721602174,c002
"4710",7_0000000000000000056f,"2023",76.0185197256722,102.309810615688,0.0260356759303097,c002
"4711",7_00000000000000000575,"2023",76.021592802681,102.314427720933,0.012147157646875,c002
"4712",7_00000000000000000576,"2023",76.021592802681,102.314427720933,0.012147157646875,c002
"4713",7_00000000000000000579,"2021",76.0063575826009,102.323529479572,0.0608030825221821,c002
"4714",7_00000000000000000585,"2021",76.0267568957076,102.335057908859,0.0346948766323379,c002
"4715",7_00000000000000000581,"2018",76.0120267248418,102.336425006678,0.239645881546874,c002
"4716",7_00000000000000000562,"2023",76.0429686066982,102.291078051014,0.0121286588110672,c002
"4717",7_00000000000000000568,"2021",76.0504285205608,102.296924438198,0.0268430851472944,c002
"4718",7_00000000000000000546,"2023",76.0513619898342,102.229487105675,0.0346356421974495,c002
"4719",7_00000000000000000549,"2023",76.0513619898342,102.229487105675,0.0346356421974495,c002
"4720",7_00000000000000000550,"2022",76.0561418654711,102.253577366098,0.027695928862144,c002
"4721",7_0000000000000000054f,"2021",76.0596394622811,102.253779409125,0.111629358142083,c002
"4722",7_00000000000000000555,"2023",76.0643462152388,102.263248247208,0.0190319444339884,c002
"4723",7_00000000000000000557,"2023",76.06436161322,102.271955401087,0.0216275691879408,c002
"4724",7_0000000000000000055d,"2023",76.0663669384342,102.287696799174,0.0198940798281224,c002
"4725",7_0000000000000000055a,"2022",76.0679542289834,102.276972948597,0.0596739003208118,c002
"4726",7_00000000000000000565,"2022",76.0686610656449,102.298303689403,0.0259434829802606,c002
"4727",7_00000000000000000566,"2022",76.0686610656449,102.298303689403,0.0259434829802606,c002
"4728",7_00000000000000000553,"2024",76.0729070272626,102.261214810216,0.00950906178258035,c002
"4729",7_00000000000000000551,"2023",76.0752332107955,102.251211389966,0.0371705906470852,c002
"4730",7_00000000000000000554,"2021",76.07582631895,102.281113449558,0.426134092905411,c002
"4731",7_0000000000000000054d,"2022",76.0818631464549,102.245531319251,0.0241925013316941,c002
"4732",7_00000000000000000577,"2022",76.0878989486192,102.312508495511,0.0708168104663751,c002
"4733",7_00000000000000000573,"2022",76.0881476393705,102.308535481767,0.0708168104663751,c002
"4734",7_0000000000000000057c,"2022",76.0885261961119,102.324199015492,0.0164068864688884,c002
"4735",7_0000000000000000056a,"2023",76.0963865175574,102.305500918482,0.0267555420874409,c002
"4736",7_0000000000000000056b,"2023",76.0963865175574,102.305500918482,0.0267555420874409,c002
"4737",7_0000000000000000056c,"2023",76.1026914228854,102.306612436859,0.0120780260965803,c002
"4738",7_00000000000000000552,"2021",76.1031630558091,102.242988259842,0.225153949390249,c002
"4739",7_00000000000000000559,"2021",76.1034124401132,102.281003994614,0.0422722816823025,c002
"4740",7_00000000000000000567,"2021",76.1060864086522,102.2981532532,0.0483028189156369,c002
"4741",7_00000000000000000572,"2024",76.1074890292374,102.310696302668,0.0112115731107329,c002
"4742",7_0000000000000000054c,"2023",76.1082353314549,102.241664260011,0.0146604463621744,c002
"4743",7_00000000000000000570,"2022",76.1115874909312,102.310347568832,0.0232784052156554,c002
"4744",7_00000000000000000574,"2022",76.1139526391144,102.308835968271,0.0267234725376945,c002
"4745",7_0000000000000000057e,"2021",76.0944527769447,102.3215078025,0.187320245494217,c002
"4746",7_0000000000000000057f,"2019",76.1125286891511,102.329701112021,0.0931058469768274,c002
"4747",7_00000000000000000580,"2023",76.0758893443787,102.337809067482,0.0146941196375446,c002
"4748",7_00000000000000000584,"2021",76.0461316970186,102.339074017566,0.0311832925722165,c002
"4749",7_00000000000000000594,"2022",76.0929174590289,102.382662631197,0.0112230303621785,c002
"4750",7_00000000000000000587,"2022",76.0163548614123,102.342387409969,0.0329835758018126,c002
"4751",7_00000000000000000588,"2022",76.0343938217381,102.342904402365,0.0138690439935451,c002
"4752",7_0000000000000000058a,"2024",76.0263474581369,102.354043424854,0.0121435393620591,c002
"4753",7_0000000000000000058b,"2023",76.0395173442129,102.354969215374,0.0147316263806965,c002
"4754",7_00000000000000000589,"2021",76.0083240276413,102.356454886941,0.0347388201860289,c002
"4755",7_0000000000000000058f,"2021",76.0083240276413,102.356454886941,0.0347388201860289,c002
"4756",7_00000000000000000591,"2024",76.0419396361565,102.364014720794,0.0129956741170403,c002
"4757",7_00000000000000000586,"2021",76.0178685888441,102.36644990571,0.3879506624546,c002
"4758",7_00000000000000000597,"2021",76.0152683948426,102.39579563324,0.183177315675969,c002
"4759",7_00000000000000000599,"2021",76.0144539355711,102.396241987106,0.183177315675969,c002
"4760",7_00000000000000000598,"2022",76.0317377682519,102.397185754743,0.0832441539652364,c002
"4761",7_0000000000000000059a,"2021",76.0305194693626,102.400701514951,0.0997210779951181,c002
"4762",7_0000000000000000059b,"2022",76.0291677720315,102.403732956048,0.0832491809251943,c002
"4763",7_0000000000000000059c,"2023",76.0460297176042,102.406532559171,0.0225203665614819,c002
"4764",7_0000000000000000059d,"2021",76.0129928827014,102.418260088085,0.0573009746568388,c002
"4765",7_0000000000000000059f,"2022",76.0622864232678,102.42706149189,0.0320095520364804,c002
"4766",7_000000000000000005a0,"2022",76.0625538797451,102.427423300779,0.0320095520364804,c002
"4767",7_000000000000000005a1,"2023",76.0232220310738,102.428938482559,0.00954367439450923,c002
"4768",7_000000000000000005a2,"2022",76.0434132125609,102.433108468002,0.0511148463105887,c002
"4769",7_0000000000000000059e,"2018",76.0467836358004,102.433173129492,0.168023521085459,c002
"4770",7_000000000000000005a4,"2023",76.0391466722342,102.433495343266,0.00953285306413056,c002
"4771",7_000000000000000005a3,"2021",76.032503890711,102.43365434854,0.180332770314378,c002
"4772",7_000000000000000005a6,"2022",76.0361759045092,102.440308076196,0.0156018754464861,c002
"4773",7_000000000000000005aa,"2022",76.0287650522459,102.444184840789,0.031220414959362,c002
"4774",7_000000000000000005a7,"2022",76.0900537621701,102.44581027094,0.0215876235500176,c002
"4775",7_000000000000000005a9,"2023",76.0899213578505,102.44620203204,0.0215876235500176,c002
"4776",7_000000000000000005a8,"2024",76.042674637043,102.446676146569,0.00952973141426633,c002
"4777",7_000000000000000005ab,"2023",76.0404885184081,102.448345874186,0.0155965823891941,c002
"4778",7_000000000000000005ac,"2023",76.0404885184081,102.448345874186,0.0155965823891941,c002
"4779",7_000000000000000005ad,"2023",76.0882191176361,102.460294463954,0.0164078277906667,c002
"4780",7_000000000000000005ae,"2022",76.0175913298096,102.472833414547,0.0121507459808131,c002
"4781",7_000000000000000005b0,"2022",76.0830178575488,102.475422613897,0.0336912825925095,c002
"4782",7_000000000000000005b1,"2023",76.082763066752,102.475500687184,0.0336912825925095,c002
"4783",7_000000000000000005af,"2023",76.0511024440142,102.478280518923,0.0129884566283659,c002
"4784",7_000000000000000005b2,"2021",76.0875178697529,102.483299043754,0.0569996815860164,c002
"4785",7_000000000000000005b5,"2021",76.0220748813131,102.484865613309,0.0225583459939213,c002
"4786",7_000000000000000005b3,"2021",76.0945256564104,102.485782464813,0.159696817161412,c002
"4787",7_000000000000000005b7,"2023",76.0403804189624,102.490797274137,0.0147301232130694,c002
"4788",7_000000000000000005b6,"2024",76.089572831881,102.491148862233,0.0138166814873294,c002
"4789",7_000000000000000005ba,"2023",76.0901546953866,102.496753116067,0.00949841715796973,c002
"4790",7_000000000000000005b9,"2022",76.0961754053095,102.497631806388,0.0388389692346199,c002
"4791",7_000000000000000005bc,"2024",76.0387057076779,102.504421412879,0.0103989438894072,c002
"4792",7_000000000000000005be,"2022",76.0415352918164,102.505537560594,0.0190619648005199,c002
"4793",7_000000000000000005bd,"2021",76.0189806524303,102.507525021841,0.0425242247591569,c002
"4794",7_000000000000000005c0,"2022",76.0344586866508,102.511528152015,0.0156042599543337,c002
"4795",7_000000000000000005c1,"2024",76.0152841683966,102.513510739154,0.00954851227740398,c002
"4796",7_000000000000000005c2,"2022",76.0216051006784,102.51699880267,0.028632596338106,c002
"4797",7_000000000000000005c6,"2023",76.0786507755514,102.529053102857,0.0172838372302118,c002
"4798",7_000000000000000005c4,"2024",76.035438070548,102.529888724154,0.013868956518342,c002
"4799",7_000000000000000005c5,"2024",76.0210660738848,102.532081359262,0.00954419046125199,c002
"4800",7_000000000000000005cb,"2023",76.0763681071717,102.541530386592,0.0233369319047786,c002
"4801",7_000000000000000005c7,"2021",76.0201571536888,102.541877200602,0.0494612117373481,c002
"4802",7_000000000000000005c8,"2022",76.0291641199798,102.541892786033,0.0156096106674714,c002
"4803",7_000000000000000005cc,"2023",76.075564287366,102.552163413501,0.0112366201025056,c002
"4804",7_000000000000000005cd,"2022",76.0766968862256,102.556412024609,0.0146927891206583,c002
"4805",7_000000000000000005d0,"2018",76.0531043204611,102.561721249848,0.0424232064668938,c002
"4806",7_000000000000000005d1,"2023",76.0131107332684,102.562462566364,0.0121543807615136,c002
"4807",7_000000000000000005cf,"2021",76.0221962183415,102.56405622275,0.0425140516250017,c002
"4808",7_000000000000000005d3,"2021",76.0844672060035,102.566450837387,0.189176838300053,c002
"4809",7_000000000000000005d2,"2016",76.0764058577199,102.572021021745,0.0648246577312988,c002
"4810",7_000000000000000005d6,"2021",76.0179061591678,102.573957698556,0.137130946837228,c002
"4811",7_000000000000000005d5,"2018",76.0786129314813,102.578070338609,0.0190125628002351,c002
"4812",7_000000000000000005d7,"2023",76.0237393998263,102.583708998229,0.0156149827465873,c002
"4813",7_000000000000000005da,"2016",76.0221197608717,102.599694955422,0.0121471777466662,c002
"4814",7_000000000000000005db,"2022",76.0842721711453,102.60143486403,0.0138213273968877,c002
"4815",7_000000000000000005dc,"2021",76.0538602708101,102.602091966951,0.0536720325304684,c002
"4816",7_000000000000000005de,"2023",76.0857856301257,102.614371470326,0.0138197107948057,c002
"4817",7_000000000000000005df,"2023",76.0817574637138,102.615105181616,0.0155515204767928,c002
"4818",7_000000000000000005e0,"2023",76.0714356275034,102.617962525982,0.0371774996626313,c002
"4819",7_000000000000000005e1,"2023",76.0330670837526,102.619150156541,0.0234072994151361,c002
"4820",7_000000000000000005e4,"2023",76.0330670837526,102.619150156541,0.0234072994151361,c002
"4821",7_000000000000000005e2,"2023",76.0718398655657,102.619587407478,0.0371774996626313,c002
"4822",7_000000000000000005e3,"2021",76.0754592561846,102.6234543447,0.0838458032110039,c002
"4823",7_000000000000000005e6,"2022",76.0868438379398,102.630702321549,0.0198647441412787,c002
"4824",7_000000000000000005e5,"2020",76.0802106333126,102.632454074487,0.135664135562895,c002
"4825",7_000000000000000005e9,"2023",76.0927693011491,102.646834328476,0.0155403273926249,c002
"4826",7_000000000000000005e8,"2021",76.070046021315,102.649366941083,0.144415147350748,c002
"4827",7_000000000000000005eb,"2022",76.0595464621223,102.653600921959,0.0311522591217264,c002
"4828",7_000000000000000005e7,"2021",76.0873085716506,102.654409585088,0.339414635973145,c002
"4829",7_000000000000000005ed,"2021",76.0694005056498,102.655533819001,0.144415147350748,c002
"4830",7_000000000000000005ec,"2022",76.0628533976959,102.659848861112,0.0207640229806547,c002
"4831",7_000000000000000005f6,"2021",76.0835811817207,102.683186015448,0.123538410052172,c002
"4832",7_000000000000000005f1,"2022",76.070329079899,102.684966229549,0.0544755574862008,c002
"4833",7_000000000000000005f5,"2023",76.0701964012793,102.685842163708,0.0544755574862008,c002
"4834",7_000000000000000005f3,"2020",76.0759256824543,102.68908891974,0.0708761655611941,c002
"4835",7_000000000000000005f4,"2023",76.0675614948274,102.690477642562,0.0164320389779787,c002
"4836",7_000000000000000005fa,"2023",76.0685219501779,102.703294304662,0.022486072887909,c002
"4837",7_000000000000000005fe,"2021",76.0793477779905,102.71434164846,0.226403361061262,c002
